# Wavefront OBJ exported by MilkShape 3D

v 30.269602 31.410259 9.238924
v 29.891188 31.368422 9.234864
v 29.981623 30.705568 9.231804
v 30.551174 30.631903 9.237096
v 31.455814 30.868387 9.247603
v 31.249624 31.199249 9.247519
v 32.939373 30.880413 9.262589
v 32.578671 31.042591 9.259936
v 34.522396 30.361099 9.275391
v 33.704041 31.012072 9.271074
v 35.478409 31.089428 9.289367
v 35.480713 30.669048 9.286877
v 35.483608 30.133629 9.283692
v 29.673012 30.873346 9.229700
v 29.610327 31.228497 9.231202
v 29.561398 31.046703 9.229622
v 22.986032 32.075909 9.414755
v 22.731264 31.765722 9.178615
v 23.999609 31.530653 9.176610
v 20.897343 33.139473 9.272195
v 20.446930 33.978710 8.812641
v 19.500957 34.152515 8.825553
v 19.932590 33.195351 9.594358
v 19.196072 33.131306 9.091968
v 18.904610 33.881702 8.520559
v 21.131538 34.127060 8.954952
v 21.571274 33.275146 9.499287
v 22.404396 33.148537 9.124335
v 21.961681 33.898140 8.551404
v 19.074326 34.242367 7.437046
v 20.482147 34.216660 7.451053
v 20.933249 31.990221 9.782459
v 19.705791 32.507626 9.350245
v 22.040743 34.258308 7.466970
v 24.766205 29.574190 9.172605
v 26.169090 28.496237 9.180260
v 25.637684 29.137915 9.178755
v 26.989077 28.313919 9.187404
v 26.509100 29.311018 9.188547
v 19.004757 32.593845 9.343719
v 14.903936 33.108227 9.048681
v 17.263535 32.507408 9.325695
v 36.850151 31.113001 8.402520
v 36.143715 31.346077 9.128187
v 36.840015 32.056839 8.905904
v 35.466846 33.218456 9.302002
v 35.470161 32.606831 9.298363
v 36.835407 32.903694 8.910914
v 36.202507 32.420692 9.113640
v 36.417824 31.801004 9.025688
v 36.836693 33.591797 8.417223
v 35.469002 33.970726 8.687639
v 36.843372 33.858303 7.613398
v 35.478016 34.330505 7.602496
v 14.048723 31.542679 9.287596
v 14.909152 32.713402 8.742481
v 14.917459 31.261349 8.814325
v 14.905629 33.860214 8.480226
v 14.909197 33.547077 8.294085
v 14.914644 34.220001 7.395082
v 14.916492 33.879372 7.393070
v 27.026022 29.120451 9.192606
v 27.289581 28.583824 9.192040
v 35.866657 31.188580 9.217165
v 26.217728 33.921028 8.594322
v 27.624508 33.928574 8.608510
v 26.226742 34.280796 7.509188
v 31.081507 33.947151 8.643388
v 29.568380 34.055202 8.277624
v 23.746862 33.155750 9.137869
v 24.373133 33.159119 9.144184
v 23.306814 32.360924 9.174603
v 23.468868 30.994373 9.168057
v 25.044899 30.727148 9.182298
v 25.047516 31.110977 9.184625
v 25.763926 29.862291 9.184355
v 36.181087 31.536074 9.116895
v 32.031143 33.200111 9.249802
v 32.033623 33.490635 9.012705
v 31.943954 32.642670 9.283994
v 34.508099 32.442223 9.300887
v 21.695698 32.301056 9.224580
v 27.624508 33.928574 8.608510
v 27.505575 34.004951 9.080240
v 29.556017 34.213722 9.102105
v 29.568380 34.055202 8.277624
v 27.624508 33.928574 8.608510
v 30.721561 34.222023 9.113877
v 29.568380 34.055202 8.277624
v 31.081507 33.947151 8.643388
v 29.568380 34.055202 8.277624
v 31.081507 33.947151 8.643388
v 31.806192 33.877953 9.122719
v 32.033623 33.490635 9.012705
v 25.845795 34.188801 9.064651
v 27.624508 33.928574 8.608510
v 27.624508 33.928574 8.608510
v 26.217728 33.921028 8.594322
v 26.217728 33.921028 8.594322
v 25.657749 33.900925 9.061045
v 25.845795 34.188801 9.064651
v 24.373133 33.159119 9.144184
v 26.217728 33.921028 8.594322
v 31.081507 33.947151 8.643388
v 19.799606 30.807230 10.437521
v 21.202673 30.262339 10.425314
v 21.664322 31.261600 10.156126
v 19.657885 31.639103 10.209261
v 17.760672 31.329916 10.053001
v 18.747101 30.582806 10.288122
v 18.220383 30.219810 10.056507
v 20.412718 28.787107 10.079634
v 18.926418 28.833336 10.032568
v 18.379978 27.516294 9.902889
v 19.735123 27.752453 9.915483
v 19.486277 26.760683 9.882854
v 19.938961 26.548244 9.806130
v 20.427164 26.787899 9.417333
v 20.128891 26.911150 9.415068
v 21.959190 25.654522 9.994677
v 21.075787 25.675745 9.886147
v 22.216286 25.673006 9.123612
v 16.559719 25.640783 9.371582
v 17.850742 25.677555 9.752335
v 18.907068 29.857670 10.191429
v 19.907139 29.914787 10.475985
v 21.418488 28.234718 9.435948
v 20.958090 28.216681 9.431213
v 18.148714 28.718122 9.405970
v 17.475136 27.155821 9.389854
v 20.717319 25.659107 10.525434
v 20.766989 26.000608 10.368854
v 20.500137 25.676716 10.166488
v 20.631569 25.510979 10.422371
v 17.967133 26.155251 9.919378
v 19.325241 25.986952 9.906492
v 25.585758 26.318253 8.761145
v 25.586052 26.115139 9.105587
v 22.626762 26.825315 9.439674
v 21.883543 26.981138 9.433130
v 21.754002 26.606277 9.892039
v 22.645920 26.606770 9.903532
v 24.011059 25.919828 10.315056
v 23.855141 26.277954 10.430937
v 22.273182 26.301828 10.135250
v 22.735611 25.731293 10.100831
v 24.758171 26.067337 10.280129
v 24.588364 26.360008 10.356537
v 24.619055 26.586906 10.180656
v 23.732267 26.626972 10.088683
v 24.569605 26.893442 10.202732
v 25.397945 27.171246 10.333345
v 25.327610 27.453381 10.192312
v 24.365019 27.051634 9.948413
v 23.701136 26.845179 9.450581
v 21.322533 25.673525 10.327309
v 20.977488 25.570263 10.493615
v 20.817955 25.383747 10.422056
v 20.985159 25.431135 10.186582
v 20.500137 25.676716 10.166488
v 20.631569 25.510979 10.422371
v 20.500137 25.676716 10.166488
v 22.262331 25.823559 10.146480
v 26.180193 26.019966 10.319029
v 25.599880 26.221445 10.140648
v 25.678295 26.429541 10.222654
v 25.612675 26.350121 10.339029
v 25.608118 26.184391 10.281924
v 25.599880 26.221445 10.140648
v 25.281038 26.462124 10.382706
v 25.425598 26.584354 10.165384
v 25.278851 26.723167 10.198028
v 25.176655 26.550087 10.398376
v 25.242027 26.098358 10.316000
v 25.330698 26.185526 10.312557
v 25.331518 26.209290 10.039993
v 26.730627 26.655531 10.204360
v 25.900414 27.304028 10.166337
v 25.811611 27.111364 10.321965
v 25.659243 26.828917 10.207298
v 21.398420 28.763088 9.750641
v 25.539209 27.297304 10.190351
v 25.519110 26.714493 10.173572
v 20.407780 27.624456 9.422137
v 17.976810 29.641127 9.409770
v 22.344219 28.220001 9.789706
v 22.320057 27.727604 9.441984
v 21.984819 31.640915 9.782845
v 20.933249 31.990221 9.782459
v 20.933249 31.990221 9.782459
v 19.369549 32.311859 9.791157
v 20.933249 31.990221 9.782459
v 17.343163 32.131767 9.803834
v 19.705791 32.507626 9.350245
v 19.004757 32.593845 9.343719
v 19.004757 32.593845 9.343719
v 19.004757 32.593845 9.343719
v 17.263535 32.507408 9.325695
v 24.119747 34.034966 9.329887
v 24.863937 33.565357 9.748352
v 24.940588 33.836205 9.199853
v 30.480158 33.746288 10.095216
v 29.383404 33.754200 10.190402
v 29.227009 33.320621 10.530300
v 30.234772 33.167976 10.386983
v 27.628025 33.849247 9.842472
v 29.525661 34.203903 9.821912
v 31.921906 33.422623 9.658114
v 31.637537 32.724770 9.490892
v 31.960461 32.845684 9.303871
v 35.286770 32.399296 9.555161
v 36.009117 32.251812 9.507675
v 36.202507 32.420692 9.113640
v 36.202507 32.420692 9.113640
v 35.470161 32.606831 9.298363
v 30.915730 32.427322 10.058284
v 31.258465 32.482384 9.795969
v 31.149214 32.791836 9.846565
v 31.238739 31.407593 10.128945
v 30.495491 32.038559 10.066848
v 29.922764 32.080883 10.344351
v 30.172199 31.670048 10.423525
v 35.033485 31.896509 9.762005
v 35.940346 31.484968 9.619165
v 36.185715 31.807487 9.549575
v 35.917381 31.293417 9.588525
v 36.143715 31.346077 9.128187
v 36.181087 31.536074 9.116895
v 36.181087 31.536074 9.116895
v 36.181087 31.536074 9.116895
v 36.417824 31.801004 9.025688
v 36.417824 31.801004 9.025688
v 35.545979 29.830936 9.684156
v 35.794449 29.955820 9.338910
v 35.681526 30.113422 9.338727
v 35.458107 30.004425 9.665440
v 30.967403 33.055817 10.113313
v 29.872330 32.726021 10.392547
v 31.553829 33.245354 9.903399
v 30.733080 34.148048 9.792474
v 28.946953 32.576199 10.707994
v 30.552757 32.806656 10.065453
v 30.105328 32.323502 10.179096
v 32.033623 33.490635 9.012705
v 32.444359 31.264782 9.905392
v 33.690048 31.194206 9.811830
v 33.413822 32.347069 9.570242
v 32.684525 32.412807 9.580107
v 31.877213 32.375469 9.739843
v 33.067017 32.497311 9.576962
v 33.726021 32.639351 9.267160
v 33.328308 32.795948 9.264112
v 34.285194 32.264851 9.563877
v 35.470161 32.606831 9.298363
v 35.470161 32.606831 9.298363
v 34.508099 32.442223 9.300887
v 31.047647 32.089275 9.888852
v 35.016357 29.949451 9.829065
v 34.475227 30.200628 9.879078
v 33.787857 29.946033 9.650305
v 34.816544 29.666950 9.598428
v 26.205942 34.001965 9.720547
v 26.509100 29.311018 9.188547
v 27.026022 29.120451 9.192606
v 26.545250 30.608070 9.824560
v 28.959984 28.089710 10.097095
v 27.566494 28.555286 9.753590
v 27.035383 28.112614 9.766689
v 28.375891 27.275703 10.103141
v 23.163647 30.645737 9.735333
v 22.594576 29.524305 10.116740
v 24.386190 28.254675 10.151703
v 24.637119 29.297123 9.807844
v 30.553789 26.213726 9.169454
v 30.521244 27.454580 9.804056
v 30.138039 26.396536 9.871706
v 26.262917 33.512619 10.066188
v 25.657749 33.900925 9.061045
v 27.289581 28.583824 9.192040
v 26.989077 28.313919 9.187404
v 26.989077 28.313919 9.187404
v 27.615025 30.557114 10.051239
v 28.898979 29.105190 10.092072
v 28.916189 29.859961 10.133160
v 29.333523 29.421125 10.070032
v 27.461287 25.661669 9.149292
v 27.395868 25.960079 9.893126
v 26.579782 26.143591 9.987538
v 27.591175 27.022802 10.163196
v 27.428658 29.367323 9.776405
v 26.135170 28.290586 9.830390
v 30.966251 27.194260 8.920230
v 30.896542 28.190884 9.056408
v 30.411877 28.477674 9.818436
v 27.658403 32.970657 10.435206
v 33.704041 31.012072 9.271074
v 35.478409 31.089428 9.289367
v 35.478409 31.089428 9.289367
v 35.251678 31.215271 9.753046
v 32.578671 31.042591 9.259936
v 31.249624 31.199249 9.247519
v 32.578671 31.042591 9.259936
v 29.891188 31.368422 9.234864
v 30.269602 31.410259 9.238924
v 31.455814 30.868387 9.247603
v 31.480560 30.716133 10.084835
v 32.885555 30.728189 9.924221
v 32.939373 30.880413 9.262589
v 31.455814 30.868387 9.247603
v 35.458107 30.004425 9.665440
v 35.483608 30.133629 9.283692
v 34.522396 30.361099 9.275391
v 32.939373 30.880413 9.262589
v 32.939373 30.880413 9.262589
v 32.578671 31.042591 9.259936
v 32.578671 31.042591 9.259936
v 33.704041 31.012072 9.271074
v 30.551174 30.631903 9.237096
v 30.480438 30.298800 10.202616
v 31.455814 30.868387 9.247603
v 30.551174 30.631903 9.237096
v 29.217793 30.778481 10.482782
v 29.772728 30.326992 10.398951
v 29.981623 30.705568 9.231804
v 29.981623 30.705568 9.231804
v 29.673012 30.873346 9.229700
v 29.610327 31.228497 9.231202
v 29.891188 31.368422 9.234864
v 29.535421 31.580904 10.530384
v 29.610327 31.228497 9.231202
v 35.866657 31.188580 9.217165
v 35.478409 31.089428 9.289367
v 35.866657 31.188580 9.217165
v 28.502674 31.257223 10.757923
v 28.415270 31.114861 10.486886
v 29.158592 31.149677 10.529354
v 29.449490 25.921724 9.884611
v 28.465639 25.856808 9.885832
v 28.481327 25.576349 9.155046
v 29.599089 25.652372 9.163539
v 4.191505 30.306562 9.448917
v -0.165686 31.176891 9.236543
v 3.719141 29.982218 9.268463
v 13.464054 29.083153 9.361057
v 13.244806 29.727610 9.839336
v 11.404255 28.960577 9.339613
v 9.041162 29.703270 9.669363
v 8.913173 29.093086 9.315357
v 12.978509 30.766529 9.725291
v 9.198901 30.577103 9.612528
v 4.889368 30.812603 9.459147
v 9.380548 31.014957 9.331553
v 12.761817 31.246365 9.366941
v 15.323664 31.418840 9.804026
v 14.048723 31.542679 9.287596
v 26.169090 28.496237 9.180260
v 26.989077 28.313919 9.187404
v 26.169090 28.496237 9.180260
v 15.884809 30.224468 9.930917
v 16.128143 29.476538 9.390190
v 24.038681 33.290913 9.503398
v 24.599367 32.925724 9.760254
v 24.897388 33.033123 9.754951
v 23.999609 31.530653 9.176610
v 25.047516 31.110977 9.184625
v 26.192963 31.243412 9.807766
v 25.192499 32.107574 9.897646
v 23.999609 31.530653 9.176610
v 26.669859 31.481350 10.204189
v 29.673012 30.873346 9.229700
v 29.673012 30.873346 9.229700
v 29.561398 31.046703 9.229622
v 36.417824 31.801004 9.025688
v 36.202507 32.420692 9.113640
v 36.417824 31.801004 9.025688
v 34.522396 30.361099 9.275391
v 17.263535 32.507408 9.325695
v 17.263535 32.507408 9.325695
v 14.048723 31.542679 9.287596
v 24.766205 29.574190 9.172605
v 24.766205 29.574190 9.172605
v 23.468868 30.994373 9.168057
v 21.756216 26.302080 10.215463
v 29.610327 31.228497 9.231202
v 30.551174 30.631903 9.237096
v 30.551174 30.631903 9.237096
v 29.981623 30.705568 9.231804
v 25.657749 33.900925 9.061045
v 26.327316 32.783989 10.391460
v 27.121586 32.563011 10.713312
v 27.209759 31.636467 10.761983
v 27.334152 32.128967 10.573145
v 26.922632 32.368454 10.507024
v 26.393307 31.855944 10.517488
v 25.261787 32.452457 10.076601
v 24.422874 32.836334 9.549484
v 26.169090 28.496237 9.180260
v 24.766205 29.574190 9.172605
v 24.766205 29.574190 9.172605
v 21.292828 26.281418 10.065832
v 27.026022 29.120451 9.192606
v 27.026022 29.120451 9.192606
v 27.289581 28.583824 9.192040
v 26.737677 30.628120 9.973911
v 25.657749 33.900925 9.061045
v 32.966621 32.710720 9.259952
v 32.476570 32.835464 9.452641
v 35.866657 31.188580 9.217165
v 36.143715 31.346077 9.128187
v 35.681526 30.113422 9.338727
v 35.483608 30.133629 9.283692
v 35.458107 30.004425 9.665440
v 32.567860 32.971672 9.257513
v 29.412088 30.072075 10.326080
v 29.844698 29.929760 10.174070
v 22.262331 25.823559 10.146480
v 21.756216 26.302080 10.215463
v 21.756216 26.302080 10.215463
v 21.959190 25.654522 9.994677
v 22.262331 25.823559 10.146480
v 22.262331 25.823559 10.146480
v 20.500137 25.676716 10.166488
v 21.075787 25.675745 9.886147
v 25.425598 26.584354 10.165384
v 25.331518 26.209290 10.039993
v 25.425598 26.584354 10.165384
v 25.599880 26.221445 10.140648
v 25.330698 26.185526 10.312557
v 25.331518 26.209290 10.039993
v 25.330698 26.185526 10.312557
v 25.599880 26.221445 10.140648
v 25.281038 26.462124 10.382706
v 25.425598 26.584354 10.165384
v 25.281038 26.462124 10.382706
v 21.077721 25.139330 10.592968
v 20.631569 25.510979 10.422371
v 32.060665 33.003551 9.253585
v 32.033623 33.490635 9.012705
v 34.522396 30.361099 9.275391
v 35.483608 30.133629 9.283692
v 30.214931 26.343132 8.807839
v 30.553789 26.213726 9.169454
v 30.966251 27.194260 8.920230
v 30.553789 26.213726 9.169454
v 14.048723 31.542679 9.287596
v 14.917459 31.261349 8.814325
v 31.941502 32.636986 9.614418
v 26.205776 32.361046 10.281454
v 25.454496 32.715652 10.000402
v 25.517860 33.162537 10.078753
v 27.432329 31.364199 10.549352
v 27.661110 30.759853 10.387178
v 31.249624 31.199249 9.247519
v 30.269602 31.410259 9.238924
v 31.249624 31.199249 9.247519
v 25.763926 29.862291 9.184355
v 25.637684 29.137915 9.178755
v 25.044899 30.727148 9.182298
v 25.047516 31.110977 9.184625
v 25.044899 30.727148 9.182298
v 25.044899 30.727148 9.182298
v 25.763926 29.862291 9.184355
v 25.637684 29.137915 9.178755
v 26.509100 29.311018 9.188547
v 20.918020 25.926254 10.013278
v 21.756216 26.302080 10.215463
v 21.292828 26.281418 10.065832
v 21.292828 26.281418 10.065832
v 20.918020 25.926254 10.013278
v 21.292828 26.281418 10.065832
v 17.143700 26.728930 9.383965
v 27.365509 32.165016 10.777651
v 28.101158 33.136467 10.571891
v 28.996212 31.750420 10.633118
v 29.188019 32.134251 10.472496
v 28.743229 32.169731 10.620991
v 27.757851 31.960804 10.791710
v 27.764547 31.874434 10.593814
v 28.035789 31.439262 10.618322
v 29.029518 31.272396 10.644510
v 28.145184 31.434715 10.770061
v 29.610327 31.228497 9.231202
v 29.561398 31.046703 9.229622
v 24.119747 34.034966 9.329887
v 24.940588 33.836205 9.199853
v 24.897388 33.033123 9.754951
v 24.897388 33.033123 9.754951
v 24.422874 32.836334 9.549484
v 24.038681 33.290913 9.503398
v 27.026022 29.120451 9.192606
v 30.526531 29.237442 9.643253
v 29.967030 29.624706 9.873384
v 35.794449 29.955820 9.338910
v 35.485733 29.743643 9.281394
v 35.194153 29.671631 9.569786
v 35.275322 29.612577 9.278495
v 32.620609 30.168087 9.719850
v 31.535124 30.162329 9.859882
v 35.354897 28.934080 9.275228
v 35.045719 29.423161 9.429020
v 34.799545 29.344460 9.495167
v 35.151413 29.432667 9.276162
v 33.793217 29.435646 9.471526
v 33.975571 29.328299 9.263729
v 34.162708 29.671822 9.267663
v 33.061974 29.872381 9.524534
v 32.597092 29.239298 9.461678
v 32.547295 28.977901 9.247260
v 32.991772 29.526276 9.255015
v 33.361660 29.662214 9.259550
v 34.556931 29.333033 9.269608
v 31.624359 29.942266 9.243764
v 31.509127 29.428125 9.239535
v 31.706512 29.650648 9.476652
v 32.492424 29.855530 9.559271
v 30.661814 29.720238 9.974690
v 32.240921 29.518755 9.247437
v 31.045385 29.690266 9.236425
v 33.481941 29.382195 9.259087
v 29.136303 29.809505 10.330922
v 29.326727 29.580849 10.240743
v 31.783224 29.306753 9.241564
v 33.951813 32.461506 9.569220
v 34.214355 32.757458 9.272776
v 34.508099 32.442223 9.300887
v 25.331518 26.209290 10.039993
v 25.331518 26.209290 10.039993
v 21.075787 25.675745 9.886147
v 21.959190 25.654522 9.994677
v 20.918020 25.926254 10.013278
v 21.075787 25.675745 9.886147
v 23.468868 30.994373 9.168057
v 19.705791 32.507626 9.350245
v 20.933249 31.990221 9.782459
v 25.331518 26.209290 10.039993
v 25.331518 26.209290 10.039993
v 25.281038 26.462124 10.382706
v 25.330698 26.185526 10.312557
v 25.281038 26.462124 10.382706
v 25.331518 26.209290 10.039993
v 24.373133 33.159119 9.144184
v 24.940588 33.836205 9.199853
v 24.373133 33.159119 9.144184
v 24.897388 33.033123 9.754951
v 24.940588 33.836205 9.199853
v 24.373133 33.159119 9.144184
v 23.746862 33.155750 9.137869
v 24.897388 33.033123 9.754951
v 23.746862 33.155750 9.137869
v 24.422874 32.836334 9.549484
v 24.897388 33.033123 9.754951
v 35.485733 29.743643 9.281394
v 35.483608 30.133629 9.283692
v 35.485733 29.743643 9.281394
v 5.447268 31.207052 9.293156
v 6.371975 29.443905 9.291910
v 23.999609 31.530653 9.176610
v 23.306814 32.360924 9.174603
v 23.999609 31.530653 9.176610
v 23.306814 32.360924 9.174603
v 23.746862 33.155750 9.137869
v 23.468868 30.994373 9.168057
v 22.731264 31.765722 9.178615
v 16.128143 29.476538 9.390190
v 13.464054 29.083153 9.361057
v 17.465450 28.626013 9.398553
v 13.464054 29.083153 9.361057
v 11.404255 28.960577 9.339613
v 11.404255 28.960577 9.339613
v 8.393670 28.577925 9.307055
v 11.404255 28.960577 9.339613
v 8.913173 29.093086 9.315357
v 22.216286 25.673006 9.123612
v 16.559719 25.640783 9.371582
v 22.233435 25.683189 7.417579
v 16.559719 25.640783 9.371582
v 4.710939 25.588968 7.240844
v 16.559719 25.640783 9.371582
v 4.699348 25.582062 8.394651
v 16.559719 25.640783 9.371582
v 4.690725 25.576946 9.251860
v 8.399598 28.579565 9.036453
v 8.427884 26.681635 9.025388
v 17.471066 28.627476 9.156016
v 17.149326 26.730427 9.141434
v 17.481049 27.116505 9.147075
v 17.143700 26.728930 9.383965
v 8.421965 26.679981 9.295972
v 17.143700 26.728930 9.383965
v 17.475136 27.155821 9.389854
v -3.228794 25.534349 9.171972
v 3.719141 29.982218 9.268463
v 2.543243 25.565390 9.230202
v 4.690725 25.576946 9.251860
v 4.690725 25.576946 9.251860
v 16.559719 25.640783 9.371582
v 16.559719 25.640783 9.371582
v 17.143700 26.728930 9.383965
v 25.585758 26.318253 8.761145
v 22.216286 25.673006 9.123612
v 25.598896 26.326040 7.455259
v 25.585758 26.318253 8.761145
v 25.585758 26.318253 8.761145
v 30.228058 26.350918 7.501962
v 30.214931 26.343132 8.807839
v 25.585758 26.318253 8.761145
v 8.913173 29.093086 9.315357
v 6.371975 29.443905 9.291910
v 3.719141 29.982218 9.268463
v 6.371975 29.443905 9.291910
v 6.371975 29.443905 9.291910
v 36.858250 31.117823 7.597147
v 36.851883 31.314878 7.598275
v 36.844070 31.570526 8.234982
v 36.850151 31.113001 8.402520
v 35.480713 30.669048 9.286877
v 35.483608 30.133629 9.283692
v 35.497852 30.679260 7.580854
v 35.483608 30.133629 9.283692
v 35.506100 29.161798 7.571839
v 35.483608 30.133629 9.283692
v 35.485733 29.743643 9.281394
v 35.485733 29.743643 9.281394
v 35.488953 29.151592 9.277873
v 36.834393 33.309055 8.267922
v 36.839813 33.534515 7.611433
v 36.843372 33.858303 7.613398
v 36.843372 33.858303 7.613398
v 36.836693 33.591797 8.417223
v 36.833027 32.824223 8.663090
v 36.836693 33.591797 8.417223
v 36.836693 33.591797 8.417223
v 36.835407 32.903694 8.910914
v 36.840015 32.056839 8.905904
v 36.836948 32.112473 8.654101
v 36.835407 32.903694 8.910914
v 36.840015 32.056839 8.905904
v 36.840015 32.056839 8.905904
v 36.840015 32.056839 8.905904
v 36.850151 31.113001 8.402520
v 36.850151 31.113001 8.402520
v 35.480713 30.669048 9.286877
v 35.480713 30.669048 9.286877
v 17.976810 29.641127 9.409770
v 18.148714 28.718122 9.405970
v 17.976810 29.641127 9.409770
v 16.128143 29.476538 9.390190
v 18.148714 28.718122 9.405970
v 17.475136 27.155821 9.389854
v 17.143700 26.728930 9.383965
v 17.475136 27.155821 9.389854
v 17.143700 26.728930 9.383965
v 46.955467 26.853455 7.993904
v 47.212166 27.425730 7.679158
v 44.612419 27.411762 7.652940
v 44.727036 26.856388 8.296784
v 67.750954 23.880928 8.548564
v 68.152222 25.586208 7.878705
v 59.633514 26.305479 7.797356
v 60.524750 24.285629 8.560506
v 84.115379 23.819714 8.028635
v 84.033379 23.050089 8.248425
v 91.153244 22.695084 8.092681
v 76.072128 23.544100 8.372837
v 76.302185 24.728991 7.955518
v 44.955482 19.700403 7.610242
v 48.131302 22.208246 8.294365
v 47.359581 23.641960 8.199852
v 40.186874 22.374123 7.906189
v 38.888824 21.998999 7.562992
v 38.052841 20.840549 7.547647
v 49.438663 26.210428 7.694282
v 60.236572 21.499304 7.774647
v 67.523796 21.793060 7.849679
v 75.947510 21.899435 7.935016
v 84.012482 21.999210 8.016689
v 53.905746 20.867718 7.707217
v 52.560135 24.177423 8.608604
v 41.204365 21.615187 7.583973
v 44.524010 20.960140 7.613437
v 42.923622 23.910870 8.069313
v 43.491425 21.658278 7.607232
v 32.146107 27.417725 8.833677
v 32.109077 26.450836 7.521471
v 34.395840 26.631994 8.851592
v 37.178234 24.308681 7.559617
v 35.427376 26.271729 8.859802
v 37.598965 25.513308 8.877093
v 44.961800 26.115908 7.648695
v 46.909756 26.417397 7.670083
v 40.040298 24.398457 8.131239
v 43.676201 25.412619 7.631552
v 36.954296 23.349487 7.551621
v 42.265015 26.401222 8.641281
v 42.092144 27.398218 7.627506
v 38.719772 22.598118 7.564873
v 39.524788 27.384422 7.601612
v 38.915474 25.435345 8.889918
v 50.023445 24.682720 7.691008
v 44.759842 17.335537 7.594112
v 49.816704 19.759211 7.659463
v 53.473057 24.951057 7.727301
v 56.750954 25.745174 8.080704
v 55.450638 25.675831 7.751516
v 57.217361 26.594429 7.774786
v 32.109077 26.450836 7.521471
v 30.214931 26.343132 8.807839
v 32.109077 26.450836 7.521471
v 32.146107 27.417725 8.833677
v 30.214931 26.343132 8.807839
v 37.935711 27.363344 9.097647
v 38.178318 29.176828 7.598802
v 36.354767 29.155882 9.236473
v 36.824902 28.819740 9.118752
v 36.354767 29.155882 9.236473
v 36.354767 29.155882 9.236473
v 38.178318 29.176828 7.598802
v 30.896542 28.190884 9.056408
v 30.966251 27.194260 8.920230
v 31.651915 27.876640 8.934431
v 30.214931 26.343132 8.807839
v 32.146107 27.417725 8.833677
v 30.966251 27.194260 8.920230
v 32.146107 27.417725 8.833677
v 30.966251 27.194260 8.920230
v 36.887325 27.776964 9.119763
v 36.055244 27.690960 9.062755
v 35.443390 27.262548 8.969297
v 35.184769 26.884895 8.916379
v 33.333199 27.941597 8.985545
v 32.685226 27.813492 8.908181
v 34.608421 27.374041 8.933248
v 34.515884 27.704628 8.983898
v 36.954498 28.440084 9.090528
v 37.891762 28.315830 9.190589
v 38.187996 28.373365 8.968262
v 38.079815 28.243406 9.174698
v 37.935711 27.363344 9.097647
v 36.954498 28.440084 9.090528
v 37.473099 28.231483 9.210938
v 37.679729 28.622757 8.929184
v 37.175022 29.574148 9.224657
v 36.824902 28.819740 9.118752
v 36.354767 29.155882 9.236473
v 38.098930 28.766329 9.134246
v 38.413269 28.424953 9.105705
v 36.954498 28.440084 9.090528
v 36.824902 28.819740 9.118752
v 38.276527 27.876961 9.128688
v 36.824902 28.819740 9.118752
v 37.473099 28.231483 9.210938
v 38.014526 29.091759 9.137841
v 32.146107 27.417725 8.833677
v 32.685226 27.813492 8.908181
v 32.361210 28.443668 9.763021
v 37.891762 28.315830 9.190589
v 38.079815 28.243406 9.174698
v 38.187195 28.367680 9.300014
v 33.554405 28.377687 9.552923
v 32.547295 28.977901 9.247260
v 37.012413 28.105528 9.548504
v 37.063770 28.439024 9.368851
v 36.115402 28.539675 9.502232
v 36.119423 28.177036 9.763269
v 37.891762 28.315830 9.190589
v 37.793785 28.619776 9.536612
v 36.167980 28.800091 9.537745
v 37.074436 28.818789 9.508185
v 37.136421 29.388489 9.516128
v 36.354767 29.155882 9.236473
v 35.491219 28.733168 9.275394
v 35.129154 28.527103 9.516268
v 36.354767 29.155882 9.236473
v 32.547295 28.977901 9.247260
v 34.020966 28.830093 9.261189
v 35.184769 26.884895 8.916379
v 34.814072 26.795012 9.258966
v 35.427376 26.271729 8.859802
v 35.142365 28.052704 9.648617
v 34.934017 27.478491 9.310118
v 36.055244 27.690960 9.062755
v 34.515884 27.704628 8.983898
v 34.608421 27.374041 8.933248
v 34.515884 27.704628 8.983898
v 38.276527 27.876961 9.128688
v 30.896542 28.190884 9.056408
v 31.651915 27.876640 8.934431
v 36.887325 27.776964 9.119763
v 37.935711 27.363344 9.097647
v 35.427376 26.271729 8.859802
v 34.395840 26.631994 8.851592
v 37.950611 29.014915 9.389045
v 36.055244 27.690960 9.062755
v 36.887325 27.776964 9.119763
v 36.055244 27.690960 9.062755
v 30.526531 29.237442 9.643253
v 30.896542 28.190884 9.056408
v 33.333199 27.941597 8.985545
v 34.515884 27.704628 8.983898
v 34.515884 27.704628 8.983898
v 35.184769 26.884895 8.916379
v 35.443390 27.262548 8.969297
v 35.184769 26.884895 8.916379
v 34.608421 27.374041 8.933248
v 34.395840 26.631994 8.851592
v 34.395840 26.631994 8.851592
v 36.055244 27.690960 9.062755
v 35.443390 27.262548 8.969297
v 37.935711 27.363344 9.097647
v 37.891762 28.315830 9.190589
v 31.509127 29.428125 9.239535
v 31.045385 29.690266 9.236425
v 30.526531 29.237442 9.643253
v 36.055244 27.690960 9.062755
v 36.354767 29.155882 9.236473
v 35.491219 28.733168 9.275394
v 36.354767 29.155882 9.236473
v 37.473099 28.231483 9.210938
v 36.954498 28.440084 9.090528
v 14.917459 31.261349 8.814325
v -9.265654 31.131399 8.570400
v 12.761817 31.246365 9.366941
v 12.761817 31.246365 9.366941
v 5.447268 31.207052 9.293156
v 5.447268 31.207052 9.293156
v -0.165686 31.176891 9.236543
v -10.185755 31.123045 9.135475
v -0.165686 31.176891 9.236543
v 9.380548 31.014957 9.331553
v 12.761817 31.246365 9.366941
v 5.447268 31.207052 9.293156
v 35.488953 29.151592 9.277873
v 35.488953 29.151592 9.277873
v 35.488953 29.151592 9.277873
v 35.491219 28.733168 9.275394
v 35.491219 28.733168 9.275394
v 34.020966 28.830093 9.261189
v 34.020966 28.830093 9.261189
v 34.020966 28.830093 9.261189
v 32.685226 27.813492 8.908181
v 33.333199 27.941597 8.985545
v 32.685226 27.813492 8.908181
v 31.651915 27.876640 8.934431
v 32.146107 27.417725 8.833677
v -4.422108 22.085571 8.416695
v -4.428030 22.081253 9.139247
v -4.841633 22.426994 8.832124
v 54.580315 26.693939 7.748851
v 38.079815 28.243406 9.174698
v 38.276527 27.876961 9.128688
v 20.933249 31.990221 9.782459
v 22.731264 31.765722 9.178615
v 22.731264 31.765722 9.178615
v 21.695698 32.301056 9.224580
v 20.933249 31.990221 9.782459
v 32.547295 28.977901 9.247260
v 31.783224 29.306753 9.241564
v 30.526531 29.237442 9.643253
v 31.783224 29.306753 9.241564
v 31.783224 29.306753 9.241564
v 31.509127 29.428125 9.239535
v 30.526531 29.237442 9.643253
v 34.020966 28.830093 9.261189
v 34.020966 28.830093 9.261189
v 34.020966 28.830093 9.261189
v 35.488953 29.151592 9.277873
v -3.197212 21.689697 8.088592
v -4.418694 22.087505 8.078688
v -3.679300 24.062857 8.097935
v -3.687309 25.538174 8.106681
v -3.218142 25.540697 8.111420
v -10.855536 23.440731 8.653988
v -10.302713 23.420368 9.088201
v -11.754007 24.531799 9.080262
v -11.795622 24.054810 8.659366
v -17.680048 22.108570 9.006166
v -17.610235 21.677134 8.586675
v -10.172888 23.420677 8.784472
v -10.612032 23.437321 8.367029
v -17.750826 22.576870 9.008261
v -17.537733 23.153139 9.013871
v 3.719141 29.982218 9.268463
v -0.165686 31.176891 9.236543
v -0.165686 31.176891 9.236543
v -0.165686 31.176891 9.236543
v -5.881683 23.280436 9.131811
v -3.207874 21.683340 9.149141
v -5.878628 23.282265 8.826837
v -3.687309 25.538174 8.106681
v -3.677761 25.543856 7.156222
v -3.218142 25.540697 8.111420
v -3.197212 21.689697 8.088592
v -3.197212 21.689697 8.088592
v -3.197212 21.689697 8.088592
v -4.418694 22.087505 8.078688
v -3.228794 25.534349 9.171972
v -3.228794 25.534349 9.171972
v -3.207874 21.683340 9.149141
v -3.218142 25.540697 8.111420
v 2.551851 25.570524 8.373001
v -3.218142 25.540697 8.111420
v -3.218142 25.540697 8.111420
v -3.228794 25.534349 9.171972
v 2.543243 25.565390 9.230202
v -3.228794 25.534349 9.171972
v 4.703489 24.819466 8.390124
v 4.694872 24.814335 9.247341
v 2.743753 24.803841 9.227663
v 2.752378 24.808969 8.370454
v 4.699348 25.582062 8.394651
v 4.699348 25.582062 8.394651
v 4.690725 25.576946 9.251860
v 2.551851 25.570524 8.373001
v 4.699348 25.582062 8.394651
v 4.699348 25.582062 8.394651
v 2.543243 25.565390 9.230202
v 2.551851 25.570524 8.373001
v 2.543243 25.565390 9.230202
v 2.543243 25.565390 9.230202
v 2.743753 24.803841 9.227663
v 4.694872 24.814335 9.247341
v 4.694872 24.814335 9.247341
v 4.690725 25.576946 9.251860
v 2.543243 25.565390 9.230202
v -3.677761 25.543856 7.156222
v -3.687309 25.538174 8.106681
v -3.679300 24.062857 8.097935
v -10.165552 31.135082 7.124451
v -9.251226 31.139996 7.133688
v -17.517500 23.165174 7.002847
v -17.730597 22.588907 6.997255
v -17.750826 22.576870 9.008261
v -17.594206 21.686676 6.993224
v -11.779577 24.064346 7.065909
v -10.855536 23.440731 8.653988
v -11.795622 24.054810 8.659366
v -11.779577 24.064346 7.065909
v -11.779577 24.064346 7.065909
v -10.839643 23.450199 7.071683
v -10.855536 23.440731 8.653988
v -10.855536 23.440731 8.653988
v -10.599051 23.445057 7.074076
v -10.612032 23.437321 8.367029
v -10.855536 23.440731 8.653988
v -4.418694 22.087505 8.078688
v -4.409145 22.093193 7.128222
v -3.669750 24.068541 7.147482
v -3.679300 24.062857 8.097935
v -4.418694 22.087505 8.078688
v -17.659803 22.120605 6.995162
v -17.680048 22.108570 9.006166
v -17.680048 22.108570 9.006166
v -17.750826 22.576870 9.008261
v -17.594206 21.686676 6.993224
v -17.610235 21.677134 8.586675
v -17.610235 21.677134 8.586675
v -17.680048 22.108570 9.006166
v -3.677761 25.543856 7.156222
v -3.679300 24.062857 8.097935
v -4.422108 22.085571 8.416695
v -4.841633 22.426994 8.832124
v -8.264696 14.562495 8.750649
v -7.796488 14.457738 8.337114
v -4.422108 22.085571 8.416695
v -8.233931 12.689320 8.739739
v -9.007044 12.628246 8.731608
v -9.039854 12.200029 8.311098
v -7.948484 12.286228 8.322596
v -7.505011 13.235530 8.332726
v -7.958540 13.278806 8.746045
v -9.648981 21.622326 8.778979
v -10.095556 21.648712 8.357029
v -12.575377 15.562272 8.295677
v -12.165216 15.446529 8.716711
v -10.612032 23.437321 8.367029
v -10.172888 23.420677 8.784472
v -10.612032 23.437321 8.367029
v -12.147760 13.431278 8.704834
v -12.497496 13.084068 8.281611
v -12.774076 14.223912 8.285647
v -12.344213 14.240814 8.707710
v -10.172888 23.420677 8.784472
v -5.878628 23.282265 8.826837
v -5.878628 23.282265 8.826837
v -5.878628 23.282265 8.826837
v -4.841633 22.426994 8.832124
v -4.418694 22.087505 8.078688
v -4.422108 22.085571 8.416695
v -10.612032 23.437321 8.367029
v -10.082621 21.656425 7.068566
v -10.612032 23.437321 8.367029
v -12.562426 15.569983 7.007199
v -12.761118 14.231623 6.997186
v -12.484541 13.091781 6.993158
v -12.484541 13.091781 6.993158
v -9.026911 12.207735 7.022628
v -7.935514 12.293938 7.034124
v -7.505011 13.235530 8.332726
v -7.492071 13.243242 7.044253
v -7.505011 13.235530 8.332726
v -7.505011 13.235530 8.332726
v -7.783548 14.465454 7.048645
v -7.796488 14.457738 8.337114
v -7.505011 13.235530 8.332726
v -7.783548 14.465454 7.048645
v -4.418694 22.087505 8.078688
v 30.585484 30.652327 5.825039
v 30.015913 30.725985 5.819755
v 29.925472 31.388834 5.822808
v 30.303904 31.430676 5.826864
v 31.283932 31.219669 5.835448
v 31.490120 30.888803 5.835549
v 32.613018 31.063009 5.847873
v 32.973663 30.900837 5.850529
v 34.556694 30.381523 5.863335
v 33.738342 31.032486 5.859002
v 35.512726 31.109837 5.877307
v 35.514999 30.689472 5.874820
v 35.517937 30.154055 5.871643
v 29.707333 30.893761 5.817649
v 29.595711 31.067127 5.817569
v 29.644638 31.248917 5.819145
v 23.025261 32.099255 5.512599
v 24.033922 31.551075 5.764540
v 22.765831 31.786301 5.739830
v 20.474333 33.995022 6.086279
v 20.934008 33.161293 5.625850
v 19.975922 33.221142 5.285054
v 19.528805 34.169075 6.056417
v 19.229462 33.151161 5.771723
v 18.926472 33.894726 6.346102
v 22.437777 33.168407 5.804097
v 21.612352 33.299591 5.413986
v 21.161661 34.144989 5.959539
v 21.983549 33.911163 6.376932
v 19.074326 34.242367 7.437046
v 20.482147 34.216660 7.451053
v 20.482147 34.216660 7.451053
v 19.074326 34.242367 7.437046
v 20.980305 32.018234 5.102701
v 19.744339 32.530579 5.516306
v 20.482147 34.216660 7.451053
v 20.482147 34.216660 7.451053
v 22.040743 34.258308 7.466970
v 22.040743 34.258308 7.466970
v 24.800522 29.594610 5.760540
v 25.671993 29.158333 5.766702
v 26.203403 28.516657 5.768189
v 27.023380 28.334341 5.775351
v 26.543396 29.331436 5.776489
v 19.043314 32.616795 5.509769
v 17.302078 32.530357 5.491751
v 14.937333 33.128098 5.728432
v 36.174614 31.364470 6.054893
v 36.866356 31.122643 6.791778
v 36.866226 32.072433 6.299638
v 35.501152 33.238884 5.889927
v 36.861607 32.919292 6.304659
v 35.504482 32.627251 5.886313
v 36.232971 32.438831 6.083477
v 36.446548 31.818094 6.168319
v 36.852875 33.601425 6.806465
v 35.490883 33.983746 6.513175
v 35.478016 34.330505 7.602496
v 35.478016 34.330505 7.602496
v 36.843372 33.858303 7.613398
v 14.946287 31.955580 5.464615
v 14.946345 31.278549 5.940882
v 14.936428 32.729630 6.029925
v 14.927495 33.873238 6.305775
v 14.927355 33.557888 6.488173
v 14.916492 33.879372 7.393070
v 14.916492 33.879372 7.393070
v 14.914644 34.220001 7.395082
v 27.323898 28.604250 5.779987
v 27.060310 29.140873 5.780550
v 35.899433 31.208080 5.958492
v 26.239590 33.934029 6.419874
v 26.226742 34.280796 7.509188
v 27.646357 33.941586 6.434052
v 31.103384 33.960159 6.468917
v 35.478016 34.330505 7.602496
v 26.226742 34.280796 7.509188
v 29.583176 34.064011 6.805447
v 26.226742 34.280796 7.509188
v 35.478016 34.330505 7.602496
v 35.478016 34.330505 7.602496
v 22.040743 34.258308 7.466970
v 22.040743 34.258308 7.466970
v 26.226742 34.280796 7.509188
v 23.780247 33.175617 5.817634
v 24.406509 33.178986 5.823946
v 23.341118 32.381348 5.762548
v 23.503183 31.014790 5.756005
v 25.079203 30.747578 5.770251
v 25.081823 31.131405 5.772572
v 25.798239 29.882717 5.772294
v 36.211712 31.554319 6.069216
v 32.065109 33.220306 5.872818
v 32.062771 33.507992 6.113387
v 31.978691 32.663326 5.830215
v 34.542679 32.462799 5.862481
v 21.731342 32.322269 5.679473
v 19.074326 34.242367 7.437046
v 14.914644 34.220001 7.395082
v 19.074326 34.242367 7.437046
v 27.646357 33.941586 6.434052
v 29.583176 34.064011 6.805447
v 29.587385 34.232388 5.982841
v 27.536945 34.023624 5.960975
v 27.646357 33.941586 6.434052
v 29.583176 34.064011 6.805447
v 30.752922 34.240692 5.994613
v 29.583176 34.064011 6.805447
v 31.103384 33.960159 6.468917
v 31.103384 33.960159 6.468917
v 32.062771 33.507992 6.113387
v 31.837559 33.896626 6.003458
v 26.239590 33.934029 6.419874
v 27.646357 33.941586 6.434052
v 25.877153 34.207470 5.945395
v 26.239590 33.934029 6.419874
v 26.239590 33.934029 6.419874
v 25.877153 34.207470 5.945395
v 25.689117 33.919586 5.941773
v 24.406509 33.178986 5.823946
v 26.239590 33.934029 6.419874
v 31.103384 33.960159 6.468917
v 19.860210 30.843288 4.410863
v 19.713812 31.672400 4.646171
v 21.718822 31.294046 4.735111
v 21.262806 30.298130 4.444761
v 17.813889 31.361586 4.760536
v 18.804928 30.617226 4.536372
v 18.273705 30.251547 4.753001
v 19.785599 27.782503 4.894899
v 18.430500 27.546364 4.877422
v 18.979279 28.864803 4.774520
v 20.466244 28.818966 4.756796
v 19.536272 26.790447 4.910647
v 20.169334 26.935219 5.393025
v 20.467604 26.811964 5.395291
v 19.987343 26.577045 4.993911
v 22.011072 25.685392 4.835344
v 22.250595 25.693428 5.711556
v 21.125650 25.705423 4.926337
v 16.600161 25.664852 5.349541
v 17.898571 25.706022 4.995275
v 18.963005 29.890966 4.627590
v 19.968601 29.951366 4.363899
v 21.458923 28.258793 5.413922
v 20.998516 28.240755 5.409181
v 18.189146 28.742201 5.383936
v 17.515589 27.179897 5.367814
v 20.555758 25.709824 4.634513
v 20.826572 26.036081 4.441429
v 20.780123 25.696486 4.279814
v 20.692333 25.547146 4.379357
v 18.018234 26.185675 4.836350
v 19.375834 26.017069 4.874513
v 25.612022 26.333887 6.149397
v 25.619272 26.134907 5.802616
v 21.923969 27.005211 5.411094
v 22.667196 26.849390 5.417630
v 22.695707 26.636402 4.951661
v 21.803751 26.635878 4.945209
v 24.068932 25.954277 4.559475
v 22.789461 25.763340 4.745745
v 22.327734 26.334305 4.708872
v 23.915335 26.313780 4.444780
v 24.646902 26.394844 4.534881
v 24.815157 26.101265 4.611181
v 24.674015 26.619619 4.714063
v 23.785563 26.658693 4.788650
v 25.382561 27.486086 4.727011
v 25.455753 27.205656 4.584058
v 24.624979 26.926409 4.694654
v 24.415298 27.081573 4.946688
v 23.741573 26.869253 5.428555
v 21.381208 25.708456 4.490232
v 21.039597 25.607235 4.315788
v 21.041111 25.464445 4.621229
v 20.878675 25.419897 4.381891
v 20.692333 25.547146 4.379357
v 20.555758 25.709824 4.634513
v 20.692333 25.547146 4.379357
v 22.317190 25.856205 4.691703
v 26.237690 26.054188 4.600324
v 25.733904 26.462645 4.691476
v 25.653879 26.253590 4.769396
v 25.670658 26.384624 4.572862
v 25.653879 26.253590 4.769396
v 25.664967 26.218224 4.627878
v 25.339947 26.497187 4.523889
v 25.235888 26.585333 4.507165
v 25.334021 26.756001 4.711582
v 25.480093 26.616791 4.745489
v 25.299652 26.132652 4.585427
v 25.388205 26.219765 4.591695
v 25.383562 26.240261 4.864479
v 26.785622 26.688272 4.733624
v 25.869112 27.145592 4.603037
v 25.954731 27.336363 4.762711
v 25.714508 26.861801 4.711224
v 21.445118 28.790890 5.105242
v 25.594095 27.329967 4.731351
v 25.573723 26.747009 4.740758
v 20.448212 27.648529 5.400107
v 18.017241 29.665199 5.387731
v 22.391584 28.248196 5.078696
v 22.360489 27.751671 5.419941
v 22.031712 31.668823 5.119268
v 20.980305 32.018234 5.102701
v 20.980305 32.018234 5.102701
v 19.417053 32.340134 5.066414
v 20.980305 32.018234 5.102701
v 17.391354 32.160450 5.010834
v 19.744339 32.530579 5.516306
v 19.043314 32.616795 5.509769
v 17.302078 32.530357 5.491751
v 17.302078 32.530357 5.491751
v 19.043314 32.616795 5.509769
v 24.156801 34.057022 5.643682
v 24.974903 33.856640 5.787799
v 24.909311 33.592361 5.234689
v 29.436729 33.785942 4.885874
v 30.531372 33.776772 5.002993
v 30.291950 33.202011 4.699438
v 29.287273 33.356476 4.537732
v 29.571518 34.231194 5.262502
v 27.674706 33.877045 5.199553
v 31.964081 33.447712 5.465083
v 31.995565 32.866577 5.813108
v 31.676483 32.747944 5.618192
v 36.047554 32.274700 5.683643
v 35.326309 32.422825 5.623405
v 35.504482 32.627251 5.886313
v 35.504482 32.627251 5.886313
v 36.232971 32.438831 6.083477
v 30.966259 32.457394 5.032881
v 31.195398 32.819324 5.253608
v 31.303656 32.509285 5.302684
v 29.979294 32.114532 4.722792
v 30.546341 32.068813 5.011230
v 31.290754 31.438538 4.956543
v 30.230324 31.704634 4.643733
v 36.225037 31.830879 5.639989
v 35.981159 31.509258 5.561616
v 35.077301 31.922577 5.405526
v 35.957581 31.317348 5.589500
v 36.211712 31.554319 6.069216
v 36.211712 31.554319 6.069216
v 36.174614 31.364470 6.054893
v 36.211712 31.554319 6.069216
v 36.446548 31.818094 6.168319
v 36.211712 31.554319 6.069216
v 35.588333 29.856157 5.468931
v 35.500118 30.029430 5.487955
v 35.716892 30.134481 5.820370
v 35.829826 29.976883 5.820569
v 31.018951 33.086510 4.986432
v 29.929766 32.760197 4.681306
v 31.601015 33.273441 5.210362
v 30.778099 34.174843 5.315542
v 29.010923 32.614277 4.345558
v 30.603462 32.836823 5.022967
v 30.158451 32.355133 4.894570
v 32.062771 33.507992 6.113387
v 32.491657 31.292927 5.202557
v 33.454052 32.371010 5.570056
v 33.735214 31.221088 5.320304
v 31.921146 32.401611 5.369947
v 32.725082 32.436943 5.546320
v 33.107422 32.521374 5.558170
v 33.760052 32.659599 5.882824
v 33.362316 32.816200 5.879764
v 34.542679 32.462799 5.862481
v 35.504482 32.627251 5.886313
v 34.325130 32.288609 5.592958
v 34.542679 32.462799 5.862481
v 31.094786 32.117332 5.200875
v 34.521713 30.228296 5.256948
v 35.061737 29.976467 5.314823
v 34.857376 29.691244 5.538007
v 33.829887 29.971056 5.468796
v 26.250431 34.028454 5.294683
v 26.543396 29.331436 5.776489
v 26.592178 30.636003 5.156905
v 27.060310 29.140873 5.780550
v 28.428455 27.306990 4.875315
v 27.081345 28.139982 5.194737
v 27.612036 28.582388 5.223817
v 29.012218 28.120794 4.902849
v 24.440416 28.286959 4.758267
v 22.648310 29.556280 4.772402
v 23.209459 30.673004 5.178565
v 24.684240 29.325176 5.119561
v 30.587259 26.233650 5.839828
v 30.185703 26.424904 5.131608
v 30.567333 27.482016 5.219600
v 26.314400 33.543278 4.944430
v 25.689117 33.919586 5.941773
v 27.023380 28.334341 5.775351
v 27.023380 28.334341 5.775351
v 27.323898 28.604250 5.779987
v 27.666294 30.587635 4.951192
v 28.968933 29.891359 4.887088
v 28.950998 29.136139 4.918779
v 29.384981 29.451740 4.953342
v 26.630520 26.173790 4.941219
v 27.444569 25.989061 5.049834
v 27.495050 25.681770 5.791206
v 27.645140 27.054920 4.796469
v 27.474606 29.394672 5.207960
v 26.182575 28.318802 5.115098
v 30.458164 28.505219 5.215264
v 30.927458 28.209282 5.983403
v 30.994518 27.211082 6.109008
v 27.717096 33.005600 4.597080
v 35.295349 31.241259 5.410707
v 35.512726 31.109837 5.877307
v 35.512726 31.109837 5.877307
v 33.738342 31.032486 5.859002
v 31.283932 31.219669 5.835448
v 32.613018 31.063009 5.847873
v 31.283932 31.219669 5.835448
v 30.303904 31.430676 5.826864
v 29.925472 31.388834 5.822808
v 31.531691 30.746588 4.997223
v 31.490120 30.888803 5.835549
v 32.973663 30.900837 5.850529
v 32.973663 30.900837 5.850529
v 32.933205 30.756542 5.186180
v 35.517937 30.154055 5.871643
v 35.500118 30.029430 5.487955
v 32.973663 30.900837 5.850529
v 34.556694 30.381523 5.863335
v 32.973663 30.900837 5.850529
v 32.613018 31.063009 5.847873
v 33.738342 31.032486 5.859002
v 32.613018 31.063009 5.847873
v 30.534218 30.330801 4.854354
v 30.585484 30.652327 5.825039
v 30.585484 30.652327 5.825039
v 31.490120 30.888803 5.835549
v 29.277390 30.813959 4.554643
v 29.707333 30.893761 5.817649
v 30.015913 30.725985 5.819755
v 30.015913 30.725985 5.819755
v 29.830599 30.361433 4.644196
v 29.644638 31.248917 5.819145
v 29.595844 31.616861 4.523027
v 29.925472 31.388834 5.822808
v 29.644638 31.248917 5.819145
v 35.512726 31.109837 5.877307
v 35.899433 31.208080 5.958492
v 35.512726 31.109837 5.877307
v 28.567905 31.296049 4.270913
v 29.219105 31.185696 4.511334
v 28.475082 31.150459 4.538429
v 29.497604 25.950363 5.099175
v 29.632706 25.672384 5.819818
v 28.515028 25.596399 5.804937
v 28.514000 25.885586 5.077388
v 4.235441 30.332706 5.079386
v 3.759592 30.006289 5.246420
v -0.125237 31.200960 5.214509
v 13.504493 29.107218 5.339014
v 11.444701 28.984650 5.317571
v 13.294828 29.757387 4.864164
v 9.088626 29.731508 4.949294
v 8.953612 29.117153 5.293315
v 9.245086 30.604580 5.019744
v 13.026171 30.794901 4.985268
v 4.933292 30.838755 5.089247
v 9.420979 31.039034 5.309527
v 12.802253 31.270435 5.344902
v 14.946287 31.955580 5.464615
v 15.372346 31.447828 4.961522
v 14.946287 31.955580 5.464615
v 26.203403 28.516657 5.768189
v 26.203403 28.516657 5.768189
v 27.023380 28.334341 5.775351
v 15.936079 30.254980 4.831650
v 16.168581 29.500597 5.368165
v 24.079329 33.315117 5.459690
v 24.942959 33.060242 5.222380
v 24.645121 32.952957 5.209801
v 24.033922 31.551075 5.764540
v 25.240990 32.136436 5.074586
v 26.239548 31.271143 5.174207
v 25.081823 31.131405 5.772572
v 24.033922 31.551075 5.764540
v 26.724285 31.513748 4.790330
v 29.595711 31.067127 5.817569
v 29.707333 30.893761 5.817649
v 29.707333 30.893761 5.817649
v 36.446548 31.818094 6.168319
v 36.232971 32.438831 6.083477
v 36.446548 31.818094 6.168319
v 34.556694 30.381523 5.863335
v 17.302078 32.530357 5.491751
v 14.946287 31.955580 5.464615
v 17.302078 32.530357 5.491751
v 23.503183 31.014790 5.756005
v 23.503183 31.014790 5.756005
v 24.800522 29.594610 5.760540
v 21.812494 26.335575 4.618284
v 29.644638 31.248917 5.819145
v 30.015913 30.725985 5.819755
v 30.585484 30.652327 5.825039
v 30.015913 30.725985 5.819755
v 25.689117 33.919586 5.941773
v 27.186035 32.601379 4.303374
v 26.385418 32.818577 4.611812
v 27.275290 31.675476 4.245402
v 26.983004 32.404385 4.503281
v 27.395790 32.165661 4.442589
v 25.313812 32.483429 4.901198
v 26.454054 31.892101 4.476050
v 24.464434 32.861076 5.415899
v 24.800522 29.594610 5.760540
v 24.800522 29.594610 5.760540
v 26.203403 28.516657 5.768189
v 21.346195 26.313183 4.758312
v 27.323898 28.604250 5.779987
v 27.060310 29.140873 5.780550
v 27.060310 29.140873 5.780550
v 26.787561 30.657812 5.011707
v 25.689117 33.919586 5.941773
v 32.514561 32.858067 5.674628
v 33.000660 32.730980 5.875617
v 35.899433 31.208080 5.958492
v 36.174614 31.364470 6.054893
v 35.716892 30.134481 5.820370
v 35.500118 30.029430 5.487955
v 35.517937 30.154055 5.871643
v 32.601906 32.991940 5.873174
v 29.468596 30.105701 4.706739
v 29.898077 29.961529 4.865694
v 21.812494 26.335575 4.618284
v 22.317190 25.856205 4.691703
v 22.317190 25.856205 4.691703
v 22.317190 25.856205 4.691703
v 22.011072 25.685392 4.835344
v 22.011072 25.685392 4.835344
v 20.555758 25.709824 4.634513
v 21.125650 25.705423 4.926337
v 25.480093 26.616791 4.745489
v 25.383562 26.240261 4.864479
v 25.480093 26.616791 4.745489
v 25.653879 26.253590 4.769396
v 25.383562 26.240261 4.864479
v 25.388205 26.219765 4.591695
v 25.388205 26.219765 4.591695
v 25.653879 26.253590 4.769396
v 25.480093 26.616791 4.745489
v 25.339947 26.497187 4.523889
v 25.480093 26.616791 4.745489
v 21.141859 25.177507 4.213324
v 20.692333 25.547146 4.379357
v 32.062771 33.507992 6.113387
v 32.062771 33.507992 6.113387
v 32.094715 33.023815 5.867279
v 34.556694 30.381523 5.863335
v 35.517937 30.154055 5.871643
v 30.241196 26.358763 6.196081
v 30.587259 26.233650 5.839828
v 30.994518 27.211082 6.109008
v 30.587259 26.233650 5.839828
v 14.946287 31.955580 5.464615
v 14.946345 31.278549 5.940882
v 31.982876 32.661598 5.499764
v 25.504932 32.745686 4.984400
v 26.261761 32.394363 4.714297
v 25.569813 33.193466 4.912691
v 27.493555 31.400646 4.459202
v 27.719118 30.794378 4.618685
v 31.283932 31.219669 5.835448
v 30.303904 31.430676 5.826864
v 31.283932 31.219669 5.835448
v 25.798239 29.882717 5.772294
v 25.671993 29.158333 5.766702
v 25.081823 31.131405 5.772572
v 25.079203 30.747578 5.770251
v 25.081823 31.131405 5.772572
v 25.079203 30.747578 5.770251
v 25.798239 29.882717 5.772294
v 25.671993 29.158333 5.766702
v 26.543396 29.331436 5.776489
v 20.970442 25.957462 4.799060
v 21.346195 26.313183 4.758312
v 21.812494 26.335575 4.618284
v 20.970442 25.957462 4.799060
v 21.346195 26.313183 4.758312
v 21.346195 26.313183 4.758312
v 17.184135 26.753002 5.361917
v 27.431257 32.204140 4.239190
v 28.162514 33.172981 4.471309
v 29.058769 31.787651 4.411506
v 28.805536 32.206810 4.423577
v 29.247265 32.169514 4.580544
v 27.823822 32.000069 4.230589
v 27.826540 31.911331 4.427524
v 28.098278 31.476465 4.403266
v 29.092352 31.309801 4.395072
v 28.210716 31.473709 4.253717
v 29.644638 31.248917 5.819145
v 29.595711 31.067127 5.817569
v 24.156801 34.057022 5.643682
v 24.942959 33.060242 5.222380
v 24.974903 33.856640 5.787799
v 24.942959 33.060242 5.222380
v 24.079329 33.315117 5.459690
v 24.464434 32.861076 5.415899
v 27.060310 29.140873 5.780550
v 30.569185 29.262815 5.401797
v 30.014381 29.652874 5.165117
v 35.829826 29.976883 5.820569
v 35.520046 29.764059 5.869324
v 35.234314 29.695549 5.574279
v 35.309624 29.633001 5.866417
v 32.664280 30.194069 5.378461
v 31.581810 30.190111 5.216575
v 35.389214 28.954498 5.863157
v 34.838356 29.367554 5.637019
v 35.083134 29.445415 5.709054
v 35.185749 29.453083 5.864101
v 33.831711 29.458569 5.641531
v 34.196999 29.692238 5.855584
v 34.009876 29.348721 5.851654
v 32.581596 28.998316 5.835205
v 32.635666 29.262260 5.624976
v 33.101669 29.895992 5.579058
v 33.026073 29.546694 5.842944
v 33.395943 29.682629 5.847480
v 34.591240 29.353451 5.857531
v 31.658680 29.962683 5.831690
v 31.745522 29.673864 5.597026
v 31.543442 29.448542 5.827459
v 32.532921 29.879625 5.532682
v 30.711050 29.749544 5.078954
v 32.275215 29.539169 5.835351
v 31.079712 29.710682 5.824367
v 33.516228 29.402611 5.847008
v 29.192987 29.843245 4.693226
v 29.381590 29.613495 4.784456
v 31.817543 29.327175 5.829487
v 33.991875 32.485371 5.583269
v 34.248367 32.777714 5.888434
v 34.542679 32.462799 5.862481
v 34.542679 32.462799 5.862481
v 25.383562 26.240261 4.864479
v 25.383562 26.240261 4.864479
v 21.125650 25.705423 4.926337
v 22.011072 25.685392 4.835344
v 21.125650 25.705423 4.926337
v 20.970442 25.957462 4.799060
v 23.503183 31.014790 5.756005
v 23.503183 31.014790 5.756005
v 19.744339 32.530579 5.516306
v 20.980305 32.018234 5.102701
v 25.383562 26.240261 4.864479
v 25.383562 26.240261 4.864479
v 25.388205 26.219765 4.591695
v 25.388205 26.219765 4.591695
v 25.339947 26.497187 4.523889
v 25.383562 26.240261 4.864479
v 24.406509 33.178986 5.823946
v 24.974903 33.856640 5.787799
v 24.406509 33.178986 5.823946
v 24.974903 33.856640 5.787799
v 24.942959 33.060242 5.222380
v 24.406509 33.178986 5.823946
v 24.942959 33.060242 5.222380
v 23.780247 33.175617 5.817634
v 23.780247 33.175617 5.817634
v 24.942959 33.060242 5.222380
v 24.464434 32.861076 5.415899
v 35.517937 30.154055 5.871643
v 35.520046 29.764059 5.869324
v 35.520046 29.764059 5.869324
v 5.487711 31.231129 5.271132
v 6.412428 29.467972 5.269865
v 24.033922 31.551075 5.764540
v 23.341118 32.381348 5.762548
v 24.033922 31.551075 5.764540
v 23.341118 32.381348 5.762548
v 23.780247 33.175617 5.817634
v 23.503183 31.014790 5.756005
v 22.765831 31.786301 5.739830
v 16.168581 29.500597 5.368165
v 17.505875 28.650084 5.376513
v 13.504493 29.107218 5.339014
v 13.504493 29.107218 5.339014
v 11.444701 28.984650 5.317571
v 11.444701 28.984650 5.317571
v 8.434112 28.601994 5.285009
v 8.953612 29.117153 5.293315
v 11.444701 28.984650 5.317571
v 4.710939 25.588968 7.240844
v 4.722549 25.595873 6.087024
v 22.233435 25.683189 7.417579
v 16.600161 25.664852 5.349541
v 22.233435 25.683189 7.417579
v 16.600161 25.664852 5.349541
v 22.250595 25.693428 5.711556
v 22.233435 25.683189 7.417579
v 16.600161 25.664852 5.349541
v 4.731159 25.601013 5.229822
v 8.434589 28.600389 5.555675
v 17.506626 28.648649 5.619107
v 8.462890 26.702465 5.544601
v 17.184891 26.751595 5.604527
v 17.516624 27.137672 5.610161
v 8.462395 26.704052 5.273942
v 17.184135 26.753002 5.361917
v 17.515589 27.179897 5.367814
v -3.188366 25.558418 5.149942
v 3.759592 30.006289 5.246420
v 2.583681 25.589464 5.208166
v 4.731159 25.601013 5.229822
v 4.731159 25.601013 5.229822
v 16.600161 25.664852 5.349541
v 17.184135 26.753002 5.361917
v 16.600161 25.664852 5.349541
v 22.233435 25.683189 7.417579
v 22.250595 25.693428 5.711556
v 25.612022 26.333887 6.149397
v 25.612022 26.333887 6.149397
v 25.598896 26.326040 7.455259
v 22.233435 25.683189 7.417579
v 30.228058 26.350918 7.501962
v 25.598896 26.326040 7.455259
v 25.612022 26.333887 6.149397
v 25.612022 26.333887 6.149397
v 30.241196 26.358763 6.196081
v 30.228058 26.350918 7.501962
v 8.953612 29.117153 5.293315
v 6.412428 29.467972 5.269865
v 3.759592 30.006289 5.246420
v 6.412428 29.467972 5.269865
v 6.412428 29.467972 5.269865
v 36.856857 31.578125 6.964617
v 36.851883 31.314878 7.598275
v 36.858250 31.117823 7.597147
v 36.858250 31.117823 7.597147
v 36.866356 31.122643 6.791778
v 35.514999 30.689472 5.874820
v 35.497852 30.679260 7.580854
v 35.517937 30.154055 5.871643
v 35.497852 30.679260 7.580854
v 35.506100 29.161798 7.571839
v 35.517937 30.154055 5.871643
v 35.517937 30.154055 5.871643
v 35.506100 29.161798 7.571839
v 35.520046 29.764059 5.869324
v 35.520046 29.764059 5.869324
v 35.506100 29.161798 7.571839
v 35.523254 29.172018 5.865815
v 36.847641 33.316933 6.952308
v 36.852875 33.601425 6.806465
v 36.843372 33.858303 7.613398
v 36.843372 33.858303 7.613398
v 36.839813 33.534515 7.611433
v 36.854271 32.836868 6.551412
v 36.861607 32.919292 6.304659
v 36.852875 33.601425 6.806465
v 36.852875 33.601425 6.806465
v 36.858067 32.125053 6.551966
v 36.866226 32.072433 6.299638
v 36.861607 32.919292 6.304659
v 36.861607 32.919292 6.304659
v 36.866356 31.122643 6.791778
v 36.866226 32.072433 6.299638
v 36.866356 31.122643 6.791778
v 36.858250 31.117823 7.597147
v 35.497852 30.679260 7.580854
v 35.514999 30.689472 5.874820
v 35.514999 30.689472 5.874820
v 36.866356 31.122643 6.791778
v 36.858250 31.117823 7.597147
v 18.017241 29.665199 5.387731
v 18.189146 28.742201 5.383936
v 18.017241 29.665199 5.387731
v 16.168581 29.500597 5.368165
v 18.189146 28.742201 5.383936
v 17.515589 27.179897 5.367814
v 17.515589 27.179897 5.367814
v 17.184135 26.753002 5.361917
v 17.184135 26.753002 5.361917
v 44.740051 26.864120 7.004927
v 44.612419 27.411762 7.652940
v 47.212166 27.425730 7.679158
v 47.212166 27.425730 7.679158
v 46.961914 26.857288 7.352496
v 60.540176 24.294802 7.028155
v 59.633514 26.305479 7.797356
v 68.152222 25.586208 7.878705
v 68.152222 25.586208 7.878705
v 67.764702 23.889112 7.180530
v 84.115379 23.819714 8.028635
v 91.153244 22.695084 8.092681
v 84.037895 23.052782 7.798036
v 76.080704 23.549206 7.519497
v 68.152222 25.586208 7.878705
v 68.152222 25.586208 7.878705
v 76.302185 24.728991 7.955518
v 84.115379 23.819714 8.028635
v 76.302185 24.728991 7.955518
v 84.115379 23.819714 8.028635
v 44.955482 19.700403 7.610242
v 47.370461 23.648449 7.116298
v 48.144135 22.215874 7.020160
v 40.193474 22.378052 7.250471
v 38.052841 20.840549 7.547647
v 38.888824 21.998999 7.562992
v 47.212166 27.425730 7.679158
v 49.438663 26.210428 7.694282
v 67.523796 21.793060 7.849679
v 67.523796 21.793060 7.849679
v 60.236572 21.499304 7.774647
v 67.523796 21.793060 7.849679
v 75.947510 21.899435 7.935016
v 67.523796 21.793060 7.849679
v 75.947510 21.899435 7.935016
v 84.012482 21.999210 8.016689
v 75.947510 21.899435 7.935016
v 53.905746 20.867718 7.707217
v 52.578144 24.188145 6.818616
v 60.236572 21.499304 7.774647
v 53.905746 20.867718 7.707217
v 91.153244 22.695084 8.092681
v 84.012482 21.999210 8.016689
v 41.204365 21.615187 7.583973
v 38.052841 20.840549 7.547647
v 42.932762 23.916307 7.160810
v 44.524010 20.960140 7.613437
v 44.524010 20.960140 7.613437
v 43.491425 21.658278 7.607232
v 32.172359 27.433355 6.221929
v 34.422108 26.647625 6.239856
v 32.109077 26.450836 7.521471
v 32.109077 26.450836 7.521471
v 37.178234 24.308681 7.559617
v 35.453636 26.287359 6.248071
v 37.178234 24.308681 7.559617
v 37.625206 25.528934 6.265371
v 37.178234 24.308681 7.559617
v 46.909756 26.417397 7.670083
v 46.909756 26.417397 7.670083
v 44.961800 26.115908 7.648695
v 49.438663 26.210428 7.694282
v 46.909756 26.417397 7.670083
v 40.051208 24.404951 7.046768
v 43.676201 25.412619 7.631552
v 36.954296 23.349487 7.551621
v 37.178234 24.308681 7.559617
v 42.092144 27.398218 7.627506
v 44.612419 27.411762 7.652940
v 42.285484 26.413404 6.605571
v 42.092144 27.398218 7.627506
v 43.676201 25.412619 7.631552
v 44.961800 26.115908 7.648695
v 43.676201 25.412619 7.631552
v 38.719772 22.598118 7.564873
v 36.954296 23.349487 7.551621
v 38.941719 25.450974 6.278079
v 39.524788 27.384422 7.601612
v 42.092144 27.398218 7.627506
v 42.092144 27.398218 7.627506
v 37.178234 24.308681 7.559617
v 37.178234 24.308681 7.559617
v 43.491425 21.658278 7.607232
v 41.204365 21.615187 7.583973
v 41.204365 21.615187 7.583973
v 38.888824 21.998999 7.562992
v 38.719772 22.598118 7.564873
v 38.719772 22.598118 7.564873
v 43.676201 25.412619 7.631552
v 50.023445 24.682720 7.691008
v 50.023445 24.682720 7.691008
v 44.759842 17.335537 7.594112
v 49.816704 19.759211 7.659463
v 53.473057 24.951057 7.727301
v 55.450638 25.675831 7.751516
v 56.757301 25.748951 7.449402
v 53.473057 24.951057 7.727301
v 53.473057 24.951057 7.727301
v 53.905746 20.867718 7.707217
v 53.905746 20.867718 7.707217
v 49.816704 19.759211 7.659463
v 50.023445 24.682720 7.691008
v 43.676201 25.412619 7.631552
v 50.023445 24.682720 7.691008
v 53.473057 24.951057 7.727301
v 44.524010 20.960140 7.613437
v 44.955482 19.700403 7.610242
v 44.955482 19.700403 7.610242
v 44.759842 17.335537 7.594112
v 38.719772 22.598118 7.564873
v 57.217361 26.594429 7.774786
v 57.217361 26.594429 7.774786
v 59.633514 26.305479 7.797356
v 32.109077 26.450836 7.521471
v 30.228058 26.350918 7.501962
v 30.241196 26.358763 6.196081
v 32.109077 26.450836 7.521471
v 30.241196 26.358763 6.196081
v 32.172359 27.433355 6.221929
v 37.966110 27.381441 6.073795
v 38.178318 29.176828 7.598802
v 36.855766 28.838112 6.047772
v 36.388062 29.175703 5.924671
v 39.524788 27.384422 7.601612
v 38.178318 29.176828 7.598802
v 36.388062 29.175703 5.924671
v 35.506100 29.161798 7.571839
v 38.178318 29.176828 7.598802
v 30.927458 28.209282 5.983403
v 31.680248 27.893496 6.116763
v 30.994518 27.211082 6.109008
v 30.241196 26.358763 6.196081
v 30.994518 27.211082 6.109008
v 32.172359 27.433355 6.221929
v 32.172359 27.433355 6.221929
v 30.994518 27.211082 6.109008
v 36.918331 27.795416 6.035556
v 36.085289 27.708841 6.074768
v 35.471725 27.279419 6.150793
v 35.212166 26.901192 6.193965
v 33.362213 27.958862 6.100251
v 32.712830 27.829924 6.163026
v 34.636200 27.390570 6.171371
v 34.544651 27.721752 6.122840
v 39.524788 27.384422 7.601612
v 38.178318 29.176828 7.598802
v 38.178318 29.176828 7.598802
v 36.984833 28.458130 6.074068
v 38.178318 29.176828 7.598802
v 37.923912 28.334972 5.991383
v 38.111622 28.262346 6.010186
v 38.215630 28.389816 6.220306
v 37.966110 27.381441 6.073795
v 37.505768 28.250923 5.961606
v 36.984833 28.458130 6.074068
v 37.706642 28.638781 6.252124
v 37.207855 29.593689 5.957991
v 36.388062 29.175703 5.924671
v 36.855766 28.838112 6.047772
v 38.129860 28.784742 6.057261
v 38.443611 28.443016 6.088053
v 36.855766 28.838112 6.047772
v 36.984833 28.458130 6.074068
v 38.307434 27.895350 6.055775
v 36.855766 28.838112 6.047772
v 37.505768 28.250923 5.961606
v 38.045509 29.110207 6.055888
v 32.172359 27.433355 6.221929
v 32.405983 28.470322 5.309449
v 32.712830 27.829924 6.163026
v 37.923912 28.334972 5.991383
v 38.221489 28.388090 5.888550
v 38.111622 28.262346 6.010186
v 32.581596 28.998316 5.835205
v 33.594719 28.401684 5.542702
v 37.051979 28.129072 5.613384
v 37.099667 28.460388 5.798007
v 36.154175 28.562742 5.646797
v 36.163498 28.203251 5.381566
v 37.923912 28.334972 5.991383
v 37.832916 28.643049 5.647124
v 36.207405 28.823557 5.615454
v 37.175159 29.411543 5.663579
v 37.113087 28.841797 5.663456
v 36.388062 29.175703 5.924671
v 35.168392 28.550463 5.612783
v 35.525528 28.753590 5.863338
v 36.388062 29.175703 5.924671
v 36.388062 29.175703 5.924671
v 32.581596 28.998316 5.835205
v 34.055264 28.850510 5.849132
v 35.212166 26.901192 6.193965
v 35.453636 26.287359 6.248071
v 34.848404 26.815456 5.842952
v 35.184330 28.077677 5.475056
v 36.085289 27.708841 6.074768
v 34.969288 27.499481 5.802406
v 34.636200 27.390570 6.171371
v 34.544651 27.721752 6.122840
v 34.636200 27.390570 6.171371
v 38.307434 27.895350 6.055775
v 31.680248 27.893496 6.116763
v 30.927458 28.209282 5.983403
v 37.966110 27.381441 6.073795
v 36.918331 27.795416 6.035556
v 35.453636 26.287359 6.248071
v 34.422108 26.647625 6.239856
v 37.986664 29.036381 5.802553
v 36.918331 27.795416 6.035556
v 36.085289 27.708841 6.074768
v 36.085289 27.708841 6.074768
v 30.927458 28.209282 5.983403
v 30.569185 29.262815 5.401797
v 34.544651 27.721752 6.122840
v 33.362213 27.958862 6.100251
v 33.362213 27.958862 6.100251
v 35.471725 27.279419 6.150793
v 35.471725 27.279419 6.150793
v 35.212166 26.901192 6.193965
v 34.422108 26.647625 6.239856
v 34.636200 27.390570 6.171371
v 34.422108 26.647625 6.239856
v 36.085289 27.708841 6.074768
v 35.471725 27.279419 6.150793
v 37.966110 27.381441 6.073795
v 37.923912 28.334972 5.991383
v 31.543442 29.448542 5.827459
v 30.569185 29.262815 5.401797
v 31.079712 29.710682 5.824367
v 36.085289 27.708841 6.074768
v 36.388062 29.175703 5.924671
v 36.388062 29.175703 5.924671
v 35.525528 28.753590 5.863338
v 36.984833 28.458130 6.074068
v 37.505768 28.250923 5.961606
v 14.946345 31.278549 5.940882
v 12.802253 31.270435 5.344902
v -9.236773 31.148598 5.696954
v 12.802253 31.270435 5.344902
v 5.487711 31.231129 5.271132
v 5.487711 31.231129 5.271132
v -0.125237 31.200960 5.214509
v -0.125237 31.200960 5.214509
v -10.145338 31.147118 5.113438
v 9.420979 31.039034 5.309527
v 5.487711 31.231129 5.271132
v 12.802253 31.270435 5.344902
v 35.523254 29.172018 5.865815
v 35.523254 29.172018 5.865815
v 35.523254 29.172018 5.865815
v 35.525528 28.753590 5.863338
v 35.525528 28.753590 5.863338
v 34.055264 28.850510 5.849132
v 34.055264 28.850510 5.849132
v 34.055264 28.850510 5.849132
v 33.362213 27.958862 6.100251
v 32.712830 27.829924 6.163026
v 33.362213 27.958862 6.100251
v 32.172359 27.433355 6.221929
v 31.680248 27.893496 6.116763
v -4.396202 22.100994 5.839753
v -4.807318 22.447414 5.420074
v -4.387606 22.105326 5.117227
v 54.580315 26.693939 7.748851
v 55.450638 25.675831 7.751516
v 54.580315 26.693939 7.748851
v 57.217361 26.594429 7.774786
v 38.111622 28.262346 6.010186
v 38.307434 27.895350 6.055775
v 20.980305 32.018234 5.102701
v 21.731342 32.322269 5.679473
v 21.731342 32.322269 5.679473
v 22.765831 31.786301 5.739830
v 31.817543 29.327175 5.829487
v 32.581596 28.998316 5.835205
v 31.817543 29.327175 5.829487
v 30.569185 29.262815 5.401797
v 30.569185 29.262815 5.401797
v 31.543442 29.448542 5.827459
v 31.817543 29.327175 5.829487
v 34.055264 28.850510 5.849132
v 34.055264 28.850510 5.849132
v 34.055264 28.850510 5.849132
v 35.523254 29.172018 5.865815
v -3.178108 21.701059 6.187655
v -3.660196 24.074228 6.197021
v -4.399603 22.098881 6.177766
v -3.199020 25.552067 6.210492
v -3.668201 25.549549 6.205767
v -10.823748 23.459667 5.489381
v -11.763578 24.073874 5.472449
v -11.713560 24.555868 5.058222
v -10.262270 23.444435 5.066159
v -17.578184 21.696205 5.399759
v -17.639566 22.132647 4.984151
v -10.138590 23.441097 5.372418
v -10.586027 23.452797 5.781134
v -17.710375 22.600939 4.986235
v -17.497271 23.177212 4.991830
v 3.759592 30.006289 5.246420
v -0.125237 31.200960 5.214509
v -0.125237 31.200960 5.214509
v -0.125237 31.200960 5.214509
v -5.841248 23.304512 5.109784
v -3.167442 21.707411 5.127111
v -5.844311 23.302683 5.414762
v -3.668201 25.549549 6.205767
v -3.199020 25.552067 6.210492
v -3.677761 25.543856 7.156222
v -3.178108 21.701059 6.187655
v -3.178108 21.701059 6.187655
v -3.178108 21.701059 6.187655
v -4.399603 22.098881 6.177766
v -3.167442 21.707411 5.127111
v -3.188366 25.558418 5.149942
v -3.167442 21.707411 5.127111
v -3.677761 25.543856 7.156222
v -3.199020 25.552067 6.210492
v 4.710939 25.588968 7.240844
v 4.710939 25.588968 7.240844
v 2.575075 25.584332 6.065362
v 4.710939 25.588968 7.240844
v -3.199020 25.552067 6.210492
v -3.199020 25.552067 6.210492
v -3.188366 25.558418 5.149942
v -3.188366 25.558418 5.149942
v 2.583681 25.589464 5.208166
v 4.726694 24.833277 6.082501
v 2.775578 24.822784 6.062829
v 2.784199 24.827909 5.205615
v 4.735317 24.838409 5.225292
v 4.731159 25.601013 5.229822
v 4.722549 25.595873 6.087024
v 4.722549 25.595873 6.087024
v 2.575075 25.584332 6.065362
v 4.722549 25.595873 6.087024
v 2.575075 25.584332 6.065362
v 2.575075 25.584332 6.065362
v 2.575075 25.584332 6.065362
v 2.583681 25.589464 5.208166
v 2.784199 24.827909 5.205615
v 2.583681 25.589464 5.208166
v 4.731159 25.601013 5.229822
v 4.731159 25.601013 5.229822
v 4.735317 24.838409 5.225292
v 2.784199 24.827909 5.205615
v -3.677761 25.543856 7.156222
v -3.660196 24.074228 6.197021
v -3.668201 25.549549 6.205767
v -10.165552 31.135082 7.124451
v -9.251226 31.139996 7.133688
v -10.165552 31.135082 7.124451
v -17.517500 23.165174 7.002847
v -10.165552 31.135082 7.124451
v -10.165552 31.135082 7.124451
v -17.730597 22.588907 6.997255
v -17.517500 23.165174 7.002847
v -17.710375 22.600939 4.986235
v -17.730597 22.588907 6.997255
v -11.779577 24.064346 7.065909
v -11.779577 24.064346 7.065909
v -17.594206 21.686676 6.993224
v -10.839643 23.450199 7.071683
v -11.779577 24.064346 7.065909
v -11.763578 24.073874 5.472449
v -11.763578 24.073874 5.472449
v -10.823748 23.459667 5.489381
v -10.839643 23.450199 7.071683
v -10.586027 23.452797 5.781134
v -10.599051 23.445057 7.074076
v -10.839643 23.450199 7.071683
v -10.839643 23.450199 7.071683
v -10.823748 23.459667 5.489381
v -10.586027 23.452797 5.781134
v -3.660196 24.074228 6.197021
v -3.669750 24.068541 7.147482
v -4.409145 22.093193 7.128222
v -4.409145 22.093193 7.128222
v -4.399603 22.098881 6.177766
v -3.660196 24.074228 6.197021
v -17.710375 22.600939 4.986235
v -17.639566 22.132647 4.984151
v -17.659803 22.120605 6.995162
v -17.659803 22.120605 6.995162
v -17.730597 22.588907 6.997255
v -17.710375 22.600939 4.986235
v -17.594206 21.686676 6.993224
v -17.659803 22.120605 6.995162
v -17.639566 22.132647 4.984151
v -17.639566 22.132647 4.984151
v -17.578184 21.696205 5.399759
v -17.594206 21.686676 6.993224
v -3.677761 25.543856 7.156222
v -3.669750 24.068541 7.147482
v -3.660196 24.074228 6.197021
v -4.807318 22.447414 5.420074
v -4.396202 22.100994 5.839753
v -7.770575 14.473160 5.760167
v -8.230375 14.582915 5.338591
v -4.807318 22.447414 5.420074
v -8.199614 12.709736 5.327690
v -7.922565 12.301655 5.745650
v -9.013952 12.215456 5.734161
v -8.972746 12.648672 5.319552
v -7.924238 13.299230 5.333995
v -7.479118 13.250949 5.755778
v -10.069643 21.664133 5.780086
v -9.614660 21.642746 5.366933
v -12.130899 15.466950 5.304659
v -12.549448 15.577698 5.718725
v -10.586027 23.452797 5.781134
v -10.586027 23.452797 5.781134
v -10.138590 23.441097 5.372418
v -12.471598 13.099489 5.704700
v -12.113447 13.451700 5.292788
v -12.309908 14.261230 5.295646
v -12.748148 14.239334 5.708734
v -10.138590 23.441097 5.372418
v -5.844311 23.302683 5.414762
v -5.844311 23.302683 5.414762
v -5.844311 23.302683 5.414762
v -4.807318 22.447414 5.420074
v -4.396202 22.100994 5.839753
v -4.399603 22.098881 6.177766
v -10.586027 23.452797 5.781134
v -10.082621 21.656425 7.068566
v -10.082621 21.656425 7.068566
v -10.599051 23.445057 7.074076
v -10.586027 23.452797 5.781134
v -12.562426 15.569983 7.007199
v -12.562426 15.569983 7.007199
v -10.082621 21.656425 7.068566
v -12.761118 14.231623 6.997186
v -12.562426 15.569983 7.007199
v -12.761118 14.231623 6.997186
v -12.484541 13.091781 6.993158
v -12.761118 14.231623 6.997186
v -12.761118 14.231623 6.997186
v -9.026911 12.207735 7.022628
v -9.026911 12.207735 7.022628
v -12.484541 13.091781 6.993158
v -7.935514 12.293938 7.034124
v -7.935514 12.293938 7.034124
v -9.026911 12.207735 7.022628
v -7.479118 13.250949 5.755778
v -7.492071 13.243242 7.044253
v -7.935514 12.293938 7.034124
v -7.935514 12.293938 7.034124
v -7.479118 13.250949 5.755778
v -7.783548 14.465454 7.048645
v -7.492071 13.243242 7.044253
v -7.479118 13.250949 5.755778
v -7.479118 13.250949 5.755778
v -7.770575 14.473160 5.760167
v -7.783548 14.465454 7.048645
v -4.399603 22.098881 6.177766
v -4.409145 22.093193 7.128222
v -4.409145 22.093193 7.128222
v -7.783548 14.465454 7.048645
v 14.935486 32.901718 6.030947
v 14.947772 31.206188 5.838406
v 14.316518 31.524734 5.861480
v 14.312389 32.153645 5.935724
v 0.145224 33.201553 6.066133
v 0.336168 32.823139 5.906652
v -4.930809 32.794857 5.850763
v -5.098877 33.180397 6.012283
v 9.000951 33.256176 6.154510
v 14.931619 33.297005 6.199110
v 9.169005 32.870625 5.992990
v 8.854263 33.846806 7.331911
v 14.916492 33.879372 7.393070
v 14.921553 33.829052 6.920057
v 8.865508 33.795280 6.865433
v 7.630194 32.862331 5.980232
v 8.387360 32.929070 5.850224
v 9.025159 31.174362 5.778658
v 10.148176 31.180389 5.789977
v 1.731133 31.135160 5.705083
v -3.951675 31.104624 5.647758
v 1.874973 32.831425 5.919424
v 1.706905 33.216972 6.080942
v 7.439272 33.240746 6.139694
v 7.287567 33.787033 6.849948
v 1.571459 33.756081 6.791873
v 1.560226 33.807610 7.258346
v 7.262585 33.838249 7.315860
v -0.006474 33.747837 6.776381
v -5.234337 33.719517 6.723217
v -5.245564 33.771030 7.189700
v -0.031460 33.799049 7.242290
v -6.752096 33.475597 6.287491
v -7.226509 33.544220 6.287188
v -7.083717 33.709106 6.782451
v -6.793907 33.710674 6.785379
v 2.854128 31.141197 5.716410
v 8.040192 34.019234 7.324761
v 8.071992 33.948231 6.826600
v 8.236272 33.377808 6.038578
v 1.093332 32.889870 5.776644
v 0.746151 33.980053 7.251194
v 0.777945 33.909046 6.753026
v 0.942226 33.338608 5.965004
v -6.469646 32.786564 5.838014
v -5.712482 32.853306 5.708011
v -5.074682 31.098589 5.636431
v -6.837248 33.762482 7.173650
v -6.059645 33.943474 7.182540
v -6.027857 33.872478 6.684388
v -5.863575 33.302040 5.896353
v -6.660563 33.164982 5.997481
v -5.960995 33.620377 6.228104
v -5.184994 33.484028 6.301189
v 0.053694 33.512165 6.356139
v 0.844812 33.656952 6.296750
v 1.620794 33.520592 6.369845
v 7.347734 33.551361 6.429705
v 8.138850 33.696144 6.370319
v 8.914825 33.559811 6.443411
v 14.927162 33.592194 6.488384
v -7.226509 33.544220 6.287188
v -7.613052 33.189358 6.003776
v -7.909637 33.303101 6.327618
v -7.524282 33.556206 6.606683
v -7.226509 33.544220 6.287188
v -8.027803 32.782158 5.832624
v -8.387945 32.871117 6.158079
v -9.317942 31.075787 5.593630
v -9.747194 31.071598 5.906481
v -9.317942 31.075787 5.593630
v -8.027803 32.782158 5.832624
v -9.317942 31.075787 5.593630
v -9.759481 31.064285 7.128114
v -8.397936 32.865166 7.152585
v -7.918016 33.298115 7.159997
v -8.027803 32.782158 5.832624
v -7.613052 33.189358 6.003776
v -7.613052 33.189358 6.003776
v -7.442551 33.606529 7.166624
v -7.613052 33.189358 6.003776
v -7.056557 33.761303 7.171431
v -7.083717 33.709106 6.782451
v -7.226509 33.544220 6.287188
v -7.056557 33.761303 7.171431
v -7.056557 33.761303 7.171431
v -7.083717 33.709106 6.782451
v 10.117229 31.161976 8.867540
v 14.916821 31.187767 8.915948
v 14.908213 32.885502 8.743503
v 9.142146 32.854626 8.665140
v -4.957695 32.778862 8.522920
v 0.309351 32.807182 8.573272
v 0.121613 33.187489 8.414540
v -5.122505 33.166336 8.362670
v 8.977325 33.242100 8.504885
v 14.907678 33.282768 8.580038
v 14.916492 33.879372 7.393070
v 8.854263 33.846806 7.331911
v 8.856135 33.789703 7.797888
v 14.912049 33.823399 7.865468
v 14.916492 33.879372 7.393070
v 7.603374 32.846375 8.646856
v 8.994226 31.155937 8.856216
v 8.357768 32.911449 8.792849
v -3.982611 31.086201 8.725327
v 1.700182 31.116741 8.782649
v 7.415651 33.226688 8.488119
v 1.683289 33.202908 8.431323
v 1.848095 32.815430 8.591576
v 7.262585 33.838249 7.315860
v 1.560226 33.807610 7.258346
v 1.562098 33.750500 7.724321
v 7.278200 33.781456 7.781535
v 7.262585 33.838249 7.315860
v -0.031460 33.799049 7.242290
v -5.245564 33.771030 7.189700
v -5.243692 33.713928 7.655669
v -0.015833 33.742271 7.707969
v -0.031460 33.799049 7.242290
v -7.244230 33.533676 8.049417
v -6.769896 33.464996 8.057838
v -6.801712 33.706020 7.562060
v -7.091522 33.704460 7.559135
v 2.823202 31.122776 8.793964
v 8.061970 33.942276 7.822585
v 8.040192 34.019234 7.324761
v 7.262585 33.838249 7.315860
v 7.262585 33.838249 7.315860
v 8.854263 33.846806 7.331911
v 8.854263 33.846806 7.331911
v 8.040192 34.019234 7.324761
v 8.210443 33.362438 8.606875
v 1.063738 32.872261 8.719278
v -0.031460 33.799049 7.242290
v 0.767929 33.903072 7.749008
v 0.746151 33.980053 7.251194
v -0.031460 33.799049 7.242290
v 1.560226 33.807610 7.258346
v 1.560226 33.807610 7.258346
v 0.746151 33.980053 7.251194
v 0.916409 33.323238 8.533300
v -6.496462 32.770611 8.504634
v -5.105619 31.080172 8.713994
v -5.742071 32.835693 8.650632
v -6.037867 33.866508 7.680361
v -6.059645 33.943474 7.182540
v -6.837248 33.762482 7.173650
v -6.837248 33.762482 7.173650
v -5.245564 33.771030 7.189700
v -5.245564 33.771030 7.189700
v -6.059645 33.943474 7.182540
v -5.889385 33.286671 8.464652
v -6.684174 33.150921 8.345882
v -5.980160 33.608959 8.134839
v -5.202847 33.473400 8.075748
v 0.035904 33.501568 8.126488
v 0.825624 33.645538 8.203495
v 1.602940 33.509972 8.144398
v 7.329935 33.540764 8.200057
v 8.119671 33.684731 8.277070
v 8.896983 33.549171 8.217965
v 14.909000 33.581390 8.294293
v -7.535517 33.549526 7.724162
v -7.926376 33.293144 7.992391
v -7.636343 33.175495 8.320737
v -7.244230 33.533676 8.049417
v -8.054415 32.766319 8.478626
v -8.407930 32.859207 8.147081
v -9.771780 31.056973 8.349740
v -9.348886 31.057365 8.671189
v -8.054415 32.766319 8.478626
v -8.054415 32.766319 8.478626
v -9.348886 31.057365 8.671189
v -7.636343 33.175495 8.320737
v -8.054415 32.766319 8.478626
v -7.636343 33.175495 8.320737
v -7.636343 33.175495 8.320737
v -7.636343 33.175495 8.320737
v -6.837248 33.762482 7.173650
v -7.056557 33.761303 7.171431
v -6.837248 33.762482 7.173650
v -7.244230 33.533676 8.049417
v -7.091522 33.704460 7.559135
v -7.056557 33.761303 7.171431
v -7.091522 33.704460 7.559135
v -7.056557 33.761303 7.171431
v -17.027002 22.805981 8.627789
v -20.116991 27.747974 8.626285
v -36.954842 15.524643 8.383838
v -11.168249 29.369148 8.725959
v -20.628321 27.800484 8.621453
v -23.583803 28.485874 8.595849
v -38.713821 26.092257 8.429407
v -22.864649 28.412188 8.602642
v -22.850027 28.951378 7.946091
v -23.563978 29.025576 7.987926
v -38.793373 26.650341 7.887100
v -36.837128 14.961211 7.685032
v -17.522100 22.153271 7.949752
v -20.092512 28.286360 7.882998
v -20.623655 28.338652 7.871627
v -38.840668 26.879108 6.810679
v -23.555120 29.270880 6.978669
v -37.544373 15.688070 7.773299
v -37.502609 15.397845 7.289441
v -39.125229 25.701195 7.817329
v -39.187897 26.106470 7.433665
v -39.218010 26.228695 6.802992
v -37.447403 15.164468 6.754583
v -22.841646 29.195993 6.985406
v -20.065374 28.532316 7.009350
v -20.616201 28.581987 7.004101
v -36.779671 14.719770 6.758630
v -17.612242 21.859734 6.994074
v -10.424437 30.203465 7.116278
v -10.797400 29.911430 8.097304
v -16.994368 22.825390 5.383914
v -36.922211 15.544060 5.139980
v -20.084360 27.767387 5.382427
v -11.135649 29.388557 5.482091
v -20.595701 27.819904 5.377608
v -38.681190 26.111662 5.185539
v -23.551184 28.505289 5.351975
v -22.832048 28.431595 5.358765
v -22.830683 28.962891 6.021900
v -23.543657 29.037672 5.966596
v -38.771698 26.663231 5.732767
v -36.818504 14.972286 5.834205
v -17.502932 22.164680 6.043993
v -20.606161 28.349060 6.133760
v -20.074953 28.296831 6.132448
v -38.840668 26.879108 6.810679
v -23.555120 29.270880 6.978669
v -38.840668 26.879108 6.810679
v -37.491859 15.404238 6.221550
v -37.523941 15.700232 5.740450
v -39.104790 25.713356 5.784475
v -39.175217 26.114025 6.171638
v -39.218010 26.228695 6.802992
v -38.840668 26.879108 6.810679
v -38.840668 26.879108 6.810679
v -39.218010 26.228695 6.802992
v -37.447403 15.164468 6.754583
v -39.218010 26.228695 6.802992
v -23.555120 29.270880 6.978669
v -23.555120 29.270880 6.978669
v -22.841646 29.195993 6.985406
v -20.616201 28.581987 7.004101
v -20.065374 28.532316 7.009350
v -20.616201 28.581987 7.004101
v -17.612242 21.859734 6.994074
v -36.779671 14.719770 6.758630
v -36.779671 14.719770 6.758630
v -36.779671 14.719770 6.758630
v -36.779671 14.719770 6.758630
v -37.447403 15.164468 6.754583
v -22.841646 29.195993 6.985406
v -20.616201 28.581987 7.004101
v -20.616201 28.581987 7.004101
v -20.065374 28.532316 7.009350
v -10.424437 30.203465 7.116278
v -10.424437 30.203465 7.116278
v -10.777559 29.923239 6.124532
v 2.587156 21.362911 6.243607
v 2.704140 21.130087 6.206828
v -2.127661 21.098587 6.194622
v -2.065716 21.337906 6.196663
v -2.843718 21.618153 6.190536
v -2.977337 21.387917 6.187804
v 2.848972 21.546116 6.247331
v 3.075830 22.225866 6.253683
v 3.380495 22.231512 6.256780
v 3.088375 21.376148 6.248724
v -3.711298 22.193396 6.185246
v -3.498955 22.335438 6.188232
v 3.077652 22.226952 6.073346
v 3.059052 25.649807 6.093640
v 4.060337 22.236233 6.083287
v 4.483841 22.427116 6.088678
v 4.721970 25.658745 6.110420
v 4.737665 22.770744 6.093291
v 3.376934 22.229391 6.610518
v 3.075830 22.225866 6.253683
v 3.077652 22.226952 6.073346
v 3.380495 22.231512 6.256780
v 3.380495 22.231512 6.256780
v 3.077652 22.226952 6.073346
v 4.060337 22.236233 6.083287
v 4.060337 22.236233 6.083287
v 4.054972 22.233034 6.617362
v 3.380495 22.231512 6.256780
v 3.376934 22.229391 6.610518
v 3.380495 22.231512 6.256780
v 4.060337 22.236233 6.083287
v 4.483841 22.427116 6.088678
v 4.478464 22.423918 6.622761
v 4.060337 22.236233 6.083287
v 4.732302 22.767548 6.627371
v 4.483841 22.427116 6.088678
v 4.716616 25.655546 6.644498
v 3.358368 25.648247 6.630791
v 3.376934 22.229391 6.610518
v 3.376934 22.229391 6.610518
v 4.054972 22.233034 6.617362
v 4.478464 22.423918 6.622761
v 4.478464 22.423918 6.622761
v 3.376934 22.229391 6.610518
v 3.077652 22.226952 6.073346
v 3.075830 22.225866 6.253683
v 3.059052 25.649807 6.093640
v 3.075830 22.225866 6.253683
v 2.848972 21.546116 6.247331
v 2.829847 21.534733 8.148257
v 3.056723 22.214497 8.154605
v 3.075830 22.225866 6.253683
v 2.848972 21.546116 6.247331
v 2.587156 21.362911 6.243607
v 2.587156 21.362911 6.243607
v 2.568031 21.351534 8.144527
v 2.587156 21.362911 6.243607
v -2.065716 21.337906 6.196663
v -2.084826 21.326527 8.097596
v 2.587156 21.362911 6.243607
v -2.843718 21.618153 6.190536
v -2.862825 21.606770 8.091450
v -2.065716 21.337906 6.196663
v -2.843718 21.618153 6.190536
v -2.843718 21.618153 6.190536
v -3.498955 22.335438 6.188232
v -3.518049 22.324062 8.089151
v -2.843718 21.618153 6.190536
v -3.498955 22.335438 6.188232
v -3.508236 24.044487 6.198368
v -3.527338 24.033102 8.099282
v -3.807219 24.360743 8.098433
v -3.788092 24.372120 6.197508
v -3.730417 22.182024 8.086164
v -3.739689 23.888227 8.096274
v -3.720587 23.899601 6.195361
v -2.996458 21.376534 8.088727
v -2.146769 21.087204 8.095537
v 2.684296 21.118277 8.180849
v 3.069275 21.364775 8.149647
v 3.364922 22.222248 7.803962
v 3.358368 25.648247 6.630791
v 3.358368 25.648247 6.630791
v 3.346350 25.641109 7.824241
v -0.351868 25.646675 7.190283
v -1.146248 24.268473 7.174052
v -1.141750 24.271133 6.728787
v -0.347403 25.649338 6.745023
v -1.105726 23.476587 7.169721
v -1.101255 23.479256 6.724457
v -0.854103 22.861816 7.168563
v -0.849628 22.864483 6.723303
v -0.320129 22.434052 7.171383
v -0.315645 22.436714 6.726111
v 0.200663 22.130428 7.174793
v 0.205145 22.133091 6.729535
v 0.200663 22.130428 7.174793
v 0.026295 21.915859 7.171755
v 0.030787 21.918524 6.726495
v 0.200663 22.130428 7.174793
v 0.026295 21.915859 7.171755
v -0.553204 22.139423 7.167267
v -0.548733 22.142097 6.722008
v 0.026295 21.915859 7.171755
v -1.116438 22.552364 7.164070
v -1.111958 22.555038 6.718822
v -1.540792 23.266632 6.718760
v -1.545279 23.263975 7.164032
v -1.903151 24.264402 7.166413
v -1.898670 24.267065 6.721146
v -2.855127 25.633221 7.165023
v -2.850653 25.635878 6.719766
v 4.496819 20.851343 6.626069
v 4.102966 20.911274 6.622477
v 4.343859 22.460388 6.634164
v 4.734272 22.381248 6.637621
v 4.461626 20.634064 6.857747
v 4.067801 20.694008 6.854157
v 4.097103 20.907774 7.206656
v 4.337982 22.456890 7.218341
v 4.321365 25.489937 6.652067
v 4.719700 25.483801 6.656040
v 4.315481 25.486441 7.236254
v 4.490931 20.847843 7.210254
v 4.450354 20.581108 7.208251
v 4.461626 20.634064 6.857747
v 4.461626 20.634064 6.857747
v 4.450354 20.581108 7.208251
v 4.056528 20.641048 7.204648
v 4.056528 20.641048 7.204648
v 4.067801 20.694008 6.854157
v 4.056528 20.641048 7.204648
v 4.728411 22.377752 7.221793
v 4.713812 25.480301 7.240216
v 5.866201 25.073893 9.169884
v 10.925146 25.101078 9.220909
v 10.922042 25.673603 9.224296
v 5.863085 25.646420 9.173273
v 6.145943 25.652575 8.394009
v 6.149048 25.080046 8.390605
v 5.874071 25.078568 8.387838
v 5.870953 25.651098 8.391243
v 10.927519 25.102489 8.984856
v 10.924406 25.675016 8.988254
v 6.143559 25.076773 8.936603
v 6.140450 25.649311 8.940001
v 10.924406 25.675016 8.988254
v 10.924406 25.675016 8.988254
v 10.927519 25.102489 8.984856
v 6.149048 25.080046 8.390605
v 6.145943 25.652575 8.394009
v 6.140450 25.649311 8.940001
v 6.140450 25.649311 8.940001
v 6.143559 25.076773 8.936603
v 6.149048 25.080046 8.390605
v 6.149048 25.080046 8.390605
v 6.143559 25.076773 8.936603
v 6.149048 25.080046 8.390605
v 10.927519 25.102489 8.984856
v 10.927519 25.102489 8.984856
v 12.669826 25.113735 8.685041
v 11.040370 25.104980 8.668604
v 11.042748 25.106392 8.432574
v 12.399121 25.113678 8.446250
v 12.666714 25.686262 8.688438
v 11.037263 25.677505 8.672001
v 11.039648 25.678915 8.435957
v 11.042748 25.106392 8.432574
v 11.042748 25.106392 8.432574
v 12.396008 25.686203 8.449645
v 11.039648 25.678915 8.435957
v 58.087700 27.076746 7.786430
v 58.093651 27.080662 7.181573
v 60.251236 27.093685 7.204745
v 60.245171 27.089788 7.808199
v 60.208199 33.893368 7.848536
v 60.228294 30.208199 7.826688
v 60.215820 33.764267 7.164574
v 60.234856 30.057438 7.250393
v 60.234657 30.217070 7.183260
v 57.568825 27.682146 7.784829
v 56.061768 27.789003 7.770320
v 56.067307 27.965288 7.127896
v 57.574860 27.685909 7.179792
v 60.246803 27.987753 7.170047
v 60.245171 27.089788 7.808199
v 58.087700 27.076746 7.786430
v 58.087700 27.076746 7.786430
v 57.649628 33.749783 7.138447
v 56.055214 30.194605 7.141122
v 56.047791 30.363186 7.785583
v 57.630188 33.743244 7.821726
v 59.736435 30.611382 7.144418
v 60.234657 30.217070 7.183260
v 56.055214 30.194605 7.141122
v 56.055214 30.194605 7.141122
v 57.439278 30.599043 7.120458
v 57.133369 31.028034 7.119400
v 56.055214 30.194605 7.141122
v 57.649628 33.749783 7.138447
v 57.649628 33.749783 7.138447
v 57.561249 31.903717 7.126439
v 60.215820 33.764267 7.164574
v 60.234657 30.217070 7.183260
v 59.728958 31.915367 7.148309
v 60.215820 33.764267 7.164574
v 57.649628 33.749783 7.138447
v 60.215820 33.764267 7.164574
v 57.649628 33.749783 7.138447
v 56.055214 30.194605 7.141122
v 56.069481 28.439232 6.659603
v 60.248962 28.461685 6.701746
v 56.067680 29.083801 6.490979
v 60.247185 29.106258 6.533128
v 56.062500 29.726316 6.667236
v 60.241959 29.748770 6.709389
v 60.234657 30.217070 7.183260
v 56.055214 30.194605 7.141122
v 60.234657 30.217070 7.183260
v 60.246056 29.064106 6.669029
v 60.247627 28.487690 6.819797
v 60.205948 35.340199 7.302282
v 60.209290 35.078003 7.112410
v 57.631485 35.061466 7.084887
v 57.628319 35.326336 7.276845
v 57.627914 35.220215 7.377802
v 60.205521 35.234070 7.403210
v 60.212105 33.960182 7.425565
v 60.213104 34.126591 7.237341
v 57.635277 34.112850 7.212220
v 57.634277 33.946526 7.400459
v 57.630585 34.978863 7.223407
v 60.208313 34.996735 7.251583
v 60.215820 33.764267 7.164574
v 57.649628 33.749783 7.138447
v 57.636833 34.368126 6.919866
v 60.214691 34.381939 6.945210
v 60.215820 33.764267 7.164574
v 57.634277 33.946526 7.400459
v 57.649628 33.749783 7.138447
v 57.630188 33.743244 7.821726
v 57.630188 33.743244 7.821726
v 57.630394 33.873688 7.822506
v 57.634277 33.946526 7.400459
v 57.635033 34.367695 7.100954
v 57.635277 34.112850 7.212220
v 57.635277 34.112850 7.212220
v 57.649628 33.749783 7.138447
v 57.649628 33.749783 7.138447
v 57.634277 33.946526 7.400459
v 57.635277 34.112850 7.212220
v 57.627914 35.220215 7.377802
v 57.630585 34.978863 7.223407
v 57.627914 35.220215 7.377802
v 57.630394 33.873688 7.822506
v 60.208199 33.893368 7.848536
v 60.208199 33.893368 7.848536
v 60.205521 35.234070 7.403210
v 60.208313 34.996735 7.251583
v 60.208313 34.996735 7.251583
v 60.215820 33.764267 7.164574
v 60.213104 34.126591 7.237341
v 60.212875 34.381519 7.126153
v 60.213104 34.126591 7.237341
v 60.213104 34.126591 7.237341
v 60.212105 33.960182 7.425565
v 60.212105 33.960182 7.425565
v 60.212875 34.381519 7.126153
v 60.211182 34.689484 7.128059
v 57.633423 34.673630 7.101389
v 57.635033 34.367695 7.100954
v 60.212875 34.381519 7.126153
v 57.634750 34.721447 6.943079
v 60.212540 34.736610 6.969506
v 57.633423 34.673630 7.101389
v 60.211182 34.689484 7.128059
v 61.072533 28.198772 7.323240
v 61.068207 28.061831 7.822284
v 60.769577 28.060234 7.819271
v 60.773865 28.197165 7.320219
v 61.057358 30.061508 7.834146
v 61.063103 29.930550 7.333507
v 60.764473 29.928947 7.330494
v 60.758713 30.059908 7.831137
v 60.775551 28.565351 6.956458
v 61.074158 28.566961 6.959461
v 60.774185 29.066048 6.825457
v 61.072792 29.067657 6.828479
v 60.770103 29.565157 6.962370
v 61.068748 29.566767 6.965400
v 62.150475 28.075356 7.833240
v 61.467880 28.071686 7.826367
v 61.472153 28.207565 7.331152
v 62.154724 28.211226 7.338036
v 61.457108 30.056009 7.838130
v 62.139702 30.059675 7.845022
v 62.145409 29.929735 7.348230
v 61.462822 29.926065 7.341341
v 61.473831 28.572884 6.970169
v 62.156410 28.576557 6.977057
v 61.472488 29.069767 6.840202
v 62.155037 29.073435 6.847079
v 61.468475 29.565081 6.976060
v 62.151024 29.568741 6.982938
v 61.108337 28.301918 7.383868
v 61.104538 28.181320 7.823366
v 61.094978 29.942459 7.833800
v 61.100052 29.827099 7.392898
v 61.109818 28.626144 7.063477
v 61.108589 29.067148 6.948109
v 61.105026 29.506710 7.068687
v 60.725349 27.908857 7.817924
v 60.730263 28.066490 7.243449
v 60.719437 30.060045 7.255283
v 60.712852 30.210798 7.831570
v 60.732262 28.490297 6.824685
v 60.730667 29.066711 6.673910
v 60.725960 29.641264 6.831500
v 61.418770 28.183006 7.826538
v 61.422539 28.303600 7.387032
v 61.414261 29.828787 7.396067
v 61.409210 29.944149 7.836975
v 61.424034 28.627831 7.066639
v 61.422836 29.068830 6.951272
v 61.419289 29.508408 7.071856
v 60.240799 27.906237 7.813035
v 60.245682 28.063887 7.238570
v 60.234856 30.057438 7.250393
v 60.228294 30.208199 7.826688
v 60.234856 30.057438 7.250393
v 60.247627 28.487690 6.819797
v 60.247627 28.487690 6.819797
v 60.247627 28.487690 6.819797
v 60.246056 29.064106 6.669029
v 60.247627 28.487690 6.819797
v 60.241364 29.638662 6.826611
v 60.246056 29.064106 6.669029
v 60.234856 30.057438 7.250393
v 62.154724 28.211226 7.338036
v 62.145409 29.929735 7.348230
v 62.139702 30.059675 7.845022
v 62.139702 30.059675 7.845022
v 62.150475 28.075356 7.833240
v 62.154724 28.211226 7.338036
v 62.155037 29.073435 6.847079
v 62.151024 29.568741 6.982938
v 62.156410 28.576557 6.977057
v 62.156410 28.576557 6.977057
v 62.151024 29.568741 6.982938
v 62.145409 29.929735 7.348230
v 62.145409 29.929735 7.348230
v 62.154724 28.211226 7.338036
v 62.156410 28.576557 6.977057
v 56.047791 30.363186 7.785583
v 56.055214 30.194605 7.141122
v 56.055321 29.881016 7.295821
v 56.049736 30.008564 7.783484
v 56.047791 30.363186 7.785583
v 56.055214 30.194605 7.141122
v 56.060837 29.526716 6.937294
v 56.055214 30.194605 7.141122
v 56.064827 29.040607 6.803952
v 56.060326 28.060980 7.771923
v 56.064476 28.194353 7.285806
v 56.066139 28.552917 6.931508
v 60.245171 27.089788 7.808199
v 60.245682 28.063887 7.238570
v 60.245682 28.063887 7.238570
v 60.240799 27.906237 7.813035
v 60.245171 27.089788 7.808199
v 60.245682 28.063887 7.238570
v 60.245682 28.063887 7.238570
v 60.241364 29.638662 6.826611
v 60.234657 30.217070 7.183260
v 60.234657 30.217070 7.183260
v 60.234856 30.057438 7.250393
v 60.241364 29.638662 6.826611
v 60.241364 29.638662 6.826611
v 60.212875 34.381519 7.126153
v 57.635033 34.367695 7.100954
v 60.212875 34.381519 7.126153
v 57.630585 34.978863 7.223407
v 57.633423 34.673630 7.101389
v 57.630585 34.978863 7.223407
v 60.208313 34.996735 7.251583
v 60.211182 34.689484 7.128059
v 60.211182 34.689484 7.128059
v 23.014153 33.917686 5.517185
v 23.004122 34.166252 5.518569
v 22.993719 34.172989 5.407311
v 23.004265 33.911385 5.405851
v 23.214365 34.299229 5.521486
v 23.214954 34.312901 5.410369
v 23.434650 34.183617 5.523006
v 23.446785 34.191238 5.411978
v 23.444687 33.935036 5.521619
v 23.457327 33.929668 5.410520
v 23.234440 33.802074 5.518711
v 23.236076 33.789722 5.407451
v 22.903954 33.715092 5.593300
v 23.568407 33.716286 5.598859
v 23.558838 35.466782 5.609246
v 22.894396 35.465595 5.603665
v 23.555622 36.050056 5.612723
v 22.891161 36.048859 5.607120
v 23.640177 35.470837 4.954447
v 23.637001 36.054100 4.957909
v 23.625608 36.050758 5.509497
v 23.623972 35.467388 5.519864
v 22.822304 36.052620 4.956150
v 22.825470 35.469357 4.952688
v 22.830488 35.466015 5.518766
v 22.822685 36.049355 5.508128
v 22.851879 33.715450 5.531499
v 23.621315 33.716686 5.532282
v 22.968565 33.716053 5.490852
v 22.955891 36.049816 5.504694
v 23.492409 36.050335 5.504868
v 23.505089 33.716576 5.491026
v 23.559736 36.053680 4.957132
v 23.562910 35.470421 4.953668
v 23.558319 35.467686 5.410390
v 23.555143 36.050941 5.413853
v 22.894991 36.050297 5.413648
v 22.898163 35.467026 5.410186
v 22.902752 35.469772 4.953462
v 22.899582 36.053028 4.956925
v 22.907673 33.716534 5.399808
v 23.567833 33.717171 5.400003
v 22.955891 36.049816 5.504694
v 23.492409 36.050335 5.504868
v 22.955891 36.049816 5.504694
v 23.559736 36.053680 4.957132
v 23.555143 36.050941 5.413853
v 23.555143 36.050941 5.413853
v 23.559736 36.053680 4.957132
v 23.562910 35.470421 4.953668
v 23.559736 36.053680 4.957132
v 23.562910 35.470421 4.953668
v 23.558319 35.467686 5.410390
v 23.562910 35.470421 4.953668
v 22.898163 35.467026 5.410186
v 22.902752 35.469772 4.953462
v 22.898163 35.467026 5.410186
v 22.902752 35.469772 4.953462
v 22.899582 36.053028 4.956925
v 22.902752 35.469772 4.953462
v 22.899582 36.053028 4.956925
v 22.894991 36.050297 5.413648
v 22.899582 36.053028 4.956925
v 22.898163 35.467026 5.410186
v 22.898163 35.467026 5.410186
v 22.907673 33.716534 5.399808
v 23.555143 36.050941 5.413853
v 23.492409 36.050335 5.504868
v 23.555143 36.050941 5.413853
v 22.955891 36.049816 5.504694
v 22.894991 36.050297 5.413648
v 22.894991 36.050297 5.413648
v 23.558319 35.467686 5.410390
v 23.567833 33.717171 5.400003
v 23.558319 35.467686 5.410390
v 23.567833 33.717171 5.400003
v 23.505089 33.716576 5.491026
v 22.907673 33.716534 5.399808
v 22.968565 33.716053 5.490852
v 22.968565 33.716053 5.490852
v 22.968565 33.716053 5.490852
v 22.968565 33.716053 5.490852
v 23.505089 33.716576 5.491026
v 23.505089 33.716576 5.491026
v 43.217758 33.760143 8.079247
v 43.033722 33.835220 8.077855
v 42.850494 33.758163 8.075547
v 43.295647 33.431110 8.078063
v 42.776211 33.428326 8.072824
v 43.217758 33.760143 8.079247
v 43.295647 33.431110 8.078063
v 43.303749 33.435932 7.273484
v 43.225868 33.764957 7.274667
v 43.217758 33.760143 8.079247
v 43.217758 33.760143 8.079247
v 43.041813 33.840034 7.273264
v 43.217758 33.760143 8.079247
v 42.858574 33.762978 7.270961
v 42.784286 33.433144 7.268241
v 42.776211 33.428326 8.072824
v 42.776211 33.428326 8.072824
v 43.225868 33.764957 7.274667
v 43.303749 33.435932 7.273484
v 42.784286 33.433144 7.268241
v 43.225868 33.764957 7.274667
v 43.303749 33.435932 7.273484
v 35.105049 27.948366 7.560549
v 56.060326 28.060980 7.771923
v 56.054710 28.188522 8.259580
v 35.099438 28.075914 8.048202
v 56.049187 28.542830 8.618119
v 35.093933 28.430212 8.406741
v 56.045223 29.028950 8.751463
v 35.089970 28.916336 8.540094
v 56.043884 29.516621 8.623888
v 35.088638 29.404011 8.412516
v 35.090294 29.762575 8.058205
v 56.045547 29.875189 8.269575
v 56.049736 30.008564 7.783484
v 56.049736 30.008564 7.783484
v 35.094463 29.895964 7.572103
v 58.087700 27.076746 7.786430
v 60.245171 27.089788 7.808199
v 60.239105 27.086464 8.411649
v 58.081482 27.073414 8.391266
v 58.087700 27.076746 7.786430
v 60.202072 33.756096 8.530926
v 60.223267 30.050552 8.401141
v 60.221725 30.209373 8.470160
v 57.562675 27.678675 8.389867
v 56.054356 27.957586 8.414767
v 56.061768 27.789003 7.770320
v 56.061768 27.789003 7.770320
v 57.568825 27.682146 7.784829
v 60.233841 27.980042 8.456941
v 60.245171 27.089788 7.808199
v 57.568825 27.682146 7.784829
v 58.087700 27.076746 7.786430
v 58.087700 27.076746 7.786430
v 57.635910 33.741615 8.505273
v 56.042244 30.186903 8.427984
v 59.722771 30.603245 8.503691
v 57.425545 30.590897 8.481313
v 57.119675 31.019894 8.481379
v 57.547508 31.895540 8.493412
v 59.715195 31.907185 8.515268
v 60.226540 28.448353 8.930834
v 56.047073 28.425884 8.888659
v 60.221306 29.090853 9.107088
v 56.041828 29.068394 9.064904
v 60.219536 29.735426 8.938459
v 56.040051 29.712980 8.896291
v 60.227600 28.475763 8.813095
v 60.222900 29.050331 8.970709
v 60.194344 35.069107 8.598662
v 60.194794 35.333546 8.411937
v 57.617210 35.319702 8.385340
v 57.616531 35.052563 8.574142
v 57.618813 35.214798 8.283149
v 60.196381 35.228653 8.309749
v 57.622963 34.105530 8.435577
v 60.200798 34.119267 8.462458
v 60.203606 33.955109 8.272272
v 57.625755 33.941471 8.245376
v 60.196152 34.989517 8.458533
v 57.618408 34.971611 8.434667
v 60.196480 34.371101 8.757592
v 57.618629 34.357277 8.730930
v 57.625755 33.941471 8.245376
v 57.625755 33.941471 8.245376
v 57.630394 33.873688 7.822506
v 57.620422 34.359024 8.549853
v 57.622963 34.105530 8.435577
v 57.622963 34.105530 8.435577
v 57.622963 34.105530 8.435577
v 57.625755 33.941471 8.245376
v 57.618813 35.214798 8.283149
v 57.618408 34.971611 8.434667
v 57.618813 35.214798 8.283149
v 60.208199 33.893368 7.848536
v 60.208199 33.893368 7.848536
v 57.630394 33.873688 7.822506
v 60.196152 34.989517 8.458533
v 60.196381 35.228653 8.309749
v 60.196152 34.989517 8.458533
v 60.200798 34.119267 8.462458
v 60.200798 34.119267 8.462458
v 60.198288 34.372833 8.576663
v 60.200798 34.119267 8.462458
v 60.203606 33.955109 8.272272
v 60.203606 33.955109 8.272272
v 60.198288 34.372833 8.576663
v 57.620422 34.359024 8.549853
v 57.618820 34.664948 8.553056
v 60.196625 34.680805 8.578402
v 60.198288 34.372833 8.576663
v 60.194748 34.726036 8.737501
v 57.616943 34.710850 8.711908
v 57.618820 34.664948 8.553056
v 57.618820 34.664948 8.553056
v 60.196625 34.680805 8.578402
v 61.068207 28.061831 7.822284
v 61.062492 28.192785 8.322925
v 60.763824 28.191177 8.319911
v 60.769577 28.060234 7.819271
v 61.068207 28.061831 7.822284
v 61.057358 30.061508 7.834146
v 60.758713 30.059908 7.831137
v 60.754402 29.922960 8.330174
v 61.053078 29.924562 8.333195
v 61.057358 30.061508 7.834146
v 61.056747 28.556595 8.691019
v 60.758141 28.554981 8.688024
v 60.754082 29.054081 8.824939
v 61.052696 29.055687 8.827941
v 60.752708 29.554800 8.693939
v 61.051308 29.556400 8.696948
v 61.462189 28.201628 8.323157
v 61.467880 28.071686 7.826367
v 62.150475 28.075356 7.833240
v 62.150475 28.075356 7.833240
v 62.144760 28.205290 8.330038
v 62.139702 30.059675 7.845022
v 61.457108 30.056009 7.838130
v 61.452843 29.920124 8.333341
v 62.135429 29.923803 8.340226
v 62.139702 30.059675 7.845022
v 62.139130 28.566271 8.695317
v 61.456551 28.562599 8.688440
v 62.135101 29.061562 8.831170
v 61.452515 29.057901 8.824304
v 61.451172 29.554796 8.694324
v 62.133728 29.558458 8.701213
v 61.099464 28.296648 8.264261
v 61.068207 28.061831 7.822284
v 61.068207 28.061831 7.822284
v 61.104538 28.181320 7.823366
v 61.091209 29.821829 8.273319
v 61.094978 29.942459 7.833800
v 61.057358 30.061508 7.834146
v 61.057358 30.061508 7.834146
v 61.094467 28.617020 8.588482
v 61.090897 29.056612 8.709067
v 61.089706 29.497593 8.593709
v 60.725349 27.908857 7.817924
v 60.769577 28.060234 7.819271
v 60.718712 28.059601 8.394217
v 60.725349 27.908857 7.817924
v 60.712852 30.210798 7.831570
v 60.707863 30.053154 8.406036
v 60.758713 30.059908 7.831137
v 60.712852 30.210798 7.831570
v 60.712212 28.478361 8.817988
v 60.707512 29.052931 8.975583
v 60.705971 29.629335 8.824818
v 61.413704 28.298336 8.267437
v 61.418770 28.183006 7.826538
v 61.467880 28.071686 7.826367
v 61.467880 28.071686 7.826367
v 61.409210 29.944149 7.836975
v 61.405411 29.823515 8.276486
v 61.457108 30.056009 7.838130
v 61.409210 29.944149 7.836975
v 61.408707 28.618706 8.591656
v 61.405136 29.058298 8.712242
v 61.403915 29.499279 8.596886
v 60.234070 28.056999 8.389319
v 60.240799 27.906237 7.813035
v 60.240799 27.906237 7.813035
v 60.725349 27.908857 7.817924
v 60.228294 30.208199 7.826688
v 60.223267 30.050552 8.401141
v 60.712852 30.210798 7.831570
v 60.228294 30.208199 7.826688
v 60.227600 28.475763 8.813095
v 60.227600 28.475763 8.813095
v 60.222900 29.050331 8.970709
v 60.227600 28.475763 8.813095
v 60.222900 29.050331 8.970709
v 60.221359 29.626732 8.819930
v 60.222900 29.050331 8.970709
v 60.222900 29.050331 8.970709
v 60.223267 30.050552 8.401141
v 60.223267 30.050552 8.401141
v 61.104538 28.181320 7.823366
v 61.104538 28.181320 7.823366
v 61.418770 28.183006 7.826538
v 61.409210 29.944149 7.836975
v 61.094978 29.942459 7.833800
v 61.409210 29.944149 7.836975
v 62.144760 28.205290 8.330038
v 62.150475 28.075356 7.833240
v 62.139702 30.059675 7.845022
v 62.139702 30.059675 7.845022
v 62.135429 29.923803 8.340226
v 62.144760 28.205290 8.330038
v 62.135101 29.061562 8.831170
v 62.139130 28.566271 8.695317
v 62.133728 29.558458 8.701213
v 62.133728 29.558458 8.701213
v 62.139130 28.566271 8.695317
v 62.144760 28.205290 8.330038
v 62.144760 28.205290 8.330038
v 62.135429 29.923803 8.340226
v 62.133728 29.558458 8.701213
v 58.460548 27.200151 7.790912
v 58.457954 27.310886 7.986791
v 38.504932 27.203665 7.785527
v 38.507511 27.092922 7.589637
v 38.503414 27.487352 7.787216
v 58.456383 27.594572 7.988475
v 58.457779 27.707630 7.793927
v 38.504765 27.600418 7.592641
v 56.049736 30.008564 7.783484
v 56.045547 29.875189 8.269575
v 56.045547 29.875189 8.269575
v 56.045547 29.875189 8.269575
v 56.043884 29.516621 8.623888
v 56.045547 29.875189 8.269575
v 56.043884 29.516621 8.623888
v 56.045223 29.028950 8.751463
v 56.045223 29.028950 8.751463
v 56.060326 28.060980 7.771923
v 56.061768 27.789003 7.770320
v 56.054710 28.188522 8.259580
v 56.060326 28.060980 7.771923
v 56.045223 29.028950 8.751463
v 56.049187 28.542830 8.618119
v 56.045223 29.028950 8.751463
v 56.049187 28.542830 8.618119
v 56.049187 28.542830 8.618119
v 56.054710 28.188522 8.259580
v 60.245171 27.089788 7.808199
v 60.240799 27.906237 7.813035
v 60.240799 27.906237 7.813035
v 60.234070 28.056999 8.389319
v 60.234070 28.056999 8.389319
v 60.234070 28.056999 8.389319
v 60.221359 29.626732 8.819930
v 60.221359 29.626732 8.819930
v 60.221359 29.626732 8.819930
v 36.533161 29.603428 8.101099
v 36.530060 30.172377 8.104471
v 35.457249 30.166618 8.093660
v 35.460335 29.597656 8.090269
v 45.792778 27.742386 8.179338
v 45.792145 28.048466 8.181385
v 44.569916 28.043125 8.169001
v 44.572506 27.736231 8.167009
v 45.792145 28.048466 8.181385
v 45.803070 27.748526 7.154365
v 45.802444 28.054607 7.155968
v 45.792145 28.048466 8.181385
v 44.582825 27.742369 7.142066
v 44.569916 28.043125 8.169001
v 44.569916 28.043125 8.169001
v 44.580219 28.049259 7.143695
v 47.271980 28.057650 8.196274
v 47.274590 27.750757 8.194278
v 48.494835 27.757315 8.206609
v 48.494202 28.062990 8.208646
v 48.504520 28.069120 7.183227
v 48.505142 27.763449 7.181623
v 47.284874 27.756889 7.169325
v 47.274590 27.750757 8.194278
v 47.282288 28.063786 7.170970
v 47.284874 27.756889 7.169325
v 47.408318 27.026140 8.055151
v 48.352432 27.031202 8.064658
v 48.348270 27.797304 8.069214
v 47.404152 27.792225 8.059685
v 47.411736 27.796736 7.306982
v 47.415878 27.030643 7.302441
v 48.360001 27.035717 7.311972
v 48.355824 27.801805 7.316499
v 47.408318 27.026140 8.055151
v 47.415878 27.030643 7.302441
v 47.408318 27.026140 8.055151
v 57.620422 34.359024 8.549853
v 60.198288 34.372833 8.576663
v 57.620422 34.359024 8.549853
v 57.618408 34.971611 8.434667
v 57.618820 34.664948 8.553056
v 57.618408 34.971611 8.434667
v 60.196152 34.989517 8.458533
v 60.196625 34.680805 8.578402
v 60.196152 34.989517 8.458533
v 35.109230 28.081739 7.074442
v 56.064476 28.194353 7.285806
v 56.064476 28.194353 7.285806
v 56.060326 28.060980 7.771923
v 35.110886 28.440304 6.720140
v 56.066139 28.552917 6.931508
v 56.064476 28.194353 7.285806
v 56.064476 28.194353 7.285806
v 35.109547 28.927992 6.592566
v 56.064827 29.040607 6.803952
v 56.066139 28.552917 6.931508
v 56.066139 28.552917 6.931508
v 35.105591 29.414106 6.725925
v 56.060837 29.526716 6.937294
v 56.064827 29.040607 6.803952
v 56.064827 29.040607 6.803952
v 35.100075 29.768408 7.084440
v 56.055321 29.881016 7.295821
v 56.055321 29.881016 7.295821
v 56.060837 29.526716 6.937294
v 56.049736 30.008564 7.783484
v 56.049736 30.008564 7.783484
v 56.055321 29.881016 7.295821
v 58.461868 27.313223 7.596357
v 38.508873 27.205997 7.395090
v 38.507332 27.489689 7.396767
v 58.460327 27.596909 7.598035
v 35.467632 30.172796 7.061220
v 36.540443 30.178556 7.072052
v 36.543533 29.609610 7.068675
v 35.470688 29.603830 7.057847
v 57.547508 31.895540 8.493412
v 57.561249 31.903717 7.126439
v 59.728958 31.915367 7.148309
v 59.728958 31.915367 7.148309
v 59.715195 31.907185 8.515268
v 57.547508 31.895540 8.493412
v 59.728958 31.915367 7.148309
v 59.736435 30.611382 7.144418
v 59.722771 30.603245 8.503691
v 59.722771 30.603245 8.503691
v 59.715195 31.907185 8.515268
v 59.728958 31.915367 7.148309
v 59.736435 30.611382 7.144418
v 57.439278 30.599043 7.120458
v 57.425545 30.590897 8.481313
v 57.425545 30.590897 8.481313
v 59.722771 30.603245 8.503691
v 59.736435 30.611382 7.144418
v 57.133369 31.028034 7.119400
v 57.119675 31.019894 8.481379
v 57.425545 30.590897 8.481313
v 57.425545 30.590897 8.481313
v 57.439278 30.599043 7.120458
v 57.133369 31.028034 7.119400
v 57.133369 31.028034 7.119400
v 57.561249 31.903717 7.126439
v 57.547508 31.895540 8.493412
v 57.547508 31.895540 8.493412
v 57.119675 31.019894 8.481379
v 57.133369 31.028034 7.119400
v 44.580219 28.049259 7.143695
v 45.802444 28.054607 7.155968
v 45.802444 28.054607 7.155968
v 47.282288 28.063786 7.170970
v 48.504520 28.069120 7.183227
v 47.282288 28.063786 7.170970
v 47.415878 27.030643 7.302441
v 47.411736 27.796736 7.306982
v 47.411736 27.796736 7.306982
v 3.361380 22.220135 8.157712
v 3.054907 22.213413 8.334936
v 4.037601 22.222696 8.344872
v 3.036306 25.636274 8.355242
v 4.461105 22.413582 8.350280
v 4.714933 22.757210 8.354881
v 4.699244 25.645212 8.372012
v 3.056723 22.214497 8.154605
v 3.361380 22.220135 8.157712
v 3.054907 22.213413 8.334936
v 3.361380 22.220135 8.157712
v 4.037601 22.222696 8.344872
v 3.054907 22.213413 8.334936
v 4.037601 22.222696 8.344872
v 3.361380 22.220135 8.157712
v 4.042961 22.225891 7.810788
v 3.361380 22.220135 8.157712
v 3.364922 22.222248 7.803962
v 4.461105 22.413582 8.350280
v 4.037601 22.222696 8.344872
v 4.466459 22.416775 7.816199
v 4.461105 22.413582 8.350280
v 4.720285 22.760406 7.820800
v 4.461105 22.413582 8.350280
v 4.461105 22.413582 8.350280
v 4.704603 25.648405 7.837937
v 3.364922 22.222248 7.803962
v 3.364922 22.222248 7.803962
v 3.346350 25.641109 7.824241
v 3.364922 22.222248 7.803962
v 4.466459 22.416775 7.816199
v 4.466459 22.416775 7.816199
v 4.042961 22.225891 7.810788
v 3.364922 22.222248 7.803962
v -0.351868 25.646675 7.190283
v -0.356350 25.644007 7.635545
v -1.150715 24.265804 7.619315
v -1.146248 24.268473 7.174052
v -0.351868 25.646675 7.190283
v -1.110205 23.473923 7.614985
v -1.105726 23.476587 7.169721
v -1.146248 24.268473 7.174052
v -1.146248 24.268473 7.174052
v -0.858562 22.859150 7.613825
v -0.854103 22.861816 7.168563
v -1.105726 23.476587 7.169721
v -1.105726 23.476587 7.169721
v -0.320129 22.434052 7.171383
v -0.854103 22.861816 7.168563
v -0.324604 22.431391 7.616643
v -0.320129 22.434052 7.171383
v -0.320129 22.434052 7.171383
v 0.196184 22.127762 7.620060
v 0.200663 22.130428 7.174793
v -0.320129 22.434052 7.171383
v 0.021830 21.913197 7.617023
v 0.026295 21.915859 7.171755
v 0.026295 21.915859 7.171755
v 0.200663 22.130428 7.174793
v -0.557678 22.136763 7.612542
v -0.553204 22.139423 7.167267
v -0.553204 22.139423 7.167267
v 0.026295 21.915859 7.171755
v -1.116438 22.552364 7.164070
v -0.553204 22.139423 7.167267
v -1.120911 22.549702 7.609340
v -1.116438 22.552364 7.164070
v -1.549751 23.261314 7.609287
v -1.545279 23.263975 7.164032
v -1.116438 22.552364 7.164070
v -1.116438 22.552364 7.164070
v -1.903151 24.264402 7.166413
v -1.545279 23.263975 7.164032
v -1.907623 24.261738 7.611675
v -1.903151 24.264402 7.166413
v -2.859610 25.630556 7.610301
v -2.855127 25.633221 7.165023
v -1.903151 24.264402 7.166413
v -1.903151 24.264402 7.166413
v 4.485052 20.844345 7.794433
v 4.722525 22.374250 7.805982
v 4.332109 22.453394 7.802520
v 4.091230 20.904278 7.790836
v 4.060743 20.689804 7.555900
v 4.454563 20.629868 7.559513
v 4.337982 22.456890 7.218341
v 4.097103 20.907774 7.206656
v 4.097103 20.907774 7.206656
v 4.707933 25.476807 7.824403
v 4.309618 25.482946 7.820431
v 4.315481 25.486441 7.236254
v 4.337982 22.456890 7.218341
v 4.315481 25.486441 7.236254
v 4.490931 20.847843 7.210254
v 4.454563 20.629868 7.559513
v 4.454563 20.629868 7.559513
v 4.450354 20.581108 7.208251
v 4.490931 20.847843 7.210254
v 4.056528 20.641048 7.204648
v 4.056528 20.641048 7.204648
v 4.450354 20.581108 7.208251
v 3.056723 22.214497 8.154605
v 59.163506 33.800117 8.066443
v 59.168121 33.802856 7.608565
v 59.166443 34.113461 7.610401
v 59.161835 34.110722 8.068278
v 58.708557 34.110992 7.605781
v 58.703964 34.108257 8.063663
v 58.710266 33.800400 7.603960
v 58.705658 33.797661 8.061823
v 58.705658 33.797661 8.061823
v 58.705658 33.797661 8.061823
v 59.163506 33.800117 8.066443
v 59.168121 33.802856 7.608565
v 59.168121 33.802856 7.608565
v 58.710266 33.800400 7.603960
v 59.024536 34.887146 7.749949
v 59.022675 34.886024 7.935184
v 59.027657 33.970425 7.929766
v 59.029510 33.971539 7.744521
v 58.839333 34.886143 7.748087
v 58.837418 34.885036 7.933321
v 58.837418 34.885036 7.933321
v 58.839333 34.886143 7.748087
v 58.844254 33.970547 7.742650
v 58.842422 33.969421 7.927896
v 58.837418 34.885036 7.933321
v 58.837418 34.885036 7.933321
v 58.844254 33.970547 7.742650
v 58.844254 33.970547 7.742650
v 58.839333 34.886143 7.748087
v 12.418753 25.699738 6.188046
v 12.421863 25.127209 6.184654
v 12.399121 25.113678 8.446250
v 12.399121 25.113678 8.446250
v 12.396008 25.686203 8.449645
v 10.960643 25.696587 5.383824
v 10.963755 25.124060 5.380431
v 5.904823 25.096870 5.329398
v 5.901711 25.669397 5.332794
v 6.171932 25.093670 6.114208
v 6.168821 25.666195 6.117605
v 5.893845 25.664722 6.114828
v 5.896965 25.092186 6.111433
v 10.961390 25.122644 5.616465
v 10.958276 25.695168 5.619863
v 10.958276 25.695168 5.619863
v 6.174318 25.669464 5.571608
v 6.177427 25.096939 5.568211
v 10.961390 25.122644 5.616465
v 10.958276 25.695168 5.619863
v 6.177427 25.096939 5.568211
v 6.174318 25.669464 5.571608
v 6.168821 25.666195 6.117605
v 6.168821 25.666195 6.117605
v 6.171932 25.093670 6.114208
v 6.177427 25.096939 5.568211
v 6.171932 25.093670 6.114208
v 6.177427 25.096939 5.568211
v 6.171932 25.093670 6.114208
v 10.961390 25.122644 5.616465
v 10.961390 25.122644 5.616465
v 11.065494 25.119928 6.170980
v 11.067860 25.121338 5.934945
v 12.697310 25.130096 5.951374
v 12.421863 25.127209 6.184654
v 12.399121 25.113678 8.446250
v 11.064755 25.693857 5.938326
v 12.694201 25.702618 5.954775
v 11.062379 25.692450 6.174376
v 11.065494 25.119928 6.170980
v 12.421863 25.127209 6.184654
v 12.418753 25.699738 6.188046
v 11.062379 25.692450 6.174376
v 11.062379 25.692450 6.174376
v 12.421863 25.127209 6.184654
v 36.533161 29.603428 8.101099
v 36.543533 29.609610 7.068675
v 36.543533 29.609610 7.068675
v 4.097103 20.907774 7.206656
v 4.056528 20.641048 7.204648
v 4.060743 20.689804 7.555900
v 4.060743 20.689804 7.555900
v 4.097103 20.907774 7.206656
v 4.490931 20.847843 7.210254
v 4.728411 22.377752 7.221793
v 4.728411 22.377752 7.221793
v 4.728411 22.377752 7.221793
v 4.713812 25.480301 7.240216
v 4.713812 25.480301 7.240216
v 3.075830 22.225866 6.253683
v 3.056723 22.214497 8.154605
v 3.059052 25.649807 6.093640
v 3.075830 22.225866 6.253683
v 46.058228 31.852993 8.474511
v 44.550652 31.844894 8.459301
v 44.504513 29.729057 8.446157
v 48.573593 30.473171 8.491540
v 48.589294 30.482512 6.930853
v 46.073910 31.862335 6.913806
v 48.577530 29.750954 8.487263
v 48.595428 27.902681 7.695927
v 48.589134 28.045704 8.242767
v 44.516151 28.023819 8.201684
v 44.522438 27.880795 7.654837
v 44.509964 28.421116 8.603718
v 48.582962 28.443007 8.644823
v 48.578518 28.988127 8.794344
v 44.505531 28.966236 8.753259
v 48.577007 29.534981 8.651288
v 44.504021 29.513090 8.610196
v 48.577530 29.750954 8.487263
v 44.504513 29.729057 8.446157
v 48.577530 29.750954 8.487263
v 44.503590 31.356001 7.675455
v 44.522438 27.880795 7.654837
v 44.522438 27.880795 7.654837
v 44.516151 28.023819 8.201684
v 44.516151 28.023819 8.201684
v 44.509964 28.421116 8.603718
v 44.509964 28.421116 8.603718
v 44.504021 29.513090 8.610196
v 44.504021 29.513090 8.610196
v 44.509964 28.421116 8.603718
v 44.505531 28.966236 8.753259
v 44.496861 31.612326 8.196547
v 48.595428 27.902681 7.695927
v 48.577530 29.750954 8.487263
v 48.589134 28.045704 8.242767
v 48.589134 28.045704 8.242767
v 48.577530 29.750954 8.487263
v 48.582962 28.443007 8.644823
v 48.577530 29.750954 8.487263
v 48.577007 29.534981 8.651288
v 48.582962 28.443007 8.644823
v 48.582962 28.443007 8.644823
v 48.577007 29.534981 8.651288
v 48.578518 28.988127 8.794344
v 46.058228 31.852993 8.474511
v 45.181351 33.354897 8.408007
v 45.283112 32.157394 8.815026
v 44.893124 32.504414 8.912548
v 44.820644 32.877609 8.814587
v 36.834393 33.309055 8.267922
v 45.076866 33.588860 7.694576
v 36.839813 33.534515 7.611433
v 36.834393 33.309055 8.267922
v 36.834393 33.309055 8.267922
v 36.834393 33.309055 8.267922
v 36.833027 32.824223 8.663090
v 36.836948 32.112473 8.654101
v 36.833027 32.824223 8.663090
v 36.833027 32.824223 8.663090
v 36.836948 32.112473 8.654101
v 36.844070 31.570526 8.234982
v 36.851883 31.314878 7.598275
v 44.503590 31.356001 7.675455
v 44.503590 31.356001 7.675455
v 44.496861 31.612326 8.196547
v 36.844070 31.570526 8.234982
v 46.058228 31.852993 8.474511
v 44.550652 31.844894 8.459301
v 46.058228 31.852993 8.474511
v 45.076866 33.588860 7.694576
v 44.496861 31.612326 8.196547
v 44.550652 31.844894 8.459301
v 36.844070 31.570526 8.234982
v 44.550652 31.844894 8.459301
v 36.836948 32.112473 8.654101
v 36.836948 32.112473 8.654101
v 36.844070 31.570526 8.234982
v 44.550652 31.844894 8.459301
v 48.577530 29.750954 8.487263
v 48.585350 29.755627 7.706921
v 48.593204 29.760290 6.926567
v 48.595428 27.902681 7.695927
v 48.577530 29.750954 8.487263
v 46.073910 31.862335 6.913806
v 44.520203 29.738401 6.885475
v 44.566345 31.854225 6.898602
v 48.589294 30.482512 6.930853
v 48.593204 29.760290 6.926567
v 46.073910 31.862335 6.913806
v 48.589294 30.482512 6.930853
v 48.595428 27.902681 7.695927
v 44.522438 27.880795 7.654837
v 44.527130 28.030352 7.109733
v 48.600151 28.052240 7.150815
v 48.595428 27.902681 7.695927
v 44.528973 28.432428 6.712422
v 48.601959 28.454323 6.753509
v 44.527481 28.979298 6.569367
v 48.600464 29.001186 6.610460
v 44.523037 29.524410 6.718904
v 48.596046 29.546297 6.759988
v 48.593204 29.760290 6.926567
v 44.520203 29.738401 6.885475
v 48.593204 29.760290 6.926567
v 44.503590 31.356001 7.675455
v 44.522438 27.880795 7.654837
v 44.522438 27.880795 7.654837
v 44.527130 28.030352 7.109733
v 44.527130 28.030352 7.109733
v 44.528973 28.432428 6.712422
v 44.523037 29.524410 6.718904
v 44.528973 28.432428 6.712422
v 44.523037 29.524410 6.718904
v 44.527481 28.979298 6.569367
v 44.528973 28.432428 6.712422
v 44.507332 31.618542 7.157419
v 44.503590 31.356001 7.675455
v 48.595428 27.902681 7.695927
v 48.600151 28.052240 7.150815
v 48.593204 29.760290 6.926567
v 48.600151 28.052240 7.150815
v 48.601959 28.454323 6.753509
v 48.593204 29.760290 6.926567
v 48.593204 29.760290 6.926567
v 48.601959 28.454323 6.753509
v 48.596046 29.546297 6.759988
v 48.601959 28.454323 6.753509
v 48.600464 29.001186 6.610460
v 48.596046 29.546297 6.759988
v 46.073910 31.862335 6.913806
v 45.305801 32.170887 6.561429
v 45.195717 33.363441 6.980638
v 44.917751 32.519096 6.460259
v 44.843300 32.891094 6.561194
v 36.847641 33.316933 6.952308
v 36.839813 33.534515 7.611433
v 36.839813 33.534515 7.611433
v 45.076866 33.588860 7.694576
v 36.854271 32.836868 6.551412
v 36.854271 32.836868 6.551412
v 36.847641 33.316933 6.952308
v 36.858067 32.125053 6.551966
v 36.858067 32.125053 6.551966
v 36.854271 32.836868 6.551412
v 36.854271 32.836868 6.551412
v 44.503590 31.356001 7.675455
v 36.851883 31.314878 7.598275
v 36.856857 31.578125 6.964617
v 36.856857 31.578125 6.964617
v 44.507332 31.618542 7.157419
v 44.503590 31.356001 7.675455
v 46.073910 31.862335 6.913806
v 44.566345 31.854225 6.898602
v 46.073910 31.862335 6.913806
v 45.195717 33.363441 6.980638
v 45.076866 33.588860 7.694576
v 44.507332 31.618542 7.157419
v 36.856857 31.578125 6.964617
v 44.566345 31.854225 6.898602
v 36.856857 31.578125 6.964617
v 36.858067 32.125053 6.551966
v 44.566345 31.854225 6.898602
v 36.856857 31.578125 6.964617
v 45.076866 33.588860 7.694576
v 46.058228 31.852993 8.474511
v 46.073910 31.862335 6.913806
v 48.595428 27.902681 7.695927
v 48.593204 29.760290 6.926567
v 48.585350 29.755627 7.706921
v 23.848732 33.200626 5.605179
v 23.840412 34.743355 5.607370
v 23.842617 33.774624 5.905079
v 23.837870 34.197998 6.150549
v 22.011669 33.190941 5.567482
v 22.008820 33.188606 5.891876
v 22.007481 33.412552 5.884467
v 22.010340 33.414444 5.567647
v 22.687063 34.737194 5.589293
v 22.531607 34.190987 6.137380
v 22.681543 34.733913 6.137908
v 23.848732 33.200626 5.605179
v 22.407629 33.768772 5.577856
v 23.840412 34.743355 5.607370
v 23.848732 33.200626 5.605179
v 22.687063 34.737194 5.589293
v 22.681543 34.733913 6.137908
v 22.654631 34.717903 8.814241
v 23.802605 34.720860 9.368055
v 22.681543 34.733913 6.137908
v 23.848732 33.200626 5.605179
v 23.845743 33.198700 5.901663
v 22.008820 33.188606 5.891876
v 22.008820 33.188606 5.891876
v 23.848732 33.200626 5.605179
v 22.403669 33.766884 5.890562
v 22.407629 33.768772 5.577856
v 23.848732 33.200626 5.605179
v 23.848732 33.200626 5.605179
v 22.403669 33.766884 5.890562
v 21.684637 34.873623 6.144270
v 21.283726 34.871471 6.140232
v 21.483570 34.987114 6.142925
v 23.845743 33.198700 5.901663
v 22.008820 33.188606 5.891876
v 23.845743 33.198700 5.901663
v 23.845743 33.198700 5.901663
v 23.842617 33.774624 5.905079
v 22.531607 34.190987 6.137380
v 23.824451 34.190014 7.484497
v 16.880007 34.152691 7.414454
v 16.893314 34.160606 6.091818
v 22.531607 34.190987 6.137380
v 21.744678 34.728786 6.144006
v 21.225260 34.725990 6.138762
v 22.681543 34.733913 6.137908
v 21.737219 34.724350 6.886019
v 21.725552 34.717396 8.047235
v 22.681543 34.733913 6.137908
v 21.744678 34.728786 6.144006
v 22.531607 34.190987 6.137380
v 22.681543 34.733913 6.137908
v 22.531607 34.190987 6.137380
v 22.531607 34.190987 6.137380
v 17.114887 34.703907 6.097304
v 21.225260 34.725990 6.138762
v 17.114887 34.703907 6.097304
v 17.107424 34.699467 6.839314
v 21.217796 34.721550 6.880776
v 21.225260 34.725990 6.138762
v 21.737219 34.724350 6.886019
v 21.738205 34.545456 6.884943
v 16.336666 35.461983 6.836130
v 16.351561 35.470856 5.354308
v 15.626423 35.171181 5.345220
v 15.611523 35.162319 6.827053
v 16.879955 35.240341 6.840262
v 16.894852 35.249218 5.358451
v 17.107424 34.699467 6.839314
v 17.107424 34.699467 6.839314
v 17.114887 34.703907 6.097304
v 17.114887 34.703907 6.097304
v 17.122326 34.708340 5.357492
v 17.114887 34.703907 6.097304
v 16.893314 34.160606 6.091818
v 16.893314 34.160606 6.091818
v 16.900747 34.165039 5.352013
v 16.893314 34.160606 6.091818
v 16.359890 33.937580 5.345222
v 16.339153 33.925224 7.407645
v 16.880007 34.152691 7.414454
v 16.893314 34.160606 6.091818
v 16.880007 34.152691 7.414454
v 16.352486 35.300949 5.353297
v 16.351561 35.470856 5.354308
v 16.894852 35.249218 5.358451
v 16.894852 35.249218 5.358451
v 16.775379 35.128437 5.356526
v 16.894852 35.249218 5.358451
v 17.122326 34.708340 5.357492
v 16.952448 34.707424 5.355784
v 16.894852 35.249218 5.358451
v 16.900747 34.165039 5.352013
v 16.779968 34.284523 5.351515
v 17.122326 34.708340 5.357492
v 16.900747 34.165039 5.352013
v 16.359890 33.937580 5.345222
v 16.358967 34.107464 5.346219
v 16.900747 34.165039 5.352013
v 16.359890 33.937580 5.345222
v 15.626423 35.171181 5.345220
v 15.342957 35.176510 5.342411
v 15.428620 35.287304 5.343929
v 15.536149 35.287888 5.345017
v 15.626423 35.171181 5.345220
v 15.931493 35.123905 5.348002
v 16.352486 35.300949 5.353297
v 16.355852 35.302952 5.018675
v 15.934849 35.125908 5.013387
v 16.352486 35.300949 5.353297
v 16.775379 35.128437 5.356526
v 16.775379 35.128437 5.356526
v 16.778742 35.130447 5.021895
v 16.775379 35.128437 5.356526
v 16.952448 34.707424 5.355784
v 16.955807 34.709419 5.021159
v 16.775379 35.128437 5.356526
v 16.783329 34.286522 5.016891
v 16.952448 34.707424 5.355784
v 16.952448 34.707424 5.355784
v 16.779968 34.284523 5.351515
v 16.358967 34.107464 5.346219
v 16.362335 34.109463 5.011594
v 16.779968 34.284523 5.351515
v 16.358967 34.107464 5.346219
v 16.358967 34.107464 5.346219
v 15.936077 34.279987 5.343009
v 15.939435 34.281986 5.008379
v 15.759002 34.701000 5.343746
v 15.762371 34.703014 5.009121
v 15.417887 34.511486 6.821203
v 15.611523 35.162319 6.827053
v 16.336666 35.461983 6.836130
v 15.611523 35.162319 6.827053
v 16.879955 35.240341 6.840262
v 16.336666 35.461983 6.836130
v 15.412286 35.540821 6.827305
v 15.050735 35.538860 6.823657
v 15.057622 35.542973 6.138302
v 15.418967 35.544773 6.163911
v 14.918201 35.931225 6.130887
v 14.906943 35.924587 7.250681
v 15.418521 35.627777 6.164391
v 15.190149 35.752640 7.252503
v 15.187043 35.750778 7.561518
v 15.393500 35.612892 8.652424
v 15.418521 35.627777 6.164391
v 15.418521 35.627777 6.164391
v 14.918201 35.931225 6.130887
v 14.920310 35.542278 6.128576
v 14.918201 35.931225 6.130887
v 15.328059 35.167645 6.824224
v 15.050735 35.538860 6.823657
v 15.412286 35.540821 6.827305
v 15.412286 35.540821 6.827305
v 15.413726 35.278423 6.825748
v 15.423943 34.337177 6.313534
v 14.923017 34.697250 6.310651
v 14.932830 34.703075 5.335451
v 15.433749 34.343006 5.338334
v 15.413726 35.278423 6.825748
v 15.428620 35.287304 5.343929
v 15.342957 35.176510 5.342411
v 15.342957 35.176510 5.342411
v 15.328059 35.167645 6.824224
v 15.413726 35.278423 6.825748
v 21.483570 34.987114 6.142925
v 21.283726 34.871471 6.140232
v 21.276260 34.867016 6.882240
v 21.476101 34.982674 6.884932
v 21.483570 34.987114 6.142925
v 21.677174 34.869183 6.886281
v 21.684637 34.873623 6.144270
v 21.483570 34.987114 6.142925
v 21.483570 34.987114 6.142925
v 21.744678 34.728786 6.144006
v 21.684637 34.873623 6.144270
v 21.737219 34.724350 6.886019
v 21.744678 34.728786 6.144006
v 21.217796 34.721550 6.880776
v 21.283726 34.871471 6.140232
v 21.283726 34.871471 6.140232
v 21.225260 34.725990 6.138762
v 21.217796 34.721550 6.880776
v 21.737219 34.724350 6.886019
v 21.677174 34.869183 6.886281
v 21.276260 34.867016 6.882240
v 21.276260 34.867016 6.882240
v 21.737219 34.724350 6.886019
v 21.276260 34.867016 6.882240
v 21.677174 34.869183 6.886281
v 21.476101 34.982674 6.884932
v 16.339153 33.925224 7.407645
v 15.413020 34.330673 7.400760
v 16.359890 33.937580 5.345222
v 16.339153 33.925224 7.407645
v 15.428620 35.287304 5.343929
v 15.413726 35.278423 6.825748
v 15.521258 35.279018 6.826837
v 15.536149 35.287888 5.345017
v 15.428620 35.287304 5.343929
v 14.928237 35.547001 5.340460
v 14.920310 35.542278 6.128576
v 15.057622 35.542973 6.138302
v 15.057622 35.542973 6.138302
v 15.065632 35.547729 5.341839
v 15.328059 35.167645 6.824224
v 15.342957 35.176510 5.342411
v 15.050735 35.538860 6.823657
v 15.050735 35.538860 6.823657
v 15.342957 35.176510 5.342411
v 15.057622 35.542973 6.138302
v 15.057622 35.542973 6.138302
v 15.342957 35.176510 5.342411
v 15.536149 35.287888 5.345017
v 15.536149 35.287888 5.345017
v 14.928237 35.547001 5.340460
v 15.065632 35.547729 5.341839
v 14.932830 34.703075 5.335451
v 14.932830 34.703075 5.335451
v 14.833892 35.437824 5.338855
v 14.928237 35.547001 5.340460
v 15.065632 35.547729 5.341839
v 14.932830 34.703075 5.335451
v 14.932830 34.703075 5.335451
v 15.433749 34.343006 5.338334
v 15.626423 35.171181 5.345220
v 15.433749 34.343006 5.338334
v 15.626423 35.171181 5.345220
v 15.759002 34.701000 5.343746
v 15.433749 34.343006 5.338334
v 15.759002 34.701000 5.343746
v 15.626423 35.171181 5.345220
v 15.931493 35.123905 5.348002
v 15.626423 35.171181 5.345220
v 16.351561 35.470856 5.354308
v 15.931493 35.123905 5.348002
v 16.351561 35.470856 5.354308
v 15.931493 35.123905 5.348002
v 15.412286 35.540821 6.827305
v 15.418967 35.544773 6.163911
v 15.521258 35.279018 6.826837
v 15.413726 35.278423 6.825748
v 15.611523 35.162319 6.827053
v 15.521258 35.279018 6.826837
v 14.813158 35.425476 7.401282
v 14.907509 35.534660 7.402881
v 14.920310 35.542278 6.128576
v 14.920310 35.542278 6.128576
v 14.833892 35.437824 5.338855
v 14.920310 35.542278 6.128576
v 14.833892 35.437824 5.338855
v 14.907620 35.799530 7.249942
v 14.920310 35.542278 6.128576
v 14.920310 35.542278 6.128576
v 14.907509 35.534660 7.402881
v 14.894694 35.527039 8.677195
v 14.904512 35.797676 7.558953
v 14.907509 35.534660 7.402881
v 14.907509 35.534660 7.402881
v 14.833892 35.437824 5.338855
v 14.912085 34.690742 7.397882
v 14.833892 35.437824 5.338855
v 15.936077 34.279987 5.343009
v 15.433749 34.343006 5.338334
v 15.759002 34.701000 5.343746
v 16.359890 33.937580 5.345222
v 15.433749 34.343006 5.338334
v 15.936077 34.279987 5.343009
v 15.936077 34.279987 5.343009
v 16.359890 33.937580 5.345222
v 16.359890 33.937580 5.345222
v 14.907620 35.799530 7.249942
v 14.907620 35.799530 7.249942
v 14.904512 35.797676 7.558953
v 14.907620 35.799530 7.249942
v 23.824451 34.190014 7.484497
v 23.824451 34.190014 7.484497
v 23.824451 34.190014 7.484497
v 23.811041 34.182030 8.818442
v 23.842617 33.774624 5.905079
v 23.837870 34.197998 6.150549
v 22.531607 34.190987 6.137380
v 22.531607 34.190987 6.137380
v 23.842617 33.774624 5.905079
v 23.845743 33.198700 5.901663
v 23.837870 34.197998 6.150549
v 22.531607 34.190987 6.137380
v 23.811058 33.178215 9.351936
v 23.810902 33.755745 9.058876
v 21.973614 33.168289 9.352582
v 21.972271 33.391777 9.355061
v 21.975761 33.393677 9.038253
v 21.977299 33.169830 9.028187
v 22.649113 34.714619 9.362856
v 22.654631 34.717903 8.814241
v 22.504795 34.175011 8.805267
v 22.369631 33.746147 9.357078
v 23.811058 33.178215 9.351936
v 21.977299 33.169830 9.028187
v 23.814034 33.179836 9.055458
v 23.811058 33.178215 9.351936
v 23.811058 33.178215 9.351936
v 21.977299 33.169830 9.028187
v 22.369631 33.746147 9.357078
v 22.369631 33.746147 9.357078
v 22.371960 33.748016 9.044358
v 23.811058 33.178215 9.351936
v 22.371960 33.748016 9.044358
v 21.658035 34.857780 8.789506
v 21.456966 34.971275 8.788179
v 21.257130 34.855644 8.785467
v 23.814034 33.179836 9.055458
v 21.977299 33.169830 9.028187
v 21.977299 33.169830 9.028187
v 23.810902 33.755745 9.058876
v 23.814034 33.179836 9.055458
v 16.866707 34.144775 8.737073
v 16.880007 34.152691 7.414454
v 23.824451 34.190014 7.484497
v 23.824451 34.190014 7.484497
v 22.504795 34.175011 8.805267
v 21.198662 34.710155 8.784019
v 21.718086 34.712952 8.789246
v 21.718086 34.712952 8.789246
v 22.504795 34.175011 8.805267
v 22.654631 34.717903 8.814241
v 22.504795 34.175011 8.805267
v 22.504795 34.175011 8.805267
v 17.088293 34.688065 8.742546
v 21.206114 34.714600 8.042005
v 17.095757 34.692513 8.000535
v 21.725552 34.717396 8.047235
v 21.726524 34.538502 8.046172
v 16.310091 35.446167 9.479174
v 16.324984 35.455032 7.997354
v 15.599851 35.155373 7.988267
v 15.584952 35.146500 9.470085
v 16.853382 35.224537 9.483311
v 16.868269 35.233402 8.001491
v 17.095757 34.692513 8.000535
v 17.095757 34.692513 8.000535
v 17.088293 34.688065 8.742546
v 17.080853 34.683640 9.482366
v 17.088293 34.688065 8.742546
v 16.866707 34.144775 8.737073
v 17.088293 34.688065 8.742546
v 16.859274 34.140343 9.476880
v 16.866707 34.144775 8.737073
v 16.318424 33.912903 9.470088
v 16.866707 34.144775 8.737073
v 16.339153 33.925224 7.407645
v 16.880007 34.152691 7.414454
v 16.866707 34.144775 8.737073
v 16.880007 34.152691 7.414454
v 16.311016 35.276264 9.478163
v 16.733900 35.103748 9.481380
v 16.853382 35.224537 9.483311
v 16.853382 35.224537 9.483311
v 16.310091 35.446167 9.479174
v 16.910969 34.682747 9.480638
v 17.080853 34.683640 9.482366
v 17.080853 34.683640 9.482366
v 16.853382 35.224537 9.483311
v 16.738491 34.259838 9.476377
v 16.859274 34.140343 9.476880
v 17.080853 34.683640 9.482366
v 17.080853 34.683640 9.482366
v 16.859274 34.140343 9.476880
v 16.317486 34.082775 9.471094
v 16.318424 33.912903 9.470088
v 16.859274 34.140343 9.476880
v 15.494678 35.263206 9.469883
v 15.387151 35.262623 9.468793
v 15.301482 35.151821 9.467269
v 15.584952 35.146500 9.470085
v 16.311016 35.276264 9.478163
v 15.890008 35.099216 9.472879
v 15.886655 35.097214 9.807503
v 16.307650 35.274269 9.812787
v 16.311016 35.276264 9.478163
v 16.730534 35.101753 9.816013
v 16.733900 35.103748 9.481380
v 16.733900 35.103748 9.481380
v 16.311016 35.276264 9.478163
v 16.910969 34.682747 9.480638
v 16.733900 35.103748 9.481380
v 16.907604 34.680737 9.815272
v 16.910969 34.682747 9.480638
v 16.735123 34.257835 9.811002
v 16.738491 34.259838 9.476377
v 16.738491 34.259838 9.476377
v 16.910969 34.682747 9.480638
v 16.738491 34.259838 9.476377
v 16.314129 34.080769 9.805702
v 16.317486 34.082775 9.471094
v 16.738491 34.259838 9.476377
v 15.891233 34.253292 9.802490
v 15.894599 34.255299 9.467873
v 16.317486 34.082775 9.471094
v 15.714171 34.674316 9.803233
v 15.717528 34.676315 9.468607
v 15.406216 34.504528 7.982419
v 15.599851 35.155373 7.988267
v 15.599851 35.155373 7.988267
v 16.324984 35.455032 7.997354
v 16.324984 35.455032 7.997354
v 16.868269 35.233402 8.001491
v 15.393945 35.529892 8.651934
v 15.032171 35.527813 8.670237
v 15.039053 35.531921 7.984880
v 15.400614 35.533859 7.988521
v 14.892579 35.915977 8.679499
v 14.903838 35.922729 7.559693
v 15.393500 35.612892 8.652424
v 15.393500 35.612892 8.652424
v 14.892579 35.915977 8.679499
v 14.892579 35.915977 8.679499
v 14.894694 35.527039 8.677195
v 15.402044 35.271488 7.986975
v 15.400614 35.533859 7.988521
v 15.039053 35.531921 7.984880
v 15.039053 35.531921 7.984880
v 15.316382 35.160706 7.985457
v 14.901162 34.684235 8.485102
v 15.402085 34.324162 8.487987
v 15.392276 34.318329 9.463196
v 14.891353 34.678398 9.460312
v 15.387151 35.262623 9.468793
v 15.402044 35.271488 7.986975
v 15.316382 35.160706 7.985457
v 15.316382 35.160706 7.985457
v 15.301482 35.151821 9.467269
v 15.387151 35.262623 9.468793
v 21.264585 34.860077 8.043455
v 21.257130 34.855644 8.785467
v 21.456966 34.971275 8.788179
v 21.456966 34.971275 8.788179
v 21.464422 34.975731 8.046164
v 21.456966 34.971275 8.788179
v 21.658035 34.857780 8.789506
v 21.665501 34.862225 8.047496
v 21.456966 34.971275 8.788179
v 21.658035 34.857780 8.789506
v 21.718086 34.712952 8.789246
v 21.718086 34.712952 8.789246
v 21.725552 34.717396 8.047235
v 21.257130 34.855644 8.785467
v 21.206114 34.714600 8.042005
v 21.206114 34.714600 8.042005
v 21.198662 34.710155 8.784019
v 21.257130 34.855644 8.785467
v 21.264585 34.860077 8.043455
v 21.665501 34.862225 8.047496
v 21.725552 34.717396 8.047235
v 21.725552 34.717396 8.047235
v 21.264585 34.860077 8.043455
v 21.264585 34.860077 8.043455
v 21.464422 34.975731 8.046164
v 21.665501 34.862225 8.047496
v 16.318424 33.912903 9.470088
v 15.413020 34.330673 7.400760
v 15.413020 34.330673 7.400760
v 16.339153 33.925224 7.407645
v 16.318424 33.912903 9.470088
v 15.402044 35.271488 7.986975
v 15.387151 35.262623 9.468793
v 15.494678 35.263206 9.469883
v 15.494678 35.263206 9.469883
v 15.509585 35.272064 7.988055
v 15.402044 35.271488 7.986975
v 15.024165 35.523052 9.466705
v 15.032171 35.527813 8.670237
v 14.894694 35.527039 8.677195
v 14.894694 35.527039 8.677195
v 14.886766 35.522316 9.465317
v 15.316382 35.160706 7.985457
v 15.039053 35.531921 7.984880
v 15.301482 35.151821 9.467269
v 15.039053 35.531921 7.984880
v 15.032171 35.527813 8.670237
v 15.301482 35.151821 9.467269
v 15.032171 35.527813 8.670237
v 15.301482 35.151821 9.467269
v 15.494678 35.263206 9.469883
v 15.494678 35.263206 9.469883
v 14.886766 35.522316 9.465317
v 14.792419 35.413136 9.463720
v 14.891353 34.678398 9.460312
v 14.891353 34.678398 9.460312
v 15.024165 35.523052 9.466705
v 14.886766 35.522316 9.465317
v 15.024165 35.523052 9.466705
v 14.891353 34.678398 9.460312
v 14.891353 34.678398 9.460312
v 15.392276 34.318329 9.463196
v 15.392276 34.318329 9.463196
v 15.584952 35.146500 9.470085
v 15.584952 35.146500 9.470085
v 15.392276 34.318329 9.463196
v 15.717528 34.676315 9.468607
v 15.717528 34.676315 9.468607
v 15.890008 35.099216 9.472879
v 15.584952 35.146500 9.470085
v 15.584952 35.146500 9.470085
v 15.890008 35.099216 9.472879
v 16.310091 35.446167 9.479174
v 16.310091 35.446167 9.479174
v 15.890008 35.099216 9.472879
v 15.393945 35.529892 8.651934
v 15.400614 35.533859 7.988521
v 15.599851 35.155373 7.988267
v 15.402044 35.271488 7.986975
v 15.402044 35.271488 7.986975
v 15.509585 35.272064 7.988055
v 15.599851 35.155373 7.988267
v 14.894694 35.527039 8.677195
v 14.907509 35.534660 7.402881
v 14.813158 35.425476 7.401282
v 14.813158 35.425476 7.401282
v 14.792419 35.413136 9.463720
v 14.894694 35.527039 8.677195
v 14.894694 35.527039 8.677195
v 14.792419 35.413136 9.463720
v 14.792419 35.413136 9.463720
v 14.813158 35.425476 7.401282
v 14.912085 34.690742 7.397882
v 14.792419 35.413136 9.463720
v 14.813158 35.425476 7.401282
v 15.894599 34.255299 9.467873
v 15.717528 34.676315 9.468607
v 15.392276 34.318329 9.463196
v 15.392276 34.318329 9.463196
v 16.318424 33.912903 9.470088
v 15.894599 34.255299 9.467873
v 15.392276 34.318329 9.463196
v 16.318424 33.912903 9.470088
v 14.904512 35.797676 7.558953
v 22.504795 34.175011 8.805267
v 23.811041 34.182030 8.818442
v 23.811041 34.182030 8.818442
v 23.810902 33.755745 9.058876
v 23.814034 33.179836 9.055458
v 23.811041 34.182030 8.818442
v 22.504795 34.175011 8.805267
v 23.824451 34.190014 7.484497
v 15.400614 35.533859 7.988521
v 15.412286 35.540821 6.827305
v 15.400614 35.533859 7.988521
v 15.406216 34.504528 7.982419
v 15.417887 34.511486 6.821203
v 15.417887 34.511486 6.821203
v 15.412286 35.540821 6.827305
v 15.400614 35.533859 7.988521
v 15.400614 35.533859 7.988521
v 21.725552 34.717396 8.047235
v 21.737219 34.724350 6.886019
v 21.737219 34.724350 6.886019
v 14.905629 33.860214 8.480226
v 15.404581 33.862896 8.485256
v 15.402085 34.324162 8.487987
v 15.402085 34.324162 8.487987
v 14.901162 34.684235 8.485102
v 14.914644 34.220001 7.395082
v 14.901162 34.684235 8.485102
v 15.413020 34.330673 7.400760
v 15.402085 34.324162 8.487987
v 15.413602 34.222683 7.400126
v 15.413020 34.330673 7.400760
v 14.901162 34.684235 8.485102
v 14.912085 34.690742 7.397882
v 15.426455 33.875919 6.310794
v 14.927495 33.873238 6.305775
v 14.923017 34.697250 6.310651
v 14.923017 34.697250 6.310651
v 15.423943 34.337177 6.313534
v 14.923017 34.697250 6.310651
v 15.426455 33.875919 6.310794
v 15.423943 34.337177 6.313534
v 15.413020 34.330673 7.400760
v 15.413020 34.330673 7.400760
v 15.426455 33.875919 6.310794
v 14.912085 34.690742 7.397882
v 14.923017 34.697250 6.310651
v 10.326111 32.132198 5.897787
v 10.330161 31.503258 5.831397
v 14.312389 32.153645 5.935724
v 14.316518 31.524734 5.861480
v 14.245293 31.619747 6.040327
v 14.242347 32.068092 6.093220
v 14.312389 32.153645 5.935724
v 10.388370 32.047352 6.060124
v 10.326111 32.132198 5.897787
v 10.326111 32.132198 5.897787
v 14.312389 32.153645 5.935724
v 10.391283 31.598982 6.011063
v 14.316518 31.524734 5.861480
v 14.316518 31.524734 5.861480
v 10.330161 31.503258 5.831397
v 10.330161 31.503258 5.831397
v 10.330161 31.503258 5.831397
v 10.326111 32.132198 5.897787
v 13.679746 32.071224 2.809614
v 13.680652 31.756132 2.886961
v 13.465201 31.755030 2.874811
v 13.464294 32.070122 2.797461
v 14.214011 31.586771 6.193764
v 13.919568 31.585190 6.190804
v 13.926173 31.589117 5.534621
v 14.220603 31.590706 5.537591
v 13.916800 32.095364 6.193826
v 13.922139 32.098541 5.662680
v 14.211232 32.096958 6.196800
v 14.216580 32.100124 5.665656
v 14.214011 31.586771 6.193764
v 14.220603 31.590706 5.537591
v 14.214011 31.586771 6.193764
v 13.663754 31.610825 4.640212
v 13.448148 31.609627 4.643458
v 13.464215 31.619192 3.045746
v 13.679660 31.620298 3.057240
v 13.680652 31.756132 2.886961
v 13.679746 32.071224 2.809614
v 13.677238 32.385368 2.890690
v 13.443275 32.508507 4.648787
v 13.658865 32.509689 4.645545
v 13.674788 32.519157 3.062564
v 13.459332 32.518063 3.051083
v 13.663754 31.610825 4.640212
v 14.220603 31.590706 5.537591
v 13.663754 31.610825 4.640212
v 13.461798 32.384266 2.878540
v 13.677238 32.385368 2.890690
v 13.677238 32.385368 2.890690
v 13.677238 32.385368 2.890690
v 13.663754 31.610825 4.640212
v 13.679660 31.620298 3.057240
v 13.679660 31.620298 3.057240
v 13.679660 31.620298 3.057240
v 13.680652 31.756132 2.886961
v 13.679660 31.620298 3.057240
v 9.577165 27.801125 8.194754
v 9.573288 28.183664 8.375052
v 6.305670 28.166195 8.326615
v 6.309437 27.794201 8.151293
v 9.572995 28.568346 8.199317
v 6.305380 28.540279 8.155712
v 9.575878 28.748671 7.816764
v 6.308180 28.715628 7.783716
v 9.580698 28.572929 7.432128
v 6.312891 28.544739 7.409670
v 9.584578 28.190380 7.251827
v 6.316654 28.172728 7.234342
v 9.584869 27.805717 7.427569
v 6.316946 27.798664 7.405250
v 11.110659 28.392544 8.028551
v 11.110808 28.193533 8.119473
v 11.112164 28.485832 7.830631
v 11.114650 28.394920 7.631645
v 11.116653 28.197010 7.538376
v 11.116798 27.998009 7.629296
v 11.112820 27.995630 8.026197
v 11.996750 28.200012 7.837825
v 9.585108 27.835972 7.387852
v 9.584825 28.220644 7.212101
v 6.317205 28.192583 7.168506
v 6.317499 27.818506 7.339421
v 9.587702 28.400972 6.829573
v 6.320011 28.367941 6.796518
v 9.592528 28.225237 6.444917
v 6.324709 28.197048 6.422473
v 6.328474 27.825047 6.247146
v 9.596403 27.842695 6.264619
v 11.122642 27.845852 7.132263
v 11.122481 28.044853 7.041347
v 11.123977 28.138140 6.843450
v 11.126481 28.047218 6.644448
v 11.128481 27.849319 6.551168
v 12.008581 27.852333 6.850635
v 6.107723 29.034901 8.954056
v 6.111612 28.943510 8.617254
v 6.126476 25.586664 8.933598
v 6.114632 28.781908 8.405005
v 6.131968 25.589935 8.386086
v 4.686493 28.774240 8.390611
v 4.703842 25.582264 8.371681
v 6.108669 29.418337 8.656758
v 6.112442 29.311804 8.338688
v 10.960728 25.612635 8.982356
v 10.941989 29.060877 9.002810
v 10.942920 29.444313 8.705525
v 6.112442 29.311804 8.338688
v 10.946705 29.337782 8.387446
v 6.112442 29.311804 8.338688
v 10.945873 28.969486 8.666005
v 6.111612 28.943510 8.617254
v 6.111612 28.943510 8.617254
v 6.112442 29.311804 8.338688
v 6.114632 28.781908 8.405005
v 6.111612 28.943510 8.617254
v 6.383326 28.783356 8.407723
v 10.239066 28.358889 8.443953
v 10.242072 27.806301 8.440672
v 6.388748 27.785589 8.401805
v 10.244308 27.807629 8.217113
v 10.253443 27.813061 7.309881
v 6.400120 27.792362 7.271016
v 10.945873 28.969486 8.666005
v 10.945873 28.969486 8.666005
v 10.948888 28.807880 8.453768
v 10.951299 28.362720 8.451133
v 10.966228 25.615913 8.434844
v 12.375048 25.623484 8.449054
v 12.360120 28.370289 8.465345
v 10.945873 28.969486 8.666005
v 10.946705 29.337782 8.387446
v 10.945873 28.969486 8.666005
v 11.903316 28.369154 8.237148
v 10.241320 28.360229 8.220387
v 10.951299 28.362720 8.451133
v 10.951299 28.362720 8.451133
v 10.951299 28.362720 8.451133
v 10.239066 28.358889 8.443953
v 10.951299 28.362720 8.451133
v 10.948888 28.807880 8.453768
v 11.903316 28.369154 8.237148
v 11.906327 27.816565 8.233871
v 10.244308 27.807629 8.217113
v 10.244308 27.807629 8.217113
v 10.241320 28.360229 8.220387
v 11.903316 28.369154 8.237148
v 10.244308 27.807629 8.217113
v 10.242072 27.806301 8.440672
v 10.239066 28.358889 8.443953
v 10.239066 28.358889 8.443953
v 10.244308 27.807629 8.217113
v 12.586932 20.057976 8.417871
v 13.875033 20.409237 8.432932
v 12.664729 23.193548 8.437433
v 11.359301 22.911484 8.422615
v 14.355851 17.090090 8.417902
v 15.462202 17.769184 8.433083
v 17.392706 15.204288 8.437155
v 16.361954 14.397623 8.421961
v 18.712955 11.966301 8.431046
v 19.659544 12.915001 8.446244
v 21.830263 11.422993 8.459140
v 18.865694 6.134899 8.397678
v 15.625544 8.552208 8.379568
v 17.467525 5.480434 8.379713
v 18.544649 5.636156 8.391468
v 12.657557 11.273336 8.366012
v 11.510441 10.374691 8.349094
v 14.650639 7.469082 8.363285
v 9.853752 14.806330 8.358971
v 8.573306 14.173685 8.342312
v 7.661049 18.773373 8.360667
v 6.245140 18.367207 8.343988
v 6.587423 22.177273 8.370237
v 5.156599 21.989223 8.354723
v 6.581915 22.173992 8.917759
v 11.353805 22.908201 8.970125
v 7.655550 18.770088 8.908171
v 12.581419 20.054699 8.965394
v 14.350355 17.086811 8.965414
v 9.848254 14.803049 8.906481
v 12.652062 11.270058 8.913524
v 16.356453 14.394349 8.969481
v 15.620033 8.548931 8.927083
v 18.707464 11.963017 8.978554
v 18.860201 6.131620 8.945193
v 21.484571 10.064941 8.995123
v 21.490078 10.068214 8.447599
v 18.865694 6.134899 8.397678
v 21.490078 10.068214 8.447599
v 18.865694 6.134899 8.397678
v 22.014526 10.858934 8.457615
v 6.111612 28.943510 8.617254
v 10.948888 28.807880 8.453768
v 10.948888 28.807880 8.453768
v 6.111612 28.943510 8.617254
v 10.948888 28.807880 8.453768
v 11.903316 28.369154 8.237148
v 11.912446 28.374590 7.329923
v 11.915441 27.821999 7.326650
v 11.903316 28.369154 8.237148
v 6.141481 29.054983 5.597430
v 6.160213 25.606747 5.576969
v 6.138603 28.959572 5.933127
v 6.137369 28.795443 6.143417
v 6.154709 25.603470 6.124494
v 4.726574 25.595795 6.110093
v 4.709242 28.787769 6.129019
v 6.133791 29.324505 6.216034
v 6.136389 29.434845 5.899240
v 10.975737 29.080961 5.646189
v 10.994469 25.632727 5.625741
v 10.970653 29.460823 5.948005
v 6.133791 29.324505 6.216034
v 10.968044 29.350487 6.264794
v 6.133791 29.324505 6.216034
v 6.138603 28.959572 5.933127
v 10.972859 28.985550 5.981887
v 6.133791 29.324505 6.216034
v 6.138603 28.959572 5.933127
v 6.137369 28.795443 6.143417
v 6.406065 28.796888 6.146125
v 6.138603 28.959572 5.933127
v 6.411489 27.799122 6.140211
v 10.264804 27.819838 6.179087
v 10.261808 28.372427 6.182364
v 10.262567 27.818489 6.402645
v 6.400120 27.792362 7.271016
v 10.253443 27.813061 7.309881
v 10.253443 27.813061 7.309881
v 10.972859 28.985550 5.981887
v 10.972859 28.985550 5.981887
v 10.971618 28.821423 6.192187
v 10.974038 28.376249 6.189540
v 10.988969 25.629448 6.173251
v 12.382850 28.383823 6.203758
v 12.397786 25.637016 6.187459
v 10.968044 29.350487 6.264794
v 10.972859 28.985550 5.981887
v 10.968044 29.350487 6.264794
v 10.974038 28.376249 6.189540
v 10.259557 28.371094 6.405931
v 11.921568 28.380016 6.422684
v 12.382850 28.383823 6.203758
v 10.974038 28.376249 6.189540
v 10.974038 28.376249 6.189540
v 10.261808 28.372427 6.182364
v 10.974038 28.376249 6.189540
v 10.971618 28.821423 6.192187
v 10.262567 27.818489 6.402645
v 11.924569 27.827433 6.419417
v 11.921568 28.380016 6.422684
v 11.921568 28.380016 6.422684
v 10.259557 28.371094 6.405931
v 10.262567 27.818489 6.402645
v 10.261808 28.372427 6.182364
v 10.264804 27.819838 6.179087
v 10.262567 27.818489 6.402645
v 10.262567 27.818489 6.402645
v 10.261808 28.372427 6.182364
v 12.609671 20.071514 6.156281
v 11.382042 22.925016 6.161023
v 12.687473 23.207085 6.175834
v 13.897770 20.422771 6.171331
v 15.484933 17.782726 6.171500
v 14.378590 17.103630 6.156306
v 17.415442 15.217820 6.175558
v 16.384697 14.411159 6.160362
v 18.735706 11.979832 6.169451
v 19.682280 12.928533 6.184644
v 21.852993 11.436533 6.197538
v 15.648279 8.565748 6.117985
v 18.888435 6.148434 6.136090
v 18.567390 5.649687 6.129878
v 17.490261 5.493969 6.118114
v 12.680301 11.286875 6.104419
v 14.673379 7.482609 6.101692
v 11.533170 10.388231 6.087509
v 8.596043 14.187219 6.080712
v 9.876495 14.819860 6.097374
v 6.267874 18.380737 6.082400
v 7.683794 18.786903 6.099066
v 5.179340 22.002756 6.093132
v 6.610157 22.190807 6.108646
v 11.387555 22.928297 5.613503
v 6.615665 22.194080 5.561138
v 12.615175 20.074795 5.608777
v 7.689310 18.790180 5.551553
v 14.384101 17.106899 5.608788
v 9.882001 14.823135 5.549853
v 16.390190 14.414435 5.612850
v 12.685804 11.290155 5.556914
v 18.741201 11.983110 5.621941
v 15.653787 8.569023 5.570464
v 21.518326 10.085030 5.638500
v 18.893955 6.151703 5.588573
v 21.512817 10.081757 6.186018
v 18.888435 6.148434 6.136090
v 18.893955 6.151703 5.588573
v 21.518326 10.085030 5.638500
v 21.518326 10.085030 5.638500
v 21.512817 10.081757 6.186018
v 18.888435 6.148434 6.136090
v 22.037270 10.872477 6.196019
v 6.138603 28.959572 5.933127
v 10.971618 28.821423 6.192187
v 10.971618 28.821423 6.192187
v 6.388748 27.785589 8.401805
v 6.400120 27.792362 7.271016
v 6.383326 28.783356 8.407723
v 6.400120 27.792362 7.271016
v 6.406065 28.796888 6.146125
v 6.383326 28.783356 8.407723
v 6.406065 28.796888 6.146125
v 6.400120 27.792362 7.271016
v 6.411489 27.799122 6.140211
v 6.114632 28.781908 8.405005
v 4.709242 28.787769 6.129019
v 4.709242 28.787769 6.129019
v 6.114632 28.781908 8.405005
v 6.137369 28.795443 6.143417
v 6.137369 28.795443 6.143417
v 6.114632 28.781908 8.405005
v 6.406065 28.796888 6.146125
v 6.406065 28.796888 6.146125
v 6.114632 28.781908 8.405005
v 6.383326 28.783356 8.407723
v 4.709242 28.787769 6.129019
v 4.726574 25.595795 6.110093
v 4.726574 25.595795 6.110093
v 5.179340 22.002756 6.093132
v 4.726574 25.595795 6.110093
v 5.179340 22.002756 6.093132
v 5.179340 22.002756 6.093132
v 6.267874 18.380737 6.082400
v 6.267874 18.380737 6.082400
v 6.267874 18.380737 6.082400
v 8.596043 14.187219 6.080712
v 8.596043 14.187219 6.080712
v 8.596043 14.187219 6.080712
v 11.533170 10.388231 6.087509
v 11.533170 10.388231 6.087509
v 11.533170 10.388231 6.087509
v 14.673379 7.482609 6.101692
v 14.673379 7.482609 6.101692
v 14.673379 7.482609 6.101692
v 17.490261 5.493969 6.118114
v 17.490261 5.493969 6.118114
v 17.467525 5.480434 8.379713
v 17.490261 5.493969 6.118114
v 18.567390 5.649687 6.129878
v 18.567390 5.649687 6.129878
v 18.544649 5.636156 8.391468
v 17.467525 5.480434 8.379713
v 18.544649 5.636156 8.391468
v 18.567390 5.649687 6.129878
v 18.888435 6.148434 6.136090
v 18.888435 6.148434 6.136090
v 18.865694 6.134899 8.397678
v 18.544649 5.636156 8.391468
v 18.865694 6.134899 8.397678
v 18.888435 6.148434 6.136090
v 21.512817 10.081757 6.186018
v 21.512817 10.081757 6.186018
v 21.490078 10.068214 8.447599
v 18.865694 6.134899 8.397678
v 21.490078 10.068214 8.447599
v 21.512817 10.081757 6.186018
v 22.037270 10.872477 6.196019
v 22.037270 10.872477 6.196019
v 22.014526 10.858934 8.457615
v 21.490078 10.068214 8.447599
v 22.014526 10.858934 8.457615
v 22.037270 10.872477 6.196019
v 21.852993 11.436533 6.197538
v 21.852993 11.436533 6.197538
v 21.830263 11.422993 8.459140
v 22.014526 10.858934 8.457615
v 21.852993 11.436533 6.197538
v 19.682280 12.928533 6.184644
v 19.682280 12.928533 6.184644
v 19.682280 12.928533 6.184644
v 17.415442 15.217820 6.175558
v 17.415442 15.217820 6.175558
v 17.415442 15.217820 6.175558
v 15.484933 17.782726 6.171500
v 15.484933 17.782726 6.171500
v 15.484933 17.782726 6.171500
v 13.897770 20.422771 6.171331
v 13.897770 20.422771 6.171331
v 13.897770 20.422771 6.171331
v 12.687473 23.207085 6.175834
v 12.687473 23.207085 6.175834
v 12.687473 23.207085 6.175834
v 12.397786 25.637016 6.187459
v 12.687473 23.207085 6.175834
v 12.397786 25.637016 6.187459
v 12.382850 28.383823 6.203758
v 12.397786 25.637016 6.187459
v 11.912446 28.374590 7.329923
v 12.382850 28.383823 6.203758
v 11.912446 28.374590 7.329923
v 12.382850 28.383823 6.203758
v 11.912446 28.374590 7.329923
v 11.921568 28.380016 6.422684
v 11.915441 27.821999 7.326650
v 11.915441 27.821999 7.326650
v 11.912446 28.374590 7.329923
v 11.921568 28.380016 6.422684
v 10.253443 27.813061 7.309881
v 10.253443 27.813061 7.309881
v 11.915441 27.821999 7.326650
# 4618 vertices

vt 0.896644 -0.159685
vt 0.891072 -0.159332
vt 0.891946 -0.149576
vt 0.900213 -0.148112
vt 0.913575 -0.150901
vt 0.910829 -0.155882
vt 0.935129 -0.149949
vt 0.930006 -0.152544
vt 0.957957 -0.141937
vt 0.946246 -0.151538
vt 0.971756 -0.152502
vt 0.972069 -0.146395
vt 0.972071 -0.138509
vt 0.887544 -0.152234
vt 0.886864 -0.157473
vt 0.886026 -0.154845
vt 0.784796 -0.167311
vt 0.781227 -0.161885
vt 0.799367 -0.160006
vt 0.755073 -0.180065
vt 0.748862 -0.193846
vt 0.735945 -0.194505
vt 0.741524 -0.179414
vt 0.729772 -0.181466
vt 0.726048 -0.195949
vt 0.758211 -0.193351
vt 0.764497 -0.181795
vt 0.776905 -0.182944
vt 0.770391 -0.196746
vt 0.728923 -0.213339
vt 0.749107 -0.213338
vt 0.753937 -0.162534
vt 0.736446 -0.170780
vt 0.771313 -0.213338
vt 0.812456 -0.132521
vt 0.833214 -0.117544
vt 0.825272 -0.126635
vt 0.845121 -0.115077
vt 0.837889 -0.129441
vt 0.726440 -0.172683
vt 0.664900 -0.183387
vt 0.700180 -0.172445
vt 0.995914 -0.154036
vt 0.980938 -0.157355
vt 0.990402 -0.169103
vt 0.967472 -0.182728
vt 0.967961 -0.173983
vt 0.988315 -0.181836
vt 0.979618 -0.173057
vt 0.984410 -0.164524
vt 0.988305 -0.194494
vt 0.967629 -0.196480
vt 0.990359 -0.206725
vt 0.968583 -0.213338
vt 0.664900 -0.165907
vt 0.658605 -0.179658
vt 0.655399 -0.156946
vt 0.664900 -0.196713
vt 0.659396 -0.196271
vt 0.664900 -0.213338
vt 0.659737 -0.213338
vt 0.845457 -0.126800
vt 0.849423 -0.119060
vt 0.976976 -0.154577
vt 0.832701 -0.196591
vt 0.853408 -0.196562
vt 0.832770 -0.213338
vt 0.904152 -0.196638
vt 0.881913 -0.202012
vt 0.796431 -0.182950
vt 0.805613 -0.182904
vt 0.789859 -0.171775
vt 0.792505 -0.151719
vt 0.815504 -0.149434
vt 0.815126 -0.155025
vt 0.826706 -0.137352
vt 0.981172 -0.160197
vt 0.917973 -0.182637
vt 0.917962 -0.188093
vt 0.916708 -0.174514
vt 0.953977 -0.171595
vt 0.766555 -0.168371
vt 0.206460 -0.736310
vt 0.207906 -0.748032
vt 0.159709 -0.744599
vt 0.158720 -0.724373
vt 0.132789 -0.749119
vt 0.119350 -0.740122
vt 0.109963 -0.761022
vt 0.098827 -0.764887
vt 0.245912 -0.755206
vt 0.239192 -0.741376
vt 0.085848 -0.747566
vt 0.100419 -0.730941
vt 0.104475 -0.740545
vt 0.097875 -0.685974
vt 0.368917 -0.857871
vt 0.341146 -0.866580
vt 0.332537 -0.846141
vt 0.371525 -0.840923
vt 0.408774 -0.847337
vt 0.389745 -0.862942
vt 0.401072 -0.870351
vt 0.355549 -0.897575
vt 0.385072 -0.899328
vt 0.392900 -0.927878
vt 0.367445 -0.920229
vt 0.369299 -0.942122
vt 0.359778 -0.946473
vt 0.348489 -0.937041
vt 0.354261 -0.935780
vt 0.317337 -0.964135
vt 0.335173 -0.964693
vt 0.312123 -0.981235
vt 0.425803 -0.970918
vt 0.399620 -0.964912
vt 0.386917 -0.877814
vt 0.366567 -0.875156
vt 0.332839 -0.909204
vt 0.341053 -0.911089
vt 0.404315 -0.904249
vt 0.413146 -0.936866
vt 0.287425 -0.724622
vt 0.281094 -0.712320
vt 0.297435 -0.711956
vt 0.294998 -0.723740
vt 0.397911 -0.955079
vt 0.370667 -0.958221
vt 0.241490 -0.981235
vt 0.242539 -0.967836
vt 0.309046 -0.931309
vt 0.322792 -0.931108
vt 0.323621 -0.943858
vt 0.306686 -0.941129
vt 0.277652 -0.952853
vt 0.281001 -0.946347
vt 0.312389 -0.950005
vt 0.302270 -0.960559
vt 0.262623 -0.950662
vt 0.266845 -0.943683
vt 0.267136 -0.937230
vt 0.284143 -0.938003
vt 0.268848 -0.930436
vt 0.252211 -0.923986
vt 0.254542 -0.917604
vt 0.275109 -0.925230
vt 0.290213 -0.928623
vt 0.264501 -0.726923
vt 0.279877 -0.730736
vt 0.280577 -0.740111
vt 0.270341 -0.740463
vt 0.280910 -0.758167
vt 0.284975 -0.746698
vt 0.311616 -0.959332
vt 0.008128 -0.963159
vt 0.021115 -0.930013
vt 0.032280 -0.936990
vt 0.038601 -0.942907
vt 0.040140 -0.952404
vt 0.041949 -0.960216
vt 0.252726 -0.940719
vt 0.250296 -0.935875
vt 0.253757 -0.933736
vt 0.255079 -0.939309
vt 0.253139 -0.948514
vt 0.251068 -0.947330
vt 0.249976 -0.953843
vt 0.223946 -0.931425
vt 0.242284 -0.919702
vt 0.244093 -0.924517
vt 0.246277 -0.930690
vt 0.334621 -0.897088
vt 0.249894 -0.920430
vt 0.248733 -0.933289
vt 0.350209 -0.922584
vt 0.409114 -0.886443
vt 0.314162 -0.903875
vt 0.315714 -0.916259
vt 0.325351 -0.836379
vt 0.346260 -0.829734
vt 0.377353 -0.825671
vt 0.416355 -0.830237
vt 0.370510 -0.816319
vt 0.384585 -0.815433
vt 0.418436 -0.818263
vt 0.281815 -0.774021
vt 0.263390 -0.782270
vt 0.264492 -0.769645
vt 0.141889 -0.771412
vt 0.164389 -0.771281
vt 0.168139 -0.781878
vt 0.147271 -0.783467
vt 0.203235 -0.765684
vt 0.160629 -0.759763
vt 0.110183 -0.775587
vt 0.110596 -0.790588
vt 0.103054 -0.786803
vt 0.034975 -0.812337
vt 0.021544 -0.817971
vt 0.012808 -0.814212
vt 0.029289 -0.806628
vt 0.129654 -0.797951
vt 0.120349 -0.796399
vt 0.123960 -0.790321
vt 0.121686 -0.818745
vt 0.137979 -0.806307
vt 0.152253 -0.807199
vt 0.146904 -0.814871
vt 0.042975 -0.822226
vt 0.025895 -0.832710
vt 0.019854 -0.827434
vt 0.026664 -0.836775
vt 0.016990 -0.839633
vt 0.014459 -0.836211
vt 0.009545 -0.829475
vt 0.037385 -0.883247
vt 0.028812 -0.880379
vt 0.030401 -0.876666
vt 0.038507 -0.879459
vt 0.130841 -0.784372
vt 0.153896 -0.793586
vt 0.118855 -0.779441
vt 0.136253 -0.762176
vt 0.173980 -0.797608
vt 0.137898 -0.791356
vt 0.147266 -0.801761
vt 0.096496 -0.825679
vt 0.071659 -0.834539
vt 0.074554 -0.806543
vt 0.089605 -0.801316
vt 0.107085 -0.800027
vt 0.081433 -0.801970
vt 0.066621 -0.799089
vt 0.074317 -0.794831
vt 0.056508 -0.811446
vt 0.050500 -0.805785
vt 0.125312 -0.804486
vt 0.048080 -0.879792
vt 0.059342 -0.874515
vt 0.073977 -0.880940
vt 0.052496 -0.887624
vt 0.234456 -0.767339
vt 0.230958 -0.875162
vt 0.220927 -0.878167
vt 0.227934 -0.846445
vt 0.179423 -0.900967
vt 0.206769 -0.890508
vt 0.219416 -0.900308
vt 0.191287 -0.916848
vt 0.300861 -0.854626
vt 0.311548 -0.878262
vt 0.274713 -0.901943
vt 0.270582 -0.880619
vt 0.143769 -0.942277
vt 0.150047 -0.915408
vt 0.158265 -0.933952
vt 0.232302 -0.780009
vt 0.251438 -0.761401
vt 0.217276 -0.887530
vt 0.223228 -0.889158
vt 0.204530 -0.849228
vt 0.179103 -0.880234
vt 0.178415 -0.864532
vt 0.169826 -0.874590
vt 0.205838 -0.958820
vt 0.208552 -0.944476
vt 0.224965 -0.943076
vt 0.206892 -0.922769
vt 0.208035 -0.873032
vt 0.239179 -0.899363
vt 0.131870 -0.923561
vt 0.132498 -0.903423
vt 0.150537 -0.896387
vt 0.201319 -0.789057
vt 0.073144 -0.847776
vt 0.032618 -0.845998
vt 0.040041 -0.837094
vt 0.095053 -0.840502
vt 0.118991 -0.837421
vt 0.140863 -0.835626
vt 0.134123 -0.836277
vt 0.115225 -0.842186
vt 0.120246 -0.858663
vt 0.091850 -0.863399
vt 0.087327 -0.849149
vt 0.037922 -0.877696
vt 0.034651 -0.869661
vt 0.054596 -0.862308
vt 0.131379 -0.839989
vt 0.142766 -0.859636
vt 0.173287 -0.843395
vt 0.159321 -0.855002
vt 0.138913 -0.839608
vt 0.144644 -0.838156
vt 0.143816 -0.835484
vt 0.162853 -0.818461
vt 0.023528 -0.843452
vt 0.183764 -0.826277
vt 0.185542 -0.832825
vt 0.171399 -0.829968
vt 0.171019 -0.941598
vt 0.188230 -0.943944
vt 0.185798 -0.957603
vt 0.163344 -0.958723
vt 0.676320 -0.835628
vt 0.760254 -0.809330
vt 0.686600 -0.841514
vt 0.498558 -0.884906
vt 0.500974 -0.868664
vt 0.539387 -0.881238
vt 0.583066 -0.858549
vt 0.587626 -0.871947
vt 0.503837 -0.847540
vt 0.577942 -0.841751
vt 0.661551 -0.827244
vt 0.573319 -0.831913
vt 0.507178 -0.835366
vt 0.456573 -0.840576
vt 0.464422 -0.826151
vt 0.236918 -0.885909
vt 0.447874 -0.865290
vt 0.445353 -0.883920
vt 0.280886 -0.789400
vt 0.267703 -0.796246
vt 0.261880 -0.793115
vt 0.283210 -0.826635
vt 0.262746 -0.837199
vt 0.236265 -0.833724
vt 0.254758 -0.812853
vt 0.224098 -0.827966
vt 0.264154 -0.868182
vt 0.291289 -0.842732
vt 0.322581 -0.952422
vt 0.229154 -0.796232
vt 0.211416 -0.800878
vt 0.210715 -0.820518
vt 0.208490 -0.810498
vt 0.216808 -0.805543
vt 0.227085 -0.816405
vt 0.251974 -0.805031
vt 0.273066 -0.798944
vt 0.332082 -0.951783
vt 0.222856 -0.845968
vt 0.082062 -0.793724
vt 0.093056 -0.791432
vt 0.031021 -0.872254
vt 0.089980 -0.787212
vt 0.168065 -0.859710
vt 0.158238 -0.864704
vt 0.228133 -0.717450
vt 0.247677 -0.702159
vt 0.237014 -0.728225
vt 0.259565 -0.750469
vt 0.042681 -0.924001
vt 0.022404 -0.914170
vt 0.055509 -0.949229
vt 0.057348 -0.964313
vt 0.055644 -0.933241
vt 0.292812 -0.744296
vt 0.100301 -0.783518
vt 0.149802 -0.974812
vt 0.141902 -0.967564
vt 0.128817 -0.986368
vt 0.471146 -0.811257
vt 0.104734 -0.794318
vt 0.232175 -0.805252
vt 0.248943 -0.798689
vt 0.247369 -0.789179
vt 0.206769 -0.827425
vt 0.201811 -0.840703
vt 0.247849 -0.862326
vt 0.247311 -0.874613
vt 0.262682 -0.845150
vt 0.338755 -0.959158
vt 0.264386 -0.696625
vt 0.283907 -0.698243
vt 0.418277 -0.946489
vt 0.205933 -0.807775
vt 0.191455 -0.786376
vt 0.173387 -0.815651
vt 0.168073 -0.807124
vt 0.177741 -0.806551
vt 0.198131 -0.811901
vt 0.200063 -0.815771
vt 0.194098 -0.824699
vt 0.173317 -0.826241
vt 0.190622 -0.822829
vt 0.131208 -0.723670
vt 0.108953 -0.710413
vt 0.122499 -0.684069
vt 0.110327 -0.672530
vt 0.118099 -0.656186
vt 0.145825 -0.881874
vt 0.155920 -0.873158
vt 0.029980 -0.887479
vt 0.035954 -0.891055
vt 0.044128 -0.887813
vt 0.040436 -0.892678
vt 0.098976 -0.875555
vt 0.122009 -0.869727
vt 0.042855 -0.907064
vt 0.047168 -0.894407
vt 0.052875 -0.895011
vt 0.043671 -0.895401
vt 0.075223 -0.893166
vt 0.070963 -0.896876
vt 0.066838 -0.890985
vt 0.090230 -0.882671
vt 0.099568 -0.895467
vt 0.100449 -0.901465
vt 0.090831 -0.891928
vt 0.084414 -0.889845
vt 0.059433 -0.897554
vt 0.120855 -0.882797
vt 0.123343 -0.893049
vt 0.117143 -0.888752
vt 0.101662 -0.883399
vt 0.141675 -0.872094
vt 0.107290 -0.893583
vt 0.132314 -0.885247
vt 0.082180 -0.895282
vt 0.172858 -0.865029
vt 0.169796 -0.869829
vt 0.116412 -0.897334
vt 0.063186 -0.807019
vt 0.056370 -0.799307
vt 0.248230 -0.945501
vt 0.291428 -0.689223
vt 0.084455 -0.672545
vt 0.021471 -0.877382
vt 0.028317 -0.872820
vt 0.649751 -0.819943
vt 0.636223 -0.858537
vt 0.297303 -0.809461
vt 0.289494 -0.792351
vt 0.307943 -0.828921
vt 0.900380 -0.283930
vt 0.893696 -0.336228
vt 0.883217 -0.258460
vt 0.892083 -0.376594
vt 0.883217 -0.435658
vt 0.895645 -0.425309
vt 0.970467 -0.629735
vt 0.965862 -0.545378
vt 0.995923 -0.629725
vt 0.995738 -0.368281
vt 0.978437 -0.368324
vt 0.965729 -0.368291
vt 0.879806 -0.433373
vt 0.851649 -0.433373
vt 0.879946 -0.261185
vt 0.851448 -0.265394
vt 0.854432 -0.261185
vt 0.848245 -0.264634
vt 0.848244 -0.435658
vt 0.854432 -0.258460
vt 0.826946 -0.663599
vt 0.914018 -0.526970
vt 0.826946 -0.550780
vt 0.826946 -0.508819
vt 0.826946 -0.276256
vt 0.976442 -0.680895
vt 0.995940 -0.680887
vt 0.995978 -0.750001
vt 0.976479 -0.750012
vt 0.903058 -0.475098
vt 0.688852 -0.706102
vt 0.688852 -0.703113
vt 0.698553 -0.699208
vt 0.701100 -0.706131
vt 0.714754 -0.727848
vt 0.714722 -0.735976
vt 0.688852 -0.727783
vt 0.688852 -0.750796
vt 0.714706 -0.741889
vt 0.714631 -0.750834
vt 0.699002 -0.672888
vt 0.689043 -0.669466
vt 0.689073 -0.664553
vt 0.701267 -0.668598
vt 0.705001 -0.680241
vt 0.708756 -0.679033
vt 0.708699 -0.691856
vt 0.704889 -0.691019
vt 0.902892 -0.247675
vt 0.884756 -0.244665
vt 0.452409 -0.135774
vt 0.454532 -0.146027
vt 0.416325 -0.140099
vt 0.419833 -0.127794
vt 0.729710 -0.103543
vt 0.733836 -0.131188
vt 0.655279 -0.139613
vt 0.645207 -0.106601
vt 0.892220 -0.095322
vt 0.892790 -0.084550
vt 0.958812 -0.070392
vt 0.809404 -0.097588
vt 0.811484 -0.116523
vt 0.441339 -0.028507
vt 0.488402 -0.063445
vt 0.474989 -0.083989
vt 0.369979 -0.044037
vt 0.349365 -0.035374
vt 0.342771 -0.015038
vt 0.491040 -0.136334
vt 0.643410 -0.069119
vt 0.725723 -0.074348
vt 0.808423 -0.074879
vt 0.893677 -0.071862
vt 0.564799 -0.055657
vt 0.552256 -0.096792
vt 0.388510 -0.033735
vt 0.436180 -0.039549
vt 0.403867 -0.075898
vt 0.419207 -0.042293
vt 0.231581 -0.087237
vt 0.236053 -0.063383
vt 0.267126 -0.087678
vt 0.317451 -0.061210
vt 0.283427 -0.087889
vt 0.317958 -0.087854
vt 0.427759 -0.114986
vt 0.454195 -0.127832
vt 0.358935 -0.076374
vt 0.411054 -0.100754
vt 0.318148 -0.046823
vt 0.384915 -0.114096
vt 0.379222 -0.134585
vt 0.345843 -0.044287
vt 0.342223 -0.128473
vt 0.337591 -0.092117
vt 0.512448 -0.106067
vt 0.435058 -0.014985
vt 0.495283 -0.037168
vt 0.563938 -0.115548
vt 0.612987 -0.128212
vt 0.590679 -0.128724
vt 0.619402 -0.141892
vt 0.995997 -0.778131
vt 0.972087 -0.782725
vt 0.313470 -0.115131
vt 0.316920 -0.150049
vt 0.283564 -0.135162
vt 0.291840 -0.132186
vt 0.713917 -0.763906
vt 0.688852 -0.791330
vt 0.954187 -0.769599
vt 0.968556 -0.765095
vt 0.962877 -0.778380
vt 0.296705 -0.116246
vt 0.285391 -0.110999
vt 0.278835 -0.101933
vt 0.277003 -0.095336
vt 0.245564 -0.100801
vt 0.237122 -0.095594
vt 0.266330 -0.099231
vt 0.263349 -0.103463
vt 0.295799 -0.127682
vt 0.431297 -0.916585
vt 0.433784 -0.925276
vt 0.428801 -0.921006
vt 0.447152 -0.965099
vt 0.448298 -0.946061
vt 0.457691 -0.944812
vt 0.441407 -0.914872
vt 0.463895 -0.912209
vt 0.451606 -0.899438
vt 0.462040 -0.892660
vt 0.444016 -0.925477
vt 0.434758 -0.931918
vt 0.442993 -0.898971
vt 0.420913 -0.928151
vt 0.433421 -0.906980
vt 0.448917 -0.922629
vt 0.591408 -0.958413
vt 0.576143 -0.952476
vt 0.581306 -0.926922
vt 0.447547 -0.941660
vt 0.442286 -0.941297
vt 0.441537 -0.935960
vt 0.552422 -0.933323
vt 0.573240 -0.910762
vt 0.470971 -0.947901
vt 0.467998 -0.939482
vt 0.489665 -0.935010
vt 0.490886 -0.944589
vt 0.452597 -0.932989
vt 0.487850 -0.929057
vt 0.467621 -0.930420
vt 0.465760 -0.918942
vt 0.483942 -0.918306
vt 0.504244 -0.926399
vt 0.512913 -0.933865
vt 0.538870 -0.921970
vt 0.514573 -0.978803
vt 0.524349 -0.976695
vt 0.516299 -0.992348
vt 0.513736 -0.946088
vt 0.520328 -0.962347
vt 0.492515 -0.963433
vt 0.533364 -0.959015
vt 0.531594 -0.965532
vt 0.432629 -0.946493
vt 0.619722 -0.935311
vt 0.602944 -0.946528
vt 0.473208 -0.960654
vt 0.535346 -0.981021
vt 0.451277 -0.925426
vt 0.624196 -0.904839
vt 0.560254 -0.950142
vt 0.508046 -0.971482
vt 0.598587 -0.898014
vt 0.609859 -0.891394
vt 0.720896 -0.751166
vt 0.949234 -0.307681
vt 0.949234 -0.791214
vt 0.937988 -0.349781
vt 0.937988 -0.493030
vt 0.937987 -0.602951
vt 0.938148 -0.799046
vt 0.933813 -0.416021
vt 0.038718 -0.903495
vt 0.040810 -0.912108
vt 0.072697 -0.907732
vt 0.746706 -0.693487
vt 0.759466 -0.687644
vt 0.761265 -0.699407
vt 0.580240 -0.142682
vt 0.329276 -0.819014
vt 0.591970 -0.901209
vt 0.740970 -0.801886
vt 0.713334 -0.792720
vt 0.730333 -0.748052
vt 0.730334 -0.714621
vt 0.740968 -0.714608
vt 0.781840 -0.815913
vt 0.783343 -0.802526
vt 0.808784 -0.830716
vt 0.796773 -0.830999
vt 0.761883 -0.946627
vt 0.750154 -0.944444
vt 0.777492 -0.800508
vt 0.773497 -0.813999
vt 0.771056 -0.947989
vt 0.782167 -0.943937
vt 0.783343 -0.715910
vt 0.751482 -0.663599
vt 0.777365 -0.718680
vt 0.981206 -0.243418
vt 0.995370 -0.243358
vt 0.981238 -0.250387
vt 0.731222 -0.671244
vt 0.740230 -0.695857
vt 0.764998 -0.714623
vt 0.764997 -0.801886
vt 0.978437 -0.336348
vt 0.965457 -0.250426
vt 0.965643 -0.336349
vt 0.116960 -0.941411
vt 0.116949 -0.957597
vt 0.080107 -0.957572
vt 0.080119 -0.941386
vt 0.131359 -0.941421
vt 0.131348 -0.957607
vt 0.076420 -0.926984
vt 0.116970 -0.927011
vt 0.065238 -0.957562
vt 0.065249 -0.941376
vt 0.928780 -0.430169
vt 0.913937 -0.426263
vt 0.913937 -0.388306
vt 0.928780 -0.388207
vt 0.060010 -0.047068
vt 0.078443 -0.046979
vt 0.078486 -0.075589
vt 0.965113 -0.828003
vt 0.978418 -0.815643
vt 0.808933 -0.973077
vt 0.800076 -0.981304
vt 0.773148 -0.952313
vt 0.721378 -0.932619
vt 0.767997 -0.819173
vt 0.204466 -0.137385
vt 0.204466 -0.115668
vt 0.235663 -0.115668
vt 0.235663 -0.137383
vt 0.235662 -0.142085
vt 0.209905 -0.142086
vt 0.078501 -0.116501
vt 0.060164 -0.116575
vt 0.060054 -0.075688
vt 0.793250 -0.987645
vt 0.766321 -0.958656
vt 0.786923 -0.993521
vt 0.765586 -0.970552
vt 0.084996 -0.116604
vt 0.097846 -0.114000
vt 0.097696 -0.278279
vt 0.085691 -0.276227
vt 0.082896 -0.312269
vt 0.096579 -0.319447
vt 0.093532 -0.329984
vt 0.073457 -0.318403
vt 0.071612 -0.296468
vt 0.082356 -0.299392
vt 0.176332 -0.164795
vt 0.186971 -0.168761
vt 0.187356 -0.294625
vt 0.176203 -0.292554
vt 0.199125 -0.137185
vt 0.159679 -0.329199
vt 0.163688 -0.340266
vt 0.179994 -0.321215
vt 0.170060 -0.316016
vt 0.122632 -0.106625
vt 0.212088 -0.168761
vt 0.211675 -0.297818
vt 0.201539 -0.332023
vt 0.184204 -0.354949
vt 0.159684 -0.364126
vt 0.086363 -0.353141
vt 0.062553 -0.341113
vt 0.055053 -0.309730
vt 0.044286 -0.332285
vt 0.022300 -0.321788
vt 0.033063 -0.299242
vt 0.060213 -0.276302
vt 0.788724 -0.618460
vt 0.762990 -0.618460
vt 0.767812 -0.609124
vt 0.777510 -0.609126
vt 0.795106 -0.398303
vt 0.788724 -0.401035
vt 0.788724 -0.321955
vt 0.795106 -0.319450
vt 0.795106 -0.530536
vt 0.795106 -0.618460
vt 0.788724 -0.533004
vt 0.815791 -0.529890
vt 0.815791 -0.618460
vt 0.809119 -0.618461
vt 0.809119 -0.529311
vt 0.788724 -0.510224
vt 0.788724 -0.521411
vt 0.762990 -0.530749
vt 0.762990 -0.547383
vt 0.762990 -0.421623
vt 0.762990 -0.336438
vt 0.788724 -0.423873
vt 0.795106 -0.421372
vt 0.795106 -0.507500
vt 0.809119 -0.506123
vt 0.809119 -0.420107
vt 0.815791 -0.420665
vt 0.815791 -0.506491
vt 0.809119 -0.396899
vt 0.809119 -0.318186
vt 0.815791 -0.318749
vt 0.815791 -0.397250
vt 0.801517 -0.295099
vt 0.801517 -0.287985
vt 0.809119 -0.289911
vt 0.809119 -0.295080
vt 0.762990 -0.438367
vt 0.815791 -0.517949
vt 0.809119 -0.517691
vt 0.795106 -0.519274
vt 0.788724 -0.412240
vt 0.815791 -0.408712
vt 0.809119 -0.408470
vt 0.795106 -0.410091
vt 0.788724 -0.299134
vt 0.788724 -0.310319
vt 0.762990 -0.319668
vt 0.815791 -0.295093
vt 0.815791 -0.306759
vt 0.809119 -0.306534
vt 0.795106 -0.308171
vt 0.795106 -0.296427
vt 0.801517 -0.306807
vt 0.801517 -0.318210
vt 0.801517 -0.397041
vt 0.801517 -0.408737
vt 0.801517 -0.420132
vt 0.801517 -0.506249
vt 0.801517 -0.517934
vt 0.801517 -0.529317
vt 0.801517 -0.618460
vt 0.825711 -0.263287
vt 0.823323 -0.254113
vt 0.816814 -0.256647
vt 0.818993 -0.264384
vt 0.818572 -0.245499
vt 0.811760 -0.248418
vt 0.798249 -0.220146
vt 0.790455 -0.222088
vt 0.762990 -0.256430
vt 0.788724 -0.275935
vt 0.777475 -0.235262
vt 0.801449 -0.258743
vt 0.808125 -0.265448
vt 0.795106 -0.282261
vt 0.814050 -0.271566
vt 0.815791 -0.290149
vt 0.822466 -0.271300
vt 0.818624 -0.276290
vt 0.806790 -0.276180
vt 0.799329 -0.273888
vt 0.796896 -0.280030
vt 0.805492 -0.282605
vt 0.791408 -0.269136
vt 0.764726 -0.248584
vt 0.813398 -0.279950
vt 0.507604 -0.350618
vt 0.614649 -0.392177
vt 0.444406 -0.760175
vt 0.611179 -0.212748
vt 0.617535 -0.401983
vt 0.640833 -0.456771
vt 0.647421 -0.753032
vt 0.636952 -0.443321
vt 0.653105 -0.440709
vt 0.656298 -0.454385
vt 0.660989 -0.754309
vt 0.428276 -0.761091
vt 0.485217 -0.364666
vt 0.632858 -0.388878
vt 0.635953 -0.398697
vt 0.681681 -0.756787
vt 0.676569 -0.452853
vt 0.447450 -0.773491
vt 0.440478 -0.781733
vt 0.643820 -0.766049
vt 0.653194 -0.772161
vt 0.657945 -0.783792
vt 0.434321 -0.791533
vt 0.672217 -0.435786
vt 0.650470 -0.386697
vt 0.652780 -0.394195
vt 0.410060 -0.761046
vt 0.465613 -0.366699
vt 0.646020 -0.195073
vt 0.626411 -0.203496
vt 0.481703 -0.268655
vt 0.485277 -0.268655
vt 0.485277 -0.202260
vt 0.481703 -0.202260
vt 0.481703 -0.190034
vt 0.485277 -0.190034
vt 0.481703 -0.273023
vt 0.481703 -0.287123
vt 0.485277 -0.288600
vt 0.485277 -0.273023
vt 0.485277 -0.175345
vt 0.481703 -0.175345
vt 0.722673 -0.264024
vt 0.656538 -0.264039
vt 0.722673 -0.283119
vt 0.719092 -0.291271
vt 0.656538 -0.296294
vt 0.712512 -0.296294
vt 0.491074 -0.288603
vt 0.749582 -0.282454
vt 0.747659 -0.279542
vt 0.744644 -0.286774
vt 0.729556 -0.291380
vt 0.734297 -0.302427
vt 0.749019 -0.294822
vt 0.720279 -0.294574
vt 0.722933 -0.305746
vt 0.714068 -0.306701
vt 0.656538 -0.306714
vt 0.656538 -0.335150
vt 0.725986 -0.335150
vt 0.725733 -0.320805
vt 0.721685 -0.311953
vt 0.722674 -0.219640
vt 0.722674 -0.223179
vt 0.656539 -0.219621
vt 0.543381 -0.287123
vt 0.543381 -0.273023
vt 0.516489 -0.273023
vt 0.516489 -0.287123
vt 0.543381 -0.268655
vt 0.516489 -0.268655
vt 0.543381 -0.202260
vt 0.516489 -0.202260
vt 0.543381 -0.190034
vt 0.516489 -0.190034
vt 0.543381 -0.175345
vt 0.516489 -0.175345
vt 0.543381 -0.152133
vt 0.516489 -0.152133
vt 0.516489 -0.147396
vt 0.543381 -0.147396
vt 0.512915 -0.175345
vt 0.512915 -0.152133
vt 0.485277 -0.152133
vt 0.512915 -0.190034
vt 0.512915 -0.202260
vt 0.512915 -0.268655
vt 0.512915 -0.273023
vt 0.507118 -0.288604
vt 0.491074 -0.334560
vt 0.507118 -0.334561
vt 0.345912 -0.619235
vt 0.376401 -0.629033
vt 0.381783 -0.621477
vt 0.348260 -0.609197
vt 0.384148 -0.639691
vt 0.392536 -0.635170
vt 0.387855 -0.649649
vt 0.397193 -0.648966
vt 0.385777 -0.662575
vt 0.394540 -0.664271
vt 0.382488 -0.674419
vt 0.391284 -0.676923
vt 0.389601 -0.685682
vt 0.394985 -0.686770
vt 0.396961 -0.678029
vt 0.406367 -0.682528
vt 0.412414 -0.669500
vt 0.402886 -0.665889
vt 0.416801 -0.650671
vt 0.406116 -0.650373
vt 0.402973 -0.632450
vt 0.413413 -0.629594
vt 0.404663 -0.608604
vt 0.394329 -0.611364
vt 0.401526 -0.571244
vt 0.390850 -0.573527
vt 0.657297 -0.881807
vt 0.647857 -0.881807
vt 0.647857 -0.920613
vt 0.657297 -0.920613
vt 0.657297 -0.873683
vt 0.647857 -0.873683
vt 0.633900 -0.881807
vt 0.633900 -0.920613
vt 0.647857 -0.992150
vt 0.657297 -0.992150
vt 0.633900 -0.992150
vt 0.671204 -0.881807
vt 0.671254 -0.875232
vt 0.662795 -0.876567
vt 0.657297 -0.864596
vt 0.647857 -0.864596
vt 0.633808 -0.875824
vt 0.642190 -0.876833
vt 0.671204 -0.920613
vt 0.671204 -0.992150
vt 0.861556 -0.983335
vt 0.943885 -0.983335
vt 0.943885 -0.974015
vt 0.861560 -0.974031
vt 0.844360 -0.974018
vt 0.844366 -0.983335
vt 0.848827 -0.983335
vt 0.848826 -0.974019
vt 0.947727 -0.983335
vt 0.947728 -0.974014
vt 0.866031 -0.987807
vt 0.866023 -0.997130
vt 0.943892 -0.997130
vt 0.943887 -0.987807
vt 0.848827 -0.987807
vt 0.848823 -0.997130
vt 0.857711 -0.997130
vt 0.857722 -0.987807
vt 0.695242 -0.894637
vt 0.695242 -0.856017
vt 0.700760 -0.856017
vt 0.700760 -0.888534
vt 0.681689 -0.894578
vt 0.681689 -0.856017
vt 0.681689 -0.850483
vt 0.695242 -0.850483
vt 0.714166 -0.888534
vt 0.714166 -0.856017
vt 0.359814 -0.810366
vt 0.359814 -0.801430
vt 0.327252 -0.801430
vt 0.327252 -0.810366
vt 0.316240 -0.695550
vt 0.316240 -0.748410
vt 0.306115 -0.696125
vt 0.307105 -0.751212
vt 0.305229 -0.749261
vt 0.372735 -0.800529
vt 0.388910 -0.798506
vt 0.388910 -0.788195
vt 0.367566 -0.792526
vt 0.327252 -0.788195
vt 0.318961 -0.801430
vt 0.366566 -0.807174
vt 0.385165 -0.688636
vt 0.405912 -0.742482
vt 0.396501 -0.743728
vt 0.376998 -0.694455
vt 0.334325 -0.743172
vt 0.327252 -0.749261
vt 0.388788 -0.749260
vt 0.368491 -0.743172
vt 0.373226 -0.736728
vt 0.367060 -0.695802
vt 0.367408 -0.723522
vt 0.326365 -0.696125
vt 0.334325 -0.723522
vt 0.388910 -0.778627
vt 0.327252 -0.778627
vt 0.388910 -0.769323
vt 0.327252 -0.769323
vt 0.388910 -0.759985
vt 0.327252 -0.759985
vt 0.325376 -0.769323
vt 0.325376 -0.778627
vt 0.326391 -0.671092
vt 0.326391 -0.675854
vt 0.365459 -0.675854
vt 0.365459 -0.671092
vt 0.365459 -0.668944
vt 0.326391 -0.668944
vt 0.326391 -0.647417
vt 0.326391 -0.651136
vt 0.365450 -0.651136
vt 0.365450 -0.647417
vt 0.365450 -0.664691
vt 0.326391 -0.664691
vt 0.365459 -0.686041
vt 0.326391 -0.686041
vt 0.370791 -0.692636
vt 0.376848 -0.692549
vt 0.367803 -0.686041
vt 0.368567 -0.690086
vt 0.367803 -0.671092
vt 0.367803 -0.675854
vt 0.365450 -0.641083
vt 0.326391 -0.641083
vt 0.324051 -0.671092
vt 0.324050 -0.675854
vt 0.324050 -0.690872
vt 0.324050 -0.686041
vt 0.308429 -0.690872
vt 0.310404 -0.693834
vt 0.326391 -0.655257
vt 0.326391 -0.659804
vt 0.365450 -0.659804
vt 0.365450 -0.655257
vt 0.365459 -0.681095
vt 0.326391 -0.681095
vt 0.367803 -0.681095
vt 0.324050 -0.681095
vt 0.030806 -0.198084
vt 0.030806 -0.207787
vt 0.036460 -0.207787
vt 0.036460 -0.198091
vt 0.030806 -0.148981
vt 0.030806 -0.158875
vt 0.036460 -0.158875
vt 0.036460 -0.148981
vt 0.036460 -0.188352
vt 0.030806 -0.188328
vt 0.036460 -0.178538
vt 0.030806 -0.178557
vt 0.036460 -0.168711
vt 0.030806 -0.168711
vt 0.008059 -0.207787
vt 0.019680 -0.207787
vt 0.019680 -0.198052
vt 0.008059 -0.198043
vt 0.019680 -0.148981
vt 0.008059 -0.148981
vt 0.008059 -0.158875
vt 0.019680 -0.158875
vt 0.019680 -0.188309
vt 0.008059 -0.188286
vt 0.019680 -0.178545
vt 0.008059 -0.178564
vt 0.019680 -0.168711
vt 0.008059 -0.168711
vt 0.028416 -0.198076
vt 0.028416 -0.207787
vt 0.028416 -0.148981
vt 0.028416 -0.158875
vt 0.028416 -0.188326
vt 0.028416 -0.178551
vt 0.028416 -0.168711
vt 0.039241 -0.207787
vt 0.039241 -0.198095
vt 0.039241 -0.158875
vt 0.039241 -0.148981
vt 0.039241 -0.188356
vt 0.039241 -0.178532
vt 0.039241 -0.168711
vt 0.021937 -0.207787
vt 0.021937 -0.198052
vt 0.021937 -0.158875
vt 0.021937 -0.148981
vt 0.021937 -0.188298
vt 0.021937 -0.178552
vt 0.021937 -0.168711
vt 0.047714 -0.207787
vt 0.047714 -0.198116
vt 0.047714 -0.158875
vt 0.047714 -0.148981
vt 0.047714 -0.188371
vt 0.047714 -0.178541
vt 0.047714 -0.168711
vt 0.113329 -0.069785
vt 0.113327 -0.101511
vt 0.104154 -0.103958
vt 0.104154 -0.067344
vt 0.122505 -0.085647
vt 0.120044 -0.094808
vt 0.120050 -0.076486
vt 0.395131 -0.751601
vt 0.400984 -0.747628
vt 0.395131 -0.759985
vt 0.395131 -0.769323
vt 0.395131 -0.798506
vt 0.395131 -0.788195
vt 0.395131 -0.778627
vt 0.325376 -0.787464
vt 0.318962 -0.790063
vt 0.325376 -0.759985
vt 0.325376 -0.751212
vt 0.307802 -0.045071
vt 0.288003 -0.045071
vt 0.290609 -0.040891
vt 0.305246 -0.040891
vt 0.278265 -0.028211
vt 0.283398 -0.028211
vt 0.287517 -0.011212
vt 0.290251 -0.015915
vt 0.307471 -0.011212
vt 0.305032 -0.015915
vt 0.317844 -0.028211
vt 0.312637 -0.028211
vt 0.262721 -0.030118
vt 0.262721 -0.046941
vt 0.219230 -0.046940
vt 0.219230 -0.030118
vt 0.204695 -0.046711
vt 0.204695 -0.030296
vt 0.219231 -0.063916
vt 0.204695 -0.063916
vt 0.204697 -0.049897
vt 0.219230 -0.049890
vt 0.204696 -0.013245
vt 0.219232 -0.013246
vt 0.219230 -0.027043
vt 0.204696 -0.027033
vt 0.263893 -0.027104
vt 0.264367 -0.050065
vt 0.403574 -0.210361
vt 0.403574 -0.151237
vt 0.416871 -0.151237
vt 0.416871 -0.210360
vt 0.431644 -0.151237
vt 0.431644 -0.166187
vt 0.419892 -0.166187
vt 0.419962 -0.151237
vt 0.400570 -0.151237
vt 0.400570 -0.166187
vt 0.389039 -0.166187
vt 0.389039 -0.151237
vt 0.400570 -0.210360
vt 0.419892 -0.210360
vt 0.202732 -0.031038
vt 0.202732 -0.046005
vt 0.202732 -0.063916
vt 0.202732 -0.051867
vt 0.204696 -0.065847
vt 0.219230 -0.065847
vt 0.221177 -0.063916
vt 0.221177 -0.053374
vt 0.221177 -0.023819
vt 0.221177 -0.013246
vt 0.219230 -0.011315
vt 0.204696 -0.011315
vt 0.202732 -0.013246
vt 0.202732 -0.025136
vt 0.263863 -0.023819
vt 0.264344 -0.053374
vt 0.269335 -0.047869
vt 0.265720 -0.045460
vt 0.268989 -0.028958
vt 0.265720 -0.031564
vt 0.019262 -0.391110
vt 0.026277 -0.398126
vt 0.026277 -0.408052
vt 0.002616 -0.393892
vt 0.012535 -0.417849
vt 0.026277 -0.388201
vt 0.026277 -0.371318
vt 0.066456 -0.371318
vt 0.066456 -0.388201
vt 0.066456 -0.398126
vt 0.066456 -0.408052
vt 0.066456 -0.424934
vt 0.026277 -0.424934
vt 0.073470 -0.391110
vt 0.090116 -0.393895
vt 0.080196 -0.417852
vt 0.753099 -0.342474
vt 0.753099 -0.656000
vt 0.745654 -0.656001
vt 0.745654 -0.342474
vt 0.738210 -0.656001
vt 0.738210 -0.342474
vt 0.730766 -0.656001
vt 0.730766 -0.342474
vt 0.723321 -0.656000
vt 0.723321 -0.342474
vt 0.715877 -0.342474
vt 0.715877 -0.655999
vt 0.708694 -0.656002
vt 0.708694 -0.342474
vt 0.322075 -0.693834
vt 0.094978 -0.069784
vt 0.094981 -0.101511
vt 0.085803 -0.085647
vt 0.088258 -0.076486
vt 0.088264 -0.094808
vt 0.698862 -0.356531
vt 0.695506 -0.356531
vt 0.695505 -0.654189
vt 0.698862 -0.654189
vt 0.691274 -0.654189
vt 0.691274 -0.356531
vt 0.687917 -0.356531
vt 0.687917 -0.654189
vt 0.724542 -0.042820
vt 0.710053 -0.042820
vt 0.710054 -0.015501
vt 0.724544 -0.015499
vt 0.745511 -0.022663
vt 0.745491 -0.014868
vt 0.776617 -0.014868
vt 0.776585 -0.022682
vt 0.737716 -0.022652
vt 0.745493 -0.048765
vt 0.737699 -0.048765
vt 0.776568 -0.048783
vt 0.784401 -0.022683
vt 0.784384 -0.048793
vt 0.294869 -0.156468
vt 0.294869 -0.164622
vt 0.262414 -0.164622
vt 0.262414 -0.156468
vt 0.235171 -0.156468
vt 0.235169 -0.164612
vt 0.235173 -0.197064
vt 0.262414 -0.197054
vt 0.322103 -0.156468
vt 0.322103 -0.164622
vt 0.586434 -0.028548
vt 0.612342 -0.028548
vt 0.612342 -0.007589
vt 0.586434 -0.007589
vt 0.565840 -0.007589
vt 0.565840 -0.028548
vt 0.632936 -0.028548
vt 0.632936 -0.007589
vt 0.612342 -0.054457
vt 0.632936 -0.054457
vt 0.683758 -0.015504
vt 0.683760 -0.042822
vt 0.669274 -0.042820
vt 0.669271 -0.015495
vt 0.081535 -0.991836
vt 0.081583 -0.973281
vt 0.111007 -0.973357
vt 0.110959 -0.991912
vt 0.012321 -0.973099
vt 0.030020 -0.973198
vt 0.029972 -0.991649
vt 0.012272 -0.991655
vt 0.061202 -0.973270
vt 0.061154 -0.991742
vt 0.068354 -0.973280
vt 0.068306 -0.991768
vt 0.776589 -0.056598
vt 0.745464 -0.056559
vt 0.227020 -0.197076
vt 0.227013 -0.164604
vt 0.658689 -0.028548
vt 0.658689 -0.007589
vt 0.512915 -0.288600
vt 0.722673 -0.260485
vt 0.828099 -0.174429
vt 0.828099 -0.153805
vt 0.842057 -0.153805
vt 0.842057 -0.174429
vt 0.862680 -0.153805
vt 0.862680 -0.174429
vt 0.876702 -0.153805
vt 0.876702 -0.174429
vt 0.862680 -0.188451
vt 0.842057 -0.188451
vt 0.842057 -0.139850
vt 0.862680 -0.139850
vt 0.965548 -0.859169
vt 0.973892 -0.859169
vt 0.973892 -0.900411
vt 0.965548 -0.900411
vt 0.965548 -0.850827
vt 0.973892 -0.850827
vt 0.982272 -0.859169
vt 0.990615 -0.859169
vt 0.990615 -0.900411
vt 0.982272 -0.900411
vt 0.957242 -0.900411
vt 0.957242 -0.859169
vt 0.714158 -0.945506
vt 0.700751 -0.945501
vt 0.700760 -0.899596
vt 0.714166 -0.899596
vt 0.700735 -0.989081
vt 0.695216 -0.989079
vt 0.695231 -0.950458
vt 0.700747 -0.956564
vt 0.681664 -0.989073
vt 0.681679 -0.950512
vt 0.681662 -0.994607
vt 0.695214 -0.994612
vt 0.714154 -0.956569
vt 0.714141 -0.989086
vt 0.710053 -0.057309
vt 0.683760 -0.057309
vt 0.948726 -0.916369
vt 0.978511 -0.916376
vt 0.978383 -0.957936
vt 0.900023 -0.943606
vt 0.885128 -0.916925
vt 0.933872 -0.889761
vt 0.900023 -0.957936
vt 0.005291 -0.216471
vt 0.015731 -0.216469
vt 0.015730 -0.291739
vt 0.005285 -0.291739
vt 0.026173 -0.291738
vt 0.026175 -0.216470
vt 0.036619 -0.216473
vt 0.036619 -0.291739
vt 0.047065 -0.216472
vt 0.047064 -0.291739
vt 0.052075 -0.216469
vt 0.052077 -0.291743
vt 0.994591 -0.925984
vt 0.994591 -0.995163
vt 0.983542 -0.992347
vt 0.975380 -0.984375
vt 0.975104 -0.962320
vt 0.972292 -0.973385
vt 0.983896 -0.920894
vt 0.848018 -0.956381
vt 0.887587 -0.950893
vt 0.856079 -0.964265
vt 0.866994 -0.967052
vt 0.885603 -0.955923
vt 0.877803 -0.963999
vt 0.057015 -0.766058
vt 0.020024 -0.748827
vt 0.047513 -0.751010
vt 0.040275 -0.743391
vt 0.032608 -0.741905
vt 0.021283 -0.584710
vt 0.005123 -0.746463
vt 0.005123 -0.584710
vt 0.033723 -0.584710
vt 0.047881 -0.584710
vt 0.061511 -0.584710
vt 0.075195 -0.584710
vt 0.075195 -0.735306
vt 0.063651 -0.735295
vt 0.057015 -0.736444
vt 0.007568 -0.761492
vt 0.879827 -0.937382
vt 0.872479 -0.923554
vt 0.042627 -0.795683
vt 0.005858 -0.779034
vt 0.079743 -0.366560
vt 0.108065 -0.366560
vt 0.090293 -0.372266
vt 0.098048 -0.376747
vt 0.142650 -0.464783
vt 0.147659 -0.464783
vt 0.147659 -0.460740
vt 0.142650 -0.460740
vt 0.129459 -0.436325
vt 0.142537 -0.443396
vt 0.139160 -0.433198
vt 0.108065 -0.464783
vt 0.134682 -0.454170
vt 0.108065 -0.436325
vt 0.129459 -0.366661
vt 0.129459 -0.377087
vt 0.129459 -0.425635
vt 0.108065 -0.471002
vt 0.142650 -0.471002
vt 0.147693 -0.453636
vt 0.142650 -0.452125
vt 0.140269 -0.452638
vt 0.044051 -0.470851
vt 0.044099 -0.477540
vt 0.046020 -0.474182
vt 0.167259 -0.444413
vt 0.150018 -0.462733
vt 0.161203 -0.439287
vt 0.032412 -0.456868
vt 0.010108 -0.435258
vt 0.010108 -0.551047
vt 0.032412 -0.551047
vt 0.041462 -0.469844
vt 0.041462 -0.478932
vt 0.146771 -0.390841
vt 0.146771 -0.411881
vt 0.146771 -0.377087
vt 0.041462 -0.454331
vt 0.041462 -0.547087
vt 0.092778 -0.478932
vt 0.092778 -0.547087
vt 0.079873 -0.547087
vt 0.080260 -0.478932
vt 0.080317 -0.470194
vt 0.076745 -0.470194
vt 0.037133 -0.093198
vt 0.007092 -0.093191
vt 0.007100 -0.077294
vt 0.037140 -0.077296
vt 0.037126 -0.105089
vt 0.007085 -0.105081
vt 0.037119 -0.116980
vt 0.022074 -0.116975
vt 0.007077 -0.116974
vt 0.022072 -0.128864
vt 0.007075 -0.128868
vt 0.007079 -0.140763
vt 0.048889 -0.140733
vt 0.048887 -0.128841
vt 0.886903 -0.014250
vt 0.886915 -0.009870
vt 0.900735 -0.015646
vt 0.897646 -0.018654
vt 0.906110 -0.029486
vt 0.901774 -0.029363
vt 0.899936 -0.043304
vt 0.896880 -0.040095
vt 0.885603 -0.048929
vt 0.885658 -0.044606
vt 0.868017 -0.017404
vt 0.860804 -0.017266
vt 0.863010 -0.014449
vt 0.865753 -0.014451
vt 0.802324 -0.013485
vt 0.817511 -0.007193
vt 0.817471 -0.016678
vt 0.808256 -0.020419
vt 0.832728 -0.013559
vt 0.826698 -0.020421
vt 0.839606 -0.030217
vt 0.830852 -0.030258
vt 0.826893 -0.039973
vt 0.832942 -0.046808
vt 0.817510 -0.053366
vt 0.817471 -0.043899
vt 0.802037 -0.046860
vt 0.808042 -0.039983
vt 0.795278 -0.030153
vt 0.804045 -0.030251
vt 0.076745 -0.575117
vt 0.087551 -0.571832
vt 0.092511 -0.559810
vt 0.088837 -0.550767
vt 0.930139 -0.060648
vt 0.935465 -0.053053
vt 0.921037 -0.043012
vt 0.916239 -0.050819
vt 0.928260 -0.015911
vt 0.956792 -0.015924
vt 0.928260 -0.030851
vt 0.956804 -0.024772
vt 0.964678 -0.024772
vt 0.993222 -0.030851
vt 0.914534 -0.049568
vt 0.914534 -0.034551
vt 0.922797 -0.040145
vt 0.943946 -0.042574
vt 0.936659 -0.034415
vt 0.945695 -0.033086
vt 0.945695 -0.039783
vt 0.026869 -0.026660
vt 0.026874 -0.039163
vt 0.007102 -0.039162
vt 0.007101 -0.026659
vt 0.037142 -0.072126
vt 0.007103 -0.072125
vt 0.007105 -0.069286
vt 0.037144 -0.069287
vt 0.156350 -0.395203
vt 0.156350 -0.404503
vt 0.186240 -0.404502
vt 0.186240 -0.395203
vt 0.186240 -0.385904
vt 0.156351 -0.385904
vt 0.156350 -0.379642
vt 0.186240 -0.379642
vt 0.186240 -0.410816
vt 0.156350 -0.410816
vt 0.082722 -0.471264
vt 0.082663 -0.477930
vt 0.084597 -0.474631
vt 0.048908 -0.006175
vt 0.048906 -0.026670
vt 0.007098 -0.006168
vt 0.037141 -0.074305
vt 0.007102 -0.074305
vt 0.007106 -0.057111
vt 0.023082 -0.057112
vt 0.023252 -0.059896
vt 0.007106 -0.059896
vt 0.037146 -0.059896
vt 0.850392 -0.007768
vt 0.853892 -0.007776
vt 0.850225 -0.029235
vt 0.847958 -0.010522
vt 0.862789 -0.038427
vt 0.871150 -0.029473
vt 0.875886 -0.018722
vt 0.928260 -0.033086
vt 0.089495 -0.573332
vt 0.089487 -0.575117
vt 0.048916 -0.054190
vt 0.048914 -0.057114
vt 0.007106 -0.054186
vt 0.956798 -0.012942
vt 0.928260 -0.006206
vt 0.960740 -0.006206
vt 0.993222 -0.006206
vt 0.964686 -0.012942
vt 0.048913 -0.039163
vt 0.875251 -0.040221
vt 0.958635 -0.018035
vt 0.962849 -0.018035
vt 0.098048 -0.401361
vt 0.098048 -0.425974
vt 0.156055 -0.434932
vt 0.143792 -0.447956
vt 0.079757 -0.372266
vt 0.032412 -0.435258
vt 0.079743 -0.436162
vt 0.090293 -0.430456
vt 0.146771 -0.425635
vt 0.053980 -0.478932
vt 0.054368 -0.547087
vt 0.053923 -0.470194
vt 0.057494 -0.470194
vt 0.057494 -0.575117
vt 0.046690 -0.571832
vt 0.041729 -0.559810
vt 0.045402 -0.550767
vt 0.993222 -0.015911
vt 0.964691 -0.015924
vt 0.975788 -0.039783
vt 0.975788 -0.033086
vt 0.984824 -0.034415
vt 0.977538 -0.042574
vt 0.051576 -0.477930
vt 0.051518 -0.471264
vt 0.049642 -0.474631
vt 0.993222 -0.033086
vt 0.044753 -0.575117
vt 0.044745 -0.573332
vt 0.079757 -0.430456
vt 0.975788 -0.059460
vt 0.945695 -0.059460
vt 0.057494 -0.467254
vt 0.076745 -0.467254
vt 0.907729 -0.131103
vt 0.892227 -0.131103
vt 0.892229 -0.116775
vt 0.907729 -0.105508
vt 0.941505 -0.120130
vt 0.858434 -0.116775
vt 0.858437 -0.120130
vt 0.941505 -0.105508
vt 0.990780 -0.131103
vt 0.975281 -0.131103
vt 0.975281 -0.105508
vt 0.990781 -0.116775
vt 0.777484 -0.550112
vt 0.767839 -0.550122
vt 0.427025 -0.579353
vt 0.413655 -0.579273
vt 0.416883 -0.577793
vt 0.424239 -0.577855
vt 0.424196 -0.512347
vt 0.427025 -0.510928
vt 0.416865 -0.512416
vt 0.413647 -0.511033
vt 0.172667 -0.003760
vt 0.187299 -0.009184
vt 0.182627 -0.014614
vt 0.172378 -0.011476
vt 0.180788 -0.107979
vt 0.174471 -0.106108
vt 0.178157 -0.090491
vt 0.185044 -0.093970
vt 0.163622 -0.104497
vt 0.163491 -0.091771
vt 0.157914 -0.105167
vt 0.156742 -0.095036
vt 0.148383 -0.109816
vt 0.141974 -0.096906
vt 0.186182 -0.065642
vt 0.180707 -0.063974
vt 0.186874 -0.019641
vt 0.193058 -0.019670
vt 0.128910 -0.014552
vt 0.138054 -0.011496
vt 0.147555 -0.013134
vt 0.157172 -0.061545
vt 0.151777 -0.062326
vt 0.151777 -0.017900
vt 0.157172 -0.017553
vt 0.128917 -0.067428
vt 0.161923 -0.013287
vt 0.157853 -0.007765
vt 0.125301 -0.019925
vt 0.592985 -0.205345
vt 0.586380 -0.205345
vt 0.586380 -0.154269
vt 0.592961 -0.154269
vt 0.579977 -0.205345
vt 0.579811 -0.154269
vt 0.573682 -0.205345
vt 0.573253 -0.154269
vt 0.567394 -0.205345
vt 0.566711 -0.154269
vt 0.561009 -0.205345
vt 0.560176 -0.154269
vt 0.554438 -0.205345
vt 0.553638 -0.154269
vt 0.577213 -0.228738
vt 0.580639 -0.228738
vt 0.573770 -0.228738
vt 0.570329 -0.228738
vt 0.566910 -0.228738
vt 0.563586 -0.228738
vt 0.583973 -0.228738
vt 0.573813 -0.243944
vt 0.945748 -0.291274
vt 0.936444 -0.291274
vt 0.936687 -0.219244
vt 0.945848 -0.219244
vt 0.927311 -0.291274
vt 0.927530 -0.219244
vt 0.918167 -0.291274
vt 0.918374 -0.219244
vt 0.909223 -0.219244
vt 0.908859 -0.291274
vt 0.936842 -0.325011
vt 0.932017 -0.325011
vt 0.927160 -0.325011
vt 0.922305 -0.325011
vt 0.917483 -0.325011
vt 0.927077 -0.345987
vt 0.394897 -0.239187
vt 0.400057 -0.240356
vt 0.392854 -0.298529
vt 0.403771 -0.243290
vt 0.402216 -0.299359
vt 0.429092 -0.243279
vt 0.426932 -0.300030
vt 0.394897 -0.230892
vt 0.400057 -0.230892
vt 0.309631 -0.297725
vt 0.310579 -0.239187
vt 0.310579 -0.230892
vt 0.394897 -0.225087
vt 0.310579 -0.225087
vt 0.310579 -0.217084
vt 0.394897 -0.217084
vt 0.394897 -0.212469
vt 0.390654 -0.212469
vt 0.323767 -0.204764
vt 0.323767 -0.195595
vt 0.390654 -0.195595
vt 0.323767 -0.190844
vt 0.323767 -0.175064
vt 0.390654 -0.175064
vt 0.305533 -0.239906
vt 0.301900 -0.242628
vt 0.301701 -0.250283
vt 0.300287 -0.296791
vt 0.276310 -0.296043
vt 0.278427 -0.250287
vt 0.305533 -0.230892
vt 0.274173 -0.242755
vt 0.274173 -0.216725
vt 0.278427 -0.227976
vt 0.278427 -0.216725
vt 0.310579 -0.204764
vt 0.310579 -0.212469
vt 0.286246 -0.190844
vt 0.295339 -0.190844
vt 0.295339 -0.216972
vt 0.286246 -0.216972
vt 0.274173 -0.207795
vt 0.278427 -0.207795
vt 0.274327 -0.392177
vt 0.251893 -0.387494
vt 0.270273 -0.338067
vt 0.293108 -0.342571
vt 0.247593 -0.444948
vt 0.227791 -0.434817
vt 0.198316 -0.481798
vt 0.217396 -0.493866
vt 0.182204 -0.539838
vt 0.163718 -0.525799
vt 0.131291 -0.557343
vt 0.207434 -0.653522
vt 0.256519 -0.603981
vt 0.233150 -0.661251
vt 0.214246 -0.661285
vt 0.301207 -0.551423
vt 0.322172 -0.564513
vt 0.275556 -0.619971
vt 0.343487 -0.487037
vt 0.365999 -0.496118
vt 0.376666 -0.417174
vt 0.400917 -0.422992
vt 0.393814 -0.358358
vt 0.418294 -0.361505
vt 0.384732 -0.356380
vt 0.302325 -0.345053
vt 0.368091 -0.413834
vt 0.282955 -0.395992
vt 0.255798 -0.449549
vt 0.335422 -0.482505
vt 0.293784 -0.545897
vt 0.225178 -0.499244
vt 0.249623 -0.597671
vt 0.189258 -0.546186
vt 0.200694 -0.646791
vt 0.146654 -0.585869
vt 0.140378 -0.579086
vt 0.193633 -0.653062
vt 0.139591 -0.592128
vt 0.129624 -0.567249
vt 0.286246 -0.175064
vt 0.295339 -0.175064
vt 0.240327 -0.227976
vt 0.244580 -0.216725
vt 0.244580 -0.242755
vt 0.240343 -0.250287
vt 0.240327 -0.216725
vt 0.240327 -0.207795
vt 0.244580 -0.207795
vt 0.164406 -0.678976
vt 0.157334 -0.685235
vt 0.103323 -0.624287
vt 0.110383 -0.618024
vt 0.429092 -0.194339
vt 0.449507 -0.194339
vt 0.429092 -0.212449
vt 0.469823 -0.212449
vt 0.469823 -0.194339
vt 0.429092 -0.217343
vt 0.469823 -0.243279
vt 0.469823 -0.217343
vt 0.466232 -0.303821
vt 0.456420 -0.369685
vt 0.436877 -0.436622
vt 0.399748 -0.514892
vt 0.353221 -0.587335
vt 0.304053 -0.646269
vt 0.260854 -0.689387
vt 0.212668 -0.674885
vt 0.183792 -0.700487
vt 0.171257 -0.686595
vt 0.200377 -0.660777
vt 0.099548 -0.605749
vt 0.128701 -0.579901
vt 0.092783 -0.598072
vt 0.121890 -0.572266
vt 0.104755 -0.530550
vt 0.135028 -0.500179
vt 0.166997 -0.459672
vt 0.194655 -0.415951
vt 0.217171 -0.372225
vt 0.233681 -0.328689
vt 0.238842 -0.292515
vt 0.259376 -0.242755
# 1796 texture coordinates

vn -0.010061 -0.005995 0.999931
vn 0.070251 -0.195995 0.978085
vn 0.211998 -0.112364 0.970789
vn 0.050046 -0.148250 0.987683
vn -0.107349 -0.359868 0.926807
vn 0.070528 -0.068731 0.995139
vn 0.039813 0.374769 0.926263
vn -0.061893 0.800915 0.595570
vn -0.169774 0.793564 0.584322
vn -0.145139 0.336125 0.930567
vn -0.285630 0.314666 0.905207
vn -0.197200 0.788704 0.582287
vn 0.059016 0.807831 0.586452
vn 0.068236 0.247262 0.966543
vn 0.266560 0.533933 0.802410
vn 0.121530 0.798324 0.589838
vn -0.166004 0.965608 0.200110
vn -0.017818 0.992873 0.117835
vn -0.006003 0.185338 0.982656
vn -0.109435 0.302649 0.946799
vn 0.122014 0.962988 0.240349
vn 0.001497 0.390806 0.920472
vn -0.381697 0.497257 0.779130
vn -0.047048 0.259915 0.964485
vn 0.594293 -0.389490 0.703643
vn 0.526300 -0.374104 0.763580
vn 0.345216 -0.045640 0.937413
vn 0.157177 0.426920 0.890525
vn 0.129447 0.025990 0.991246
vn 0.305779 0.155665 0.939291
vn 0.286689 0.008776 0.957983
vn 0.227256 0.079410 0.970592
vn 0.333562 0.708093 0.622367
vn 0.157658 0.809234 0.565936
vn 0.309482 0.901819 0.301568
vn 0.071865 0.946557 0.314428
vn -0.907883 0.337137 -0.249172
vn -0.919442 0.085567 -0.383802
vn -0.489311 -0.045889 -0.870901
vn -0.849039 0.431927 0.304255
vn -0.999935 -0.005380 -0.010093
vn -0.712914 0.667365 0.215356
vn -0.069328 -0.395458 -0.915864
vn -0.009663 0.868566 0.495480
vn -0.008269 0.949178 0.314631
vn -0.009636 0.870873 0.491413
vn -0.011417 0.436304 0.899727
vn -0.011287 0.602992 0.797667
vn 0.290607 0.319307 0.901993
vn -0.007828 -0.008192 0.999936
vn 0.235026 0.094559 0.967379
vn -0.009831 0.191636 0.981417
vn -0.013839 0.626498 0.779300
vn -0.001768 0.061498 0.998106
vn -0.003738 0.055086 0.998475
vn -0.057518 -0.189872 0.980123
vn -0.097651 0.978250 -0.183008
vn 0.021678 0.997833 0.062125
vn -0.064478 0.997425 -0.031403
vn -0.095886 0.977222 -0.189324
vn 0.152627 0.977874 -0.143066
vn -0.005086 0.981987 -0.188879
vn 0.161673 0.900953 -0.402672
vn 0.510774 0.498812 -0.700212
vn 0.572274 0.818591 -0.049103
vn -0.150292 0.988019 0.035072
vn 0.110357 0.985130 -0.131679
vn 0.000326 0.869138 -0.494569
vn -0.595764 0.397904 -0.697665
vn -0.440449 0.482980 -0.756792
vn -0.453865 0.728463 -0.513175
vn 0.289991 0.906250 -0.307598
vn -0.038357 0.152851 0.987505
vn 0.165595 -0.076435 0.983227
vn 0.207285 0.375824 0.903210
vn 0.007607 0.404531 0.914493
vn -0.139240 0.107334 0.984424
vn -0.236531 -0.076630 0.968597
vn -0.193281 -0.404111 0.894057
vn 0.182140 -0.387804 0.903567
vn -0.412308 -0.065373 0.908696
vn -0.236124 0.066764 0.969427
vn 0.278160 -0.211514 0.936957
vn 0.277978 0.111080 0.954143
vn 0.066354 0.480638 0.874405
vn 0.064717 0.402553 0.913106
vn 0.343318 0.180304 0.921750
vn 0.011422 -0.959944 0.279959
vn -0.041697 -0.838124 0.543884
vn 0.097497 -0.993446 -0.059657
vn -0.301958 -0.462606 0.833557
vn -0.080483 -0.700712 0.708890
vn -0.384864 -0.255020 0.887043
vn -0.096670 -0.152582 0.983552
vn -0.056353 -0.349426 0.935268
vn 0.125641 -0.324566 0.937481
vn -0.632324 0.074479 0.771116
vn -0.581370 0.280339 0.763819
vn -0.289215 0.269060 0.918674
vn -0.322824 0.655427 0.682789
vn -0.832079 0.524711 -0.179785
vn -0.716685 -0.068031 0.694071
vn -0.199660 -0.031713 0.979352
vn -0.023847 -0.125480 0.991810
vn -0.030570 -0.711467 -0.702055
vn -0.050343 -0.993099 -0.105920
vn 0.023840 0.586945 0.809276
vn 0.002088 0.334337 0.942451
vn -0.028730 0.752694 0.657744
vn -0.063421 0.809011 0.584362
vn 0.031246 -0.711203 0.702292
vn -0.043429 0.239293 0.969976
vn -0.014156 0.244597 0.969521
vn 0.041882 -0.708409 0.704559
vn 0.125926 -0.741901 0.658579
vn -0.040488 0.336036 0.940979
vn -0.132121 0.407846 0.903441
vn -0.183034 0.680583 0.709440
vn -0.214013 0.219427 0.951867
vn 0.039077 0.132003 0.990479
vn -0.017956 0.329449 0.944003
vn -0.361293 0.171413 0.916561
vn -0.318629 0.382356 0.867341
vn 0.367233 -0.213170 0.905372
vn 0.689070 0.004958 0.724678
vn 0.002547 -0.966166 -0.257909
vn 0.080873 -0.992149 -0.095395
vn -0.390998 -0.808247 -0.440292
vn -0.547858 -0.801987 -0.238051
vn 0.073339 -0.204784 0.976056
vn 0.496154 -0.567643 0.656973
vn 0.345342 0.224702 -0.911179
vn 0.565876 0.823759 0.034723
vn 0.173838 0.206680 0.962842
vn -0.086953 -0.758311 0.646068
vn -0.254846 -0.938888 -0.231392
vn 0.372806 0.162780 0.913520
vn 0.425788 -0.016554 0.904672
vn 0.173979 0.160853 0.971523
vn 0.007454 0.250188 0.968169
vn 0.273882 -0.636430 0.721073
vn 0.589735 -0.577611 0.564427
vn 0.293372 -0.950826 -0.099311
vn 0.092138 -0.153564 0.983834
vn 0.106302 0.455903 0.883659
vn 0.106061 0.105229 0.988776
vn -0.023490 -0.304893 0.952097
vn 0.012159 -0.407344 0.913194
vn 0.161080 0.411227 0.897188
vn 0.131804 -0.283646 0.949828
vn 0.368475 -0.229114 0.900962
vn -0.439109 -0.431466 0.788049
vn -0.289424 -0.430736 0.854810
vn -0.144019 -0.229505 0.962593
vn 0.387978 0.595899 0.703120
vn 0.198138 0.597346 0.777122
vn 0.125235 0.549345 0.826158
vn 0.059798 0.744780 0.664625
vn 0.119866 0.560595 0.819369
vn -0.108818 0.584393 0.804142
vn 0.103545 0.877365 0.468518
vn -0.069088 0.817613 0.571608
vn -0.045250 0.781870 0.621797
vn -0.141578 0.524027 0.839852
vn -0.124789 0.521921 0.843817
vn 0.066993 0.854181 0.515642
vn 0.200953 0.484722 0.851271
vn -0.030239 0.637701 0.769690
vn 0.107171 0.325033 0.939611
vn 0.263901 0.069620 0.962034
vn -0.115564 0.802906 0.584796
vn -0.029177 0.850587 0.525024
vn 0.734165 0.152290 0.661672
vn 0.482839 0.081481 0.871910
vn 0.237732 0.460906 0.855014
vn 0.109968 0.632093 0.767050
vn 0.504282 0.442466 0.741568
vn 0.206165 0.858684 0.469210
vn 0.335704 0.600927 0.725390
vn 0.377020 -0.023542 0.925906
vn 0.377165 0.251180 0.891434
vn 0.482023 -0.199087 0.853240
vn 0.167527 -0.186053 0.968152
vn 0.335030 0.150279 0.930146
vn 0.380831 0.243139 0.892105
vn 0.180001 -0.701648 0.689413
vn 0.088958 0.145231 0.985390
vn 0.630543 -0.317853 0.708085
vn 0.600520 0.027697 0.799130
vn 0.584215 -0.462534 0.666899
vn 0.893864 -0.150728 0.422242
vn 0.894905 -0.173083 0.411323
vn 0.759837 -0.573690 0.305823
vn 0.779975 -0.517450 0.351973
vn 0.612309 -0.421260 0.669042
vn 0.757129 0.542062 -0.364587
vn 0.817680 0.459738 -0.346468
vn 0.512430 0.344411 0.786636
vn 0.357639 -0.430062 0.828940
vn 0.360507 -0.196984 0.911719
vn 0.461534 -0.123881 0.878430
vn 0.228333 0.867086 0.442748
vn 0.148786 -0.077549 0.985824
vn 0.341866 -0.244712 0.907328
vn 0.385455 0.000295 0.922727
vn 0.868763 0.453834 0.198203
vn 0.079653 -0.127888 0.988585
vn 0.012691 -0.433026 0.901292
vn 0.050815 0.414737 0.908521
vn 0.119723 0.435846 0.892023
vn 0.144463 0.298778 0.943325
vn 0.031070 0.567254 0.822957
vn 0.031982 0.702309 0.711154
vn 0.020023 0.714795 0.699047
vn 0.074710 0.545904 0.834510
vn -0.103474 0.808420 0.579440
vn -0.148254 0.873590 0.463531
vn 0.288257 0.090632 0.953254
vn 0.154942 0.111056 0.981662
vn 0.205567 0.364066 0.908404
vn 0.008067 -0.584137 0.811615
vn -0.134899 -0.572150 0.808979
vn -0.302420 0.779971 0.547893
vn -0.165660 -0.430461 0.887277
vn -0.446897 -0.312548 0.838210
vn -0.048062 0.053080 0.997433
vn -0.597458 0.176061 0.782334
vn -0.040440 0.544705 0.837652
vn 0.043491 -0.002514 0.999051
vn 0.402112 0.397216 0.824940
vn -0.008972 -0.100141 0.994933
vn 0.046590 0.094169 0.994466
vn 0.331807 0.446918 0.830763
vn 0.731221 -0.437393 0.523453
vn 0.508014 -0.072473 0.858294
vn 0.459866 -0.427402 0.778364
vn -0.199417 0.582484 0.788001
vn -0.012889 0.930102 0.367076
vn -0.629900 0.695370 0.345957
vn -0.605518 0.735485 0.303989
vn -0.210472 -0.376252 0.902295
vn -0.025089 -0.058138 0.997993
vn -0.363249 -0.228475 0.903244
vn 0.079281 -0.316386 0.945312
vn -0.153874 -0.988000 0.013378
vn -0.060734 -0.661074 0.747858
vn -0.027803 -0.747657 0.663502
vn 0.064562 -0.045481 0.996877
vn -0.440582 -0.261304 0.858841
vn 0.352220 0.668059 0.655468
vn 0.869591 -0.051785 0.491050
vn 0.842191 -0.009171 0.539102
vn 0.563883 0.025037 0.825475
vn -0.111017 0.406412 0.906921
vn 0.037976 -0.946707 0.319848
vn 0.023230 -0.961898 0.272419
vn 0.188617 -0.676999 0.711405
vn -0.053837 -0.947568 0.314987
vn -0.116096 -0.966922 0.227118
vn 0.104822 -0.969567 0.221250
vn 0.011970 0.983855 0.178564
vn 0.037214 0.319501 0.946855
vn 0.103612 0.653759 0.749576
vn -0.010157 0.974670 0.223419
vn 0.000893 0.947200 0.320643
vn 0.298451 0.916347 0.266901
vn 0.312055 0.920015 0.237053
vn -0.029632 -0.947011 0.319832
vn -0.028847 -0.947520 0.318393
vn -0.340511 0.896243 0.284256
vn 0.112318 0.221684 0.968628
vn -0.250726 0.951106 0.180373
vn 0.293523 0.005571 0.955936
vn 0.291131 0.345314 0.892189
vn 0.623887 0.703718 0.339921
vn 0.463258 0.855039 0.233024
vn 0.441366 -0.889095 0.121267
vn 0.394972 -0.301960 0.867651
vn 0.177429 -0.947178 0.267155
vn 0.172690 -0.953842 0.245689
vn 0.294720 -0.875973 0.381852
vn -0.068914 -0.576726 0.814026
vn -0.107045 -0.469185 0.876588
vn 0.643713 -0.355819 0.677515
vn 0.174060 -0.668946 0.722644
vn 0.002005 -0.637591 0.770372
vn 0.010457 -0.944712 -0.327734
vn 0.377371 -0.923363 -0.070660
vn -0.076578 -0.216324 0.973314
vn -0.058891 0.031114 0.997779
vn -0.100767 -0.367609 0.924505
vn 0.060645 -0.578288 0.813576
vn -0.013221 -0.284155 0.958687
vn -0.003845 -0.539376 0.842056
vn -0.053942 -0.208017 0.976637
vn -0.047354 -0.490553 0.870124
vn -0.072480 0.336029 0.939059
vn -0.032993 0.275807 0.960647
vn -0.019834 0.249292 0.968225
vn -0.023126 0.516143 0.856190
vn -0.189243 0.853506 0.485505
vn -0.159405 0.481339 0.861918
vn -0.151331 0.809240 0.567653
vn 0.205430 0.929969 0.304888
vn 0.204031 0.929663 0.306754
vn -0.022782 -0.231035 0.972679
vn 0.030529 -0.644234 0.764219
vn -0.419699 -0.005985 0.907644
vn -0.422939 0.001152 0.906157
vn -0.321158 0.190128 0.927744
vn -0.281965 -0.691347 0.665233
vn -0.408226 -0.365123 0.836682
vn -0.459866 -0.411177 0.787056
vn -0.301125 -0.436785 0.847669
vn -0.435901 -0.532866 0.725289
vn 0.932106 0.105174 0.346578
vn 0.821521 0.529024 0.212688
vn 0.835593 0.218819 0.503887
vn 0.850029 0.372924 0.371992
vn 0.426082 0.865504 0.263358
vn -0.260362 0.737692 0.622914
vn -0.214431 0.687145 0.694155
vn 0.601772 0.680008 0.418878
vn 0.572173 0.524698 0.630325
vn 0.004786 0.527622 0.849466
vn 0.734856 -0.642674 0.216696
vn 0.129287 0.934431 0.331849
vn 0.118312 0.938123 0.325465
vn -0.715855 0.461038 0.524401
vn -0.331435 0.017210 0.943321
vn -0.295362 0.041651 0.954477
vn -0.121796 -0.101673 0.987334
vn -0.449892 -0.436887 0.778927
vn -0.294482 -0.098964 0.950519
vn -0.385107 -0.257127 0.886329
vn -0.367012 0.088027 0.926042
vn -0.509615 -0.195968 0.837788
vn 0.585360 0.763740 0.272129
vn 0.499141 0.752506 0.429643
vn -0.130783 0.387804 0.912416
vn -0.783145 -0.149889 0.603504
vn -0.827363 -0.406760 0.387320
vn -0.341052 -0.294848 0.892608
vn -0.752202 0.319482 0.576301
vn 0.127213 0.708979 0.693661
vn 0.152429 0.663928 0.732097
vn 0.526714 -0.834161 0.163546
vn 0.007421 0.947041 0.321025
vn 0.105298 0.639131 0.761855
vn -0.104764 -0.180435 0.977992
vn 0.213311 -0.424369 0.880005
vn 0.181028 0.049872 0.982213
vn 0.126152 0.088771 0.988031
vn 0.279760 -0.868735 0.408698
vn 0.240437 -0.715487 0.655949
vn -0.319832 -0.685210 -0.654366
vn 0.346064 0.228221 -0.910030
vn 0.333514 0.222607 -0.916087
vn 0.077382 -0.993254 -0.086365
vn -0.031765 -0.967248 -0.251838
vn 0.318563 0.689666 0.650291
vn 0.306824 0.727733 0.613403
vn -0.332648 -0.784809 0.522897
vn -0.536806 -0.785625 -0.307624
vn 0.712835 0.057442 0.698975
vn 0.972293 0.144754 0.183553
vn 0.200308 0.863336 0.463171
vn 0.269926 -0.526422 -0.806238
vn 0.401328 -0.676032 -0.617994
vn 0.581563 -0.421487 -0.695797
vn -0.194033 0.644700 -0.739401
vn 0.054845 0.627451 0.776722
vn -0.278796 0.138099 0.950369
vn -0.304936 0.149134 0.940624
vn -0.304862 0.251875 0.918487
vn -0.180673 -0.507589 0.842443
vn -0.238646 -0.508224 0.827501
vn -0.173944 -0.958826 0.224490
vn -0.208142 -0.958835 0.193163
vn -0.693093 0.115289 0.711569
vn -0.398987 -0.197563 0.895421
vn -0.477692 -0.002069 0.878525
vn -0.393827 -0.325376 0.859669
vn 0.077491 -0.440687 0.894310
vn -0.074989 -0.288453 0.954553
vn -0.190013 0.862314 0.469372
vn -0.573290 0.673949 -0.465975
vn -0.593484 0.717184 -0.365271
vn -0.490730 0.269875 0.828463
vn -0.397397 -0.310712 0.863443
vn -0.193219 0.326384 0.925278
vn 0.198167 0.126176 0.972013
vn 0.251081 0.042466 0.967034
vn 0.084156 0.092106 0.992187
vn -0.403678 -0.436341 0.804146
vn -0.355625 -0.295333 0.886741
vn -0.383177 -0.596991 0.704824
vn 0.262209 -0.219486 0.939719
vn -0.280801 -0.383460 0.879835
vn 0.919069 -0.250013 0.304640
vn -0.257685 -0.539979 -0.801262
vn 0.326302 0.181733 -0.927631
vn -0.622720 -0.467719 0.627263
vn 0.581512 -0.266804 0.768544
vn 0.281738 -0.412383 0.866351
vn 0.551383 -0.828581 0.097108
vn 0.458750 -0.722630 0.517063
vn 0.292318 -0.679274 0.673155
vn 0.468043 -0.594256 0.654060
vn -0.036795 -0.451568 0.891478
vn 0.283934 -0.734901 0.615875
vn 0.103634 -0.101660 0.989407
vn 0.652348 -0.346982 0.673829
vn -0.115670 -0.508622 0.853185
vn 0.438000 -0.060254 0.896953
vn -0.021352 -0.287834 0.957442
vn 0.428888 -0.108631 0.896802
vn -0.149805 -0.486523 0.860729
vn 0.245276 -0.580129 0.776717
vn -0.056295 -0.419556 0.905982
vn -0.019149 -0.295573 0.955128
vn 0.239974 -0.329412 0.913181
vn -0.194139 -0.430628 0.881402
vn -0.216297 -0.321053 0.922031
vn -0.268910 -0.347380 0.898340
vn -0.429847 -0.158119 0.888949
vn -0.356094 -0.229923 0.905722
vn -0.136030 -0.475677 0.869038
vn 0.287262 -0.555594 0.780253
vn -0.082137 -0.420308 0.903656
vn 0.465240 -0.648270 0.602742
vn -0.211570 -0.143741 0.966735
vn -0.184405 -0.175616 0.967034
vn -0.009726 -0.621744 0.783160
vn 0.035269 -0.518621 0.854277
vn 0.006176 0.525957 0.850489
vn 0.206946 0.629657 0.748803
vn 0.465476 0.498931 0.731027
vn 0.017852 -0.394387 0.918771
vn -0.034470 -0.243486 0.969292
vn 0.057354 -0.782598 -0.619879
vn -0.430616 0.177854 -0.884838
vn 0.514327 0.579039 0.632599
vn 0.176185 0.842803 0.508568
vn 0.463554 -0.383347 0.798851
vn -0.036574 -0.242425 0.969481
vn 0.105985 -0.226524 0.968222
vn 0.014356 -0.326090 0.945230
vn -0.048714 -0.995018 0.086988
vn -0.205697 0.250178 -0.946097
vn -0.620427 0.468243 0.629141
vn -0.007359 0.978083 0.208086
vn -0.451054 0.173551 0.875460
vn 0.268573 0.007140 -0.963233
vn 0.123916 0.087638 -0.988415
vn -0.001023 0.389102 0.921194
vn -0.084300 -0.423795 0.901827
vn -0.481876 -0.092622 0.871331
vn -0.236596 -0.195120 0.951814
vn -0.406735 0.265582 0.874090
vn 0.505141 0.473164 0.721768
vn -0.322061 -0.164416 0.932333
vn 0.401141 -0.406133 0.821061
vn 0.005437 -0.999968 -0.005914
vn 0.096958 -0.995276 -0.004965
vn 0.572800 -0.572431 0.586705
vn 0.562827 0.579035 0.589868
vn -0.274683 -0.542120 0.794138
vn -0.291800 0.607948 0.738412
vn -0.922119 0.322709 0.213436
vn -0.005675 0.999966 0.006042
vn 0.129096 0.135982 0.982264
vn -0.999708 -0.006448 -0.023303
vn 0.187666 -0.982225 -0.003977
vn 0.021328 -0.999756 -0.005747
vn 0.815533 -0.578709 0.001319
vn 0.999478 0.032296 -0.000704
vn 0.999796 0.020206 -0.000326
vn 0.999804 0.017006 0.010156
vn 0.999935 0.005347 0.010078
vn 0.925893 -0.377719 0.007044
vn 0.829022 0.559091 0.011824
vn 0.590770 0.566210 0.574801
vn 0.999956 -0.009240 0.001763
vn 0.999929 -0.011018 0.004472
vn 0.999965 -0.000502 -0.008396
vn 0.999974 -0.006044 -0.003960
vn 0.999948 -0.007121 -0.007321
vn 0.999924 0.005647 -0.010932
vn 0.999878 0.012456 -0.009427
vn 0.999783 0.019265 -0.007921
vn 0.999921 0.012251 -0.002836
vn 0.306857 -0.951752 -0.002612
vn -0.783587 0.609999 -0.117868
vn -0.758313 0.651749 -0.013569
vn 0.087252 -0.038145 0.995456
vn 0.100299 0.444565 0.890114
vn 0.004748 0.686193 0.727404
vn 0.126583 0.096031 0.987297
vn 0.013132 0.032495 0.999386
vn 0.025308 0.360336 0.932479
vn 0.023669 0.352211 0.935621
vn -0.010056 0.109613 0.993923
vn 0.028622 0.271669 0.961965
vn 0.021629 0.090522 0.995660
vn 0.023286 0.028613 0.999319
vn 0.015291 -0.016223 0.999751
vn 0.029982 0.321194 0.946539
vn -0.185458 -0.025916 0.982310
vn -0.074833 -0.086532 0.993435
vn -0.102876 0.154625 0.982602
vn -0.138583 0.049821 0.989097
vn -0.269225 0.255816 0.928480
vn -0.126532 -0.055478 0.990410
vn 0.090026 -0.113391 0.989463
vn 0.002168 -0.287060 0.957910
vn -0.001281 -0.317299 0.948325
vn -0.000752 -0.277322 0.960777
vn 0.001966 -0.229279 0.973359
vn 0.026869 -0.258093 0.965746
vn -0.030272 0.247489 0.968418
vn 0.052628 -0.264287 0.963007
vn -0.120125 -0.156205 0.980393
vn -0.055692 0.033333 0.997891
vn -0.086814 -0.221143 0.971370
vn -0.176551 -0.485991 0.855946
vn -0.290842 -0.744153 0.601371
vn -0.172635 -0.458463 0.871785
vn -0.233354 -0.580780 0.779897
vn -0.186114 -0.513806 0.837476
vn -0.075744 -0.315699 0.945832
vn 0.166171 -0.584294 0.794347
vn 0.014027 -0.597085 0.802055
vn 0.002377 -0.332120 0.943234
vn 0.161227 -0.125163 0.978948
vn -0.152100 -0.096075 0.983685
vn 0.118532 0.116106 0.986139
vn -0.010909 0.712009 0.702085
vn -0.080539 -0.182410 0.979918
vn 0.312616 0.542647 0.779619
vn 0.161661 -0.080577 0.983551
vn -0.044417 0.560373 0.827049
vn -0.069901 -0.094350 0.993082
vn 0.056366 -0.222839 0.973224
vn -0.110657 0.576248 0.809749
vn -0.090072 0.252680 0.963348
vn -0.250424 0.218103 0.943249
vn 0.016702 0.330723 0.943580
vn 0.053100 -0.998574 -0.005420
vn 0.405375 -0.741368 0.534832
vn 0.391488 0.217726 0.894054
vn 0.608948 0.429556 0.666831
vn 0.552411 0.554710 0.622206
vn 0.644224 0.381044 0.663160
vn -0.004670 0.999971 0.005935
vn 0.106279 -0.127313 0.986152
vn 0.100344 -0.121378 0.987521
vn 0.114199 -0.228476 0.966829
vn 0.094402 -0.115434 0.988819
vn -0.039580 -0.118802 0.992129
vn -0.058334 -0.125786 0.990341
vn -0.053422 -0.118098 0.991564
vn -0.045790 -0.109039 0.992982
vn -0.040566 -0.145363 0.988546
vn -0.066763 -0.143950 0.987330
vn -0.018836 -0.133625 0.990853
vn -0.030634 -0.159748 0.986682
vn 0.633096 0.348170 0.691352
vn -0.189251 -0.701702 -0.686876
vn -0.037465 -0.242519 -0.969423
vn -0.556196 -0.540190 -0.631539
vn 0.325915 0.291054 -0.899481
vn 0.562784 -0.191227 0.804181
vn 0.019206 -0.118521 -0.992766
vn 0.098557 0.891026 -0.443124
vn -0.109942 0.188035 -0.975990
vn 0.897095 0.435987 -0.071667
vn 0.965534 0.249627 -0.073694
vn -0.216818 -0.001439 -0.976211
vn -0.131196 -0.325967 -0.936234
vn -0.164838 0.211734 -0.963326
vn 0.084936 -0.611393 -0.786756
vn 0.712825 0.551181 -0.433683
vn 0.396823 -0.660541 0.637352
vn 0.039970 -0.241875 0.969484
vn -0.174327 -0.620427 0.764644
vn 0.234003 -0.230218 0.944586
vn -0.003663 -0.191675 0.981452
vn 0.166082 0.654361 0.737718
vn 0.241698 -0.148979 0.958847
vn 0.137011 -0.117144 0.983618
vn 0.100938 0.177084 0.979006
vn 0.054578 -0.062006 0.996582
vn -0.103290 -0.761611 0.639750
vn 0.239977 -0.286303 0.927600
vn -0.174928 0.393236 0.902644
vn -0.001961 -0.172983 0.984923
vn -0.028174 0.480346 0.876627
vn -0.399486 0.796260 0.454292
vn -0.176034 0.791160 0.585728
vn -0.056157 0.488817 0.870577
vn -0.316080 0.704242 0.635718
vn 0.043005 0.509740 0.859253
vn 0.016719 0.606042 0.795257
vn 0.642295 0.185514 0.743668
vn 0.123852 -0.239927 0.962858
vn -0.139095 -0.365410 0.920396
vn -0.189770 -0.311531 0.931094
vn 0.278300 -0.560700 0.779849
vn -0.681641 -0.293493 0.670244
vn -0.664820 -0.185363 0.723640
vn 0.665310 -0.135223 0.734219
vn -0.194333 -0.724029 0.661828
vn -0.272178 -0.723784 0.634079
vn -0.271620 -0.764394 0.584743
vn 0.659351 0.432211 0.615183
vn 0.041454 -0.798850 0.600101
vn 0.069862 -0.822564 0.564364
vn -0.286716 -0.543679 0.788801
vn -0.150320 -0.754671 0.638651
vn -0.195567 -0.780912 0.593237
vn 0.393996 -0.386652 0.833827
vn 0.690783 -0.173755 0.701875
vn -0.768361 0.151699 0.621779
vn -0.710230 0.072233 0.700254
vn 0.278468 -0.566844 0.775334
vn 0.547388 0.185187 0.816133
vn 0.176792 -0.714115 0.677336
vn 0.257521 0.465615 0.846691
vn 0.038109 -0.822621 0.567312
vn -0.415450 0.704909 0.574895
vn 0.047789 -0.005658 0.998841
vn -0.038892 -0.570306 -0.820511
vn -0.223666 0.778486 0.586459
vn 0.089579 -0.806245 0.584760
vn 0.063207 -0.791721 0.607604
vn -0.385484 -0.573767 0.722630
vn -0.425361 -0.904979 -0.009013
vn -0.433758 -0.783595 0.444783
vn -0.636501 -0.771201 -0.010772
vn -0.118868 0.074364 0.990121
vn -0.496310 -0.365308 0.787545
vn 0.271904 0.819115 0.505093
vn 0.325307 0.564122 0.758908
vn 0.261991 0.621513 0.738297
vn 0.211842 0.605399 0.767213
vn 0.230515 0.534171 0.813342
vn 0.766761 0.066609 0.638467
vn -0.453512 -0.439820 0.775168
vn 0.563034 0.007957 -0.826396
vn 0.010055 0.005979 -0.999932
vn 0.714171 0.008030 -0.699925
vn -0.258112 -0.898064 0.356174
vn -0.152553 -0.709427 0.688071
vn -0.081765 -0.231742 0.969335
vn 0.202060 -0.851227 0.484339
vn 0.180222 -0.467200 0.865589
vn 0.345033 -0.855578 0.385926
vn -0.029457 -0.999504 -0.011139
vn -0.027220 -0.999567 -0.011218
vn -0.764249 0.462722 0.449234
vn -0.317070 -0.830800 0.457425
vn -0.226296 -0.676484 0.700828
vn -0.353082 -0.935548 -0.009149
vn -0.309969 -0.950706 -0.008815
vn 0.416765 -0.811832 -0.408945
vn 0.896799 -0.442392 0.006370
vn -0.390414 -0.920591 -0.009437
vn -0.603578 -0.473495 -0.641480
vn -0.966986 -0.254582 -0.011235
vn -0.403697 0.914891 0.001417
vn -0.852671 0.522419 -0.005452
vn -0.994744 0.101965 -0.009399
vn -0.937880 0.346881 -0.007358
vn 0.378510 -0.925596 -0.001732
vn -0.546891 -0.837138 -0.010517
vn -0.295510 -0.955300 -0.008684
vn -0.021306 -0.999754 -0.006196
vn -0.403224 -0.915052 -0.009524
vn 0.936493 -0.350611 0.007310
vn 0.922154 -0.386760 0.006948
vn 0.971864 -0.235395 0.008356
vn -0.988714 -0.149424 -0.010845
vn 0.567539 -0.255134 0.782819
vn 0.334185 -0.031999 0.941964
vn 0.895283 -0.296286 0.332690
vn 0.601514 -0.273925 0.750431
vn 0.154824 -0.378200 0.912685
vn -0.041279 -0.377600 0.925048
vn -0.055505 -0.895824 0.440930
vn 0.550183 -0.655304 0.517567
vn 0.673844 0.005311 0.738855
vn 0.343744 -0.083526 0.935341
vn -0.419902 0.015794 0.907432
vn -0.941061 0.121878 0.315516
vn -0.853080 0.248302 0.458912
vn -0.375390 0.079058 0.923489
vn -0.679119 -0.200050 0.706242
vn -0.290679 -0.422941 0.858270
vn -0.620459 -0.655841 0.430004
vn -0.944578 -0.023571 0.327440
vn -0.326111 -0.040718 0.944454
vn 0.914463 -0.404610 0.006922
vn -0.960703 -0.277348 -0.011305
vn -0.998013 -0.062153 -0.010392
vn -0.964480 0.264032 -0.008113
vn -0.998922 -0.045258 -0.010317
vn -0.971749 -0.235752 -0.011183
vn -0.247636 -0.968818 -0.008289
vn -0.140512 -0.990052 -0.007335
vn 0.569825 -0.821766 0.000813
vn 0.905966 -0.423299 0.006587
vn 0.994809 -0.101326 0.009384
vn 0.972670 0.231925 0.011156
vn 0.074950 0.006309 -0.997167
vn 0.257234 -0.112189 -0.959815
vn 0.134892 -0.019257 -0.990673
vn 0.090536 -0.056831 -0.994270
vn -0.088641 -0.348736 -0.933020
vn 0.033879 0.794814 -0.605907
vn 0.049600 0.336593 -0.940343
vn -0.128467 0.335656 -0.933183
vn -0.234288 0.822074 -0.518945
vn -0.234889 0.382079 -0.893780
vn -0.222588 0.746954 -0.626510
vn 0.290462 0.506541 -0.811818
vn 0.023466 0.212182 -0.976948
vn 0.070695 0.814786 -0.575435
vn 0.155570 0.769648 -0.619225
vn 0.018703 0.998726 -0.046861
vn 0.183590 0.970124 -0.158598
vn -0.485640 0.849787 -0.204976
vn 0.153808 0.229275 -0.961133
vn -0.306262 0.051694 -0.950543
vn -0.237707 0.958990 -0.154378
vn -0.026054 0.997869 -0.059820
vn 0.397900 0.867926 -0.297287
vn 0.023828 0.433340 -0.900915
vn -0.016017 0.353654 -0.935239
vn -0.608186 0.365702 -0.704537
vn 0.468909 -0.171927 -0.866352
vn 0.608362 -0.381115 -0.696166
vn 0.387401 -0.072971 -0.919019
vn 0.174999 0.437528 -0.882012
vn 0.324591 0.166861 -0.931020
vn 0.149348 0.037837 -0.988060
vn 0.305906 0.020210 -0.951847
vn 0.318564 0.021276 -0.947663
vn 0.342727 0.774705 -0.531386
vn 0.135871 0.786576 -0.602360
vn 0.315387 0.905324 -0.284463
vn -0.719547 0.147204 -0.678662
vn -0.811381 0.506556 -0.291654
vn 0.306222 -0.073871 -0.949090
vn -0.000387 0.898024 -0.439947
vn -0.002061 0.952874 -0.303358
vn 0.000140 0.876692 -0.481052
vn 0.006616 0.447032 -0.894493
vn 0.004679 0.612491 -0.790463
vn 0.245335 0.272409 -0.930378
vn 0.012279 0.003772 -0.999918
vn 0.396652 -0.008257 -0.917932
vn 0.009877 0.203360 -0.979054
vn 0.001754 0.635780 -0.771869
vn 0.018291 0.073431 -0.997133
vn 0.016330 0.067022 -0.997618
vn -0.037780 -0.178123 -0.983283
vn -0.099789 0.974898 0.199039
vn -0.084090 0.994300 0.065545
vn -0.000142 0.995962 0.089778
vn -0.101425 0.976000 0.192711
vn -0.009005 0.979657 0.200477
vn 0.132801 0.982418 0.131223
vn 0.153436 0.896046 0.416603
vn 0.496532 0.490339 0.716257
vn 0.571073 0.817875 0.070400
vn -0.007029 0.984995 0.172439
vn -0.122118 0.982398 -0.141356
vn 0.094666 0.892102 0.441806
vn -0.609732 0.389572 0.690261
vn -0.455641 0.473939 0.753508
vn -0.464177 0.722328 0.512622
vn 0.283635 0.902467 0.324197
vn -0.018512 0.164661 -0.986177
vn 0.029219 0.439671 -0.897684
vn 0.274559 0.419889 -0.865049
vn 0.141604 -0.090865 -0.985744
vn -0.109571 0.173370 -0.978742
vn -0.217001 -0.065015 -0.974004
vn -0.175218 -0.393364 -0.902532
vn 0.296264 -0.192771 -0.935450
vn -0.383130 0.185521 -0.904872
vn -0.313295 -0.109188 -0.943358
vn 0.178524 -0.402250 -0.897955
vn 0.290502 0.199091 -0.935934
vn 0.424760 0.099103 -0.899865
vn 0.083023 0.413440 -0.906738
vn 0.136896 0.456091 -0.879341
vn 0.017165 -0.956525 -0.291145
vn 0.096398 -0.994101 0.049714
vn -0.030651 -0.831554 -0.554597
vn -0.362068 -0.268142 -0.892752
vn -0.066134 -0.692161 -0.718707
vn -0.366921 -0.244339 -0.897590
vn -0.076857 -0.140787 -0.987052
vn -0.031398 -0.294543 -0.955122
vn 0.222887 -0.343523 -0.912312
vn -0.589402 0.110496 -0.800247
vn -0.546573 0.341202 -0.764748
vn -0.835594 0.522615 0.169281
vn -0.210588 0.574251 -0.791131
vn -0.270721 0.280062 -0.921019
vn -0.702583 -0.059640 -0.709098
vn -0.092631 -0.065222 -0.993562
vn -0.013053 -0.026567 -0.999562
vn -0.044593 -0.719815 0.692732
vn -0.075526 -0.996905 0.021826
vn 0.026662 0.565353 -0.824418
vn 0.049402 0.430892 -0.901050
vn 0.000485 0.832797 -0.553578
vn -0.053951 0.698018 -0.714045
vn 0.065336 -0.613990 -0.786605
vn 0.056124 -0.699924 -0.712008
vn -0.012486 0.320686 -0.947103
vn -0.028994 0.322437 -0.946147
vn -0.020708 0.265789 -0.963809
vn 0.129968 -0.815050 -0.564626
vn -0.045746 0.391100 -0.919211
vn -0.185207 0.698831 -0.690893
vn 0.000986 0.340725 -0.940162
vn 0.058967 0.143844 -0.987842
vn -0.194857 0.230813 -0.953287
vn -0.354248 0.080184 -0.931707
vn -0.249631 0.587333 -0.769886
vn 0.369777 -0.291576 -0.882184
vn 0.755890 -0.303241 -0.580237
vn 0.035100 -0.989781 0.138209
vn 0.033353 -0.866319 0.498376
vn -0.500767 -0.723870 0.474599
vn -0.421068 -0.850001 0.316546
vn 0.092973 -0.193081 -0.976768
vn 0.509365 -0.559795 -0.653588
vn 0.590477 0.770088 0.241456
vn 0.326913 0.213763 0.920561
vn 0.219270 0.246992 -0.943883
vn -0.259332 -0.941557 0.214982
vn -0.105292 -0.866211 -0.488459
vn 0.391097 0.173653 -0.903818
vn 0.061079 0.171432 -0.983301
vn 0.134413 0.245696 -0.959983
vn 0.443979 -0.005746 -0.896019
vn 0.288476 -0.627743 -0.722994
vn 0.601100 -0.570793 -0.559352
vn 0.291457 -0.951975 0.093787
vn 0.111914 -0.141777 -0.983552
vn 0.125912 0.117060 -0.985111
vn 0.123998 0.466429 -0.875825
vn -0.004327 -0.293462 -0.955961
vn 0.006642 -0.451213 -0.892391
vn 0.179036 0.421912 -0.888784
vn 0.150951 -0.272260 -0.950310
vn 0.284551 -0.170338 -0.943406
vn -0.423122 -0.421947 -0.801828
vn -0.218319 -0.405967 -0.887428
vn -0.207182 -0.338896 -0.917728
vn 0.381626 0.581299 -0.718646
vn 0.213649 0.606578 -0.765779
vn 0.141753 0.559177 -0.816840
vn 0.032144 0.703925 -0.709547
vn 0.136247 0.570347 -0.810025
vn -0.097580 0.551133 -0.828692
vn 0.112834 0.882890 -0.455822
vn -0.052914 0.786765 -0.614980
vn -0.035706 0.834037 -0.550552
vn -0.124724 0.534040 -0.836209
vn 0.077226 0.860274 -0.503949
vn -0.191767 0.405339 -0.893827
vn 0.031529 0.606032 -0.794815
vn 0.250165 0.398607 -0.882343
vn 0.280007 0.174329 -0.944037
vn 0.092031 0.422196 -0.901821
vn -0.038348 0.935029 -0.352490
vn -0.079541 0.838229 -0.539485
vn 0.789341 0.153771 -0.594386
vn 0.220852 0.536585 -0.814433
vn 0.500257 0.091850 -0.860992
vn 0.440308 0.437108 -0.784261
vn 0.019169 0.661367 -0.749817
vn 0.201286 0.702489 -0.682637
vn 0.339972 0.804077 -0.487729
vn 0.395559 -0.012500 -0.918356
vn 0.499105 -0.188902 -0.845701
vn 0.394984 0.261792 -0.880598
vn 0.398671 0.253751 -0.881290
vn 0.353642 0.161352 -0.921359
vn 0.219895 0.002407 -0.975520
vn 0.193919 -0.693367 -0.694001
vn 0.776889 -0.170098 -0.606226
vn 0.503404 -0.133252 -0.853714
vn 0.096938 0.161337 -0.982127
vn 0.563153 -0.545809 -0.620444
vn 0.903028 -0.168373 -0.395210
vn 0.902196 -0.145666 -0.405985
vn 0.791931 -0.524190 -0.313162
vn 0.762904 -0.553995 -0.333267
vn 0.625669 -0.413315 -0.661596
vn 0.528158 0.353649 -0.771999
vn 0.810518 0.455425 0.368307
vn 0.749561 0.537617 0.386170
vn 0.384838 -0.268985 -0.882919
vn 0.414025 -0.256806 -0.873289
vn 0.480033 -0.053365 -0.875626
vn 0.273101 0.743348 -0.610614
vn 0.180197 -0.090742 -0.979436
vn 0.360073 -0.233866 -0.903136
vn 0.403938 0.011288 -0.914717
vn 0.872527 0.456062 -0.175228
vn 0.070944 -0.271888 -0.959710
vn 0.069017 0.425576 -0.902287
vn 0.030860 -0.422206 -0.905974
vn 0.163365 0.310032 -0.936585
vn 0.137569 0.446475 -0.884158
vn 0.047534 0.577067 -0.815312
vn 0.046171 0.710780 -0.701898
vn 0.033989 0.723127 -0.689879
vn -0.126980 0.822908 -0.553803
vn 0.061722 0.505545 -0.860590
vn -0.102157 0.871033 -0.480485
vn 0.307354 0.101992 -0.946114
vn 0.196524 0.343517 -0.918354
vn 0.214618 0.248391 -0.944585
vn -0.052555 -0.548016 -0.834815
vn -0.050521 -0.555175 -0.830198
vn -0.389951 0.680054 -0.620858
vn -0.147723 -0.419789 -0.895519
vn -0.431071 -0.274087 -0.859683
vn 0.008156 0.083061 -0.996511
vn -0.000959 0.600272 -0.799795
vn -0.524270 0.178071 -0.832725
vn 0.028102 0.029091 -0.999182
vn 0.066565 0.106059 -0.992129
vn 0.062426 -0.031352 -0.997557
vn 0.348279 0.360587 -0.865262
vn 0.388192 0.471723 -0.791697
vn 0.696930 -0.519089 -0.494808
vn 0.391048 -0.242507 -0.887847
vn 0.638281 -0.050894 -0.768119
vn -0.183601 0.591900 -0.784821
vn -0.005590 0.934439 -0.356079
vn -0.599357 0.739160 -0.307268
vn -0.622891 0.699546 -0.350202
vn -0.192244 -0.365395 -0.910785
vn -0.283664 -0.109273 -0.952678
vn 0.049897 -0.082059 -0.995378
vn -0.028213 -0.571275 -0.820274
vn 0.029376 -0.692710 -0.720618
vn -0.092205 -0.739608 -0.666692
vn -0.149367 -0.988009 0.039096
vn 0.075750 -0.048159 -0.995963
vn -0.423192 -0.250948 -0.870594
vn 0.365238 0.675814 -0.640217
vn 0.559402 0.063038 -0.826496
vn 0.875161 0.033240 -0.482688
vn 0.882639 -0.109189 -0.457195
vn -0.092808 0.417248 -0.904041
vn 0.168280 -0.559199 -0.811775
vn 0.028815 -0.958565 -0.283413
vn 0.044508 -0.942811 -0.330344
vn -0.067881 -0.968003 -0.241583
vn -0.108170 -0.942727 -0.315538
vn 0.109374 -0.966862 -0.230683
vn 0.049713 0.482294 -0.874597
vn -0.006305 0.985843 -0.167554
vn 0.021843 0.976706 -0.213468
vn 0.111606 0.228798 -0.967055
vn 0.007228 0.950965 -0.309215
vn 0.303645 0.919443 -0.249849
vn 0.316641 0.922751 -0.219702
vn -0.023077 -0.943110 -0.331678
vn -0.022329 -0.943632 -0.330243
vn 0.141714 0.428444 -0.892386
vn -0.334848 0.899616 -0.280300
vn -0.247159 0.953231 -0.173965
vn 0.312686 0.016977 -0.949705
vn 0.467783 0.857686 -0.213431
vn 0.630497 0.707679 -0.318849
vn 0.323081 0.150465 -0.934333
vn 0.182870 -0.943936 -0.274851
vn 0.412369 -0.291611 -0.863084
vn 0.443839 -0.887627 -0.122984
vn 0.199826 -0.914889 -0.350781
vn 0.284798 -0.930426 -0.230644
vn -0.052461 -0.566949 -0.822081
vn 0.657244 -0.347782 -0.668639
vn -0.089341 -0.458652 -0.884113
vn 0.228471 -0.613484 -0.755935
vn 0.303739 -0.924354 0.230894
vn 0.003981 -0.948569 0.316545
vn -0.010117 -0.724058 -0.689665
vn -0.056969 -0.204659 -0.977174
vn -0.082120 -0.356527 -0.930669
vn -0.038823 0.043051 -0.998318
vn 0.077060 -0.568515 -0.819056
vn 0.013151 -0.529263 -0.848356
vn 0.000441 -0.226516 -0.974007
vn -0.034270 -0.196303 -0.979944
vn -0.029790 -0.480095 -0.876711
vn -0.016811 0.341821 -0.939615
vn -0.083329 0.410341 -0.908117
vn -0.000392 0.260858 -0.965377
vn 0.004842 0.502513 -0.864556
vn -0.148853 0.799608 -0.581781
vn -0.178376 0.612970 -0.769708
vn -0.118952 0.380058 -0.917282
vn -0.132386 0.557479 -0.819567
vn 0.211392 0.933526 -0.289555
vn 0.210046 0.933246 -0.291432
vn 0.003005 -0.274255 -0.961652
vn 0.045968 -0.635042 -0.771109
vn -0.401365 0.004928 -0.915905
vn -0.262007 0.257955 -0.929953
vn -0.448156 -0.040964 -0.893016
vn -0.283974 -0.426573 -0.858717
vn -0.444238 -0.340175 -0.828815
vn -0.379737 -0.428348 -0.819950
vn -0.268453 -0.683312 -0.678982
vn -0.432254 -0.481738 -0.762289
vn 0.825558 0.531448 -0.189780
vn 0.938871 0.109168 -0.326501
vn 0.857289 0.377283 -0.350304
vn 0.845524 0.224719 -0.484346
vn 0.431211 0.868535 -0.244344
vn -0.247876 0.745128 -0.619146
vn -0.145453 0.632089 -0.761122
vn 0.518280 0.594030 -0.615235
vn 0.681991 0.621772 -0.385082
vn 0.021808 0.537750 -0.842822
vn 0.739125 -0.640142 -0.209550
vn 0.124501 0.939912 -0.317908
vn 0.134353 0.940279 -0.312768
vn -0.705240 0.467346 -0.533127
vn -0.276113 0.053108 -0.959657
vn -0.312410 0.028520 -0.949519
vn -0.016839 -0.039462 -0.999079
vn -0.264323 -0.008104 -0.964400
vn -0.434090 -0.427474 -0.792989
vn -0.326971 0.036657 -0.944323
vn -0.381073 -0.253763 -0.889038
vn -0.477712 -0.158378 -0.864122
vn 0.507579 0.757527 -0.410506
vn 0.590620 0.766868 -0.251160
vn -0.152627 0.465302 -0.871894
vn -0.819356 -0.402037 -0.408684
vn -0.770820 -0.142536 -0.620903
vn -0.323000 -0.284111 -0.902747
vn -0.740514 0.326438 -0.587433
vn 0.167025 0.672600 -0.720910
vn 0.141034 0.717201 -0.682445
vn 0.530017 -0.832191 -0.162911
vn 0.013787 0.950810 -0.309469
vn 0.120507 0.648155 -0.751913
vn -0.085056 -0.168700 -0.981991
vn 0.182770 -0.443026 -0.877681
vn 0.168650 0.026653 -0.985316
vn 0.182625 0.164782 -0.969275
vn 0.237879 -0.838526 -0.490191
vn 0.301243 -0.741632 -0.599362
vn -0.332838 -0.692971 0.639539
vn 0.314999 0.211623 0.925198
vn 0.327640 0.217295 0.919475
vn 0.075753 -0.994227 0.075993
vn -0.036724 -0.970183 0.239576
vn 0.300315 0.715506 -0.630763
vn 0.335629 0.723779 -0.602907
vn -0.322016 -0.778425 -0.538850
vn -0.542821 -0.789182 0.287292
vn 0.988492 -0.034633 -0.147256
vn -0.206382 0.432514 -0.877689
vn -0.088833 0.374051 -0.923144
vn 0.209468 0.868787 -0.448700
vn 0.253730 -0.536075 0.805137
vn 0.388902 -0.683436 0.617795
vn 0.567516 -0.429857 0.702245
vn -0.223709 0.560767 0.797179
vn 0.070383 0.636689 -0.767902
vn -0.318330 0.129200 -0.939134
vn -0.275068 0.128796 -0.952759
vn -0.262242 0.313952 -0.912504
vn -0.199248 -0.544950 -0.814451
vn -0.221891 -0.498247 -0.838161
vn -0.204097 -0.956430 -0.208772
vn -0.169287 -0.956051 -0.239393
vn -0.678653 0.123864 -0.723939
vn -0.428053 -0.213735 -0.878116
vn -0.375164 0.008166 -0.926923
vn -0.376426 -0.315014 -0.871246
vn 0.095495 -0.429960 -0.897784
vn -0.055744 -0.276997 -0.959253
vn -0.180636 0.867897 -0.462736
vn -0.582622 0.668399 0.462379
vn -0.600791 0.712832 0.361830
vn -0.528082 0.359899 -0.769157
vn -0.379915 -0.300320 -0.874913
vn -0.174610 0.337452 -0.925007
vn 0.217649 0.137787 -0.966253
vn 0.104077 0.103971 -0.989120
vn 0.270463 0.054017 -0.961214
vn -0.387367 -0.426626 -0.817274
vn -0.337679 -0.284632 -0.897194
vn -0.368851 -0.588472 -0.719479
vn 0.281078 -0.208283 -0.936810
vn -0.263007 -0.372867 -0.889830
vn 0.925037 -0.246462 -0.289073
vn -0.273653 -0.549486 0.789417
vn 0.307570 0.170589 0.936109
vn -0.609903 -0.460101 -0.645232
vn 0.467949 -0.394342 -0.790897
vn 0.323969 -0.405999 -0.854523
vn 0.553342 -0.827409 -0.095948
vn 0.469131 -0.716429 -0.516377
vn 0.278776 -0.717642 -0.638181
vn 0.481178 -0.586395 -0.651620
vn -0.005860 -0.426926 -0.904267
vn 0.296345 -0.727503 -0.618805
vn 0.123525 -0.089823 -0.988268
vn -0.150675 -0.463833 -0.873016
vn 0.567635 -0.321648 -0.757848
vn 0.455932 -0.049526 -0.888635
vn 0.114091 -0.300300 -0.946997
vn 0.019645 -0.464647 -0.885278
vn 0.392968 -0.068060 -0.917030
vn 0.000089 -0.284120 -0.958789
vn -0.038040 -0.408668 -0.911890
vn 0.260910 -0.570828 -0.778512
vn 0.258342 -0.318498 -0.912041
vn -0.176314 -0.420023 -0.890221
vn -0.197672 -0.309974 -0.929969
vn -0.250755 -0.336579 -0.907654
vn -0.337795 -0.219036 -0.915379
vn -0.411878 -0.147439 -0.899232
vn -0.118474 -0.465231 -0.877225
vn 0.368715 -0.512659 -0.775390
vn -0.063900 -0.409453 -0.910091
vn 0.477341 -0.641064 -0.600984
vn -0.192063 -0.132131 -0.972447
vn -0.255496 -0.280916 -0.925099
vn 0.184798 -0.552663 -0.812658
vn 0.052500 -0.508380 -0.859531
vn 0.102887 0.545025 -0.832083
vn 0.125716 0.661480 -0.739351
vn 0.378871 0.607307 -0.698309
vn 0.417407 0.454929 -0.786646
vn 0.036361 -0.383349 -0.922888
vn -0.015014 -0.231833 -0.972640
vn 0.044968 -0.789983 0.611478
vn -0.448337 0.167323 0.878064
vn 0.503757 0.376413 -0.777523
vn 0.452244 0.647544 -0.613320
vn 0.186268 0.848801 -0.494813
vn 0.479835 -0.373847 -0.793723
vn -0.017046 -0.230803 -0.972851
vn 0.121295 -0.315333 -0.941197
vn 0.067036 -0.225874 -0.971847
vn -0.046837 -0.993900 -0.099849
vn -0.224714 0.238874 0.944692
vn -0.607707 0.475807 -0.635845
vn -0.003293 0.980502 -0.196479
vn -0.433385 0.184071 -0.882210
vn 0.249147 -0.004412 0.968456
vn 0.104013 0.075783 0.991684
vn 0.017452 0.400096 -0.916307
vn -0.066102 -0.412963 -0.908346
vn -0.217385 -0.183692 -0.958646
vn -0.464252 -0.082134 -0.881887
vn -0.389111 0.276079 -0.878847
vn 0.519498 0.481700 -0.705752
vn -0.303234 -0.153214 -0.940518
vn 0.229001 -0.427372 -0.874592
vn 0.821645 -0.393734 -0.412155
vn -0.258611 -0.532553 -0.805920
vn 0.409655 0.417516 -0.811087
vn -0.221154 0.782443 -0.582128
vn -0.917687 0.325350 -0.228029
vn 0.271724 0.273420 -0.922718
vn -0.999973 -0.006626 0.003119
vn 0.999636 0.020764 0.017236
vn 0.999258 0.032164 0.021207
vn 0.427487 0.813109 -0.395105
vn 0.999791 -0.009284 0.018193
vn 0.999829 -0.010624 0.015156
vn 0.999617 -0.002689 0.027560
vn 0.999601 -0.007277 0.027286
vn 0.999696 -0.006144 0.023890
vn 0.999559 0.009748 0.028051
vn 0.999499 0.005267 0.031223
vn 0.999459 0.015237 0.029143
vn 0.999707 0.013132 0.020334
vn -0.785859 0.608651 0.109406
vn -0.758500 0.651644 0.006142
vn 0.147886 0.063387 -0.986971
vn 0.002402 0.764011 -0.645199
vn 0.139635 0.446443 -0.883850
vn 0.131820 -0.092984 -0.986903
vn 0.017649 0.129174 -0.991465
vn 0.040332 0.372827 -0.927024
vn 0.032583 0.034708 -0.998866
vn 0.053863 0.282530 -0.957745
vn 0.034327 -0.018066 -0.999247
vn 0.038096 0.079638 -0.996096
vn 0.052919 0.369565 -0.927697
vn 0.044508 0.338954 -0.939750
vn 0.051172 0.282821 -0.957807
vn 0.048164 0.338289 -0.939809
vn -0.164574 -0.022704 -0.986103
vn -0.083116 0.166383 -0.982552
vn -0.032933 -0.100303 -0.994412
vn -0.097871 -0.033719 -0.994628
vn -0.287139 0.219561 -0.932386
vn 0.228446 0.407522 -0.884160
vn 0.002995 -0.304432 -0.952529
vn 0.020421 -0.260009 -0.965390
vn 0.026243 -0.306752 -0.951428
vn 0.012917 -0.245197 -0.969387
vn 0.018604 -0.245607 -0.969191
vn 0.012432 -0.203477 -0.979001
vn 0.028804 -0.247649 -0.968422
vn -0.025184 0.342599 -0.939144
vn 0.036362 -0.261507 -0.964516
vn 0.030275 -0.203812 -0.978542
vn 0.085212 -0.302152 -0.949444
vn -0.008154 0.014118 -0.999867
vn -0.019654 -0.161648 -0.986653
vn -0.147583 -0.226841 -0.962685
vn -0.142517 -0.334423 -0.931585
vn -0.174273 -0.509677 -0.842531
vn -0.261999 -0.763633 -0.590103
vn -0.294742 -0.708883 -0.640791
vn -0.169181 -0.503729 -0.847134
vn -0.227669 -0.668026 -0.708454
vn -0.051348 -0.263736 -0.963227
vn 0.122962 -0.590455 -0.797648
vn 0.105998 -0.630306 -0.769077
vn -0.039840 -0.581780 -0.812370
vn 0.027351 -0.265423 -0.963744
vn 0.082418 0.261589 -0.961654
vn -0.177123 0.049545 -0.982941
vn 0.139767 -0.002804 -0.990180
vn -0.018696 0.718168 -0.695618
vn 0.229560 -0.522697 -0.821030
vn 0.317890 -0.562492 -0.763248
vn -0.084800 -0.216406 -0.972614
vn 0.109929 -0.068081 -0.991605
vn 0.005301 0.563775 -0.825911
vn -0.133128 0.700950 -0.700675
vn -0.036009 -0.720890 -0.692113
vn -0.110193 -0.661807 -0.741531
vn 0.013575 -0.190699 -0.981555
vn 0.116801 -0.263805 -0.957478
vn -0.216578 -0.058052 -0.974538
vn -0.167597 0.242759 -0.955499
vn 0.041307 0.281112 -0.958786
vn 0.018180 0.449601 -0.893045
vn 0.101441 -0.185296 -0.977433
vn -0.211582 0.603011 -0.769162
vn -0.098008 0.242600 -0.965163
vn -0.094461 0.042395 -0.994625
vn 0.006810 0.762533 -0.646914
vn 0.060599 -0.235363 -0.970017
vn 0.067735 -0.207823 -0.975818
vn -0.112230 0.686877 -0.718056
vn 0.268514 -0.481922 -0.834058
vn -0.055097 0.790759 -0.609643
vn -0.132471 -0.042861 -0.990260
vn -0.199579 0.023192 -0.979607
vn -0.007744 -0.270354 -0.962730
vn 0.028378 0.345541 -0.937975
vn 0.053823 0.377866 -0.924294
vn 0.416136 -0.734964 -0.535406
vn 0.409355 0.228363 -0.883334
vn 0.564741 0.562049 -0.604292
vn 0.657380 0.388877 -0.645466
vn 0.674159 0.267867 -0.688300
vn -0.004546 0.999981 0.004189
vn 0.126091 -0.115507 -0.985271
vn 0.120187 -0.109558 -0.986687
vn 0.133641 -0.216908 -0.967001
vn 0.114275 -0.103602 -0.988032
vn -0.019597 -0.106909 -0.994076
vn -0.038393 -0.113924 -0.992747
vn -0.033464 -0.106217 -0.993780
vn -0.025797 -0.097135 -0.994937
vn -0.091686 -0.022911 -0.995524
vn 0.001103 -0.121743 -0.992561
vn -0.010764 -0.147894 -0.988945
vn 0.619494 0.464377 -0.632914
vn 0.723548 0.200046 -0.660651
vn 0.646825 0.356343 -0.674268
vn 0.550374 0.501771 -0.667319
vn -0.202934 -0.709843 0.674493
vn -0.568700 -0.547644 0.613732
vn -0.056923 -0.254070 0.965509
vn 0.307771 0.280267 0.909246
vn 0.578852 -0.181639 -0.794945
vn -0.000743 -0.130398 0.991461
vn 0.089517 0.885635 0.455673
vn -0.129558 0.176319 0.975770
vn 0.865261 0.405533 0.294731
vn 0.946987 0.286329 -0.145709
vn -0.236398 -0.013062 0.971569
vn -0.149950 -0.337110 0.929447
vn -0.184212 0.200184 0.962285
vn 0.069166 -0.620769 0.780937
vn 0.703908 0.545849 0.454491
vn 0.409637 -0.652912 -0.637106
vn 0.066055 -0.321340 -0.944657
vn -0.158825 -0.611244 -0.775342
vn 0.139398 -0.396429 -0.907421
vn 0.180812 0.663125 -0.726342
vn 0.028837 0.110018 -0.993511
vn 0.260944 -0.137523 -0.955508
vn 0.143346 -0.113054 -0.983194
vn 0.136306 0.290809 -0.947022
vn 0.074618 -0.050078 -0.995954
vn -0.090318 -0.753880 -0.650774
vn 0.326616 -0.222657 -0.918556
vn -0.057180 0.152403 -0.986663
vn -0.035632 0.535615 -0.843710
vn 0.048158 -0.071010 -0.996312
vn -0.390365 0.801703 -0.452645
vn -0.087365 0.545444 -0.833581
vn -0.202833 0.881803 -0.425772
vn -0.430287 0.895621 -0.112765
vn -0.182185 0.699894 -0.690621
vn 0.060203 0.519961 -0.852066
vn 0.032628 0.615498 -0.787463
vn 0.657060 0.194274 -0.728375
vn 0.235750 -0.305364 -0.922591
vn -0.211288 -0.409255 -0.887619
vn 0.293979 -0.551365 -0.780752
vn -0.226059 -0.240911 -0.943853
vn -0.603544 -0.276431 -0.747877
vn -0.718996 -0.120154 -0.684550
vn 0.679975 -0.126509 -0.722239
vn -0.180918 -0.716018 -0.674231
vn -0.259282 -0.716108 -0.648045
vn -0.259723 -0.757311 -0.599186
vn 0.575444 0.395449 -0.715880
vn 0.053619 -0.791614 -0.608664
vn 0.081305 -0.815760 -0.572648
vn -0.270737 -0.534178 -0.800846
vn -0.148711 -0.797326 -0.584941
vn -0.177396 -0.733285 -0.656372
vn 0.521285 -0.142003 -0.841485
vn 0.655557 -0.513118 -0.554036
vn -0.755724 0.159218 -0.635241
vn -0.696040 0.080717 -0.713452
vn 0.294058 -0.557587 -0.776290
vn 0.563648 0.194847 -0.802705
vn 0.190482 -0.705983 -0.682133
vn 0.274457 0.475658 -0.835717
vn 0.049601 -0.815777 -0.576236
vn -0.403895 0.711796 -0.574644
vn 0.067872 0.006275 -0.997674
vn -0.055291 -0.580086 0.812677
vn -0.211925 0.785476 -0.581476
vn 0.094954 -0.779603 -0.619033
vn 0.072135 -0.795461 -0.601697
vn -0.370809 -0.565028 -0.737051
vn -0.425359 -0.904965 -0.010376
vn -0.472701 -0.791923 -0.386539
vn -0.211686 -0.183471 -0.959962
vn 0.022365 0.348459 -0.937057
vn -0.480291 -0.355846 -0.801682
vn 0.241059 0.693159 -0.679280
vn 0.395472 0.695794 -0.599560
vn 0.276709 0.630276 -0.725385
vn 0.227152 0.614517 -0.755494
vn 0.246750 0.543876 -0.802068
vn 0.779414 0.074155 -0.622105
vn -0.437766 -0.430443 -0.789354
vn 0.306684 -0.003979 0.951803
vn 0.889875 0.002128 0.456199
vn -0.320544 -0.810745 -0.489841
vn 0.108266 -0.826092 -0.553038
vn -0.026641 -0.270440 -0.962368
vn -0.108004 -0.864773 -0.490411
vn 0.352825 -0.850941 -0.389120
vn 0.152311 -0.344159 -0.926475
vn -0.029301 -0.999570 0.000939
vn -0.027079 -0.999633 -0.000571
vn -0.755114 0.468165 -0.458938
vn -0.235237 -0.638760 -0.732564
vn -0.212073 -0.668018 -0.713286
vn -0.352999 -0.935600 -0.006737
vn 0.330236 -0.668838 0.666032
vn -0.519443 -0.673889 0.525407
vn -0.608294 -0.793638 -0.010861
vn -0.734999 0.678060 -0.003335
vn 0.581121 -0.248990 -0.774791
vn 0.855038 -0.223658 -0.467854
vn 0.239763 -0.012602 -0.970750
vn 0.617735 -0.261187 -0.741745
vn 0.262916 -0.360826 -0.894807
vn 0.516796 -0.736333 -0.436732
vn -0.024020 -0.917378 -0.397292
vn -0.053896 -0.437738 -0.897486
vn 0.370951 0.010723 -0.928591
vn 0.672625 -0.142464 -0.726140
vn -0.897681 0.155147 -0.412429
vn -0.351643 -0.017528 -0.935970
vn -0.348809 0.119198 -0.929583
vn -0.893356 0.209698 -0.397418
vn -0.664734 -0.191484 -0.722123
vn -0.634257 -0.628278 -0.450539
vn -0.305906 -0.305739 -0.901635
vn -0.362064 -0.011280 -0.932085
vn -0.914283 -0.039242 -0.403171
vn -0.926037 0.377368 -0.007068
vn -0.989108 0.146910 -0.009083
vn 0.078789 -0.996878 -0.005179
vn 0.009228 0.228408 -0.973522
vn 0.012369 0.107064 -0.994175
vn 0.012892 0.105479 -0.994338
vn 0.008490 0.126659 -0.991910
vn -0.090507 0.526721 -0.845206
vn -0.084628 0.212475 -0.973495
vn 0.082943 0.320107 -0.943744
vn 0.118676 0.595715 -0.794380
vn 0.090412 0.547892 -0.831649
vn 0.002431 0.555341 -0.831619
vn 0.057186 0.224953 -0.972690
vn 0.098257 0.988885 -0.111586
vn -0.004274 0.994375 -0.105829
vn -0.003180 0.971672 -0.236312
vn 0.077074 0.938625 -0.336218
vn -0.085771 0.202892 -0.975437
vn 0.009933 0.260139 -0.965520
vn -0.034782 0.069033 -0.997008
vn 0.054701 0.129506 -0.990069
vn -0.049683 0.050208 -0.997502
vn 0.055380 0.130926 -0.989844
vn 0.090254 0.310790 -0.946184
vn 0.088565 0.594959 -0.798862
vn -0.105388 0.498809 -0.860280
vn -0.104563 0.943159 -0.315465
vn 0.096976 0.949802 -0.297442
vn -0.114727 0.986762 -0.114623
vn -0.068280 0.948293 -0.309965
vn -0.144056 0.981401 -0.126885
vn -0.027342 0.835281 -0.549143
vn 0.084433 0.768758 -0.633942
vn 0.031817 0.964289 -0.262935
vn -0.135276 0.932551 -0.334738
vn 0.070647 0.132372 -0.988679
vn -0.074985 0.988124 -0.134119
vn 0.067757 0.948760 -0.308649
vn 0.047216 0.599687 -0.798841
vn 0.008067 0.207994 -0.978097
vn -0.008086 0.989889 -0.141610
vn -0.002792 0.949794 -0.312864
vn 0.035194 0.541112 -0.840214
vn -0.056910 0.223080 -0.973137
vn -0.114197 0.983047 -0.143449
vn 0.014472 0.957315 -0.288683
vn 0.009449 0.567904 -0.823040
vn -0.091669 0.534733 -0.840034
vn -0.031997 0.788661 -0.613995
vn 0.097695 0.824391 -0.557526
vn -0.092385 0.775879 -0.624081
vn -0.038305 0.776894 -0.628465
vn 0.115133 0.813000 -0.570767
vn -0.072502 0.758390 -0.647756
vn -0.064209 0.790931 -0.608528
vn 0.133670 0.801125 -0.583380
vn 0.000164 0.793610 -0.608426
vn -0.306276 0.775048 -0.552717
vn -0.359323 0.727433 -0.584575
vn -0.510794 0.812732 -0.280279
vn -0.359588 0.921562 -0.146357
vn -0.330753 0.879850 -0.341273
vn -0.442378 0.618046 -0.649862
vn -0.665349 0.649831 -0.367465
vn -0.516267 0.488576 -0.703393
vn -0.710814 0.590368 -0.382374
vn 0.003041 0.136450 -0.990642
vn -0.797643 0.603114 -0.004410
vn -0.724061 0.689729 -0.003148
vn -0.621442 0.783458 -0.001561
vn 0.002101 0.385657 -0.922640
vn 0.003896 0.389998 -0.920807
vn -0.491551 0.870849 0.000264
vn 0.010589 0.616951 -0.786931
vn -0.003984 0.991145 -0.132722
vn -0.227944 0.941621 -0.247771
vn -0.371700 0.927896 -0.029137
vn -0.287364 0.951753 -0.107649
vn 0.034470 0.115162 0.992748
vn -0.010576 0.100995 0.994831
vn 0.080777 0.289167 0.953865
vn 0.063922 0.308782 0.948982
vn -0.104213 0.200815 0.974070
vn -0.089988 0.480952 0.872117
vn 0.102612 0.586163 0.803669
vn 0.086865 0.564482 0.820862
vn -0.014361 0.545351 0.838084
vn -0.006559 0.992551 0.121656
vn 0.071086 0.959550 0.272417
vn -0.009543 0.926771 0.375505
vn -0.006838 0.993038 0.117598
vn -0.086513 0.230034 0.969330
vn -0.054825 0.057095 0.996862
vn -0.009510 0.248570 0.968567
vn 0.035456 0.119067 0.992253
vn -0.069737 0.038277 0.996831
vn -0.141452 0.505943 0.850890
vn 0.088492 0.562195 0.822257
vn 0.064033 0.255342 0.964728
vn -0.088132 0.929302 0.358651
vn 0.062364 0.832792 0.550061
vn -0.042461 0.752107 0.657671
vn -0.097656 0.935255 0.340239
vn -0.007345 0.978528 0.205983
vn 0.050733 0.120510 0.991415
vn -0.009202 0.945984 0.324083
vn -0.225543 0.961259 0.158466
vn -0.205709 0.970563 0.125267
vn 0.190891 0.974415 0.118641
vn 0.203963 0.968794 0.140842
vn -0.007159 0.558022 0.829795
vn 0.022042 0.239915 0.970544
vn -0.073241 0.531747 0.843730
vn -0.107082 0.244172 0.963802
vn -0.056526 0.057537 0.996742
vn 0.008549 0.953787 0.300362
vn -0.226683 0.960672 0.160388
vn -0.048319 0.507995 0.860004
vn -0.126070 0.542736 0.830388
vn 0.086364 0.817648 0.569205
vn -0.122250 0.754999 0.644229
vn 0.034360 0.781463 0.623005
vn -0.105029 0.768369 0.631331
vn -0.008465 0.760662 0.649094
vn 0.085659 0.818536 0.568033
vn -0.012710 0.755271 0.655289
vn -0.358663 0.906026 0.224671
vn -0.496746 0.813122 0.303440
vn -0.360457 0.777242 0.515719
vn -0.431920 0.795199 0.425563
vn -0.455442 0.610271 0.648183
vn -0.678511 0.666436 0.309008
vn -0.718423 0.585843 0.375043
vn -0.530367 0.480190 0.698661
vn -0.016892 0.109193 0.993877
vn -0.010659 0.119933 0.992725
vn -0.016507 0.374587 0.927045
vn -0.014654 0.379003 0.925279
vn 0.065757 0.555772 0.828730
vn -0.002034 0.675602 0.737264
vn -0.006780 0.989487 0.144461
vn -0.232982 0.938619 0.254390
vn -0.372322 0.927526 0.032748
vn -0.289572 0.950435 0.113231
vn 0.096874 -0.296954 0.949965
vn -0.007050 0.451603 0.892191
vn -0.198209 -0.405380 0.892401
vn -0.115972 0.586689 0.801465
vn 0.090843 0.437639 0.894550
vn -0.012227 0.457736 0.889004
vn -0.649242 0.186319 0.737407
vn 0.096572 0.555447 0.825925
vn 0.171515 0.844551 0.507264
vn -0.016539 0.921775 0.387373
vn -0.565080 0.700423 0.435995
vn -0.076936 -0.915767 0.394272
vn 0.297837 -0.821991 0.485410
vn -0.059274 0.911539 0.406919
vn 0.168071 0.888754 0.426461
vn -0.422569 0.880825 0.213501
vn -0.027025 0.971409 0.235868
vn -0.838625 -0.304197 0.451853
vn -0.860300 -0.481803 0.166584
vn -0.960878 -0.046777 0.272993
vn -0.965566 0.155356 0.208680
vn -0.980682 0.182426 0.070588
vn -0.838266 -0.526159 0.143059
vn 0.183891 0.951387 0.247077
vn -0.042234 0.962064 0.269536
vn 0.142796 0.952402 0.269331
vn -0.297728 -0.917356 0.264228
vn 0.334840 -0.907861 0.252329
vn -0.170317 0.955402 0.241247
vn -0.165955 0.894482 0.415163
vn 0.164861 -0.417678 -0.893513
vn -0.283444 -0.268791 -0.920549
vn 0.010842 0.462250 -0.886683
vn -0.099906 0.596253 -0.796556
vn 0.127630 0.534043 -0.835768
vn -0.436245 0.382637 -0.814419
vn 0.027033 0.503954 -0.863307
vn 0.088664 0.430864 -0.898050
vn 0.183151 0.883469 -0.431205
vn -0.044720 0.885262 -0.462937
vn -0.644404 0.622645 -0.443911
vn -0.079567 -0.877131 -0.473614
vn 0.329245 -0.873291 -0.359110
vn 0.158540 0.879672 -0.448377
vn -0.051179 0.916352 -0.397089
vn -0.148276 0.963324 -0.223654
vn -0.147798 0.967897 -0.203301
vn -0.824896 -0.523430 -0.213466
vn -0.898116 -0.310388 -0.311525
vn -0.884875 0.034548 -0.464547
vn -0.978679 0.143240 -0.147209
vn -0.854646 0.497582 -0.148302
vn -0.851136 0.501567 -0.154910
vn -0.987104 -0.155333 -0.038694
vn -0.987366 -0.158057 0.011252
vn 0.118711 0.967867 -0.221677
vn 0.103693 0.966989 -0.232766
vn 0.089191 0.961689 -0.259228
vn 0.093952 0.962001 -0.256374
vn 0.340556 -0.905937 -0.251595
vn 0.339339 -0.903698 -0.261109
vn -0.604164 -0.774786 -0.186260
vn -0.525277 -0.791568 -0.312255
vn 0.260945 0.938959 -0.224195
vn 0.269297 0.931088 -0.246078
vn -0.162441 0.953398 -0.254253
vn -0.168574 0.962626 -0.211975
vn -0.157682 0.899408 -0.407679
vn -0.019730 0.094806 -0.995300
vn 0.273613 -0.592736 -0.757496
vn -0.108928 -0.675265 -0.729487
vn -0.503486 -0.645253 -0.574587
vn 0.002347 0.052372 -0.998625
vn 0.432189 -0.139206 -0.890974
vn 0.795855 -0.399264 -0.455195
vn -0.628257 -0.243753 -0.738835
vn 0.863123 -0.387955 -0.323280
vn 0.976270 -0.216388 0.008531
vn 0.018587 -0.999810 -0.005829
vn 0.009349 -0.999912 0.009425
vn 0.143370 -0.989659 -0.004489
vn 0.410928 -0.911667 -0.001323
vn 0.628017 -0.778198 0.001655
vn 0.668793 -0.144995 0.729173
vn 0.804320 -0.594180 0.004539
vn 0.699960 -0.000433 0.714182
vn -0.948519 0.316628 -0.007647
vn -0.635087 0.465698 0.616271
vn -0.677821 0.219675 0.701642
vn -0.573314 0.819335 -0.000862
vn -0.165632 0.569332 0.805249
vn 0.124016 0.793497 0.595804
vn 0.338817 0.940809 0.009040
vn 0.233194 0.357887 0.904178
vn 0.738252 0.674427 0.011452
vn 0.896932 0.350253 0.269882
vn 0.937181 0.348654 0.011507
vn 0.760295 0.649476 0.011534
vn -0.825852 -0.323368 0.461954
vn -0.396985 -0.729268 0.557290
vn -0.098467 -0.546725 0.831502
vn 0.129258 -0.646495 0.751889
vn 0.619509 -0.463141 0.633806
vn 0.980885 -0.194393 0.008698
vn 0.866347 -0.499410 0.005734
vn 0.972261 -0.233747 0.008424
vn 0.772093 -0.180450 -0.609352
vn 0.619707 -0.348895 -0.703019
vn 0.986679 0.162316 0.010900
vn 0.580566 0.167245 -0.796851
vn 0.849411 0.527603 0.011694
vn 0.527342 0.467990 -0.709151
vn 0.586040 0.810211 0.010745
vn 0.392322 0.596142 -0.700499
vn 0.503582 0.863887 0.010236
vn 0.786040 0.145789 -0.600738
vn 0.776025 -0.630688 0.004054
vn 0.378918 -0.682109 -0.625419
vn -0.359855 -0.932963 -0.009216
vn -0.479714 -0.877367 -0.010086
vn -0.376492 -0.696054 -0.611361
vn -0.738230 -0.674452 -0.011473
vn -0.395499 -0.364007 -0.843255
vn -0.802736 -0.380251 -0.459374
vn -0.903438 -0.428561 -0.011659
vn -0.888957 -0.457843 -0.011680
vn -0.481723 -0.247435 -0.840666
vn -0.820913 -0.570935 -0.011657
vn -0.573362 -0.399482 -0.715311
vn 0.704349 -0.284246 -0.650459
vn -0.852025 -0.168634 -0.495597
vn -0.590152 0.032619 -0.806633
vn 0.711108 -0.048450 -0.701411
vn -0.131138 -0.888037 -0.440673
vn -0.988327 0.152081 -0.009008
vn -0.994912 0.100311 -0.009400
vn -0.699932 -0.000976 -0.714209
vn -0.999922 -0.007366 -0.010109
vn 0.988423 -0.151453 0.009055
vn -0.147347 -0.977275 -0.152390
vn -0.988576 0.150453 -0.009021
vn 0.997165 -0.074634 0.009581
vn -0.407896 -0.821102 0.399265
vn 0.814563 -0.406291 0.414023
vn 0.438199 -0.002943 0.898873
vn -0.714172 -0.008031 0.699925
vn -0.397814 -0.405533 -0.822975
vn -0.889873 -0.002133 -0.456204
vn 0.011423 -0.441851 -0.897016
vn 0.438961 -0.871801 0.217432
vn -0.414216 -0.415317 0.809899
vn 0.010950 -0.702859 -0.711245
vn -0.898878 -0.007473 0.438136
vn -0.358345 -0.793800 -0.491397
vn 0.338119 -0.669613 -0.661282
vn -0.359712 -0.927525 -0.101511
vn -0.727289 -0.660239 -0.187444
vn -0.587689 -0.638677 -0.496702
vn -0.396404 -0.577267 -0.713881
vn 0.733031 -0.206619 -0.648054
vn -0.759214 -0.650737 -0.011620
vn -0.906860 0.415697 -0.069296
vn -0.906236 0.406338 -0.116730
vn -0.959616 0.281199 -0.007978
vn -0.978152 0.207848 -0.004126
vn 0.029253 -0.043729 -0.998615
vn 0.010502 -0.084876 -0.996336
vn 0.010862 -0.088063 -0.996056
vn -0.000448 -0.049497 -0.998774
vn -0.012739 0.002720 -0.999915
vn -0.029932 0.012672 -0.999472
vn 0.003478 0.006338 -0.999974
vn 0.006767 0.006181 -0.999958
vn 0.073900 -0.004861 -0.997254
vn 0.013935 0.005085 -0.999890
vn 0.021602 0.003107 -0.999762
vn -0.011757 -0.010850 -0.999872
vn -0.834527 -0.272408 -0.478914
vn 0.622299 -0.387498 -0.680139
vn -0.710586 -0.061627 -0.700906
vn 0.724439 0.069945 -0.685781
vn -0.608530 0.395724 -0.687818
vn 0.843942 0.278023 -0.458765
vn 0.003268 0.711297 -0.702884
vn 0.695038 0.651429 -0.304239
vn 0.713783 0.324744 -0.620529
vn -0.705243 0.364766 -0.607929
vn -0.442821 0.853609 0.274338
vn -0.010325 0.095503 0.995376
vn -0.009544 0.859193 0.511563
vn -0.011015 0.588361 0.808523
vn -0.009118 0.939974 0.341123
vn -0.006177 -0.484771 0.874619
vn -0.006812 -0.429245 0.903163
vn 0.011479 -0.333051 -0.942839
vn -0.702367 -0.152754 -0.695231
vn 0.720874 -0.043895 -0.691675
vn 0.011057 -0.334629 -0.942285
vn -0.998801 -0.039581 -0.028795
vn -0.999959 0.001632 -0.008919
vn -0.998896 -0.032616 -0.033797
vn -0.009239 0.985404 0.169978
vn -0.006752 0.987739 0.155966
vn -0.008964 -0.193056 0.981147
vn -0.008896 -0.191406 0.981471
vn -0.009767 -0.001474 0.999951
vn -0.705869 0.157311 -0.690654
vn 0.840163 0.131078 -0.526255
vn 0.523738 -0.729467 -0.439972
vn 0.768460 -0.618753 -0.163138
vn 0.600011 -0.772774 -0.206900
vn 0.614716 -0.682536 -0.395309
vn 0.587036 0.784833 -0.198559
vn 0.712174 0.604195 -0.357429
vn 0.396072 0.800133 -0.450460
vn 0.766990 0.622869 -0.154140
vn 0.614574 -0.450469 -0.647593
vn 0.488035 -0.374351 -0.788469
vn 0.613908 -0.062786 -0.786877
vn 0.609815 0.045872 -0.791215
vn 0.691489 0.330027 -0.642592
vn 0.606436 0.438787 -0.663100
vn 0.007843 -0.964346 -0.264528
vn -0.536325 -0.812736 -0.227630
vn -0.547019 -0.755604 -0.360324
vn 0.010222 -0.814642 -0.579874
vn -0.545156 0.809494 -0.218002
vn -0.002640 0.967443 -0.253073
vn -0.555941 0.719139 -0.416855
vn -0.465902 -0.453675 -0.759680
vn 0.011431 -0.494793 -0.868936
vn -0.651087 -0.024614 -0.758604
vn -0.551189 0.416803 -0.722818
vn 0.005988 0.505150 -0.863011
vn 0.610097 -0.665869 -0.429419
vn 0.388934 -0.889279 -0.240650
vn 0.379227 0.896229 -0.230131
vn 0.711735 0.623698 -0.323162
vn 0.689985 -0.317345 -0.650548
vn 0.608529 0.079094 -0.789580
vn 0.605005 0.466735 -0.645079
vn 0.687430 0.611063 -0.392483
vn 0.381931 0.895163 -0.229809
vn 0.724933 -0.324346 -0.607678
vn 0.527669 0.021743 -0.849172
vn 0.611792 0.404694 -0.679657
vn -0.702048 -0.685184 -0.194043
vn -0.547985 -0.735514 -0.398411
vn -0.546401 -0.440937 -0.712054
vn -0.547352 -0.029006 -0.836399
vn -0.436146 0.395468 -0.808320
vn 0.009722 -0.862995 -0.505119
vn 0.011105 -0.253005 -0.967401
vn 0.008291 0.264553 -0.964336
vn -0.011104 0.400097 0.916405
vn -0.840552 -0.531515 0.104711
vn -0.880613 0.460833 0.110242
vn -0.799217 0.424184 -0.425816
vn -0.762642 -0.482430 -0.430858
vn -0.228091 0.966492 0.117761
vn 0.130845 0.834239 -0.535654
vn 0.838206 0.530136 0.127930
vn 0.592017 0.374106 -0.713835
vn 0.878277 -0.462258 0.122255
vn 0.874188 -0.456877 -0.164496
vn 0.225808 -0.967862 0.110701
vn -0.078330 -0.568598 -0.818878
vn -0.382122 -0.490823 0.782992
vn 0.392687 -0.742315 0.542923
vn 0.292341 -0.004074 0.956305
vn -0.450173 -0.007766 0.892907
vn 0.334835 0.828339 0.449154
vn -0.352794 0.638346 0.684142
vn 0.678810 -0.330194 -0.655888
vn 0.408499 0.822559 -0.395632
vn 0.801260 0.571677 0.176542
vn 0.881461 -0.345057 0.322432
vn -0.666736 0.333535 -0.666496
vn -0.400988 -0.818829 -0.410765
vn -0.941162 -0.164599 0.295162
vn -0.516629 0.840037 0.165624
vn -0.778000 -0.621910 -0.089124
vn 0.787491 -0.610517 -0.084420
vn 0.471338 0.007791 -0.881918
vn 0.618594 0.008023 -0.785670
vn -0.464866 0.002724 -0.885377
vn -0.610636 0.001379 -0.791910
vn -0.933088 -0.002942 -0.359635
vn -0.953300 -0.003398 -0.302004
vn 0.982540 0.006446 -0.185942
vn 0.903433 0.007453 -0.428665
vn 0.831215 0.007811 -0.555896
vn -0.823337 -0.001107 -0.567552
vn -0.001871 0.999965 0.008165
vn -0.000968 0.999995 0.003149
vn -0.848514 -0.014216 -0.528982
vn -0.920759 -0.002690 -0.390122
vn -0.003201 0.999985 0.004458
vn -0.003128 0.999968 0.007371
vn 0.857584 -0.004950 -0.514320
vn 0.927077 0.007263 -0.374801
vn 0.002629 -0.999985 -0.004725
vn 0.002698 -0.999971 -0.007083
vn 0.001866 -0.999965 -0.008206
vn 0.000975 -0.999994 -0.003261
vn -0.137230 0.930075 0.340777
vn -0.399543 0.322173 0.858236
vn 0.973055 0.230301 0.011179
vn 0.377614 0.925916 0.009346
vn 0.127104 0.935490 -0.329702
vn -0.579518 0.494588 -0.647721
vn -0.975512 0.219781 -0.008475
vn 0.002646 -0.967447 0.253058
vn 0.000696 -0.909565 0.415561
vn -0.001337 -0.821528 0.570167
vn -0.005101 -0.579939 0.814644
vn -0.006832 -0.426392 0.904512
vn -0.009531 -0.094918 0.995440
vn -0.010497 0.083004 0.996494
vn -0.011424 0.494810 0.868926
vn -0.009733 0.863004 0.505104
vn -0.007851 0.964345 0.264532
vn 0.324838 -0.677519 0.659885
vn -0.368058 -0.799589 0.474543
vn 0.709075 -0.050263 0.703340
vn 0.820228 0.124220 0.558387
vn -0.356971 -0.683938 0.636239
vn -0.755289 -0.457322 0.469463
vn -0.172227 -0.953473 0.247441
vn -0.070664 -0.997479 -0.006441
vn 0.810295 -0.179343 0.557904
vn -0.771266 0.003525 0.636504
vn -0.418635 0.216344 0.882009
vn 0.009180 -0.055685 0.998406
vn -0.020517 -0.061475 0.997898
vn -0.047156 -0.003035 0.998883
vn -0.030177 0.000108 0.999545
vn -0.004263 -0.007346 0.999964
vn 0.714273 -0.399881 0.574377
vn -0.722602 -0.300695 0.622438
vn 0.711172 -0.062217 0.700260
vn -0.575134 0.065347 0.815445
vn 0.604166 0.394128 0.692565
vn -0.905421 0.210321 0.368752
vn 0.439371 0.430190 0.788599
vn 0.693955 0.689573 -0.207160
vn -0.443953 0.804373 0.394830
vn -0.840113 0.260100 0.475982
vn 0.007738 0.355207 -0.934756
vn 0.010969 -0.147173 -0.989050
vn 0.004393 0.655496 -0.755186
vn 0.005916 0.537513 -0.843235
vn 0.000642 0.865253 -0.501334
vn -0.002369 0.943993 -0.329957
vn 0.011387 -0.447020 -0.894452
vn 0.707518 -0.146913 0.691256
vn -0.808424 -0.056832 0.585850
vn -0.999165 -0.040015 0.008269
vn -0.999936 0.001646 -0.011233
vn -0.999366 -0.032979 0.013447
vn -0.003730 0.989538 -0.144222
vn -0.005939 0.987368 -0.158334
vn 0.010342 0.010521 -0.999891
vn 0.010676 -0.116458 -0.993138
vn 0.010947 -0.242555 -0.970076
vn 0.796936 0.101786 0.595426
vn -0.719231 0.186564 0.669254
vn 0.477241 -0.726287 0.494721
vn 0.606037 -0.720587 0.336856
vn 0.598196 0.723073 0.345438
vn 0.469230 0.725573 0.503356
vn 0.596911 -0.366908 0.713496
vn 0.601493 -0.458235 0.654391
vn 0.679725 -0.047163 0.731949
vn 0.593765 0.036330 0.803818
vn 0.509440 0.437638 0.740908
vn 0.766862 0.317327 0.557877
vn -0.555824 -0.740149 0.378469
vn -0.637702 0.687968 0.346462
vn -0.010236 0.814637 0.579881
vn -0.005978 -0.505149 0.863011
vn -0.370218 -0.472337 0.799898
vn -0.726724 -0.008015 0.686882
vn -0.375260 0.458757 0.805433
vn 0.774103 -0.545671 0.320947
vn 0.953015 -0.290223 0.086793
vn 0.674847 0.657151 0.335760
vn 0.949691 0.299847 0.090440
vn 0.509946 -0.417813 0.751922
vn 0.592449 0.069584 0.802597
vn 0.467972 0.492453 0.733820
vn 0.956255 -0.280137 0.084258
vn 0.518711 -0.732966 0.440114
vn 0.953124 0.289578 0.087744
vn 0.599078 0.708040 0.373878
vn 0.600116 -0.336048 0.725901
vn 0.599035 -0.001501 0.800722
vn 0.509444 0.413593 0.754591
vn -0.476049 -0.775760 0.414215
vn -0.910759 -0.401938 0.094674
vn -0.915093 0.390810 0.099356
vn -0.451223 0.738081 0.501632
vn -0.723916 -0.354558 0.591806
vn -0.450798 -0.070482 0.889839
vn -0.639263 0.341188 0.689154
vn -0.000335 -0.868979 0.494848
vn -0.003284 -0.711322 0.702859
vn -0.008319 -0.264598 0.964323
vn -0.011116 0.253028 0.967395
vn -0.010958 0.702850 0.711254
vn 0.003450 -0.983322 0.181841
vn -0.007714 -0.333818 0.942606
vn -0.004019 -0.660829 0.750525
vn 0.007224 -0.981075 -0.193491
vn -0.011423 0.496172 0.868149
vn 0.659651 0.668233 0.343984
vn -0.011419 0.441837 0.897023
vn 0.401791 -0.412548 0.817538
vn 0.999947 0.002002 0.010053
vn 0.672364 -0.662557 -0.330066
vn -0.657622 -0.335073 -0.674730
vn -0.999914 -0.008374 -0.010117
vn -0.456185 -0.009709 0.889832
vn -0.898842 -0.010464 0.438148
vn 0.573870 -0.579239 0.578926
vn 0.699944 -0.003309 0.714190
vn 0.418312 -0.402745 -0.814133
vn 0.009352 -0.891771 -0.452390
vn 0.343633 -0.660864 -0.667214
vn 0.898861 0.007481 -0.438170
vn 0.007282 0.410714 -0.911735
vn 0.011350 -0.570143 -0.821467
vn 0.010498 -0.082978 -0.996496
vn -0.000696 0.909559 -0.415574
vn 0.011424 -0.496156 -0.868158
vn 0.005976 0.506521 -0.862207
vn 0.579986 0.583888 -0.568059
vn 0.814178 0.580498 0.011656
vn 0.898440 -0.439050 0.006405
vn 0.414194 -0.149906 0.897759
vn -0.608005 -0.008012 0.793893
vn 0.796946 -0.170434 0.579508
vn 0.009658 -0.999728 -0.021214
vn 0.212814 -0.977086 -0.003707
vn 0.752438 -0.335202 -0.566989
vn 0.605490 -0.357365 0.711106
vn 0.648324 -0.231797 0.725222
vn 0.686090 0.109792 0.719184
vn 0.998643 0.051045 0.010350
vn 0.626944 0.469637 0.621596
vn 0.925426 0.378751 0.011536
vn 0.625145 0.780432 0.010935
vn 0.304947 0.451460 0.838565
vn 0.773784 0.138488 0.618126
vn 0.017208 -0.930309 0.366372
vn -0.372057 -0.606642 0.702537
vn -0.591199 -0.806454 -0.010760
vn -0.412326 -0.374014 0.830723
vn -0.727507 -0.345839 0.592562
vn -0.856437 -0.516119 -0.011687
vn -0.941517 -0.336771 -0.011470
vn -0.498509 -0.257421 0.827782
vn -0.587582 -0.407946 0.698804
vn 0.691157 -0.292095 0.661046
vn 0.824728 -0.043385 0.563862
vn -0.711135 0.047586 0.701443
vn -0.648382 -0.336927 0.682702
vn -0.139865 -0.893241 0.427267
vn -0.988075 0.153708 -0.009013
vn -0.714158 -0.009440 0.699921
vn 0.988578 -0.150440 0.009047
vn -0.150262 -0.979010 0.137695
vn 0.666365 0.672208 -0.322636
vn 0.397794 0.405533 0.822984
vn -0.402257 0.410873 -0.818152
vn -0.673612 0.661050 0.330545
vn 0.671505 0.340904 -0.657925
vn 0.322986 0.664442 0.673941
vn -0.456140 -0.007763 0.889874
vn -0.442312 -0.896807 -0.009814
vn 0.586246 -0.570766 -0.574928
vn -0.209065 -0.871406 -0.443783
vn -0.818325 -0.415075 0.397564
vn -0.006563 -0.452551 0.891714
vn 0.000364 -0.897079 0.441869
vn -0.810122 -0.410188 -0.418865
vn 0.276979 -0.797120 -0.536547
vn -0.438188 0.002948 -0.898879
vn 0.988115 -0.153448 0.009024
vn 0.332916 0.615710 0.714190
vn -0.642801 0.009259 0.765977
vn -0.886859 -0.003627 0.462025
vn 0.743854 0.264668 0.613703
vn 0.859067 0.511729 0.011705
vn 0.480868 0.876735 0.010080
vn -0.011369 0.376754 0.926244
vn -0.011288 0.604836 0.796270
vn -0.996187 0.007473 0.086919
vn 0.483276 0.318271 0.815566
vn 0.442040 0.585694 0.679384
vn 0.224682 -0.272620 0.935519
vn 0.196713 0.123421 0.972662
vn 0.116989 0.484344 0.867021
vn -0.010468 0.949702 0.312979
vn -0.009993 0.947749 0.318859
vn -0.016271 0.655480 0.755037
vn -0.018921 0.631706 0.774977
vn -0.016713 -0.287872 0.957523
vn -0.031440 -0.012795 0.999424
vn 0.001229 -0.927985 0.372615
vn 0.007118 -0.897257 0.441452
vn -0.002669 -0.748543 0.663081
vn 0.862157 0.505109 0.039380
vn 0.007418 -0.749542 0.661915
vn -0.008821 -0.742172 0.670151
vn -0.001245 -0.611770 0.791035
vn -0.877393 0.002015 -0.479769
vn -0.627303 0.018511 -0.778555
vn 0.011409 -0.415533 -0.909507
vn 0.006610 0.448095 -0.893961
vn 0.004658 0.614292 -0.789065
vn -0.994242 0.008643 -0.106812
vn 0.499573 0.327962 -0.801790
vn 0.203971 -0.336106 -0.919472
vn 0.237614 0.659469 -0.713190
vn 0.216206 0.135026 -0.966966
vn 0.180406 0.438040 -0.880667
vn -0.004226 0.949575 -0.313513
vn -0.003246 0.953436 -0.301577
vn -0.003603 0.665489 -0.746399
vn -0.000966 0.640971 -0.767565
vn 0.002576 -0.276356 -0.961052
vn -0.011337 -0.000838 -0.999935
vn 0.008832 -0.923467 -0.383576
vn 0.016101 -0.891919 -0.451908
vn 0.010760 -0.740557 -0.671908
vn 0.862721 0.505429 -0.015965
vn 0.020816 -0.741576 -0.670546
vn 0.004162 -0.602292 -0.798265
vn 0.021273 -0.751625 -0.659248
vn 0.868196 0.496083 0.011693
vn 0.796686 0.604281 0.011625
vn -0.807919 -0.413919 -0.419451
vn -0.999941 -0.006271 -0.008829
vn -0.784392 0.222342 0.579045
vn -0.674601 0.439383 -0.593175
vn -0.672378 0.196099 -0.713760
vn -0.960204 0.279255 -0.004902
vn -0.963884 0.266198 -0.008106
vn 0.021198 0.005690 -0.999759
vn -0.667819 0.207523 -0.714809
vn 0.015664 0.001505 -0.999876
vn 0.811386 0.408620 0.417950
vn 0.005419 -0.999960 -0.007149
vn -0.409948 0.295222 0.863010
vn -0.665542 0.746350 -0.003921
vn 0.020511 0.000862 -0.999789
vn -0.955658 0.294298 -0.010324
vn -0.005506 0.033033 0.999439
vn 0.010521 -0.436085 -0.899844
vn 0.004496 0.011881 -0.999919
vn 0.009613 0.013391 -0.999864
vn -0.006523 0.002775 -0.999975
vn 0.007960 0.022019 -0.999726
vn 0.009947 0.026870 -0.999589
vn -0.011074 0.236684 0.971524
vn -0.418665 0.401081 0.814772
vn -0.137888 0.990437 0.004542
vn 0.133293 0.991050 0.007275
vn 0.010986 0.999921 0.006094
vn 0.487699 0.872953 0.010124
vn 0.599391 0.800383 0.010819
vn 0.832783 0.553476 0.011689
vn 0.921744 0.387626 0.011588
vn 0.991283 -0.131432 0.009177
vn 0.710910 -0.703276 0.002929
vn 0.387682 -0.921792 -0.001628
vn -0.608031 0.793912 -0.001351
vn -0.387672 0.921796 0.001617
vn -0.002618 0.966817 -0.255455
vn -0.538564 0.413228 -0.734297
vn 0.484588 0.486795 -0.726777
vn 0.575564 0.086349 -0.813185
vn 0.630012 -0.615653 -0.473346
vn -0.120342 -0.931463 -0.343357
vn -0.377661 -0.925897 -0.009332
vn -0.599383 -0.800389 -0.010800
vn -0.534093 -0.410310 -0.739182
vn -0.671166 0.000755 -0.741307
vn -0.011371 0.365814 0.930618
vn 0.061790 -0.549468 -0.833227
vn 0.053781 -0.702693 -0.709457
vn -0.868779 0.495166 -0.005800
vn 0.013639 0.859260 0.511358
vn 0.869870 0.493141 0.011784
vn 0.419192 0.871288 0.255217
vn 0.338799 0.910266 -0.237972
vn 0.764465 0.644563 0.011463
vn 0.070661 0.006150 -0.997481
vn 0.951801 0.007012 -0.306637
vn -0.476543 -0.879094 -0.010049
vn -0.946476 -0.322570 -0.011447
vn -0.775393 -0.631373 -0.011574
vn -0.495011 -0.868827 -0.010171
vn -0.791076 0.611703 -0.004286
vn -0.500854 0.865532 0.000158
vn -0.675896 0.736993 -0.002382
vn 0.748456 0.663085 0.011496
vn 0.491470 0.870835 0.010155
vn 0.923716 0.382902 0.011582
vn -0.927817 0.372969 -0.007095
vn -0.400962 -0.916045 -0.009508
vn 0.286103 0.958160 0.008613
vn -0.277800 0.960634 0.002955
vn 0.445617 0.895170 0.009828
vn 0.801063 0.598467 0.011634
vn 0.790934 0.611792 0.011610
vn -0.958368 0.285427 -0.007926
vn -0.756601 0.653866 -0.003692
vn -0.991005 -0.133394 -0.010769
vn 0.163655 0.986488 0.007588
vn -0.006029 -0.501627 0.865063
vn -0.666329 -0.345457 0.660806
vn -0.804409 0.353297 0.477606
vn -0.877277 0.398361 -0.267758
vn -0.999915 -0.006355 -0.011389
vn -0.727693 0.578870 0.367931
vn -0.960143 0.279291 -0.011073
vn -0.431067 0.120897 0.894184
vn -0.000551 -0.010451 0.999945
vn 0.005400 -0.999974 -0.004689
vn -0.665571 0.746329 -0.002858
vn -0.666630 0.745389 -0.000509
vn -0.134442 -0.035189 -0.990297
vn 0.000395 -0.008050 0.999968
vn -0.955695 0.294311 -0.005358
vn 0.014746 0.017896 -0.999731
vn -0.024624 0.044741 -0.998695
vn -0.004024 -0.708503 0.705696
vn -0.011862 0.448485 0.893712
vn -0.014212 -0.001529 0.999898
vn -0.026630 -0.009174 0.999603
vn -0.012148 0.010053 0.999876
vn -0.010142 0.014946 0.999837
vn 0.008428 0.248338 -0.968637
vn 0.006565 0.452558 -0.891711
vn -0.574651 0.577682 -0.579707
vn -0.002323 0.999980 0.005960
vn 0.257287 0.966299 0.008371
vn -0.710901 0.703286 -0.002914
vn -0.558265 0.542246 0.627941
vn 0.120338 0.931469 0.343343
vn 0.639966 0.491169 0.590928
vn 0.559942 -0.080247 0.824637
vn 0.475039 -0.481648 0.736447
vn 0.002622 -0.966817 0.255455
vn -0.377354 -0.377913 0.845450
vn -0.703228 -0.710874 -0.011324
vn -0.811070 -0.119078 0.572701
vn -0.991282 0.131442 -0.009154
vn 0.027470 -0.896923 0.441332
vn 0.049695 -0.321568 0.945581
vn 0.023829 0.865308 -0.500674
vn 0.050559 -0.005628 0.998705
vn 0.826421 0.001178 0.563051
vn -0.898322 -0.439182 -0.011660
vn -0.464107 -0.885723 -0.009968
vn -0.525296 -0.850856 -0.010374
vn -0.857289 -0.514702 -0.011704
vn 0.438068 0.898889 0.009780
vn 0.290989 0.956687 0.008649
vn -0.418476 0.908227 0.001233
vn 0.011424 -0.491235 -0.870952
vn -0.699962 0.000422 -0.714180
vn -0.003115 0.123065 -0.992394
vn 0.002156 0.109109 -0.994027
vn -0.920867 0.039741 -0.387845
vn -0.594210 0.349404 -0.724452
vn -0.237094 -0.400384 -0.885144
vn 0.644290 -0.234789 -0.727849
vn 0.008762 -0.884834 -0.465824
vn 0.009249 -0.880408 -0.474127
vn 0.239750 0.513108 -0.824161
vn -0.001192 0.882918 -0.469526
vn 0.938509 0.043574 -0.342494
vn 0.939983 0.041800 -0.338650
vn 0.056278 0.006222 -0.998396
vn 0.046263 -0.630444 -0.774855
vn -0.702336 -0.314131 -0.638785
vn -0.416113 0.003138 -0.909307
vn -0.891939 -0.452004 -0.011678
vn -0.408058 -0.908846 0.086537
vn 0.005556 -0.999858 -0.015932
vn -0.452059 0.891988 0.000782
vn -0.768178 0.548828 0.329682
vn 0.703199 0.710903 0.011318
vn 0.762844 0.635102 -0.121306
vn -0.853614 -0.484988 0.190079
vn -0.450015 -0.840996 -0.300355
vn 0.022599 -0.942702 -0.332870
vn -0.535321 0.814446 0.223853
vn 0.704336 0.706022 0.073779
vn 0.576558 0.799969 -0.166221
vn -0.810540 0.525354 -0.258898
vn 0.878686 0.007611 -0.477340
vn 0.843021 0.137392 -0.520038
vn -0.544820 0.374139 -0.750460
vn 0.053244 0.249941 -0.966796
vn 0.028695 0.788982 -0.613745
vn 0.030484 0.790091 -0.612232
vn 0.043185 -0.425579 0.903890
vn 0.104891 -0.005342 0.994469
vn -0.014790 -0.006022 0.999873
vn -0.011126 -0.426393 0.904469
vn 0.042311 0.702137 0.710784
vn -0.015527 0.702820 0.711198
vn 0.079649 0.996806 0.005770
vn -0.011588 0.987264 0.158669
vn 0.101682 0.757263 -0.645146
vn -0.001307 0.711276 -0.702912
vn 0.095068 0.006410 -0.995450
vn 0.005318 0.005944 -0.999968
vn 0.088570 -0.413869 -0.906017
vn 0.007110 -0.415551 -0.909542
vn 0.202944 0.687773 0.696981
vn 0.234308 -0.004495 0.972152
vn 0.224827 0.970858 -0.082987
vn 0.226072 0.642198 -0.732443
vn 0.253804 0.007089 -0.967230
vn 0.212333 -0.405957 -0.888883
vn 0.194467 -0.416582 0.888055
vn 0.698614 0.715410 0.011287
vn 0.038617 0.415282 0.908873
vn 0.071260 0.701459 0.709138
vn -0.015805 0.611501 0.791085
vn -0.015701 0.415514 0.909451
vn 0.109484 0.993964 0.007054
vn -0.010168 0.999931 0.005889
vn 0.073510 0.672659 -0.736292
vn 0.002534 0.426352 -0.904554
vn 0.084007 0.425525 -0.901039
vn 0.189982 0.408110 0.892946
vn 0.211687 0.735853 0.643202
vn 0.238784 0.971038 0.008208
vn 0.224493 0.743479 -0.629954
vn 0.207857 0.418760 -0.883988
vn 0.404978 0.914277 0.009547
vn -0.477552 0.281205 0.832386
vn -0.930449 -0.054418 0.362359
vn -0.454393 -0.036136 0.890068
vn -0.675135 0.325753 0.661875
vn -0.834150 -0.074211 0.546522
vn -0.780021 0.600692 0.175317
vn 0.824771 0.039595 0.564079
vn 0.718968 0.224378 0.657830
vn 0.515793 0.818717 0.252309
vn -0.001891 0.948218 -0.317614
vn 0.010713 -0.133786 -0.990952
vn 0.009261 0.135836 -0.990688
vn 0.011284 -0.603212 -0.797501
vn 0.001841 0.795644 -0.605761
vn 0.001057 0.835339 -0.549735
vn 0.697123 0.048561 0.715305
vn 0.589412 0.043638 0.806653
vn 0.527442 0.803034 0.277382
vn 0.519596 0.279212 0.807503
vn 0.741776 0.361159 0.565095
vn 0.523060 0.138840 0.840911
vn 0.761374 0.213149 0.612273
vn 0.452435 0.302837 0.838804
vn 0.585535 0.380605 0.715743
vn 0.453957 0.376740 0.807459
vn 0.639371 0.521532 0.564985
vn 0.335092 0.375324 0.864202
vn 0.547114 0.617202 0.565445
vn 0.393368 0.578487 0.714573
vn -0.276375 -0.363791 0.889535
vn -0.515900 -0.619525 0.591639
vn -0.191890 -0.264006 0.945240
vn -0.335434 -0.309356 0.889822
vn -0.602947 -0.581318 0.546374
vn -0.439436 -0.562870 0.700052
vn -0.748205 -0.498362 0.437977
vn -0.499775 -0.346825 0.793686
vn -0.664397 -0.260596 0.700476
vn -0.646601 -0.301630 0.700662
vn -0.700281 -0.137681 0.700464
vn -0.693450 -0.169603 0.700258
vn -0.691422 -0.177469 0.700315
vn 0.522221 0.144874 0.840415
vn -0.549699 -0.258835 0.794251
vn 0.743146 0.358334 0.565093
vn 0.580444 0.388254 0.715781
vn -0.594457 -0.395701 0.700029
vn -0.523744 -0.485353 0.700089
vn 0.616318 0.548654 0.564917
vn -0.361746 -0.431873 0.826211
vn 0.429259 0.550040 0.716375
vn -0.155449 -0.899349 0.408665
vn 0.734087 -0.098591 0.671860
vn 0.500135 0.735739 0.456676
vn 0.831798 -0.555056 0.005047
vn -0.460749 0.291192 -0.838402
vn -0.850469 -0.045104 -0.524087
vn -0.544206 -0.033206 -0.838294
vn -0.776424 0.602823 -0.183766
vn 0.850122 0.181676 -0.494253
vn 0.897307 0.048832 -0.438697
vn 0.290838 0.919852 -0.263221
vn -0.008392 0.944347 0.328843
vn -0.009196 -0.145632 0.989296
vn -0.004679 -0.612713 0.790292
vn -0.011417 0.430518 0.902510
vn -0.010441 0.788302 0.615200
vn -0.008335 0.946757 0.321843
vn 0.560563 0.046381 -0.826812
vn -0.416765 0.811835 0.408939
vn 0.535696 0.288795 -0.793491
vn 0.773505 0.220370 -0.594245
vn 0.469172 0.312797 -0.825855
vn 0.650534 0.528175 -0.545744
vn 0.352352 0.385598 -0.852738
vn -0.443464 -0.540079 -0.715300
vn -0.415668 -0.562512 -0.714703
vn -0.317438 -0.298644 -0.900025
vn -0.658771 -0.439505 -0.610620
vn -0.768467 -0.298579 -0.565958
vn -0.579839 -0.108384 -0.807490
vn 0.538995 0.154859 -0.827951
vn -0.677176 -0.168994 -0.716152
vn 0.643185 0.311475 -0.699498
vn -0.631601 -0.295330 -0.716840
vn 0.670906 0.447724 -0.591125
vn -0.452067 -0.301902 -0.839339
vn 0.535439 0.473155 -0.699592
vn -0.578705 -0.540961 -0.610296
vn 0.443506 0.558520 -0.700969
vn -0.345008 -0.421909 -0.838428
vn 0.261306 0.374561 -0.889620
vn -0.530279 -0.714206 -0.456852
vn 0.509125 0.741091 -0.437694
vn -0.992103 -0.124964 -0.010724
vn -0.957633 -0.287766 -0.011351
vn -0.874238 -0.485357 -0.011692
vn -0.791066 -0.611621 -0.011613
vn -0.679089 -0.733970 -0.011219
vn -0.576658 -0.816916 -0.010684
vn 0.840814 -0.541299 0.005216
vn 0.833318 -0.552770 0.005069
vn 0.950505 0.310498 0.011418
vn 0.566360 0.824090 0.010626
vn 0.710514 0.703592 0.011352
vn 0.798915 0.601332 0.011630
vn 0.856984 0.515209 0.011698
vn 0.917048 0.398607 0.011605
vn 0.992918 0.118321 0.010691
# 2418 normals

g default
# 0 triangles in group

g MESH-0
s 1
f 1/1/1 2/2/1 3/3/1
f 3/3/1 4/4/1 1/1/1
f 1/1/1 4/4/1 5/5/1
f 5/5/1 6/6/1 1/1/1
f 7/7/1 8/8/1 6/6/1
f 6/6/1 5/5/1 7/7/1
f 9/9/1 10/10/1 8/8/1
f 8/8/1 7/7/1 9/9/1
f 10/10/1 9/9/1 11/11/2
f 11/11/2 9/9/1 12/12/3
f 12/12/3 9/9/1 13/13/1
f 14/14/1 2/2/1 15/15/1
f 15/15/1 16/16/1 14/14/1
f 14/14/1 3/3/1 2/2/1
f 17/17/4 18/18/5 19/19/6
f 20/20/7 21/21/8 22/22/9
f 22/22/9 23/23/10 20/20/7
f 24/24/11 23/23/10 22/22/9
f 22/22/9 25/25/12 24/24/11
f 26/26/13 27/27/14 28/28/15
f 28/28/15 29/29/16 26/26/13
f 26/26/13 21/21/8 20/20/7
f 20/20/7 27/27/14 26/26/13
f 30/30/17 22/22/9 31/31/18
f 31/31/18 22/22/9 21/21/8
f 22/22/9 30/30/17 25/25/12
f 32/32/19 23/23/10 24/24/11
f 24/24/11 33/33/20 32/32/19
f 21/21/8 26/26/13 31/31/18
f 26/26/13 34/34/21 31/31/18
f 26/26/13 29/29/16 34/34/21
f 35/35/1 36/36/1 37/37/1
f 38/38/1 39/39/1 36/36/1
f 36/36/1 39/39/1 37/37/1
f 40/40/22 24/24/11 41/41/23
f 41/41/23 42/42/24 40/40/22
f 12/12/3 43/43/25 44/44/26
f 43/43/25 45/45/27 44/44/26
f 46/46/28 47/47/29 48/48/30
f 47/47/29 49/49/31 48/48/30
f 48/48/30 49/49/31 45/45/27
f 50/50/32 45/45/27 49/49/31
f 46/46/28 48/48/30 51/51/33
f 51/51/33 52/52/34 46/46/28
f 52/52/34 51/51/33 53/53/35
f 53/53/35 54/54/36 52/52/34
f 55/55/37 41/41/23 56/56/38
f 56/56/38 57/57/39 55/55/37
f 58/58/40 59/59/41 56/56/38
f 56/56/38 41/41/23 58/58/40
f 60/60/42 61/61/41 59/59/41
f 59/59/41 58/58/40 60/60/42
f 55/55/37 42/42/24 41/41/23
f 24/24/11 40/40/22 33/33/20
f 62/62/1 39/39/1 38/38/1
f 38/38/1 63/63/1 62/62/1
f 11/11/2 12/12/3 44/44/26
f 44/44/26 64/64/43 11/11/2
f 65/65/44 66/66/45 67/67/45
f 52/52/34 54/54/36 68/68/46
f 66/66/45 69/69/45 67/67/45
f 67/67/45 69/69/45 54/54/36
f 54/54/36 69/69/45 68/68/46
f 29/29/16 65/65/44 67/67/45
f 67/67/45 34/34/21 29/29/16
f 28/28/15 70/70/47 29/29/16
f 29/29/16 70/70/47 71/71/48
f 71/71/48 65/65/44 29/29/16
f 72/72/49 70/70/47 28/28/15
f 18/18/5 73/73/50 19/19/6
f 74/74/1 75/75/1 73/73/50
f 19/19/6 73/73/50 75/75/1
f 73/73/50 35/35/1 74/74/1
f 74/74/1 35/35/1 76/76/1
f 76/76/1 35/35/1 37/37/1
f 77/77/51 44/44/26 45/45/27
f 45/45/27 50/50/32 77/77/51
f 78/78/52 46/46/28 79/79/53
f 68/68/46 79/79/53 52/52/34
f 79/79/53 46/46/28 52/52/34
f 80/80/54 81/81/55 78/78/52
f 46/46/28 78/78/52 47/47/29
f 47/47/29 78/78/52 81/81/55
f 32/32/19 82/82/56 20/20/7
f 20/20/7 23/23/10 32/32/19
f 27/27/14 20/20/7 82/82/56
f 18/18/5 17/17/4 82/82/56
f 72/72/49 28/28/15 27/27/14
f 27/27/14 17/17/4 72/72/49
f 72/72/49 17/17/4 19/19/6
f 17/17/4 27/27/14 82/82/56
f 25/25/12 30/30/17 60/60/42
f 60/60/42 58/58/40 25/25/12
f 25/25/12 58/58/40 41/41/23
f 41/41/23 24/24/11 25/25/12
f 83/83/57 84/84/58 85/85/59
f 85/85/59 86/86/60 87/83/60
f 85/85/59 88/87/61 89/86/62
f 88/87/61 90/88/63 91/86/63
f 92/88/64 93/89/65 94/90/64
f 95/91/66 84/84/58 96/83/67
f 97/83/68 98/92/68 95/91/66
f 99/93/69 100/94/70 101/95/69
f 102/96/71 100/94/70 103/93/71
f 88/87/61 93/89/65 104/88/72
f 105/97/73 106/98/74 107/99/75
f 107/99/75 108/100/76 105/97/73
f 108/100/76 109/101/77 105/97/73
f 110/102/78 109/101/77 111/103/79
f 112/104/80 113/105/81 114/106/82
f 114/106/82 115/107/83 112/104/80
f 116/108/84 117/109/85 118/110/86
f 118/110/86 119/111/87 116/108/84
f 120/112/88 121/113/89 122/114/90
f 123/115/91 122/114/90 124/116/92
f 122/114/90 121/113/89 124/116/92
f 110/102/78 111/103/79 125/117/93
f 126/118/94 110/102/78 125/117/93
f 127/119/95 112/104/80 128/120/96
f 113/105/81 129/121/97 130/122/98
f 130/122/98 114/106/82 113/105/81
f 131/123/99 132/124/100 133/125/101
f 133/125/101 134/126/102 131/123/99
f 135/127/103 124/116/92 136/128/104
f 124/116/92 121/113/89 136/128/104
f 137/129/105 138/130/106 122/114/90
f 139/131/107 140/132/108 141/133/109
f 141/133/109 142/134/110 139/131/107
f 143/135/111 144/136/112 145/137/113
f 145/137/113 146/138/114 143/135/111
f 147/139/115 148/140/116 144/136/112
f 144/136/112 143/135/111 147/139/115
f 148/140/116 149/141/117 150/142/118
f 150/142/118 144/136/112 148/140/116
f 151/143/119 152/144/120 153/145/121
f 153/145/121 154/146/122 151/143/119
f 142/134/110 150/142/118 155/147/123
f 155/147/123 139/131/107 142/134/110
f 142/134/110 145/137/113 144/136/112
f 144/136/112 150/142/118 142/134/110
f 156/148/124 132/124/100 131/123/99
f 131/123/99 157/149/125 156/148/124
f 158/150/126 159/151/127 156/148/124
f 156/148/124 157/149/125 158/150/126
f 160/152/128 159/151/127 158/150/126
f 158/150/126 161/153/129 162/152/129
f 163/154/130 120/112/88 146/138/114
f 122/114/90 146/138/114 120/112/88
f 164/155/131 165/156/132 166/157/133
f 164/155/131 166/157/133 167/158/134
f 164/155/131 168/159/135 169/160/136
f 170/161/137 171/162/138 172/163/139
f 172/163/139 173/164/140 170/161/137
f 170/161/137 173/164/140 174/165/141
f 174/165/141 175/166/142 170/161/137
f 176/167/143 175/166/142 174/165/141
f 177/168/144 178/169/145 179/170/146
f 177/168/144 179/170/146 180/171/147
f 154/146/122 155/147/123 150/142/118
f 150/142/118 151/143/119 154/146/122
f 113/105/81 126/118/94 125/117/93
f 106/98/74 126/118/94 112/104/80
f 126/118/94 113/105/81 112/104/80
f 181/172/148 106/98/74 112/104/80
f 146/138/114 145/137/113 163/154/130
f 152/144/120 179/170/146 178/169/145
f 178/169/145 182/173/149 152/144/120
f 183/174/150 152/144/120 172/163/139
f 145/137/113 142/134/110 141/133/109
f 112/104/80 115/107/83 184/175/151
f 184/175/151 128/120/96 112/104/80
f 185/176/152 129/121/97 113/105/81
f 113/105/81 125/117/93 185/176/152
f 186/177/153 181/172/148 127/119/95
f 127/119/95 187/178/154 186/177/153
f 188/179/155 189/180/156 107/99/75
f 190/180/157 108/100/76 107/99/75
f 191/181/158 108/100/76 192/180/159
f 193/182/160 109/101/77 108/100/76
f 108/100/76 191/181/158 193/182/160
f 194/183/161 195/184/161 191/181/158
f 193/182/160 191/181/158 196/184/162
f 197/184/163 198/185/163 193/182/160
f 199/186/164 200/187/165 201/188/166
f 202/189/167 203/190/168 204/191/169
f 204/191/169 205/192/170 202/189/167
f 206/193/171 207/194/172 85/85/59
f 85/85/59 84/84/58 206/193/171
f 208/195/173 209/196/174 210/197/175
f 211/198/176 212/199/177 213/200/178
f 214/200/179 215/201/179 211/198/176
f 216/202/180 217/203/181 218/204/182
f 219/205/183 220/206/184 221/207/185
f 221/207/185 222/208/186 219/205/183
f 223/209/187 224/210/188 225/211/189
f 225/211/189 212/199/177 223/209/187
f 226/212/190 227/213/191 228/214/191
f 229/214/192 224/210/188 226/212/190
f 224/210/188 230/214/193 231/215/193
f 232/215/194 225/211/189 224/210/188
f 233/216/195 234/217/196 235/218/197
f 235/218/197 236/219/198 233/216/195
f 237/220/199 205/192/170 238/221/200
f 218/204/182 217/203/181 209/196/174
f 239/222/201 202/189/167 205/192/170
f 205/192/170 237/220/199 239/222/201
f 240/223/202 208/195/173 93/89/65
f 223/209/187 212/199/177 211/198/176
f 85/85/59 207/194/172 240/223/202
f 240/223/202 88/87/61 85/85/59
f 239/222/201 237/220/199 218/204/182
f 238/221/200 205/192/170 204/191/169
f 204/191/169 241/224/203 238/221/200
f 216/202/180 218/204/182 242/225/204
f 221/207/185 220/206/184 243/226/205
f 93/89/65 208/195/173 244/90/206
f 245/227/207 246/228/208 247/229/209
f 245/227/207 248/230/210 249/231/211
f 245/227/207 250/232/212 248/230/210
f 245/227/207 247/229/209 250/232/212
f 251/233/213 252/234/214 250/232/212
f 250/232/212 247/229/209 251/233/213
f 209/196/174 208/195/173 239/222/201
f 202/189/167 239/222/201 208/195/173
f 208/195/173 240/223/202 202/189/167
f 207/194/172 203/190/168 202/189/167
f 202/189/167 240/223/202 207/194/172
f 237/220/199 242/225/204 218/204/182
f 253/235/215 211/198/176 254/201/216
f 255/201/217 256/236/217 253/235/215
f 243/226/205 220/206/184 216/202/180
f 220/206/184 257/237/218 216/202/180
f 218/204/182 209/196/174 239/222/201
f 223/209/187 211/198/176 253/235/215
f 258/238/219 259/239/220 260/240/221
f 260/240/221 261/241/222 258/238/219
f 243/226/205 216/202/180 242/225/204
f 243/226/205 242/225/204 238/221/200
f 262/242/223 206/193/171 84/84/58
f 84/84/58 95/91/66 262/242/223
f 263/243/224 264/244/224 265/245/225
f 266/246/226 267/247/227 268/248/228
f 268/248/228 269/249/229 266/246/226
f 270/250/230 271/251/231 272/252/232
f 272/252/232 273/253/233 270/250/230
f 274/254/234 275/255/235 276/256/236
f 277/257/237 278/258/238 201/188/166
f 267/247/227 279/259/239 280/260/239
f 281/260/240 268/248/228 267/247/227
f 282/261/241 283/262/242 284/263/243
f 283/262/242 285/264/244 284/263/243
f 286/265/245 287/266/246 288/267/247
f 288/267/247 138/130/106 286/265/245
f 289/268/248 177/168/144 288/267/247
f 288/267/247 287/266/246 289/268/248
f 267/247/227 266/246/226 283/262/242
f 283/262/242 290/269/249 267/247/227
f 291/270/250 182/173/149 268/248/228
f 182/173/149 178/169/145 268/248/228
f 268/248/228 178/169/145 289/268/248
f 177/168/144 289/268/248 178/169/145
f 292/271/251 293/272/252 294/273/253
f 294/273/253 275/255/235 292/271/251
f 269/249/229 276/256/236 275/255/235
f 275/255/235 266/246/226 269/249/229
f 206/193/171 277/257/237 295/274/254
f 246/228/208 296/275/255 297/276/255
f 298/276/256 299/277/257 246/228/208
f 300/278/258 245/227/207 219/205/183
f 219/205/183 301/279/259 302/278/259
f 222/208/186 303/280/260 304/281/260
f 305/282/261 306/283/262 307/284/263
f 307/284/263 308/285/264 309/282/264
f 258/238/219 310/286/265 311/287/265
f 259/239/220 312/288/266 313/285/266
f 314/285/267 307/284/263 259/239/220
f 246/228/208 245/227/207 315/278/268
f 316/278/269 317/275/269 246/228/208
f 318/289/270 319/290/271 306/283/262
f 306/283/262 320/282/272 321/289/272
f 322/291/273 323/292/274 324/293/275
f 325/293/276 326/294/276 322/291/273
f 327/295/277 328/280/277 222/208/186
f 222/208/186 329/296/278 330/295/279
f 331/297/280 226/212/190 299/277/257
f 299/277/257 332/276/281 333/297/281
f 283/262/242 266/246/226 275/255/235
f 275/255/235 294/273/253 283/262/242
f 334/298/282 335/299/283 336/300/284
f 269/249/229 268/248/228 289/268/248
f 337/301/285 338/302/286 339/303/287
f 339/303/287 340/304/288 337/301/285
f 269/249/229 289/268/248 338/302/286
f 338/302/286 337/301/285 269/249/229
f 341/305/289 342/306/290 343/307/291
f 344/308/292 345/309/293 346/310/294
f 347/311/295 348/312/296 345/309/293
f 345/309/293 348/312/296 346/310/294
f 345/309/293 349/313/297 350/314/298
f 350/314/298 347/311/295 345/309/293
f 351/315/299 342/306/290 341/305/289
f 352/316/300 350/314/298 349/313/297
f 349/313/297 353/317/301 352/316/300
f 353/317/301 349/313/297 354/318/302
f 354/318/302 355/319/303 353/317/301
f 155/147/123 154/146/122 186/177/153
f 186/177/153 187/178/154 155/147/123
f 356/320/304 291/270/250 268/248/228
f 268/248/228 357/260/305 358/320/305
f 154/146/122 272/252/232 271/251/231
f 271/251/231 186/177/153 154/146/122
f 359/321/306 345/309/293 344/308/292
f 344/308/292 360/322/307 359/321/306
f 361/323/308 362/324/309 363/325/310
f 364/326/311 365/327/311 366/328/312
f 366/328/312 367/329/313 368/326/314
f 369/330/315 367/329/313 366/328/312
f 336/300/284 322/291/273 370/294/316
f 371/294/317 372/294/317 336/300/284
f 373/215/318 374/200/318 212/199/177
f 212/199/177 225/211/189 375/215/319
f 258/238/219 376/288/320 259/239/220
f 349/313/297 345/309/293 359/321/306
f 359/321/306 354/318/302 349/313/297
f 193/182/160 354/318/302 109/101/77
f 109/101/77 354/318/302 359/321/306
f 359/321/306 360/322/307 111/103/79
f 354/318/302 193/182/160 377/185/321
f 378/185/322 379/319/322 354/318/302
f 270/250/230 273/253/233 380/331/323
f 381/331/324 382/332/324 270/250/230
f 126/118/94 106/98/74 105/97/73
f 116/108/84 135/127/103 136/128/104
f 136/128/104 117/109/85 116/108/84
f 383/333/325 163/154/130 145/137/113
f 384/295/326 329/296/278 336/300/284
f 323/292/274 319/290/271 385/289/327
f 386/289/328 387/293/328 323/292/274
f 262/242/223 95/91/66 388/258/329
f 242/225/204 237/220/199 238/221/200
f 277/257/237 389/334/330 390/335/331
f 390/335/331 295/274/254 277/257/237
f 391/336/332 392/337/333 393/338/334
f 390/335/331 389/334/330 393/338/334
f 199/186/164 363/325/310 200/187/165
f 367/329/313 369/330/315 394/339/335
f 394/339/335 395/340/336 367/329/313
f 361/323/308 396/341/337 362/324/309
f 291/270/250 397/320/338 398/331/338
f 399/331/339 273/253/233 291/270/250
f 206/193/171 203/190/168 207/194/172
f 117/109/85 136/128/104 400/342/340
f 400/342/340 141/133/109 117/109/85
f 118/110/86 117/109/85 141/133/109
f 141/133/109 140/132/108 118/110/86
f 123/115/91 124/116/92 135/127/103
f 267/247/227 290/269/249 401/244/341
f 402/244/342 403/259/342 267/247/227
f 290/269/249 404/343/343 265/245/225
f 277/257/237 262/242/223 405/258/344
f 248/230/210 406/344/345 407/345/346
f 257/237/218 217/203/181 216/202/180
f 88/87/61 240/223/202 93/89/65
f 109/101/77 359/321/306 111/103/79
f 206/193/171 262/242/223 277/257/237
f 408/297/347 409/213/347 226/212/190
f 410/346/348 411/287/348 412/286/348
f 406/344/345 413/347/349 407/345/346
f 414/348/350 415/349/351 323/292/274
f 414/348/350 323/292/274 322/291/273
f 156/148/124 416/350/352 417/351/352
f 418/351/353 132/124/100 156/148/124
f 159/151/127 419/352/354 420/350/354
f 421/350/355 156/148/124 159/151/127
f 422/152/356 423/353/356 159/151/127
f 404/343/343 369/330/315 265/245/225
f 424/354/357 166/157/133 165/156/132
f 165/156/132 425/355/358 426/354/358
f 427/160/359 428/356/359 429/357/359
f 430/356/360 431/160/360 168/159/135
f 432/358/361 167/158/134 166/157/133
f 166/157/133 433/354/362 434/358/362
f 134/126/102 435/359/363 131/123/99
f 435/359/363 436/153/364 158/150/126
f 435/359/363 158/150/126 157/149/125
f 131/123/99 435/359/363 157/149/125
f 173/164/140 172/163/139 149/141/117
f 149/141/117 148/140/116 173/164/140
f 147/139/115 174/165/141 173/164/140
f 173/164/140 148/140/116 147/139/115
f 126/118/94 105/97/73 110/102/78
f 360/322/307 185/176/152 111/103/79
f 404/343/343 282/261/241 369/330/315
f 437/360/365 438/90/366 208/195/173
f 208/195/173 210/197/175 437/360/365
f 210/197/175 407/345/346 413/347/349
f 413/347/349 437/360/365 210/197/175
f 439/288/367 258/238/219 440/287/367
f 176/167/143 174/165/141 147/139/115
f 340/304/288 339/303/287 441/361/368
f 339/303/287 137/129/105 441/361/368
f 137/129/105 339/303/287 286/265/245
f 137/129/105 286/265/245 138/130/106
f 441/361/368 442/362/369 340/304/288
f 443/363/370 444/362/370 441/361/368
f 445/319/371 446/364/371 353/317/301
f 282/261/241 284/263/243 414/348/350
f 245/227/207 249/231/211 219/205/183
f 249/231/211 257/237/218 219/205/183
f 257/237/218 220/206/184 219/205/183
f 210/197/175 209/196/174 447/365/372
f 448/366/373 449/367/374 395/340/336
f 395/340/336 394/339/335 448/366/373
f 448/366/373 389/334/330 450/368/375
f 450/368/375 449/367/374 448/366/373
f 290/269/249 283/262/242 282/261/241
f 451/369/376 369/330/315 452/370/377
f 185/176/152 125/117/93 111/103/79
f 109/101/77 110/102/78 105/97/73
f 106/98/74 271/251/231 270/250/230
f 270/250/230 107/99/75 106/98/74
f 238/221/200 221/207/185 243/226/205
f 453/279/378 219/205/183 222/208/186
f 222/208/186 454/281/379 455/279/379
f 223/209/187 299/277/257 226/212/190
f 226/212/190 224/210/188 223/209/187
f 456/371/380 457/372/380 265/245/225
f 290/269/249 282/261/241 404/343/343
f 458/373/381 265/245/225 366/328/312
f 366/328/312 459/327/382 460/373/382
f 369/330/315 366/328/312 265/245/225
f 461/373/383 462/371/383 265/245/225
f 396/341/337 367/329/313 395/340/336
f 395/340/336 362/324/309 396/341/337
f 395/340/336 449/367/374 363/325/310
f 363/325/310 362/324/309 395/340/336
f 389/334/330 277/257/237 450/368/375
f 277/257/237 201/188/166 450/368/375
f 450/368/375 201/188/166 200/187/165
f 363/325/310 449/367/374 450/368/375
f 450/368/375 200/187/165 363/325/310
f 463/372/384 464/243/384 265/245/225
f 400/342/340 136/128/104 465/374/385
f 183/174/150 180/171/147 152/144/120
f 152/144/120 180/171/147 179/170/146
f 141/133/109 400/342/340 383/333/325
f 132/124/100 466/351/386 467/375/386
f 468/375/387 469/376/387 133/125/101
f 133/125/101 132/124/100 470/375/388
f 116/108/84 115/107/83 114/106/82
f 114/106/82 135/127/103 116/108/84
f 135/127/103 114/106/82 471/377/389
f 471/377/389 123/115/91 135/127/103
f 184/175/151 115/107/83 116/108/84
f 116/108/84 119/111/87 184/175/151
f 127/119/95 181/172/148 112/104/80
f 472/378/390 390/335/331 392/337/333
f 241/224/203 204/191/169 473/379/391
f 474/380/392 475/381/393 476/382/394
f 477/383/395 472/378/390 392/337/333
f 369/330/315 451/369/376 391/336/332
f 391/336/332 394/339/335 369/330/315
f 203/190/168 206/193/171 473/379/391
f 473/379/391 206/193/171 295/274/254
f 221/207/185 238/221/200 475/381/393
f 475/381/393 329/296/278 222/208/186
f 222/208/186 221/207/185 475/381/393
f 204/191/169 203/190/168 473/379/391
f 477/383/395 474/380/392 476/382/394
f 476/382/394 472/378/390 477/383/395
f 391/336/332 478/384/396 392/337/333
f 391/336/332 451/369/376 479/385/397
f 390/335/331 472/378/390 476/382/394
f 476/382/394 295/274/254 390/335/331
f 451/369/376 335/299/283 479/385/397
f 329/296/278 474/380/392 480/386/398
f 474/380/392 477/383/395 481/387/399
f 329/296/278 475/381/393 474/380/392
f 475/381/393 238/221/200 241/224/203
f 336/300/284 480/386/398 334/298/282
f 414/348/350 322/291/273 282/261/241
f 452/370/377 369/330/315 282/261/241
f 452/370/377 282/261/241 322/291/273
f 452/370/377 335/299/283 451/369/376
f 482/295/400 336/300/284 483/294/400
f 336/300/284 335/299/283 322/291/273
f 452/370/377 322/291/273 335/299/283
f 484/388/401 485/389/401 486/390/401
f 487/390/402 488/391/402 489/392/402
f 490/244/403 290/269/249 265/245/225
f 481/387/399 477/383/395 479/385/397
f 294/273/253 293/272/252 491/393/404
f 294/273/253 492/394/405 285/264/244
f 285/264/244 283/262/242 294/273/253
f 493/395/406 233/216/195 494/396/407
f 495/397/408 496/398/409 233/216/195
f 494/396/407 233/216/195 496/398/409
f 261/241/222 495/397/408 258/238/219
f 236/219/198 258/238/219 233/216/195
f 233/216/195 258/238/219 495/397/408
f 497/399/410 307/284/263 306/283/262
f 306/283/262 498/400/411 497/399/410
f 499/401/412 500/402/413 501/403/414
f 500/402/413 499/401/412 502/404/415
f 260/240/221 503/405/416 504/406/417
f 504/406/417 505/407/418 260/240/221
f 506/408/419 507/409/420 508/410/421
f 508/410/421 509/411/422 506/408/419
f 497/399/410 506/408/419 260/240/221
f 260/240/221 506/408/419 510/412/423
f 510/412/423 506/408/419 509/411/422
f 511/413/424 499/401/412 501/403/414
f 512/414/425 513/415/426 514/416/427
f 497/399/410 515/417/428 506/408/419
f 515/417/428 507/409/420 506/408/419
f 306/283/262 319/290/271 516/418/429
f 516/418/429 498/400/411 306/283/262
f 515/417/428 517/419/430 508/410/421
f 508/410/421 507/409/420 515/417/428
f 512/414/425 514/416/427 497/399/410
f 491/393/404 518/420/431 516/418/429
f 510/412/423 519/421/432 503/405/416
f 503/405/416 260/240/221 510/412/423
f 492/394/405 491/393/404 516/418/429
f 516/418/429 415/349/351 492/394/405
f 415/349/351 414/348/350 520/422/433
f 520/422/433 521/423/434 415/349/351
f 492/394/405 415/349/351 521/423/434
f 521/423/434 285/264/244 492/394/405
f 497/399/410 514/416/427 515/417/428
f 515/417/428 514/416/427 522/424/435
f 522/424/435 517/419/430 515/417/428
f 512/414/425 497/399/410 498/400/411
f 473/379/391 295/274/254 476/382/394
f 476/382/394 241/224/203 473/379/391
f 475/381/393 241/224/203 476/382/394
f 335/299/283 334/298/282 479/385/397
f 407/345/346 210/197/175 447/365/372
f 447/365/372 249/231/211 248/230/210
f 217/203/181 257/237/218 249/231/211
f 217/203/181 249/231/211 447/365/372
f 447/365/372 209/196/174 217/203/181
f 251/233/213 247/229/209 523/425/436
f 523/425/436 524/426/437 251/233/213
f 299/277/257 223/209/187 246/228/208
f 223/209/187 253/235/215 246/228/208
f 247/229/209 246/228/208 523/425/436
f 523/425/436 246/228/208 253/235/215
f 524/426/437 523/425/436 253/235/215
f 253/235/215 525/236/438 524/426/437
f 406/344/345 248/230/210 250/232/212
f 250/232/212 252/234/214 406/344/345
f 407/345/346 447/365/372 248/230/210
f 513/415/426 522/424/435 514/416/427
f 153/145/121 272/252/232 154/146/122
f 291/270/250 273/253/233 182/173/149
f 182/173/149 273/253/233 153/145/121
f 153/145/121 273/253/233 272/252/232
f 182/173/149 153/145/121 152/144/120
f 152/144/120 151/143/119 172/163/139
f 151/143/119 150/142/118 149/141/117
f 151/143/119 149/141/117 172/163/139
f 288/267/247 177/168/144 526/427/439
f 183/174/150 527/427/440 180/171/147
f 141/133/109 383/333/325 145/137/113
f 528/353/441 529/352/441 159/151/127
f 133/125/101 530/376/442 531/428/442
f 136/128/104 121/113/89 465/374/385
f 414/348/350 284/263/243 520/422/433
f 284/263/243 285/264/244 521/423/434
f 521/423/434 520/422/433 284/263/243
f 319/290/271 323/292/274 415/349/351
f 415/349/351 516/418/429 319/290/271
f 188/179/155 107/99/75 270/250/230
f 270/250/230 532/332/443 188/179/155
f 533/183/444 191/181/158 534/180/444
f 518/420/431 512/414/425 498/400/411
f 498/400/411 516/418/429 518/420/431
f 171/162/138 183/174/150 172/163/139
f 183/174/150 171/162/138 535/427/445
f 177/168/144 180/171/147 536/427/446
f 537/358/447 538/356/447 168/159/135
f 168/159/135 167/158/134 539/358/448
f 164/155/131 167/158/134 168/159/135
f 176/167/143 147/139/115 122/114/90
f 147/139/115 143/135/111 122/114/90
f 122/114/90 143/135/111 146/138/114
f 138/130/106 288/267/247 540/427/449
f 130/122/98 471/377/389 114/106/82
f 541/96/450 542/389/450 100/94/70
f 543/96/451 544/390/451 545/389/451
f 546/96/452 547/429/452 548/390/452
f 549/429/453 550/391/453 551/390/453
f 497/399/410 260/240/221 259/239/220
f 259/239/220 307/284/263 497/399/410
f 552/430/454 553/431/454 235/218/197
f 235/218/197 234/217/196 554/430/455
f 352/316/300 555/432/456 351/315/299
f 351/315/299 350/314/298 352/316/300
f 347/311/295 350/314/298 351/315/299
f 351/315/299 341/305/289 347/311/295
f 343/307/291 556/433/457 341/305/289
f 341/305/289 556/433/457 347/311/295
f 347/311/295 556/433/457 348/312/296
f 555/432/456 342/306/290 351/315/299
f 276/256/236 269/249/229 337/301/285
f 340/304/288 274/254/234 276/256/236
f 276/256/236 337/301/285 340/304/288
f 274/254/234 292/271/251 275/255/235
f 294/273/253 491/393/404 492/394/405
f 286/265/245 339/303/287 338/302/286
f 338/302/286 287/266/246 286/265/245
f 289/268/248 287/266/246 338/302/286
f 138/130/106 176/167/143 122/114/90
f 557/326/458 367/329/313 396/341/337
f 396/341/337 558/434/459 559/326/459
f 560/434/460 396/341/337 561/435/460
f 562/332/461 563/436/461 188/179/155
f 564/437/1 565/438/1 566/439/462
f 567/438/1 568/440/1 566/439/462
f 569/440/1 570/441/463 566/439/462
f 570/441/463 571/440/1 572/442/1
f 573/443/464 574/444/464 575/445/465
f 576/444/464 577/446/464 575/445/465
f 578/444/464 579/447/464 577/446/464
f 580/444/464 581/448/464 579/447/464
f 582/449/466 583/450/467 584/451/468
f 583/450/467 585/452/469 584/451/468
f 584/451/468 585/452/469 586/453/470
f 587/454/471 585/452/469 583/450/467
f 583/450/467 588/455/472 589/454/471
f 583/450/467 582/449/466 570/441/463
f 570/441/463 588/455/472 583/450/467
f 584/451/468 566/439/462 570/441/463
f 570/441/463 582/449/466 584/451/468
f 566/439/462 584/451/468 586/453/470
f 586/453/470 590/456/473 566/439/462
f 591/457/1 588/455/472 592/458/1
f 591/457/1 593/459/1 588/455/472
f 593/459/1 594/460/1 588/455/472
f 595/460/1 596/461/1 588/455/472
f 588/455/472 597/461/1 598/454/1
f 599/462/474 600/443/474 575/445/465
f 575/445/465 601/463/465 602/462/474
f 603/462/464 601/463/465 604/464/475
f 604/464/475 605/465/464 606/462/464
f 607/442/1 608/466/1 570/441/463
f 609/458/1 588/455/472 610/466/1
f 611/466/1 588/455/472 570/441/463
f 612/467/476 613/468/477 614/469/478
f 614/469/478 615/470/479 612/467/476
f 616/471/480 617/472/480 618/473/481
f 618/473/481 619/472/480 620/474/482
f 621/472/480 622/475/480 620/474/482
f 623/475/480 624/476/483 620/474/482
f 625/477/484 626/478/485 627/479/485
f 628/479/485 629/480/485 625/477/484
f 630/481/486 625/477/484 631/480/487
f 632/480/488 633/482/488 630/481/486
f 634/483/489 635/484/490 630/481/486
f 630/481/486 636/482/489 637/483/489
f 614/469/478 635/484/490 638/483/491
f 639/483/492 640/470/492 614/469/478
f 612/467/476 641/470/493 642/471/493
f 643/471/493 618/473/481 612/467/476
f 140/132/108 127/119/95 118/110/86
f 127/119/95 128/120/96 118/110/86
f 128/120/96 184/175/151 118/110/86
f 118/110/86 184/175/151 119/111/87
f 140/132/108 139/131/107 187/178/154
f 187/178/154 127/119/95 140/132/108
f 155/147/123 187/178/154 139/131/107
f 644/485/1 566/439/462 645/486/1
f 646/485/1 647/437/1 566/439/462
f 648/486/1 566/439/462 649/456/1
f 650/454/494 651/456/494 586/453/470
f 586/453/470 585/452/469 652/454/495
f 653/487/496 654/488/497 655/489/498
f 655/489/498 656/490/499 653/487/496
f 657/491/500 658/492/501 659/493/502
f 659/493/502 660/494/503 657/491/500
f 661/495/504 662/496/505 663/497/506
f 657/491/500 664/498/507 665/499/508
f 665/499/508 658/492/501 657/491/500
f 662/496/505 661/495/504 665/499/508
f 665/499/508 664/498/507 662/496/505
f 666/500/509 667/501/510 668/502/511
f 669/503/512 670/504/513 671/505/514
f 654/488/497 653/487/496 672/506/515
f 657/491/500 660/494/503 673/507/516
f 673/507/516 674/508/517 657/491/500
f 657/491/500 674/508/517 675/509/518
f 675/509/518 664/498/507 657/491/500
f 664/498/507 675/509/518 676/510/519
f 676/510/519 662/496/505 664/498/507
f 677/511/520 673/507/516 660/494/503
f 660/494/503 678/512/521 677/511/520
f 663/497/506 662/496/505 676/510/519
f 679/513/522 669/503/512 671/505/514
f 680/514/523 668/502/511 681/515/524
f 681/515/524 682/516/525 680/514/523
f 683/517/526 684/518/527 685/519/528
f 684/518/527 686/520/529 685/519/528
f 685/519/528 686/520/529 687/521/530
f 688/522/531 687/521/530 686/520/529
f 689/523/532 690/524/533 653/487/496
f 653/487/496 656/490/499 689/523/532
f 672/506/515 653/487/496 690/524/533
f 691/525/534 681/515/524 692/526/535
f 691/525/534 686/520/529 693/527/536
f 694/528/537 656/490/499 655/489/498
f 655/489/498 695/529/538 694/528/537
f 689/523/532 656/490/499 694/528/537
f 694/528/537 692/526/535 689/523/532
f 691/525/534 693/527/536 696/530/539
f 694/528/537 695/529/538 697/531/540
f 697/531/540 698/532/541 694/528/537
f 688/522/531 686/520/529 691/525/534
f 691/525/534 698/532/541 688/522/531
f 679/513/522 682/516/525 681/515/524
f 681/515/524 669/503/512 679/513/522
f 681/515/524 696/530/539 670/504/513
f 670/504/513 669/503/512 681/515/524
f 681/515/524 668/502/511 699/533/542
f 699/533/542 692/526/535 681/515/524
f 700/534/543 701/535/544 667/501/510
f 702/536/545 703/537/546 704/538/547
f 702/536/545 660/494/503 703/537/546
f 678/512/521 660/494/503 702/536/545
f 701/535/544 677/511/520 678/512/521
f 678/512/521 667/501/510 701/535/544
f 699/533/542 668/502/511 678/512/521
f 691/525/534 692/526/535 694/528/537
f 667/501/510 678/512/521 668/502/511
f 699/533/542 678/512/521 702/536/545
f 680/514/523 666/500/509 668/502/511
f 666/500/509 700/534/543 667/501/510
f 691/525/534 696/530/539 681/515/524
f 691/525/534 694/528/537 698/532/541
f 703/537/546 660/494/503 659/493/502
f 659/493/502 705/539/548 703/537/546
f 706/540/549 707/465/549 604/464/475
f 708/540/550 709/541/550 710/465/550
f 688/522/531 698/532/541 711/542/551
f 712/543/552 713/544/553 714/545/554
f 698/532/541 697/531/540 711/542/551
f 620/474/482 624/476/483 715/546/555
f 716/546/471 717/547/471 620/474/482
f 718/548/556 719/549/556 720/550/557
f 721/465/558 722/541/558 723/549/558
f 724/541/559 720/550/557 725/549/559
f 711/542/551 726/551/560 688/522/531
f 727/552/561 688/522/531 726/551/560
f 728/553/562 688/522/531 727/552/561
f 729/554/563 688/522/531 728/553/562
f 688/522/531 729/554/563 687/521/530
f 685/519/528 730/555/564 731/556/565
f 731/556/565 683/517/526 685/519/528
f 685/519/528 732/557/566 730/555/564
f 730/555/564 732/557/566 733/558/567
f 697/531/540 712/543/552 711/542/551
f 714/545/554 734/559/568 712/543/552
f 734/559/568 711/542/551 712/543/552
f 735/560/569 736/561/570 737/562/571
f 738/563/572 739/564/572 740/565/573
f 735/560/569 741/566/574 736/561/570
f 742/567/575 743/568/576 744/569/576
f 736/561/570 741/566/574 745/570/577
f 745/570/577 746/571/578 736/561/570
f 741/566/574 747/572/579 748/568/579
f 736/561/570 746/571/578 749/573/580
f 741/566/574 750/568/581 742/567/575
f 751/574/582 741/566/574 735/560/569
f 741/566/574 752/575/583 745/570/577
f 753/576/584 754/577/584 755/578/585
f 756/579/586 757/580/586 758/581/587
f 755/578/585 759/582/588 760/583/589
f 761/584/590 740/565/573 762/585/591
f 763/586/592 764/587/593 761/584/590
f 761/584/590 762/585/591 763/586/592
f 765/579/594 758/581/587 766/588/595
f 767/589/596 768/590/597 769/591/598
f 742/567/575 770/592/599 769/591/598
f 758/581/587 746/571/578 745/570/577
f 745/570/577 766/588/595 758/581/587
f 766/588/595 768/590/597 762/585/591
f 762/585/591 740/565/573 766/588/595
f 771/593/600 772/594/601 767/589/596
f 767/589/596 773/592/602 771/593/600
f 774/583/603 759/582/588 775/595/604
f 771/593/600 775/595/604 772/594/601
f 772/594/601 775/595/604 759/582/588
f 767/589/596 772/594/601 763/586/592
f 776/596/605 777/597/606 778/598/605
f 779/599/607 780/600/608 781/601/609
f 772/594/601 764/587/593 763/586/592
f 782/602/610 783/603/610 780/600/608
f 780/600/608 779/599/607 784/602/611
f 758/581/587 785/604/612 746/571/578
f 768/590/597 767/589/596 763/586/592
f 763/586/592 762/585/591 768/590/597
f 755/578/585 786/605/613 787/606/613
f 761/584/590 788/607/614 789/563/614
f 790/598/615 777/597/606 791/608/615
f 742/567/575 769/591/598 792/609/616
f 792/609/616 752/575/583 742/567/575
f 793/601/617 794/607/617 761/584/590
f 761/584/590 764/587/593 795/601/618
f 755/578/585 796/610/619 797/605/619
f 759/582/588 798/611/620 799/602/620
f 800/602/621 779/599/607 759/582/588
f 801/596/622 802/612/622 780/600/608
f 780/600/608 777/597/606 803/596/623
f 780/600/608 804/603/624 805/608/624
f 806/608/625 777/597/606 780/600/608
f 807/601/626 780/600/608 808/612/626
f 761/584/590 809/563/627 740/565/573
f 740/565/573 810/579/628 766/588/595
f 745/570/577 752/575/583 792/609/616
f 811/613/629 812/614/629 813/610/629
f 759/582/588 779/599/607 772/594/601
f 779/599/607 814/601/630 764/587/593
f 772/594/601 779/599/607 764/587/593
f 766/588/595 745/570/577 792/609/616
f 769/591/598 768/590/597 766/588/595
f 766/588/595 792/609/616 769/591/598
f 767/589/596 769/591/598 815/592/631
f 624/476/483 816/615/632 817/546/632
f 741/566/574 818/574/633 819/572/633
f 741/566/574 742/567/575 752/575/583
f 820/616/471 821/617/471 822/618/471
f 823/618/471 821/617/471 824/619/471
f 825/619/471 821/617/471 826/620/471
f 821/617/471 827/621/634 828/620/471
f 829/622/1 830/618/1 831/619/1
f 494/396/407 496/398/409 832/623/1
f 502/404/415 499/401/412 833/623/1
f 834/623/1 499/401/412 835/624/1
f 836/624/1 499/401/412 837/625/1
f 499/401/412 511/413/424 838/625/1
f 839/625/1 511/413/424 504/406/417
f 505/407/418 504/406/417 511/413/424
f 840/577/635 841/611/635 759/582/588
f 759/582/588 755/578/585 842/577/636
f 755/578/585 843/606/637 844/576/637
f 845/626/638 846/627/639 847/628/640
f 848/629/641 704/538/547 703/537/546
f 848/629/641 703/537/546 705/539/548
f 849/580/642 850/604/642 758/581/587
f 736/561/570 749/573/580 737/562/571
f 851/180/643 188/179/155 852/436/643
f 853/436/644 854/630/644 855/180/644
f 755/578/585 856/583/645 857/631/645
f 858/610/646 755/578/585 859/631/646
f 860/631/647 861/613/647 862/610/647
f 863/625/1 519/421/432 508/410/421
f 508/410/421 519/421/432 509/411/422
f 509/411/422 519/421/432 510/412/423
f 517/419/430 522/424/435 508/410/421
f 512/414/425 518/420/431 513/415/426
f 864/625/648 504/406/417 503/405/416
f 519/421/432 865/625/649 503/405/416
f 260/240/221 505/407/418 261/241/222
f 261/241/222 505/407/418 501/403/414
f 501/403/414 505/407/418 511/413/424
f 501/403/414 500/402/413 495/397/408
f 495/397/408 261/241/222 501/403/414
f 500/402/413 502/404/415 496/398/409
f 496/398/409 495/397/408 500/402/413
f 496/398/409 502/404/415 866/623/1
f 477/383/395 392/337/333 478/384/396
f 448/366/373 394/339/335 391/336/332
f 391/336/332 393/338/334 448/366/373
f 389/334/330 448/366/373 393/338/334
f 392/337/333 390/335/331 393/338/334
f 271/251/231 106/98/74 181/172/148
f 181/172/148 186/177/153 271/251/231
f 336/300/284 329/296/278 480/386/398
f 474/380/392 334/298/282 480/386/398
f 334/298/282 474/380/392 481/387/399
f 334/298/282 481/387/399 479/385/397
f 477/383/395 478/384/396 479/385/397
f 391/336/332 479/385/397 478/384/396
f 867/632/650 868/633/651 869/634/651
f 867/632/650 869/634/651 870/635/651
f 870/635/651 871/636/652 867/632/650
f 872/637/653 873/638/654 874/639/655
f 874/639/655 875/640/656 872/637/653
f 875/640/656 874/639/655 876/641/657
f 876/641/657 877/642/658 875/640/656
f 878/643/659 873/638/654 872/637/653
f 872/637/653 879/644/660 878/643/659
f 876/641/657 874/639/655 880/645/1
f 880/645/1 874/639/655 881/646/661
f 881/646/661 874/639/655 827/621/634
f 882/458/1 883/620/1 591/457/1
f 884/620/1 827/621/634 874/639/655
f 874/639/655 591/457/1 885/620/1
f 874/639/655 873/638/654 591/457/1
f 873/638/654 886/647/662 591/457/1
f 887/648/663 591/457/1 846/627/639
f 591/457/1 886/647/662 846/627/639
f 886/647/662 873/638/654 878/643/659
f 878/643/659 888/649/664 886/647/662
f 847/628/640 846/627/639 886/647/662
f 886/647/662 888/649/664 847/628/640
f 889/650/464 890/651/464 891/652/464
f 887/648/663 846/627/639 892/653/665
f 846/627/639 845/626/638 893/653/665
f 894/653/665 845/626/638 895/654/665
f 867/632/650 871/636/652 896/655/480
f 897/655/480 898/656/480 867/632/650
f 890/651/464 577/446/464 899/652/464
f 579/447/464 900/657/464 577/446/464
f 900/657/464 901/652/464 577/446/464
f 902/652/464 900/657/464 903/658/464
f 900/657/464 904/659/464 905/658/464
f 906/660/666 907/661/667 908/662/668
f 908/662/668 909/663/669 906/660/666
f 907/661/667 906/660/666 910/664/480
f 911/664/480 912/665/480 907/661/667
f 909/663/669 913/666/651 914/667/651
f 915/667/651 906/660/666 909/663/669
f 916/668/670 917/669/670 909/663/669
f 909/663/669 908/662/668 918/668/670
f 919/670/1 920/671/1 921/672/1
f 922/672/1 923/673/1 924/670/1
f 925/674/480 926/675/480 927/676/480
f 928/677/671 827/621/634 821/617/471
f 821/617/471 929/678/471 928/677/671
f 928/677/671 930/679/672 881/646/661
f 881/646/661 827/621/634 928/677/671
f 931/680/673 932/681/674 881/646/661
f 881/646/661 930/679/672 931/680/673
f 875/640/656 877/642/658 933/682/675
f 933/682/675 934/683/675 875/640/656
f 935/684/676 936/685/676 937/686/676
f 938/686/676 939/687/677 940/684/676
f 941/684/678 939/687/677 942/688/679
f 942/688/679 943/689/678 944/684/678
f 945/690/680 946/691/681 947/692/682
f 947/692/682 948/676/680 949/690/680
f 931/680/673 950/693/683 951/694/683
f 952/694/683 953/681/683 931/680/673
f 950/693/683 954/695/683 955/696/683
f 956/696/683 957/694/683 950/693/683
f 958/674/480 959/676/480 947/692/682
f 960/697/684 961/698/684 962/699/685
f 962/699/685 963/700/686 964/697/687
f 965/701/688 966/702/689 967/703/690
f 967/703/690 968/704/691 965/701/688
f 968/704/691 969/705/692 970/706/693
f 970/706/693 965/701/688 968/704/691
f 969/705/692 963/700/686 962/699/685
f 962/699/685 970/706/693 969/705/692
f 971/707/694 972/708/695 973/709/696
f 973/709/696 974/710/697 971/707/694
f 975/689/698 972/708/695 971/707/694
f 971/707/694 976/711/698 977/689/698
f 978/712/699 979/713/700 967/703/690
f 967/703/690 966/702/689 978/712/699
f 974/710/697 973/709/696 980/714/701
f 980/714/701 981/715/702 974/710/697
f 979/713/700 978/712/699 981/715/702
f 981/715/702 980/714/701 979/713/700
f 974/710/697 981/715/702 970/706/693
f 970/706/693 962/699/685 974/710/697
f 970/706/693 981/715/702 965/701/688
f 965/701/688 981/715/702 966/702/689
f 978/712/699 966/702/689 981/715/702
f 982/711/1 971/707/694 983/716/1
f 974/710/697 962/699/685 971/707/694
f 971/707/694 962/699/685 984/716/1
f 985/716/1 962/699/685 986/698/1
f 963/700/686 987/690/703 988/697/703
f 989/689/704 942/688/679 990/717/705
f 990/717/705 972/708/695 991/689/704
f 992/718/706 973/709/696 972/708/695
f 972/708/695 990/717/705 992/718/706
f 980/714/701 973/709/696 992/718/706
f 992/718/706 993/719/707 980/714/701
f 994/720/708 979/713/700 980/714/701
f 980/714/701 993/719/707 994/720/708
f 979/713/700 995/721/709 996/722/710
f 996/722/710 967/703/690 979/713/700
f 967/703/690 996/722/710 997/723/711
f 997/723/711 968/704/691 967/703/690
f 998/724/712 968/704/691 997/723/711
f 997/723/711 999/725/713 1000/724/712
f 1001/724/714 999/725/713 1002/726/714
f 1002/726/714 1003/727/714 1004/724/714
f 963/700/686 1005/728/703 946/691/681
f 946/691/681 1006/690/703 963/700/686
f 1007/4/651 1008/3/651 1009/2/651
f 1009/2/651 1010/1/651 1007/4/651
f 1010/1/651 1011/6/651 1012/5/651
f 1012/5/651 1007/4/651 1010/1/651
f 1012/5/651 1011/6/651 1013/8/651
f 1013/8/651 1014/7/651 1012/5/651
f 1015/9/651 1014/7/651 1013/8/651
f 1013/8/651 1016/10/651 1015/9/651
f 1016/10/651 1017/11/715 1015/9/651
f 1017/11/715 1018/12/716 1015/9/651
f 1018/12/716 1019/13/651 1015/9/651
f 1009/2/651 1020/14/651 1021/16/651
f 1021/16/651 1022/15/651 1009/2/651
f 1020/14/651 1009/2/651 1008/3/651
f 1023/17/717 1024/19/718 1025/18/719
f 1026/21/720 1027/20/721 1028/23/722
f 1028/23/722 1029/22/723 1026/21/720
f 1029/22/723 1028/23/722 1030/24/724
f 1030/24/724 1031/25/725 1029/22/723
f 1032/28/726 1033/27/727 1034/26/728
f 1034/26/728 1035/29/729 1032/28/726
f 1027/20/721 1026/21/720 1034/26/728
f 1034/26/728 1033/27/727 1027/20/721
f 1036/30/730 1037/31/730 1029/22/723
f 1038/31/731 1026/21/720 1029/22/723
f 1029/22/723 1031/25/725 1039/30/732
f 1028/23/722 1040/32/733 1041/33/734
f 1041/33/734 1030/24/724 1028/23/722
f 1026/21/720 1042/31/735 1034/26/728
f 1034/26/728 1043/31/736 1044/34/736
f 1034/26/728 1045/34/737 1035/29/729
f 1046/35/651 1047/37/651 1048/36/651
f 1049/38/651 1048/36/651 1050/39/651
f 1048/36/651 1047/37/651 1050/39/651
f 1030/24/724 1051/40/738 1052/42/739
f 1052/42/739 1053/41/740 1030/24/724
f 1018/12/716 1054/44/741 1055/43/742
f 1055/43/742 1054/44/741 1056/45/743
f 1057/46/744 1058/48/745 1059/47/746
f 1059/47/746 1058/48/745 1060/49/747
f 1058/48/745 1056/45/743 1060/49/747
f 1061/50/748 1060/49/747 1056/45/743
f 1062/51/749 1058/48/745 1057/46/744
f 1057/46/744 1063/52/750 1062/51/749
f 1062/51/749 1063/52/750 1064/54/751
f 1065/54/751 1066/53/751 1062/51/749
f 1053/41/740 1067/55/752 1068/57/41
f 1068/57/41 1069/56/41 1053/41/740
f 1070/58/753 1053/41/740 1069/56/41
f 1069/56/41 1071/59/41 1070/58/753
f 1070/58/753 1071/59/41 1072/61/41
f 1073/61/41 1074/60/41 1070/58/753
f 1067/55/752 1053/41/740 1052/42/739
f 1030/24/724 1041/33/734 1051/40/738
f 1075/63/651 1049/38/651 1050/39/651
f 1050/39/651 1076/62/651 1075/63/651
f 1077/64/754 1054/44/741 1018/12/716
f 1018/12/716 1017/11/715 1077/64/754
f 1078/65/755 1079/67/756 1080/66/756
f 1063/52/750 1081/68/757 1082/54/756
f 1080/66/756 1083/67/756 1084/69/756
f 1085/67/756 1086/54/756 1084/69/756
f 1087/54/756 1081/68/757 1084/69/756
f 1078/65/755 1035/29/729 1088/34/756
f 1089/34/756 1090/67/756 1078/65/755
f 1032/28/726 1035/29/729 1091/70/758
f 1092/71/759 1091/70/758 1035/29/729
f 1035/29/729 1078/65/755 1092/71/759
f 1093/72/760 1032/28/726 1091/70/758
f 1025/18/719 1024/19/718 1094/73/761
f 1095/74/651 1094/73/761 1096/75/651
f 1024/19/718 1096/75/651 1094/73/761
f 1094/73/761 1095/74/651 1046/35/651
f 1095/74/651 1097/76/651 1046/35/651
f 1097/76/651 1047/37/651 1046/35/651
f 1054/44/741 1098/77/762 1061/50/748
f 1061/50/748 1056/45/743 1054/44/741
f 1099/78/763 1100/79/764 1057/46/744
f 1081/68/757 1063/52/750 1100/79/764
f 1100/79/764 1063/52/750 1057/46/744
f 1101/80/765 1099/78/763 1102/81/766
f 1057/46/744 1059/47/746 1099/78/763
f 1059/47/746 1102/81/766 1099/78/763
f 1040/32/733 1028/23/722 1027/20/721
f 1027/20/721 1103/82/767 1040/32/733
f 1033/27/727 1103/82/767 1027/20/721
f 1025/18/719 1103/82/767 1023/17/717
f 1032/28/726 1093/72/760 1023/17/717
f 1023/17/717 1033/27/727 1032/28/726
f 1093/72/760 1024/19/718 1023/17/717
f 1023/17/717 1103/82/767 1033/27/727
f 1104/30/756 1031/25/725 1070/58/753
f 1070/58/753 1105/60/756 1106/30/756
f 1053/41/740 1070/58/753 1031/25/725
f 1031/25/725 1030/24/724 1053/41/740
f 1107/83/768 1108/86/768 1109/85/769
f 1109/85/769 1110/84/770 1111/83/771
f 1109/85/769 1112/86/772 1113/87/773
f 1113/87/773 1114/86/774 1115/88/774
f 1116/88/775 1117/90/775 1118/89/776
f 1119/92/777 1120/83/777 1110/84/770
f 1110/84/770 1121/91/778 1122/92/779
f 1123/93/780 1124/95/780 1125/94/781
f 1126/96/782 1127/93/782 1125/94/781
f 1113/87/773 1128/88/783 1118/89/776
f 1129/97/784 1130/100/785 1131/99/786
f 1131/99/786 1132/98/787 1129/97/784
f 1130/100/785 1129/97/784 1133/101/788
f 1134/102/789 1135/103/790 1133/101/788
f 1136/107/791 1137/106/792 1138/105/793
f 1138/105/793 1139/104/794 1136/107/791
f 1140/108/795 1141/111/796 1142/110/797
f 1142/110/797 1143/109/798 1140/108/795
f 1144/112/799 1145/114/800 1146/113/801
f 1147/115/802 1148/116/803 1145/114/800
f 1145/114/800 1148/116/803 1146/113/801
f 1134/102/789 1149/117/804 1135/103/790
f 1150/118/805 1149/117/804 1134/102/789
f 1151/119/806 1152/120/807 1139/104/794
f 1153/121/808 1138/105/793 1137/106/792
f 1137/106/792 1154/122/809 1153/121/808
f 1155/125/810 1156/124/811 1157/123/812
f 1157/123/812 1158/126/813 1155/125/810
f 1159/127/814 1160/128/815 1148/116/803
f 1148/116/803 1160/128/815 1146/113/801
f 1161/129/816 1145/114/800 1162/130/817
f 1163/132/818 1164/131/819 1165/134/820
f 1165/134/820 1166/133/821 1163/132/818
f 1167/135/822 1168/138/823 1169/137/824
f 1169/137/824 1170/136/825 1167/135/822
f 1171/140/826 1172/139/827 1167/135/822
f 1167/135/822 1170/136/825 1171/140/826
f 1173/141/828 1171/140/826 1170/136/825
f 1170/136/825 1174/142/829 1173/141/828
f 1175/145/830 1176/144/831 1177/143/832
f 1177/143/832 1178/146/833 1175/145/830
f 1165/134/820 1164/131/819 1179/147/834
f 1179/147/834 1174/142/829 1165/134/820
f 1174/142/829 1170/136/825 1169/137/824
f 1169/137/824 1165/134/820 1174/142/829
f 1157/123/812 1156/124/811 1180/148/835
f 1180/148/835 1181/149/836 1157/123/812
f 1181/149/836 1180/148/835 1182/151/837
f 1182/151/837 1183/150/838 1181/149/836
f 1184/153/839 1183/150/838 1182/151/837
f 1182/151/837 1185/152/840 1186/153/840
f 1187/154/841 1168/138/823 1144/112/799
f 1145/114/800 1144/112/799 1168/138/823
f 1188/155/842 1189/157/843 1190/156/844
f 1188/155/842 1191/158/845 1189/157/843
f 1188/155/842 1192/160/846 1193/159/847
f 1194/161/848 1195/164/849 1196/163/850
f 1196/163/850 1197/162/851 1194/161/848
f 1198/165/852 1195/164/849 1194/161/848
f 1194/161/848 1199/166/853 1198/165/852
f 1200/167/854 1198/165/852 1199/166/853
f 1201/168/855 1202/170/856 1203/169/857
f 1201/168/855 1204/171/858 1202/170/856
f 1174/142/829 1179/147/834 1178/146/833
f 1178/146/833 1177/143/832 1174/142/829
f 1138/105/793 1149/117/804 1150/118/805
f 1132/98/787 1139/104/794 1150/118/805
f 1150/118/805 1139/104/794 1138/105/793
f 1205/172/859 1139/104/794 1132/98/787
f 1168/138/823 1187/154/841 1169/137/824
f 1176/144/831 1206/173/860 1203/169/857
f 1203/169/857 1202/170/856 1176/144/831
f 1207/174/861 1196/163/850 1176/144/831
f 1169/137/824 1166/133/821 1165/134/820
f 1136/107/791 1139/104/794 1152/120/807
f 1152/120/807 1208/175/862 1136/107/791
f 1138/105/793 1153/121/808 1209/176/863
f 1209/176/863 1149/117/804 1138/105/793
f 1210/177/864 1211/178/865 1151/119/806
f 1151/119/806 1205/172/859 1210/177/864
f 1212/179/866 1131/99/786 1213/180/867
f 1214/180/868 1131/99/786 1130/100/785
f 1215/181/869 1216/180/870 1130/100/785
f 1133/101/788 1217/182/871 1215/181/869
f 1215/181/869 1130/100/785 1133/101/788
f 1218/183/872 1215/181/869 1219/184/872
f 1215/181/869 1217/182/871 1220/185/873
f 1221/185/874 1222/184/874 1215/181/869
f 1223/186/875 1224/188/876 1225/187/877
f 1226/190/878 1227/189/879 1228/192/880
f 1228/192/880 1229/191/881 1226/190/878
f 1109/85/769 1230/194/882 1231/193/883
f 1231/193/883 1110/84/770 1109/85/769
f 1232/195/884 1233/197/885 1234/196/886
f 1235/199/887 1236/198/888 1237/201/889
f 1238/201/890 1239/200/890 1235/199/887
f 1240/202/891 1241/204/892 1242/203/893
f 1243/207/894 1244/206/895 1245/205/896
f 1245/205/896 1246/208/897 1243/207/894
f 1235/199/887 1247/211/898 1248/210/899
f 1248/210/899 1249/209/900 1235/199/887
f 1250/212/901 1248/210/899 1251/214/902
f 1252/214/903 1253/213/903 1250/212/901
f 1254/214/904 1248/210/899 1247/211/898
f 1247/211/898 1255/215/905 1256/214/905
f 1257/216/906 1258/219/907 1259/218/908
f 1259/218/908 1260/217/909 1257/216/906
f 1261/220/910 1262/221/911 1228/192/880
f 1241/204/892 1234/196/886 1242/203/893
f 1261/220/910 1228/192/880 1227/189/879
f 1227/189/879 1263/222/912 1261/220/910
f 1264/223/913 1118/89/776 1232/195/884
f 1249/209/900 1236/198/888 1235/199/887
f 1113/87/773 1264/223/913 1230/194/882
f 1230/194/882 1109/85/769 1113/87/773
f 1263/222/912 1241/204/892 1261/220/910
f 1265/224/914 1229/191/881 1228/192/880
f 1228/192/880 1262/221/911 1265/224/914
f 1240/202/891 1266/225/915 1241/204/892
f 1243/207/894 1267/226/916 1244/206/895
f 1118/89/776 1268/90/917 1232/195/884
f 1269/227/918 1270/229/919 1271/228/920
f 1269/227/918 1272/231/921 1273/230/922
f 1269/227/918 1273/230/922 1274/232/923
f 1269/227/918 1274/232/923 1270/229/919
f 1275/233/924 1270/229/919 1274/232/923
f 1274/232/923 1276/234/925 1275/233/924
f 1234/196/886 1263/222/912 1232/195/884
f 1264/223/913 1232/195/884 1263/222/912
f 1263/222/912 1227/189/879 1264/223/913
f 1226/190/878 1230/194/882 1264/223/913
f 1264/223/913 1227/189/879 1226/190/878
f 1261/220/910 1241/204/892 1266/225/915
f 1277/236/926 1278/201/926 1236/198/888
f 1236/198/888 1279/235/927 1280/236/928
f 1267/226/916 1240/202/891 1244/206/895
f 1244/206/895 1240/202/891 1281/237/929
f 1241/204/892 1263/222/912 1234/196/886
f 1249/209/900 1279/235/927 1236/198/888
f 1282/239/930 1283/238/931 1284/241/932
f 1284/241/932 1285/240/933 1282/239/930
f 1267/226/916 1266/225/915 1240/202/891
f 1267/226/916 1262/221/911 1266/225/915
f 1231/193/883 1286/242/934 1121/91/778
f 1121/91/778 1110/84/770 1231/193/883
f 1287/243/935 1288/245/936 1289/244/935
f 1290/249/937 1291/248/938 1292/247/939
f 1292/247/939 1293/246/940 1290/249/937
f 1294/252/941 1295/251/942 1296/250/943
f 1296/250/943 1297/253/944 1294/252/941
f 1298/254/945 1299/256/946 1300/255/947
f 1301/257/948 1224/188/876 1302/258/949
f 1292/247/939 1291/248/938 1303/260/950
f 1304/260/951 1305/259/951 1292/247/939
f 1306/261/952 1307/263/953 1308/262/954
f 1308/262/954 1307/263/953 1309/264/955
f 1162/130/817 1310/267/956 1311/266/957
f 1311/266/957 1312/265/958 1162/130/817
f 1313/268/959 1311/266/957 1310/267/956
f 1310/267/956 1201/168/855 1313/268/959
f 1308/262/954 1293/246/940 1292/247/939
f 1292/247/939 1314/269/960 1308/262/954
f 1315/270/961 1291/248/938 1206/173/860
f 1206/173/860 1291/248/938 1203/169/857
f 1291/248/938 1313/268/959 1203/169/857
f 1201/168/855 1203/169/857 1313/268/959
f 1300/255/947 1316/273/962 1317/272/963
f 1317/272/963 1318/271/964 1300/255/947
f 1299/256/946 1290/249/937 1293/246/940
f 1293/246/940 1300/255/947 1299/256/946
f 1231/193/883 1319/274/965 1301/257/948
f 1271/228/920 1320/277/966 1321/276/967
f 1322/276/968 1323/275/968 1271/228/920
f 1324/279/969 1245/205/896 1269/227/918
f 1269/227/918 1325/278/970 1326/279/970
f 1246/208/897 1327/281/971 1328/280/971
f 1329/283/972 1330/282/973 1331/285/973
f 1332/285/974 1333/284/975 1329/283/972
f 1283/238/931 1334/287/976 1335/286/976
f 1336/285/977 1337/288/977 1282/239/930
f 1282/239/930 1333/284/975 1338/285/978
f 1339/278/979 1269/227/918 1271/228/920
f 1271/228/920 1340/275/980 1341/278/980
f 1329/283/972 1342/290/981 1343/289/982
f 1344/289/983 1345/282/983 1329/283/972
f 1346/291/984 1347/294/985 1348/293/985
f 1349/293/986 1350/292/987 1346/291/984
f 1351/295/988 1352/296/989 1246/208/897
f 1246/208/897 1353/280/990 1354/295/990
f 1355/276/991 1320/277/966 1250/212/901
f 1250/212/901 1356/297/992 1357/276/992
f 1308/262/954 1316/273/962 1300/255/947
f 1300/255/947 1293/246/940 1308/262/954
f 1358/298/993 1359/300/994 1360/299/995
f 1290/249/937 1313/268/959 1291/248/938
f 1361/301/996 1362/304/997 1363/303/998
f 1363/303/998 1364/302/999 1361/301/996
f 1313/268/959 1290/249/937 1361/301/996
f 1361/301/996 1364/302/999 1313/268/959
f 1365/305/1000 1366/307/1001 1367/306/1002
f 1368/308/1003 1369/310/1004 1370/309/1005
f 1371/311/1006 1370/309/1005 1372/312/1007
f 1370/309/1005 1369/310/1004 1372/312/1007
f 1370/309/1005 1371/311/1006 1373/314/1008
f 1373/314/1008 1374/313/1009 1370/309/1005
f 1375/315/1010 1365/305/1000 1367/306/1002
f 1373/314/1008 1376/316/1011 1377/317/1012
f 1377/317/1012 1374/313/1009 1373/314/1008
f 1378/319/1013 1379/318/1014 1374/313/1009
f 1374/313/1009 1377/317/1012 1380/319/1015
f 1211/178/865 1210/177/864 1178/146/833
f 1178/146/833 1179/147/834 1211/178/865
f 1291/248/938 1315/270/961 1381/320/1016
f 1382/320/1017 1383/260/1017 1291/248/938
f 1178/146/833 1210/177/864 1295/251/942
f 1295/251/942 1294/252/941 1178/146/833
f 1368/308/1003 1370/309/1005 1384/321/1018
f 1384/321/1018 1385/322/1019 1368/308/1003
f 1386/323/1020 1387/325/1021 1388/324/1022
f 1389/326/1023 1390/329/1024 1391/328/1025
f 1391/328/1025 1392/327/1026 1393/326/1026
f 1394/330/1027 1391/328/1025 1390/329/1024
f 1359/300/994 1395/294/1028 1396/294/1028
f 1397/294/1029 1346/291/984 1359/300/994
f 1398/215/1030 1247/211/898 1235/199/887
f 1235/199/887 1399/200/1031 1400/215/1031
f 1283/238/931 1282/239/930 1401/288/1032
f 1379/318/1014 1384/321/1018 1370/309/1005
f 1370/309/1005 1374/313/1009 1379/318/1014
f 1217/182/871 1133/101/788 1379/318/1014
f 1133/101/788 1384/321/1018 1379/318/1014
f 1384/321/1018 1135/103/790 1385/322/1019
f 1402/185/1033 1217/182/871 1379/318/1014
f 1379/318/1014 1403/319/1034 1404/185/1034
f 1297/253/944 1296/250/943 1405/332/1035
f 1406/332/1036 1407/331/1036 1297/253/944
f 1150/118/805 1129/97/784 1132/98/787
f 1160/128/815 1159/127/814 1140/108/795
f 1140/108/795 1143/109/798 1160/128/815
f 1408/333/1037 1169/137/824 1187/154/841
f 1409/295/1038 1359/300/994 1352/296/989
f 1410/293/1039 1411/289/1039 1342/290/981
f 1342/290/981 1350/292/987 1412/293/1040
f 1286/242/934 1413/258/1041 1121/91/778
f 1266/225/915 1262/221/911 1261/220/910
f 1301/257/948 1319/274/965 1414/335/1042
f 1414/335/1042 1415/334/1043 1301/257/948
f 1416/336/1044 1417/338/1045 1418/337/1046
f 1414/335/1042 1417/338/1045 1415/334/1043
f 1223/186/875 1225/187/877 1387/325/1021
f 1419/340/1047 1420/339/1048 1394/330/1027
f 1394/330/1027 1390/329/1024 1419/340/1047
f 1386/323/1020 1388/324/1022 1421/341/1049
f 1315/270/961 1297/253/944 1422/331/1050
f 1423/331/1051 1424/320/1051 1315/270/961
f 1231/193/883 1230/194/882 1226/190/878
f 1166/133/821 1425/342/1052 1160/128/815
f 1160/128/815 1143/109/798 1166/133/821
f 1166/133/821 1143/109/798 1142/110/797
f 1142/110/797 1163/132/818 1166/133/821
f 1147/115/802 1159/127/814 1148/116/803
f 1292/247/939 1426/259/1053 1427/244/1053
f 1428/244/1054 1314/269/960 1292/247/939
f 1314/269/960 1288/245/936 1429/343/1055
f 1301/257/948 1430/258/1056 1286/242/934
f 1273/230/922 1431/345/1057 1432/344/1058
f 1281/237/929 1240/202/891 1242/203/893
f 1113/87/773 1118/89/776 1264/223/913
f 1133/101/788 1135/103/790 1384/321/1018
f 1231/193/883 1301/257/948 1286/242/934
f 1433/297/1059 1250/212/901 1434/213/1059
f 1435/346/1060 1436/286/1060 1437/287/1060
f 1432/344/1058 1431/345/1057 1438/347/1061
f 1439/348/1062 1350/292/987 1440/349/1063
f 1439/348/1062 1346/291/984 1350/292/987
f 1156/124/811 1441/351/1064 1442/350/1064
f 1443/350/1065 1180/148/835 1156/124/811
f 1180/148/835 1444/350/1066 1445/352/1066
f 1446/352/1067 1182/151/837 1180/148/835
f 1447/152/1068 1182/151/837 1448/353/1068
f 1429/343/1055 1288/245/936 1394/330/1027
f 1449/354/1069 1450/355/1069 1190/156/844
f 1190/156/844 1189/157/843 1451/354/1070
f 1452/160/1071 1453/357/1071 1454/356/1071
f 1455/356/1072 1193/159/847 1456/160/1072
f 1457/354/1073 1189/157/843 1191/158/845
f 1191/158/845 1458/358/1074 1459/354/1074
f 1158/126/813 1157/123/812 1460/359/1075
f 1460/359/1075 1183/150/838 1461/153/1076
f 1460/359/1075 1181/149/836 1183/150/838
f 1157/123/812 1181/149/836 1460/359/1075
f 1196/163/850 1195/164/849 1171/140/826
f 1171/140/826 1173/141/828 1196/163/850
f 1195/164/849 1198/165/852 1172/139/827
f 1172/139/827 1171/140/826 1195/164/849
f 1150/118/805 1134/102/789 1129/97/784
f 1385/322/1019 1135/103/790 1209/176/863
f 1429/343/1055 1394/330/1027 1306/261/952
f 1233/197/885 1232/195/884 1462/90/1077
f 1463/90/1078 1464/360/1079 1233/197/885
f 1438/347/1061 1431/345/1057 1233/197/885
f 1233/197/885 1464/360/1079 1438/347/1061
f 1465/288/1080 1466/287/1080 1283/238/931
f 1200/167/854 1172/139/827 1198/165/852
f 1362/304/997 1467/361/1081 1363/303/998
f 1363/303/998 1467/361/1081 1161/129/816
f 1161/129/816 1312/265/958 1363/303/998
f 1161/129/816 1162/130/817 1312/265/958
f 1467/361/1081 1362/304/997 1468/362/1082
f 1469/363/1083 1467/361/1081 1470/362/1083
f 1471/319/1084 1377/317/1012 1472/364/1084
f 1306/261/952 1439/348/1062 1307/263/953
f 1269/227/918 1245/205/896 1272/231/921
f 1272/231/921 1245/205/896 1281/237/929
f 1281/237/929 1245/205/896 1244/206/895
f 1233/197/885 1473/365/1085 1234/196/886
f 1419/340/1047 1474/367/1086 1475/366/1087
f 1475/366/1087 1420/339/1048 1419/340/1047
f 1475/366/1087 1474/367/1086 1476/368/1088
f 1476/368/1088 1415/334/1043 1475/366/1087
f 1314/269/960 1306/261/952 1308/262/954
f 1477/369/1089 1478/370/1090 1394/330/1027
f 1209/176/863 1135/103/790 1149/117/804
f 1133/101/788 1129/97/784 1134/102/789
f 1296/250/943 1295/251/942 1132/98/787
f 1132/98/787 1131/99/786 1296/250/943
f 1262/221/911 1267/226/916 1243/207/894
f 1479/279/1091 1480/281/1091 1246/208/897
f 1246/208/897 1245/205/896 1481/279/1092
f 1249/209/900 1248/210/899 1250/212/901
f 1250/212/901 1320/277/966 1249/209/900
f 1482/371/1093 1288/245/936 1483/372/1093
f 1314/269/960 1429/343/1055 1306/261/952
f 1484/327/1094 1391/328/1025 1288/245/936
f 1288/245/936 1485/373/1095 1486/327/1095
f 1394/330/1027 1288/245/936 1391/328/1025
f 1487/373/1096 1288/245/936 1488/371/1096
f 1390/329/1024 1421/341/1049 1388/324/1022
f 1388/324/1022 1419/340/1047 1390/329/1024
f 1387/325/1021 1474/367/1086 1419/340/1047
f 1419/340/1047 1388/324/1022 1387/325/1021
f 1415/334/1043 1476/368/1088 1301/257/948
f 1301/257/948 1476/368/1088 1224/188/876
f 1476/368/1088 1225/187/877 1224/188/876
f 1474/367/1086 1387/325/1021 1225/187/877
f 1225/187/877 1476/368/1088 1474/367/1086
f 1489/372/1097 1288/245/936 1490/243/1097
f 1425/342/1052 1491/374/1098 1160/128/815
f 1207/174/861 1176/144/831 1204/171/858
f 1176/144/831 1202/170/856 1204/171/858
f 1166/133/821 1408/333/1037 1425/342/1052
f 1156/124/811 1492/375/1099 1493/351/1099
f 1155/125/810 1494/376/1100 1495/375/1100
f 1496/375/1101 1156/124/811 1155/125/810
f 1136/107/791 1140/108/795 1159/127/814
f 1159/127/814 1137/106/792 1136/107/791
f 1147/115/802 1497/377/1102 1137/106/792
f 1137/106/792 1159/127/814 1147/115/802
f 1141/111/796 1140/108/795 1136/107/791
f 1136/107/791 1208/175/862 1141/111/796
f 1151/119/806 1139/104/794 1205/172/859
f 1498/378/1103 1418/337/1046 1414/335/1042
f 1265/224/914 1499/379/1104 1229/191/881
f 1500/380/1105 1501/382/1106 1502/381/1107
f 1503/383/1108 1418/337/1046 1498/378/1103
f 1477/369/1089 1394/330/1027 1420/339/1048
f 1420/339/1048 1416/336/1044 1477/369/1089
f 1226/190/878 1499/379/1104 1231/193/883
f 1499/379/1104 1319/274/965 1231/193/883
f 1243/207/894 1502/381/1107 1262/221/911
f 1246/208/897 1352/296/989 1502/381/1107
f 1502/381/1107 1243/207/894 1246/208/897
f 1229/191/881 1499/379/1104 1226/190/878
f 1501/382/1106 1500/380/1105 1503/383/1108
f 1503/383/1108 1498/378/1103 1501/382/1106
f 1416/336/1044 1418/337/1046 1504/384/1109
f 1416/336/1044 1505/385/1110 1477/369/1089
f 1414/335/1042 1319/274/965 1501/382/1106
f 1501/382/1106 1498/378/1103 1414/335/1042
f 1477/369/1089 1505/385/1110 1360/299/995
f 1352/296/989 1506/386/1111 1500/380/1105
f 1500/380/1105 1507/387/1112 1503/383/1108
f 1352/296/989 1500/380/1105 1502/381/1107
f 1502/381/1107 1265/224/914 1262/221/911
f 1359/300/994 1358/298/993 1506/386/1111
f 1439/348/1062 1306/261/952 1346/291/984
f 1478/370/1090 1306/261/952 1394/330/1027
f 1478/370/1090 1346/291/984 1306/261/952
f 1478/370/1090 1477/369/1089 1360/299/995
f 1508/295/1113 1509/294/1113 1359/300/994
f 1359/300/994 1346/291/984 1360/299/995
f 1478/370/1090 1360/299/995 1346/291/984
f 1510/388/1114 1511/390/1114 1512/389/1114
f 1513/390/1115 1514/392/1115 1515/391/1115
f 1516/244/1116 1288/245/936 1314/269/960
f 1507/387/1112 1505/385/1110 1503/383/1108
f 1316/273/962 1517/393/1117 1317/272/963
f 1308/262/954 1309/264/955 1518/394/1118
f 1518/394/1118 1316/273/962 1308/262/954
f 1519/395/1119 1520/396/1120 1257/216/906
f 1521/397/1121 1257/216/906 1522/398/1122
f 1520/396/1120 1522/398/1122 1257/216/906
f 1284/241/932 1283/238/931 1521/397/1121
f 1258/219/907 1257/216/906 1283/238/931
f 1257/216/906 1521/397/1121 1283/238/931
f 1329/283/972 1333/284/975 1523/399/1123
f 1523/399/1123 1524/400/1124 1329/283/972
f 1525/401/1125 1526/403/1126 1527/402/1127
f 1527/402/1127 1528/404/1128 1525/401/1125
f 1529/405/1129 1285/240/933 1530/407/1130
f 1530/407/1130 1531/406/1131 1529/405/1129
f 1532/410/1132 1533/409/1133 1534/408/1134
f 1534/408/1134 1535/411/1135 1532/410/1132
f 1523/399/1123 1285/240/933 1534/408/1134
f 1285/240/933 1536/412/1136 1534/408/1134
f 1536/412/1136 1535/411/1135 1534/408/1134
f 1537/413/1137 1526/403/1126 1525/401/1125
f 1538/414/1138 1539/416/1139 1540/415/1140
f 1523/399/1123 1534/408/1134 1541/417/1141
f 1541/417/1141 1534/408/1134 1533/409/1133
f 1542/418/1142 1342/290/981 1329/283/972
f 1329/283/972 1524/400/1124 1542/418/1142
f 1532/410/1132 1543/419/1143 1541/417/1141
f 1541/417/1141 1533/409/1133 1532/410/1132
f 1538/414/1138 1523/399/1123 1539/416/1139
f 1517/393/1117 1542/418/1142 1544/420/1144
f 1529/405/1129 1545/421/1145 1536/412/1136
f 1536/412/1136 1285/240/933 1529/405/1129
f 1517/393/1117 1518/394/1118 1440/349/1063
f 1440/349/1063 1542/418/1142 1517/393/1117
f 1546/422/1146 1439/348/1062 1440/349/1063
f 1440/349/1063 1547/423/1147 1546/422/1146
f 1547/423/1147 1440/349/1063 1518/394/1118
f 1518/394/1118 1309/264/955 1547/423/1147
f 1523/399/1123 1541/417/1141 1539/416/1139
f 1541/417/1141 1543/419/1143 1548/424/1148
f 1548/424/1148 1539/416/1139 1541/417/1141
f 1538/414/1138 1524/400/1124 1523/399/1123
f 1501/382/1106 1319/274/965 1499/379/1104
f 1499/379/1104 1265/224/914 1501/382/1106
f 1502/381/1107 1501/382/1106 1265/224/914
f 1360/299/995 1505/385/1110 1358/298/993
f 1431/345/1057 1473/365/1085 1233/197/885
f 1473/365/1085 1273/230/922 1272/231/921
f 1242/203/893 1272/231/921 1281/237/929
f 1242/203/893 1234/196/886 1473/365/1085
f 1473/365/1085 1272/231/921 1242/203/893
f 1549/425/1149 1270/229/919 1275/233/924
f 1275/233/924 1550/426/1150 1549/425/1149
f 1320/277/966 1271/228/920 1249/209/900
f 1249/209/900 1271/228/920 1279/235/927
f 1270/229/919 1549/425/1149 1271/228/920
f 1549/425/1149 1279/235/927 1271/228/920
f 1551/236/1151 1279/235/927 1549/425/1149
f 1549/425/1149 1550/426/1150 1552/236/1152
f 1432/344/1058 1276/234/925 1274/232/923
f 1274/232/923 1273/230/922 1432/344/1058
f 1431/345/1057 1273/230/922 1473/365/1085
f 1540/415/1140 1539/416/1139 1548/424/1148
f 1175/145/830 1178/146/833 1294/252/941
f 1315/270/961 1206/173/860 1297/253/944
f 1206/173/860 1175/145/830 1297/253/944
f 1175/145/830 1294/252/941 1297/253/944
f 1206/173/860 1176/144/831 1175/145/830
f 1176/144/831 1196/163/850 1177/143/832
f 1177/143/832 1173/141/828 1174/142/829
f 1177/143/832 1196/163/850 1173/141/828
f 1310/267/956 1553/427/1153 1201/168/855
f 1207/174/861 1204/171/858 1554/427/1154
f 1166/133/821 1169/137/824 1408/333/1037
f 1555/353/1155 1182/151/837 1556/352/1155
f 1155/125/810 1557/428/1156 1558/376/1156
f 1160/128/815 1491/374/1098 1146/113/801
f 1439/348/1062 1546/422/1146 1307/263/953
f 1546/422/1146 1547/423/1147 1309/264/955
f 1309/264/955 1307/263/953 1546/422/1146
f 1440/349/1063 1350/292/987 1342/290/981
f 1342/290/981 1542/418/1142 1440/349/1063
f 1131/99/786 1212/179/866 1559/332/1157
f 1560/332/1158 1296/250/943 1131/99/786
f 1561/183/1159 1562/180/1159 1215/181/869
f 1544/420/1144 1542/418/1142 1524/400/1124
f 1524/400/1124 1538/414/1138 1544/420/1144
f 1197/162/851 1196/163/850 1207/174/861
f 1207/174/861 1563/427/1160 1197/162/851
f 1201/168/855 1564/427/1161 1204/171/858
f 1191/158/845 1193/159/847 1565/356/1162
f 1566/356/1163 1567/358/1163 1191/158/845
f 1188/155/842 1193/159/847 1191/158/845
f 1200/167/854 1145/114/800 1172/139/827
f 1172/139/827 1145/114/800 1167/135/822
f 1145/114/800 1168/138/823 1167/135/822
f 1162/130/817 1568/427/1164 1310/267/956
f 1154/122/809 1137/106/792 1497/377/1102
f 1569/96/1165 1125/94/781 1570/389/1165
f 1571/96/1166 1572/389/1166 1573/390/1166
f 1574/96/1167 1575/390/1167 1576/429/1167
f 1577/429/1168 1578/390/1168 1579/391/1168
f 1333/284/975 1282/239/930 1285/240/933
f 1285/240/933 1523/399/1123 1333/284/975
f 1259/218/908 1580/431/1169 1581/430/1169
f 1582/430/1170 1260/217/909 1259/218/908
f 1376/316/1011 1373/314/1008 1375/315/1010
f 1375/315/1010 1583/432/1171 1376/316/1011
f 1375/315/1010 1373/314/1008 1371/311/1006
f 1371/311/1006 1365/305/1000 1375/315/1010
f 1366/307/1001 1365/305/1000 1584/433/1172
f 1365/305/1000 1371/311/1006 1584/433/1172
f 1371/311/1006 1372/312/1007 1584/433/1172
f 1583/432/1171 1375/315/1010 1367/306/1002
f 1299/256/946 1361/301/996 1290/249/937
f 1298/254/945 1362/304/997 1361/301/996
f 1361/301/996 1299/256/946 1298/254/945
f 1298/254/945 1300/255/947 1318/271/964
f 1316/273/962 1518/394/1118 1517/393/1117
f 1312/265/958 1311/266/957 1364/302/999
f 1364/302/999 1363/303/998 1312/265/958
f 1313/268/959 1364/302/999 1311/266/957
f 1162/130/817 1145/114/800 1200/167/854
f 1585/326/1173 1586/434/1173 1421/341/1049
f 1421/341/1049 1390/329/1024 1587/326/1174
f 1588/434/1175 1589/435/1175 1421/341/1049
f 1590/332/1176 1212/179/866 1591/436/1176
f 1592/437/651 1593/439/1177 1594/438/651
f 1595/438/651 1593/439/1177 1596/440/651
f 1597/440/651 1593/439/1177 1598/441/1178
f 1598/441/1178 1599/442/651 1600/440/651
f 1601/446/464 1602/447/464 1603/445/464
f 1602/447/464 1604/444/464 1605/445/464
f 1606/444/464 1607/443/464 1608/445/464
f 1609/444/464 1602/447/464 1610/448/464
f 1611/449/1179 1612/451/1180 1613/450/1181
f 1613/450/1181 1612/451/1180 1614/452/1182
f 1612/451/1180 1615/453/1183 1614/452/1182
f 1616/455/1184 1613/450/1181 1614/452/1182
f 1614/452/1182 1617/454/471 1616/455/1184
f 1616/455/1184 1598/441/1178 1611/449/1179
f 1611/449/1179 1613/450/1181 1616/455/1184
f 1598/441/1178 1593/439/1177 1612/451/1180
f 1612/451/1180 1611/449/1179 1598/441/1178
f 1615/453/1183 1612/451/1180 1593/439/1177
f 1593/439/1177 1618/456/1185 1615/453/1183
f 1619/457/651 1620/458/651 1616/455/1184
f 1619/457/651 1616/455/1184 1621/459/651
f 1621/459/651 1616/455/1184 1622/460/651
f 1623/460/651 1616/455/1184 1624/461/651
f 1616/455/1184 1625/454/651 1626/461/651
f 1627/445/474 1628/443/474 1629/462/474
f 1630/462/474 1631/463/474 1632/445/474
f 1633/464/464 1634/463/464 1635/462/464
f 1636/462/464 1637/465/464 1638/464/464
f 1639/442/651 1598/441/1178 1640/466/651
f 1641/458/651 1642/466/651 1616/455/1184
f 1643/466/651 1598/441/1178 1616/455/1184
f 1644/469/1186 1645/468/1187 1646/467/1187
f 1647/467/479 1648/470/479 1644/469/1186
f 1649/471/480 1650/473/480 1651/472/480
f 1652/473/480 1653/474/480 1654/472/480
f 1655/472/480 1656/474/480 1657/475/480
f 1658/475/480 1659/474/480 1660/476/1188
f 1661/477/1189 1662/480/1190 1663/479/1190
f 1664/479/1190 1665/478/1190 1661/477/1189
f 1666/481/1191 1667/482/1192 1668/480/1192
f 1669/480/1193 1661/477/1189 1666/481/1191
f 1670/484/1194 1671/483/1195 1672/482/1195
f 1673/482/1195 1666/481/1191 1670/484/1194
f 1674/470/1196 1675/483/1196 1670/484/1194
f 1670/484/1194 1644/469/1186 1676/470/1197
f 1677/467/493 1678/473/493 1679/471/493
f 1680/471/493 1681/470/493 1682/467/493
f 1163/132/818 1142/110/797 1151/119/806
f 1151/119/806 1142/110/797 1152/120/807
f 1152/120/807 1142/110/797 1208/175/862
f 1142/110/797 1141/111/796 1208/175/862
f 1164/131/819 1163/132/818 1151/119/806
f 1151/119/806 1211/178/865 1164/131/819
f 1179/147/834 1164/131/819 1211/178/865
f 1683/485/651 1684/486/651 1593/439/1177
f 1685/485/651 1593/439/1177 1686/437/651
f 1687/486/651 1688/456/651 1593/439/1177
f 1615/453/1183 1689/456/1198 1690/454/1198
f 1691/454/1199 1614/452/1182 1615/453/1183
f 1692/490/1200 1693/489/1201 1694/488/1201
f 1695/488/1202 1696/487/1203 1692/490/1200
f 1697/494/1204 1698/493/1205 1699/492/1205
f 1700/492/1205 1701/491/1206 1697/494/1204
f 1702/495/1207 1703/497/1207 1704/496/1208
f 1705/498/1209 1701/491/1206 1706/492/1210
f 1707/492/1211 1708/499/1211 1705/498/1209
f 1709/495/1212 1704/496/1208 1705/498/1209
f 1705/498/1209 1710/499/1213 1711/495/1213
f 1712/500/1214 1713/502/1215 1714/501/1216
f 1715/503/1217 1716/505/1218 1717/504/1218
f 1718/488/1219 1719/506/1219 1696/487/1203
f 1697/494/1204 1701/491/1206 1720/508/1220
f 1721/508/1221 1722/507/1221 1697/494/1204
f 1723/508/1222 1701/491/1206 1705/498/1209
f 1705/498/1209 1724/509/1223 1725/508/1223
f 1726/509/1224 1705/498/1209 1704/496/1208
f 1704/496/1208 1727/510/1225 1728/509/1225
f 1729/511/1226 1730/512/1227 1697/494/1204
f 1697/494/1204 1731/507/1228 1732/511/1228
f 1733/497/1229 1734/510/1229 1704/496/1208
f 1735/513/1230 1736/505/1230 1715/503/1217
f 1737/515/1231 1713/502/1215 1738/514/1232
f 1739/514/1233 1740/516/1233 1737/515/1231
f 1741/517/1234 1742/519/1235 1743/518/1236
f 1744/518/1237 1742/519/1235 1745/520/1237
f 1742/519/1235 1746/521/1238 1747/520/1239
f 1748/522/1240 1749/520/1239 1746/521/1238
f 1692/490/1200 1696/487/1203 1750/524/1241
f 1751/524/1242 1752/523/1242 1692/490/1200
f 1753/506/1243 1754/524/1243 1696/487/1203
f 1755/525/1244 1756/526/1245 1737/515/1231
f 1755/525/1244 1757/527/1246 1758/520/1246
f 1759/529/1201 1760/489/1201 1692/490/1200
f 1692/490/1200 1761/528/1247 1762/529/1248
f 1763/526/1249 1761/528/1247 1692/490/1200
f 1692/490/1200 1764/523/1250 1765/526/1250
f 1755/525/1244 1766/530/1251 1767/527/1251
f 1768/532/1252 1769/531/1253 1770/529/1253
f 1771/529/1254 1761/528/1247 1768/532/1252
f 1772/520/1255 1748/522/1240 1768/532/1252
f 1768/532/1252 1755/525/1244 1773/520/1256
f 1737/515/1231 1774/516/1257 1775/513/1257
f 1776/513/1258 1715/503/1217 1737/515/1231
f 1715/503/1217 1777/504/1259 1778/530/1259
f 1779/530/1260 1737/515/1231 1715/503/1217
f 1737/515/1231 1780/526/1261 1781/533/1261
f 1782/533/1262 1713/502/1215 1737/515/1231
f 1783/534/1263 1714/501/1216 1784/535/1263
f 1785/536/1264 1786/538/1264 1787/537/1265
f 1788/536/1266 1787/537/1265 1697/494/1204
f 1730/512/1227 1789/536/1267 1697/494/1204
f 1714/501/1216 1730/512/1227 1790/511/1268
f 1791/511/1269 1792/535/1269 1714/501/1216
f 1793/533/1270 1730/512/1227 1713/502/1215
f 1755/525/1244 1761/528/1247 1794/526/1271
f 1714/501/1216 1713/502/1215 1730/512/1227
f 1795/533/1272 1796/536/1272 1730/512/1227
f 1797/514/1273 1713/502/1215 1798/500/1273
f 1799/500/1274 1714/501/1216 1800/534/1274
f 1755/525/1244 1737/515/1231 1801/530/1275
f 1755/525/1244 1768/532/1252 1761/528/1247
f 1697/494/1204 1787/537/1265 1802/539/1276
f 1803/539/1277 1804/493/1277 1697/494/1204
f 1805/540/549 1806/464/549 1807/465/549
f 1808/540/1278 1809/465/1278 1810/541/1278
f 1748/522/1240 1811/542/1279 1768/532/1252
f 1812/543/1280 1813/545/1281 1814/544/1280
f 1768/532/1252 1811/542/1279 1815/531/1282
f 1816/547/1283 1817/546/1283 1660/476/1188
f 1660/476/1188 1818/474/471 1819/547/471
f 1820/548/1284 1821/550/1285 1822/549/1284
f 1823/465/1286 1824/549/1286 1825/541/1286
f 1826/541/1287 1827/549/1287 1821/550/1285
f 1811/542/1279 1748/522/1240 1828/551/1288
f 1829/552/1289 1828/551/1288 1748/522/1240
f 1830/553/1290 1829/552/1289 1748/522/1240
f 1831/554/1291 1830/553/1290 1748/522/1240
f 1748/522/1240 1746/521/1238 1831/554/1291
f 1832/555/1216 1742/519/1235 1741/517/1234
f 1741/517/1234 1833/556/1292 1832/555/1216
f 1742/519/1235 1832/555/1216 1834/557/1293
f 1832/555/1216 1835/558/1294 1834/557/1293
f 1836/531/1295 1811/542/1279 1837/543/1295
f 1813/545/1281 1838/543/1296 1839/559/1297
f 1839/559/1297 1840/543/1298 1811/542/1279
f 1841/560/1299 1842/562/1300 1843/561/1301
f 1844/563/1302 1845/565/1303 1846/564/1302
f 1841/560/1299 1843/561/1301 1847/566/1304
f 1848/567/1305 1849/569/1306 1850/568/1306
f 1851/570/1307 1847/566/1304 1843/561/1301
f 1843/561/1301 1852/571/1308 1851/570/1307
f 1847/566/1304 1853/568/1309 1854/572/1309
f 1843/561/1301 1855/573/1310 1852/571/1308
f 1847/566/1304 1848/567/1305 1856/568/1311
f 1857/574/1312 1841/560/1299 1847/566/1304
f 1847/566/1304 1851/570/1307 1858/575/1313
f 1859/576/1314 1860/578/1315 1861/577/1314
f 1862/579/1316 1863/581/1317 1864/580/1316
f 1860/578/1315 1865/583/1318 1866/582/1319
f 1867/584/1320 1868/585/1321 1845/565/1303
f 1869/586/1322 1868/585/1321 1867/584/1320
f 1867/584/1320 1870/587/1323 1869/586/1322
f 1871/579/1324 1872/588/1325 1863/581/1317
f 1873/589/1326 1874/591/1327 1875/590/1328
f 1848/567/1305 1874/591/1327 1876/592/1329
f 1872/588/1325 1851/570/1307 1852/571/1308
f 1852/571/1308 1863/581/1317 1872/588/1325
f 1872/588/1325 1845/565/1303 1868/585/1321
f 1868/585/1321 1875/590/1328 1872/588/1325
f 1877/594/1330 1878/593/1331 1879/592/1332
f 1880/592/1333 1873/589/1326 1877/594/1330
f 1881/583/1334 1882/595/1335 1866/582/1319
f 1878/593/1331 1877/594/1330 1882/595/1335
f 1877/594/1330 1866/582/1319 1882/595/1335
f 1873/589/1326 1869/586/1322 1877/594/1330
f 1883/596/1336 1884/598/1336 1885/597/1337
f 1886/599/1338 1887/601/1339 1888/600/1340
f 1877/594/1330 1869/586/1322 1870/587/1323
f 1889/603/1341 1890/602/1341 1886/599/1338
f 1886/599/1338 1888/600/1340 1891/603/1342
f 1863/581/1317 1852/571/1308 1892/604/1343
f 1868/585/1321 1869/586/1322 1873/589/1326
f 1873/589/1326 1875/590/1328 1868/585/1321
f 1860/578/1315 1893/606/1344 1894/605/1344
f 1867/584/1320 1895/563/1345 1896/607/1345
f 1897/598/1346 1898/608/1346 1885/597/1337
f 1899/609/1347 1874/591/1327 1848/567/1305
f 1848/567/1305 1858/575/1313 1899/609/1347
f 1867/584/1320 1900/607/1348 1901/601/1348
f 1902/601/1349 1870/587/1323 1867/584/1320
f 1860/578/1315 1903/605/1350 1904/610/1350
f 1886/599/1338 1905/602/1351 1906/611/1351
f 1907/611/1352 1866/582/1319 1886/599/1338
f 1885/597/1337 1888/600/1340 1908/612/1353
f 1909/612/1354 1910/596/1354 1885/597/1337
f 1911/608/1355 1912/603/1355 1888/600/1340
f 1888/600/1340 1885/597/1337 1913/608/1356
f 1914/601/1357 1915/612/1357 1888/600/1340
f 1867/584/1320 1845/565/1303 1916/563/1358
f 1845/565/1303 1872/588/1325 1917/579/1359
f 1851/570/1307 1899/609/1347 1858/575/1313
f 1918/613/1360 1919/610/1360 1920/614/1360
f 1866/582/1319 1877/594/1330 1886/599/1338
f 1886/599/1338 1870/587/1323 1921/601/1361
f 1877/594/1330 1870/587/1323 1886/599/1338
f 1872/588/1325 1899/609/1347 1851/570/1307
f 1899/609/1347 1872/588/1325 1875/590/1328
f 1875/590/1328 1874/591/1327 1899/609/1347
f 1873/589/1326 1922/592/1362 1874/591/1327
f 1660/476/1188 1923/546/1363 1924/615/1363
f 1847/566/1304 1925/572/1364 1926/574/1364
f 1847/566/1304 1858/575/1313 1848/567/1305
f 1927/616/471 1928/618/471 1929/617/471
f 1930/618/471 1931/619/471 1929/617/471
f 1932/619/471 1933/620/471 1929/617/471
f 1929/617/471 1934/620/471 1935/621/1365
f 1936/622/651 1937/619/651 1938/618/651
f 1520/396/1120 1939/623/651 1522/398/1122
f 1528/404/1128 1940/623/651 1525/401/1125
f 1941/623/651 1942/624/651 1525/401/1125
f 1943/624/651 1944/625/651 1525/401/1125
f 1525/401/1125 1945/625/651 1537/413/1137
f 1946/625/651 1531/406/1131 1537/413/1137
f 1530/407/1130 1537/413/1137 1531/406/1131
f 1947/611/1366 1948/577/1366 1860/578/1315
f 1860/578/1315 1866/582/1319 1949/611/1367
f 1860/578/1315 1950/576/1368 1951/606/1368
f 1952/626/1369 1953/628/640 1954/627/1370
f 1955/629/1371 1787/537/1265 1956/538/1371
f 1957/629/1372 1958/539/1372 1787/537/1265
f 1959/580/1373 1863/581/1317 1960/604/1373
f 1843/561/1301 1842/562/1300 1855/573/1310
f 1212/179/866 1961/180/1374 1962/630/1374
f 1963/630/1375 1964/436/1375 1212/179/866
f 1860/578/1315 1965/631/1376 1966/583/1376
f 1967/631/1377 1860/578/1315 1968/610/1377
f 1969/610/1378 1970/613/1378 1971/631/1378
f 1972/625/651 1532/410/1132 1545/421/1145
f 1532/410/1132 1535/411/1135 1545/421/1145
f 1535/411/1135 1536/412/1136 1545/421/1145
f 1543/419/1143 1532/410/1132 1548/424/1148
f 1538/414/1138 1540/415/1140 1544/420/1144
f 1973/625/1379 1529/405/1129 1531/406/1131
f 1545/421/1145 1529/405/1129 1974/625/1380
f 1285/240/933 1284/241/932 1530/407/1130
f 1284/241/932 1526/403/1126 1530/407/1130
f 1526/403/1126 1537/413/1137 1530/407/1130
f 1527/402/1127 1526/403/1126 1284/241/932
f 1284/241/932 1521/397/1121 1527/402/1127
f 1527/402/1127 1521/397/1121 1522/398/1122
f 1522/398/1122 1528/404/1128 1527/402/1127
f 1522/398/1122 1975/623/651 1528/404/1128
f 1503/383/1108 1504/384/1109 1418/337/1046
f 1420/339/1048 1475/366/1087 1417/338/1045
f 1417/338/1045 1416/336/1044 1420/339/1048
f 1415/334/1043 1417/338/1045 1475/366/1087
f 1418/337/1046 1417/338/1045 1414/335/1042
f 1210/177/864 1205/172/859 1132/98/787
f 1132/98/787 1295/251/942 1210/177/864
f 1359/300/994 1506/386/1111 1352/296/989
f 1500/380/1105 1506/386/1111 1358/298/993
f 1358/298/993 1507/387/1112 1500/380/1105
f 1358/298/993 1505/385/1110 1507/387/1112
f 1503/383/1108 1505/385/1110 1504/384/1109
f 1416/336/1044 1504/384/1109 1505/385/1110
f 1976/632/1381 1977/634/1 1978/633/1
f 1976/632/1381 1979/636/1382 1980/635/1
f 1980/635/1 1977/634/1 1976/632/1381
f 1981/637/1383 1982/640/1384 1983/639/1385
f 1983/639/1385 1984/638/1386 1981/637/1383
f 1985/642/1387 1986/641/1388 1983/639/1385
f 1983/639/1385 1982/640/1384 1985/642/1387
f 1984/638/1386 1987/643/1389 1988/644/1390
f 1988/644/1390 1981/637/1383 1984/638/1386
f 1986/641/1388 1989/645/651 1983/639/1385
f 1989/645/651 1990/646/1391 1983/639/1385
f 1990/646/1391 1935/621/1365 1983/639/1385
f 1991/458/651 1619/457/651 1992/620/651
f 1983/639/1385 1935/621/1365 1993/620/651
f 1994/620/651 1619/457/651 1983/639/1385
f 1983/639/1385 1619/457/651 1984/638/1386
f 1984/638/1386 1619/457/651 1995/647/1392
f 1996/648/1393 1954/627/1370 1619/457/651
f 1619/457/651 1954/627/1370 1995/647/1392
f 1984/638/1386 1995/647/1392 1997/649/1394
f 1997/649/1394 1987/643/1389 1984/638/1386
f 1954/627/1370 1953/628/640 1997/649/1394
f 1997/649/1394 1995/647/1392 1954/627/1370
f 1998/650/464 1999/652/464 2000/651/464
f 1996/648/1393 2001/653/665 1954/627/1370
f 1954/627/1370 2002/653/665 1952/626/1369
f 2003/653/665 2004/654/665 1952/626/1369
f 2005/656/480 2006/655/480 1979/636/1382
f 1979/636/1382 1976/632/1381 2007/656/480
f 2008/651/464 2009/652/464 2010/446/464
f 1602/447/464 2011/446/464 2012/657/464
f 2012/657/464 2013/446/464 2014/652/464
f 2015/652/464 2016/658/464 2012/657/464
f 2012/657/464 2017/658/464 2018/659/464
f 2019/660/1395 2020/663/1396 2021/662/1397
f 2021/662/1397 2022/661/667 2019/660/1395
f 2022/661/667 2023/665/480 2024/664/480
f 2025/664/480 2019/660/1395 2022/661/667
f 2026/666/1 2020/663/1396 2019/660/1395
f 2019/660/1395 2027/667/1 2028/666/1
f 2021/662/1397 2020/663/1396 2029/669/670
f 2030/669/670 2031/668/670 2021/662/1397
f 2032/671/651 2033/670/651 2034/673/651
f 2035/673/651 2036/672/651 2037/671/651
f 2038/674/480 2039/676/480 2040/675/480
f 2041/677/471 2042/678/471 1929/617/471
f 1929/617/471 1935/621/1365 2043/677/471
f 1990/646/1391 2044/679/1398 2045/677/1398
f 2046/677/1398 1935/621/1365 1990/646/1391
f 2047/680/674 2048/679/674 1990/646/1391
f 1990/646/1391 2049/681/674 2050/680/674
f 1985/642/1387 1982/640/1384 2051/683/675
f 2052/683/675 2053/682/675 1985/642/1387
f 2054/687/676 2055/686/676 2056/685/676
f 2057/685/676 2058/684/676 2059/687/676
f 2060/689/678 2061/688/678 2062/687/678
f 2063/687/678 2064/684/678 2065/689/678
f 2066/676/680 2067/692/680 2068/691/680
f 2069/691/680 2070/690/680 2071/676/680
f 2072/681/683 2073/694/683 2074/693/683
f 2075/693/683 2076/680/683 2077/681/683
f 2078/695/683 2079/693/683 2080/694/683
f 2081/694/683 2082/696/683 2083/695/683
f 2084/674/480 2085/692/480 2086/676/480
f 2087/698/1399 2088/697/1399 2089/700/1400
f 2089/700/1400 2090/699/1401 2091/698/1402
f 2092/701/1403 2093/704/1404 2094/703/1405
f 2094/703/1405 2095/702/1406 2092/701/1403
f 2092/701/1403 2096/706/1407 2097/705/1408
f 2097/705/1408 2093/704/1404 2092/701/1403
f 2096/706/1407 2090/699/1401 2089/700/1400
f 2089/700/1400 2097/705/1408 2096/706/1407
f 2098/708/1409 2099/707/1410 2100/710/1411
f 2100/710/1411 2101/709/1412 2098/708/1409
f 2099/707/1410 2098/708/1409 2102/689/1413
f 2103/689/1413 2104/711/1413 2099/707/1410
f 2105/713/1414 2106/712/1415 2095/702/1406
f 2095/702/1406 2094/703/1405 2105/713/1414
f 2107/715/1416 2108/714/1417 2101/709/1412
f 2101/709/1412 2100/710/1411 2107/715/1416
f 2107/715/1416 2106/712/1415 2105/713/1414
f 2105/713/1414 2108/714/1417 2107/715/1416
f 2100/710/1411 2090/699/1401 2096/706/1407
f 2096/706/1407 2107/715/1416 2100/710/1411
f 2096/706/1407 2092/701/1403 2107/715/1416
f 2092/701/1403 2095/702/1406 2107/715/1416
f 2106/712/1415 2107/715/1416 2095/702/1406
f 2109/711/651 2110/716/651 2099/707/1410
f 2100/710/1411 2099/707/1410 2090/699/1401
f 2099/707/1410 2111/716/651 2090/699/1401
f 2112/716/651 2113/698/651 2090/699/1401
f 2089/700/1400 2114/697/703 2115/690/703
f 2116/689/704 2098/708/1409 2117/717/704
f 2118/717/704 2119/688/704 2120/689/704
f 2098/708/1409 2101/709/1412 2121/718/1418
f 2122/718/1418 2123/717/1418 2098/708/1409
f 2124/719/1419 2125/718/1419 2101/709/1412
f 2101/709/1412 2108/714/1417 2126/719/1419
f 2105/713/1414 2127/720/708 2128/719/708
f 2129/719/708 2108/714/1417 2105/713/1414
f 2105/713/1414 2094/703/1405 2130/722/709
f 2131/722/709 2132/721/709 2105/713/1414
f 2094/703/1405 2093/704/1404 2133/723/1420
f 2134/723/1420 2135/722/1420 2094/703/1405
f 2136/724/712 2137/725/712 2138/723/712
f 2139/723/712 2093/704/1404 2140/724/712
f 2141/726/714 2142/725/714 2143/724/714
f 2144/724/714 2145/727/714 2146/726/714
f 2089/700/1400 2147/690/703 2148/691/703
f 2149/691/703 2150/728/703 2089/700/1400
f 2151/729/1421 2152/730/1422 2153/731/1423
f 2153/731/1423 2154/732/1424 2151/729/1421
f 2155/733/1425 2156/734/1426 2157/735/1427
f 2157/735/1427 2158/736/1428 2155/733/1425
f 2159/737/1429 2160/738/1430 2151/729/1421
f 2151/729/1421 2161/739/1431 2159/737/1429
f 2162/740/1432 2163/741/1433 2164/742/1434
f 2164/742/1434 2165/743/1435 2162/740/1432
f 2166/744/1436 2167/745/1437 2168/746/1438
f 2161/739/1431 2169/747/1439 2167/745/1437
f 2168/746/1438 2167/745/1437 2169/747/1439
f 2156/734/1426 2170/748/1440 2171/749/1441
f 2171/749/1441 2157/735/1427 2156/734/1426
f 2172/750/1442 2173/751/1443 2174/752/1444
f 2174/752/1444 2166/744/1436 2172/750/1442
f 2175/753/1445 2176/754/1446 2177/755/1432
f 2177/755/1432 2178/756/1447 2175/753/1445
f 2179/757/1448 2180/758/1446 2181/759/1432
f 2181/759/1432 2182/760/1449 2179/757/1448
f 2183/761/1450 2184/762/1451 2185/763/1452
f 2185/763/1452 2186/764/1453 2183/761/1450
f 2172/750/1442 2166/744/1436 2168/746/1438
f 2168/746/1438 2187/765/1454 2172/750/1442
f 2175/753/1445 2178/756/1447 2188/766/1455
f 2188/766/1455 2189/767/1456 2175/753/1445
f 2162/740/1432 2165/743/1435 2189/767/1456
f 2189/767/1456 2188/766/1455 2162/740/1432
f 2167/745/1437 2190/768/1457 2159/737/1429
f 2159/737/1429 2161/739/1431 2167/745/1437
f 2174/752/1444 2190/768/1457 2167/745/1437
f 2167/745/1437 2166/744/1436 2174/752/1444
f 2156/734/1426 2191/769/1458 2170/748/1440
f 2172/750/1442 2187/765/1454 2191/769/1458
f 2170/748/1440 2191/769/1458 2187/765/1454
f 2182/760/1449 2192/770/1459 2193/771/1460
f 2193/771/1460 2179/757/1448 2182/760/1449
f 2193/771/1460 2192/770/1459 2177/755/1432
f 2177/755/1432 2176/754/1446 2193/771/1460
f 2194/772/1461 2173/751/1443 2172/750/1442
f 2172/750/1442 2191/769/1458 2194/772/1461
f 2194/772/1461 2191/769/1458 2156/734/1426
f 2156/734/1426 2155/733/1425 2194/772/1461
f 2195/773/1462 2196/774/1437 2197/775/1440
f 2157/735/1427 2171/749/1441 2196/774/1437
f 2197/775/1440 2196/774/1437 2171/749/1441
f 2198/776/1463 2199/777/1459 2200/778/1464
f 2200/778/1464 2186/764/1453 2198/776/1463
f 2200/778/1464 2199/777/1459 2181/759/1432
f 2181/759/1432 2180/758/1446 2200/778/1464
f 2196/774/1437 2201/779/1465 2158/736/1428
f 2158/736/1428 2157/735/1427 2196/774/1437
f 2196/774/1437 2195/773/1462 2202/780/1466
f 2202/780/1466 2201/779/1465 2196/774/1437
f 2203/781/1467 2201/779/1465 2202/780/1466
f 2202/780/1466 2183/761/1450 2203/781/1467
f 2158/736/1428 2201/779/1465 2203/781/1467
f 2203/781/1467 2204/782/1468 2158/736/1428
f 2158/736/1428 2204/782/1468 2205/783/1469
f 2205/783/1469 2155/733/1425 2158/736/1428
f 2206/784/1470 2194/772/1461 2155/733/1425
f 2155/733/1425 2205/783/1469 2206/784/1470
f 2207/785/1471 2173/751/1443 2194/772/1461
f 2194/772/1461 2206/784/1470 2207/785/1471
f 2208/786/1472 2174/752/1444 2173/751/1443
f 2173/751/1443 2207/785/1471 2208/786/1472
f 2174/752/1444 2208/786/1472 2209/787/1473
f 2209/787/1473 2190/768/1457 2174/752/1444
f 2210/788/1474 2159/737/1429 2190/768/1457
f 2190/768/1457 2209/787/1473 2210/788/1474
f 2211/789/1475 2160/738/1430 2159/737/1429
f 2159/737/1429 2210/788/1474 2211/789/1475
f 2212/790/1476 2213/791/1477 2214/792/1478
f 2214/792/1478 2215/793/1479 2216/790/1480
f 2217/794/1481 2218/795/1482 2214/792/1478
f 2214/792/1478 2213/791/1477 2217/794/1481
f 2218/795/1482 2217/794/1481 2219/796/1483
f 2219/796/1483 2220/797/1484 2218/795/1482
f 2221/798/1485 2222/799/1485 2195/773/1462
f 2195/773/1462 2197/775/1440 2223/798/1424
f 2224/800/1486 2225/801/1487 2218/795/1482
f 2218/795/1482 2220/797/1484 2224/800/1486
f 2225/801/1487 2226/802/1488 2214/792/1478
f 2214/792/1478 2218/795/1482 2225/801/1487
f 2195/773/1462 2227/799/1489 2228/803/1489
f 2229/803/1490 2202/780/1466 2195/773/1462
f 2214/792/1478 2226/802/1488 2230/804/1491
f 2230/804/1491 2215/793/1479 2214/792/1478
f 2202/780/1466 2231/803/1492 2184/762/1451
f 2184/762/1451 2183/761/1450 2202/780/1466
f 2211/789/1475 2210/788/1474 2165/743/1435
f 2165/743/1435 2164/742/1434 2211/789/1475
f 2210/788/1474 2209/787/1473 2189/767/1456
f 2189/767/1456 2165/743/1435 2210/788/1474
f 2175/753/1445 2189/767/1456 2209/787/1473
f 2209/787/1473 2208/786/1472 2175/753/1445
f 2175/753/1445 2208/786/1472 2207/785/1471
f 2207/785/1471 2176/754/1446 2175/753/1445
f 2193/771/1460 2176/754/1446 2207/785/1471
f 2207/785/1471 2206/784/1470 2193/771/1460
f 2205/783/1469 2179/757/1448 2193/771/1460
f 2193/771/1460 2206/784/1470 2205/783/1469
f 2204/782/1468 2180/758/1446 2179/757/1448
f 2179/757/1448 2205/783/1469 2204/782/1468
f 2204/782/1468 2203/781/1467 2200/778/1464
f 2200/778/1464 2180/758/1446 2204/782/1468
f 2203/781/1467 2183/761/1450 2186/764/1453
f 2186/764/1453 2200/778/1464 2203/781/1467
f 2198/776/1463 2186/764/1453 2185/763/1452
f 2185/763/1452 2232/805/1493 2198/776/1463
f 2215/793/1479 2233/806/1494 2234/790/1494
f 2215/793/1479 2230/804/1491 2235/807/1495
f 2236/807/1496 2237/806/1496 2215/793/1479
f 2238/747/1497 2239/730/1498 2240/729/113
f 2240/729/113 2241/739/1499 2238/747/1497
f 2242/735/1500 2243/734/1501 2244/733/1502
f 2244/733/1502 2245/736/1503 2242/735/1500
f 2246/737/1504 2241/739/1499 2240/729/113
f 2240/729/113 2247/738/1505 2246/737/1504
f 2248/741/1506 2249/740/1506 2250/743/1507
f 2250/743/1507 2251/742/1508 2252/741/1509
f 2253/744/1510 2254/746/1511 2255/745/1512
f 2241/739/1499 2255/745/1512 2238/747/1497
f 2254/746/1511 2238/747/1497 2255/745/1512
f 2243/734/1501 2242/735/1500 2256/749/1513
f 2256/749/1513 2257/748/1514 2243/734/1501
f 2253/744/1510 2258/752/1515 2259/751/1516
f 2259/751/1516 2260/750/1517 2253/744/1510
f 2261/756/1506 2262/755/1506 2263/754/1507
f 2263/754/1507 2264/753/1518 2265/756/1506
f 2266/760/1506 2267/759/1506 2268/758/1507
f 2268/758/1507 2269/757/1518 2270/760/1506
f 2271/762/1519 2272/761/1520 2273/764/1521
f 2273/764/1521 2274/763/1522 2271/762/1519
f 2260/750/1517 2275/765/1523 2254/746/1511
f 2254/746/1511 2253/744/1510 2260/750/1517
f 2276/767/1524 2277/766/1525 2278/756/1525
f 2279/756/1526 2264/753/1518 2276/767/1524
f 2276/767/1524 2250/743/1507 2280/740/1527
f 2281/740/1528 2282/766/1528 2276/767/1524
f 2246/737/1504 2283/768/1529 2255/745/1512
f 2255/745/1512 2241/739/1499 2246/737/1504
f 2258/752/1515 2253/744/1510 2255/745/1512
f 2255/745/1512 2283/768/1529 2258/752/1515
f 2243/734/1501 2257/748/1514 2284/769/1530
f 2260/750/1517 2284/769/1530 2275/765/1523
f 2257/748/1514 2275/765/1523 2284/769/1530
f 2285/760/1526 2269/757/1518 2286/771/1524
f 2286/771/1524 2287/770/1525 2288/760/1525
f 2286/771/1524 2263/754/1507 2289/755/1527
f 2290/755/1528 2291/770/1528 2286/771/1524
f 2284/769/1530 2260/750/1517 2259/751/1516
f 2259/751/1516 2292/772/1531 2284/769/1530
f 2243/734/1501 2284/769/1530 2292/772/1531
f 2292/772/1531 2244/733/1502 2243/734/1501
f 2293/773/1532 2294/775/1533 2295/774/1530
f 2242/735/1500 2295/774/1530 2256/749/1513
f 2294/775/1533 2256/749/1513 2295/774/1530
f 2296/778/1534 2297/777/1525 2298/776/1525
f 2299/776/1535 2273/764/1521 2296/778/1534
f 2296/778/1534 2268/758/1507 2300/759/1527
f 2301/759/1528 2302/777/1528 2296/778/1534
f 2295/774/1530 2242/735/1500 2245/736/1503
f 2245/736/1503 2303/779/1536 2295/774/1530
f 2293/773/1532 2295/774/1530 2303/779/1536
f 2303/779/1536 2304/780/1537 2293/773/1532
f 2304/780/1537 2303/779/1536 2305/781/163
f 2305/781/163 2272/761/1520 2304/780/1537
f 2245/736/1503 2306/782/1538 2305/781/163
f 2305/781/163 2303/779/1536 2245/736/1503
f 2307/783/1539 2306/782/1538 2245/736/1503
f 2245/736/1503 2244/733/1502 2307/783/1539
f 2307/783/1539 2244/733/1502 2292/772/1531
f 2292/772/1531 2308/784/1540 2307/783/1539
f 2259/751/1516 2309/785/1538 2308/784/1540
f 2308/784/1540 2292/772/1531 2259/751/1516
f 2310/786/1541 2309/785/1538 2259/751/1516
f 2259/751/1516 2258/752/1515 2310/786/1541
f 2258/752/1515 2283/768/1529 2311/787/1542
f 2311/787/1542 2310/786/1541 2258/752/1515
f 2246/737/1504 2312/788/1543 2311/787/1542
f 2311/787/1542 2283/768/1529 2246/737/1504
f 2313/789/1544 2312/788/1543 2246/737/1504
f 2246/737/1504 2247/738/1505 2313/789/1544
f 2314/808/1545 2315/809/1546 2316/810/1547
f 2316/810/1547 2317/811/1548 2314/808/1545
f 2318/799/1549 2316/810/1547 2315/809/1546
f 2315/809/1546 2319/812/1550 2318/799/1549
f 2319/812/1550 2320/813/1551 2321/798/1552
f 2321/798/1552 2318/799/1549 2319/812/1550
f 2294/775/1533 2293/773/1532 2322/799/1553
f 2323/799/1554 2324/798/1554 2294/775/1533
f 2224/800/1486 2320/813/1551 2319/812/1550
f 2319/812/1550 2225/801/1487 2224/800/1486
f 2226/802/1488 2225/801/1487 2319/812/1550
f 2319/812/1550 2315/809/1546 2226/802/1488
f 2325/803/1555 2326/799/1555 2293/773/1532
f 2293/773/1532 2304/780/1537 2327/803/1556
f 2230/804/1491 2226/802/1488 2315/809/1546
f 2315/809/1546 2314/808/1545 2230/804/1491
f 2272/761/1520 2271/762/1519 2328/803/1557
f 2329/803/1558 2304/780/1537 2272/761/1520
f 2251/742/1508 2250/743/1507 2312/788/1543
f 2312/788/1543 2313/789/1544 2251/742/1508
f 2276/767/1524 2311/787/1542 2312/788/1543
f 2312/788/1543 2250/743/1507 2276/767/1524
f 2310/786/1541 2311/787/1542 2276/767/1524
f 2276/767/1524 2264/753/1518 2310/786/1541
f 2264/753/1518 2263/754/1507 2309/785/1538
f 2309/785/1538 2310/786/1541 2264/753/1518
f 2286/771/1524 2308/784/1540 2309/785/1538
f 2309/785/1538 2263/754/1507 2286/771/1524
f 2286/771/1524 2269/757/1518 2307/783/1539
f 2307/783/1539 2308/784/1540 2286/771/1524
f 2306/782/1538 2307/783/1539 2269/757/1518
f 2269/757/1518 2268/758/1507 2306/782/1538
f 2296/778/1534 2305/781/163 2306/782/1538
f 2306/782/1538 2268/758/1507 2296/778/1534
f 2273/764/1521 2272/761/1520 2305/781/163
f 2305/781/163 2296/778/1534 2273/764/1521
f 2330/776/1559 2331/805/1559 2274/763/1522
f 2274/763/1522 2273/764/1521 2332/776/1559
f 2314/808/1545 2333/811/1560 2334/814/1560
f 2335/807/1561 2230/804/1491 2314/808/1545
f 2314/808/1545 2336/814/1562 2337/807/1562
f 2338/815/1563 2339/816/1564 2340/817/1565
f 2341/818/1566 2339/816/1564 2338/815/1563
f 2340/817/1565 2339/816/1564 2342/819/1567
f 2340/817/1565 2343/820/1568 2344/821/1569
f 2343/820/1568 2340/817/1565 2342/819/1567
f 2342/819/1567 2345/822/1570 2343/820/1568
f 2343/820/1568 2345/822/1570 2346/823/1571
f 2346/823/1571 2347/824/1572 2343/820/1568
f 2343/820/1568 2347/824/1572 2348/825/1573
f 2348/825/1573 2344/821/1569 2343/820/1568
f 2340/817/1565 2349/826/1574 2350/827/1575
f 2350/827/1575 2338/815/1563 2340/817/1565
f 2339/816/1564 2351/828/1576 2352/829/1577
f 2352/829/1577 2342/819/1567 2339/816/1564
f 2353/830/1578 2348/825/1573 2347/824/1572
f 2347/824/1572 2354/831/1579 2353/830/1578
f 2340/817/1565 2355/832/1580 2356/833/1581
f 2356/833/1581 2349/826/1574 2340/817/1565
f 2355/832/1580 2340/817/1565 2344/821/1569
f 2344/821/1569 2357/834/1582 2355/832/1580
f 2344/821/1569 2348/825/1573 2358/835/1583
f 2358/835/1583 2357/834/1582 2344/821/1569
f 2348/825/1573 2353/830/1578 2359/836/1584
f 2359/836/1584 2358/835/1583 2348/825/1573
f 2359/836/1584 2360/837/1585 2356/833/1581
f 2356/833/1581 2358/835/1583 2359/836/1584
f 2347/824/1572 2346/823/1571 2361/838/1586
f 2361/838/1586 2354/831/1579 2347/824/1572
f 2351/828/1576 2362/839/1587 2363/840/1588
f 2363/840/1588 2352/829/1577 2351/828/1576
f 2349/826/1574 2364/841/1589 2365/842/1590
f 2365/842/1590 2350/827/1575 2349/826/1574
f 2356/833/1581 2360/837/1585 2364/841/1589
f 2364/841/1589 2349/826/1574 2356/833/1581
f 2357/834/1582 2358/835/1583 2356/833/1581
f 2356/833/1581 2355/832/1580 2357/834/1582
f 2352/829/1577 2363/840/1588 2361/838/1586
f 2361/838/1586 2346/823/1571 2352/829/1577
f 2342/819/1567 2352/829/1577 2346/823/1571
f 2346/823/1571 2345/822/1570 2342/819/1567
f 2366/843/1591 2362/839/1587 2351/828/1576
f 2351/828/1576 2367/844/1592 2366/843/1591
f 2341/818/1566 2367/844/1592 2351/828/1576
f 2351/828/1576 2339/816/1564 2341/818/1566
f 2368/815/1593 2369/817/1594 2370/816/1595
f 2371/818/1596 2368/815/1593 2370/816/1595
f 2369/817/1594 2372/819/1597 2370/816/1595
f 2369/817/1594 2373/821/1598 2374/820/1599
f 2375/822/1600 2372/819/1597 2369/817/1594
f 2369/817/1594 2374/820/1599 2375/822/1600
f 2376/823/1601 2375/822/1600 2374/820/1599
f 2374/820/1599 2377/824/1602 2376/823/1601
f 2377/824/1602 2374/820/1599 2373/821/1598
f 2373/821/1598 2378/825/1603 2377/824/1602
f 2379/826/1604 2369/817/1594 2368/815/1593
f 2368/815/1593 2380/827/1605 2379/826/1604
f 2370/816/1595 2372/819/1597 2381/829/1606
f 2381/829/1606 2382/828/1607 2370/816/1595
f 2383/830/1608 2384/831/1608 2377/824/1602
f 2377/824/1602 2378/825/1603 2385/830/1609
f 2386/833/1610 2387/832/1611 2369/817/1594
f 2369/817/1594 2379/826/1604 2386/833/1610
f 2388/834/1612 2373/821/1598 2369/817/1594
f 2369/817/1594 2387/832/1611 2388/834/1612
f 2378/825/1603 2373/821/1598 2388/834/1612
f 2388/834/1612 2389/835/1613 2378/825/1603
f 2389/835/1613 2390/836/1614 2391/830/1614
f 2392/830/1615 2378/825/1603 2389/835/1613
f 2393/836/1616 2389/835/1613 2386/833/1610
f 2386/833/1610 2394/837/1617 2395/836/1617
f 2376/823/1601 2377/824/1602 2396/831/1618
f 2397/831/1619 2398/838/1619 2376/823/1601
f 2399/840/1620 2400/839/1620 2382/828/1607
f 2382/828/1607 2381/829/1606 2401/840/1621
f 2380/827/1605 2402/842/1622 2403/841/1622
f 2404/841/1623 2379/826/1604 2380/827/1605
f 2386/833/1610 2379/826/1604 2405/841/1624
f 2406/841/1625 2407/837/1625 2386/833/1610
f 2389/835/1613 2388/834/1612 2387/832/1611
f 2387/832/1611 2386/833/1610 2389/835/1613
f 2376/823/1601 2408/838/1626 2409/840/1626
f 2410/840/1627 2381/829/1606 2376/823/1601
f 2372/819/1597 2375/822/1600 2376/823/1601
f 2376/823/1601 2381/829/1606 2372/819/1597
f 2382/828/1607 2411/839/1628 2412/843/1628
f 2413/843/1629 2414/844/1630 2382/828/1607
f 2382/828/1607 2414/844/1630 2371/818/1596
f 2371/818/1596 2370/816/1595 2382/828/1607
f 2415/845/1631 2416/846/1632 2417/847/1633
f 2417/847/1633 2418/848/651 2415/845/1631
f 2419/849/651 2418/848/651 2417/847/1633
f 2417/847/1633 2420/850/1634 2419/849/651
f 2421/851/1635 2422/852/651 2423/853/1636
f 2423/853/1636 2424/854/1637 2421/851/1635
f 2425/855/1638 2426/856/651 2419/849/651
f 2419/849/651 2420/850/1634 2425/855/1638
f 2427/857/651 2428/858/651 2429/859/651
f 2430/860/651 2429/859/651 2428/858/651
f 2430/860/651 2428/858/651 2431/861/652
f 2431/861/652 2432/862/1639 2430/860/651
f 2423/853/1636 2433/863/1640 2424/854/1637
f 2434/864/1641 2435/865/1641 2436/866/1641
f 2437/866/1642 2438/865/1642 2439/867/1642
f 2440/867/464 2441/868/1643 2442/866/464
f 2441/868/1643 2443/869/464 2444/866/464
f 2445/867/1644 2446/870/1644 2447/871/1645
f 2447/871/1645 2441/868/1643 2448/867/1644
f 2432/862/1639 2449/872/1646 2447/871/1645
f 2447/871/1645 2450/870/1647 2432/862/1639
f 2431/861/652 2451/873/1648 2449/872/1646
f 2449/872/1646 2432/862/1639 2431/861/652
f 2452/874/1 2453/875/1 2449/872/1646
f 2449/872/1646 2451/873/1648 2452/874/1
f 2454/875/1 2455/876/1 2456/877/1
f 2457/877/1 2449/872/1646 2458/875/1
f 2459/878/41 2460/879/41 2461/880/41
f 2421/851/1635 2424/854/1637 2416/846/1632
f 2416/846/1632 2415/845/1631 2421/851/1635
f 2462/881/1649 2463/882/1649 2464/883/1650
f 2464/883/1650 2465/884/1651 2466/881/1649
f 2464/883/1650 2467/882/1652 2468/885/1652
f 2469/885/1652 2470/886/1653 2464/883/1650
f 2471/885/471 2472/887/471 2473/888/1654
f 2473/888/1654 2470/886/1653 2474/885/471
f 2475/889/1655 2476/890/1656 2473/888/1654
f 2473/888/1654 2477/887/1655 2478/889/1655
f 2479/889/1657 2480/891/1657 2481/892/1658
f 2481/892/1658 2476/890/1656 2482/889/1657
f 2481/892/1658 2483/891/480 2484/893/1659
f 2484/893/1659 2485/894/1659 2481/892/1658
f 2486/895/1660 2485/894/1659 2484/893/1659
f 2484/893/1659 2487/896/1660 2486/895/1660
f 2488/897/1661 2489/898/41 2490/899/41
f 2490/899/41 2425/855/1638 2488/897/1661
f 2488/897/1661 2425/855/1638 2420/850/1634
f 2420/850/1634 2491/900/1662 2488/897/1661
f 2417/847/1633 2492/901/1663 2491/900/1662
f 2491/900/1662 2420/850/1634 2417/847/1633
f 2493/902/1664 2492/901/1663 2417/847/1633
f 2417/847/1633 2416/846/1632 2493/902/1664
f 2494/903/1665 2493/902/1664 2416/846/1632
f 2416/846/1632 2424/854/1637 2494/903/1665
f 2495/904/1666 2494/903/1665 2424/854/1637
f 2424/854/1637 2433/863/1640 2495/904/1666
f 2495/904/1666 2433/863/1640 2496/905/480
f 2497/905/480 2498/906/480 2495/904/1666
f 2499/907/1667 2500/908/1668 2501/909/1669
f 2501/909/1669 2502/910/1670 2499/907/1667
f 2503/911/1671 2504/912/1672 2501/909/1669
f 2501/909/1669 2500/908/1668 2503/911/1671
f 2505/913/1673 2506/914/1674 2504/912/1672
f 2504/912/1672 2503/911/1671 2505/913/1673
f 2507/915/1675 2508/916/1676 2506/914/1674
f 2506/914/1674 2505/913/1673 2507/915/1675
f 2509/917/1677 2510/918/1678 2508/916/1676
f 2508/916/1676 2507/915/1675 2509/917/1677
f 2511/919/1679 2512/920/1679 2513/921/1680
f 2513/921/1680 2510/918/1678 2514/919/1679
f 2515/922/1681 2516/923/1682 2517/924/1683
f 2517/924/1683 2513/921/1680 2518/922/1681
f 2519/925/1684 2520/926/1685 2517/924/1683
f 2517/924/1683 2516/923/1682 2519/925/1684
f 2521/927/1686 2520/926/1685 2519/925/1684
f 2519/925/1684 2522/928/1687 2521/927/1686
f 2523/929/1688 2524/930/1689 2521/927/1686
f 2521/927/1686 2522/928/1687 2523/929/1688
f 2523/929/1688 2525/931/1690 2526/932/1691
f 2526/932/1691 2524/930/1689 2523/929/1688
f 2508/916/1676 2510/918/1678 2513/921/1680
f 2513/921/1680 2517/924/1683 2508/916/1676
f 2506/914/1674 2508/916/1676 2517/924/1683
f 2517/924/1683 2520/926/1685 2506/914/1674
f 2504/912/1672 2506/914/1674 2520/926/1685
f 2520/926/1685 2521/927/1686 2504/912/1672
f 2524/930/1689 2501/909/1669 2504/912/1672
f 2504/912/1672 2521/927/1686 2524/930/1689
f 2526/932/1691 2502/910/1670 2501/909/1669
f 2501/909/1669 2524/930/1689 2526/932/1691
f 2527/933/1692 2528/934/1693 2529/935/1694
f 2529/935/1694 2530/936/1695 2527/933/1692
f 2531/937/1696 2532/938/1696 2528/934/1693
f 2528/934/1693 2527/933/1692 2531/937/1696
f 2528/934/1693 2533/939/1697 2534/940/1698
f 2534/940/1698 2529/935/1694 2528/934/1693
f 2529/935/1694 2535/941/1699 2536/942/652
f 2536/942/652 2530/936/1695 2529/935/1694
f 2529/935/1694 2534/940/1698 2537/943/1700
f 2537/943/1700 2535/941/1699 2529/935/1694
f 2538/944/1701 2539/945/1701 2540/946/1701
f 2541/946/1701 2527/933/1692 2538/944/1701
f 2531/937/1696 2542/947/1702 2543/948/1702
f 2543/948/1702 2532/938/1696 2531/937/1696
f 2544/949/1703 2533/939/1697 2528/934/1693
f 2528/934/1693 2545/950/1703 2546/949/1703
f 2527/933/1692 2530/936/1695 2547/951/1704
f 2547/951/1704 2538/944/1701 2527/933/1692
f 2536/942/652 2548/952/480 2547/951/1704
f 2547/951/1704 2530/936/1695 2536/942/652
f 2549/953/1705 2550/954/1706 2551/955/1707
f 2551/955/1707 2552/956/1708 2549/953/1705
f 2553/957/651 2554/958/651 2555/959/1709
f 2555/959/1709 2556/960/1710 2553/957/651
f 2550/954/1706 2557/961/480 2558/962/480
f 2558/962/480 2551/955/1707 2550/954/1706
f 2559/963/1711 2560/964/651 2561/965/651
f 2562/965/651 2563/966/651 2559/963/1711
f 2556/960/1710 2555/959/1709 2549/953/1705
f 2549/953/1705 2552/956/1708 2556/960/1710
f 2564/967/480 2565/968/480 2566/969/480
f 2567/969/480 2568/970/480 2569/967/480
f 2570/967/464 2571/970/464 2549/953/1705
f 2549/953/1705 2555/959/1709 2572/967/464
f 2573/966/464 2550/954/1706 2549/953/1705
f 2549/953/1705 2559/963/1711 2574/966/464
f 2575/971/1712 2576/972/1713 2577/973/1714
f 2577/973/1714 2578/974/1714 2575/971/1712
f 2579/975/1707 2580/976/1715 2576/972/1713
f 2576/972/1713 2575/971/1712 2579/975/1707
f 2580/976/1715 2581/977/41 2582/978/41
f 2583/978/41 2576/972/1713 2580/976/1715
f 2584/979/651 2578/974/1714 2577/973/1714
f 2577/973/1714 2585/980/651 2584/979/651
f 2586/981/464 2587/982/1716 2588/983/1717
f 2588/983/1717 2589/984/464 2586/981/464
f 2590/985/480 2591/986/480 2592/987/480
f 2593/988/480 2594/989/480 2591/986/480
f 2591/986/480 2594/989/480 2592/987/480
f 2595/990/1718 2596/991/1719 2597/992/1720
f 2597/992/1720 2598/993/1721 2595/990/1718
f 2599/994/1722 2598/993/1721 2597/992/1720
f 2599/994/1722 2600/995/480 2588/983/1717
f 2601/996/1723 2595/990/1718 2598/993/1721
f 2598/993/1721 2587/982/1716 2602/996/1723
f 2603/997/1724 2604/998/1725 2605/999/1726
f 2605/999/1726 2606/1000/1727 2603/997/1724
f 2607/1001/1728 2608/1002/1729 2609/1003/1729
f 2610/1003/1730 2611/1004/1731 2607/1001/1728
f 2612/1005/1732 2613/1003/1733 2614/1006/1733
f 2615/1006/1734 2616/1007/1735 2612/1005/1732
f 2617/1008/1736 2618/1002/1736 2607/1001/1728
f 2607/1001/1728 2619/1009/1737 2620/1008/1738
f 2621/1006/651 2622/1008/651 2619/1009/1737
f 2619/1009/1737 2616/1007/1735 2623/1006/651
f 2624/1003/1739 2612/1005/1732 2611/1004/1731
f 2597/992/1720 2625/1010/1740 2626/1011/1741
f 2626/1011/1741 2599/994/1722 2597/992/1720
f 2627/1012/1742 2628/1013/1743 2626/1011/1741
f 2626/1011/1741 2625/1010/1740 2627/1012/1742
f 2628/1013/1743 2627/1012/1742 2629/1014/1744
f 2629/1014/1744 2630/1015/1745 2628/1013/1743
f 2631/1002/1746 2630/1015/1745 2629/1014/1744
f 2629/1014/1744 2632/1003/1746 2633/1002/1746
f 2628/1013/1743 2634/1016/480 2635/1017/480
f 2635/1017/480 2626/1011/1741 2628/1013/1743
f 2636/1018/1747 2637/1019/1748 2638/1020/1749
f 2638/1020/1749 2639/1021/1750 2636/1018/1747
f 2639/1021/1750 2640/1022/1751 2641/1023/1751
f 2641/1023/1751 2636/1018/1747 2639/1021/1750
f 2642/1024/1752 2643/1025/1753 2644/1026/1753
f 2644/1026/1753 2645/1027/1754 2642/1024/1752
f 2646/1028/1755 2647/1029/1756 2641/1023/1751
f 2641/1023/1751 2640/1022/1751 2646/1028/1755
f 2648/1008/1757 2649/1006/1757 2650/1030/1758
f 2650/1030/1758 2651/1031/1759 2652/1008/1760
f 2653/1032/1761 2654/1006/1761 2655/1000/1761
f 2656/1000/1762 2657/1033/1762 2658/1032/1762
f 2659/1034/41 2650/1030/1758 2660/1035/41
f 2661/1035/1763 2650/1030/1758 2662/1006/1763
f 2663/1006/1763 2664/1032/1763 2665/1035/1763
f 2666/1036/41 2639/1021/1750 2638/1020/1749
f 2638/1020/1749 2667/1037/41 2668/1036/41
f 2645/1027/1754 2669/1038/1764 2670/1039/1764
f 2671/1039/1765 2642/1024/1752 2645/1027/1754
f 2636/1018/1747 2672/1040/480 2673/1041/480
f 2674/1041/480 2637/1019/1748 2636/1018/1747
f 2675/1008/480 2651/1031/1759 2676/1042/480
f 2651/1031/1759 2677/1043/480 2678/1042/480
f 2679/1044/480 2680/1045/480 2592/987/480
f 2590/985/480 2592/987/480 2681/1045/480
f 2682/1046/1 2683/1047/1766 2684/1048/1767
f 2684/1048/1767 2685/1049/1768 2686/1046/1768
f 2651/1031/1759 2650/1030/1758 2687/1050/1769
f 2687/1050/1769 2688/1051/1770 2651/1031/1759
f 2687/1050/1769 2650/1030/1758 2659/1034/41
f 2659/1034/41 2689/1052/41 2687/1050/1769
f 2677/1043/480 2651/1031/1759 2688/1051/1770
f 2688/1051/1770 2690/1053/480 2677/1043/480
f 2691/1054/1771 2692/1055/1772 2693/1056/1773
f 2693/1056/1773 2694/1057/1774 2691/1054/1771
f 2695/1058/1775 2696/1059/1776 2697/1060/1777
f 2697/1060/1777 2698/1061/1778 2695/1058/1775
f 2699/1062/1779 2700/1063/1780 2691/1054/1771
f 2691/1054/1771 2694/1057/1774 2699/1062/1779
f 2701/1064/1781 2702/1065/1782 2700/1063/1780
f 2700/1063/1780 2699/1062/1779 2701/1064/1781
f 2702/1065/1782 2701/1064/1781 2703/1066/1783
f 2703/1066/1783 2704/1067/1784 2702/1065/1782
f 2704/1067/1784 2703/1066/1783 2697/1060/1777
f 2697/1060/1777 2696/1059/1776 2704/1067/1784
f 2705/1068/1785 2706/1069/1786 2707/1070/1787
f 2707/1070/1787 2708/1071/1788 2705/1068/1785
f 2709/1072/1789 2710/1073/1790 2711/1074/68
f 2711/1074/68 2712/1075/1791 2709/1072/1789
f 2713/1076/1792 2714/1077/1793 2708/1071/1788
f 2708/1071/1788 2707/1070/1787 2713/1076/1792
f 2713/1076/1792 2715/1078/1794 2716/1079/651
f 2716/1079/651 2714/1077/1793 2713/1076/1792
f 2717/1080/1795 2718/1081/1796 2716/1079/651
f 2716/1079/651 2715/1078/1794 2717/1080/1795
f 2711/1074/68 2718/1081/1796 2717/1080/1795
f 2717/1080/1795 2712/1075/1791 2711/1074/68
f 2692/1055/1772 2691/1054/1771 2719/1082/1797
f 2719/1082/1797 2720/1083/1798 2692/1055/1772
f 2695/1058/1775 2721/1084/1799 2722/1085/1800
f 2722/1085/1800 2696/1059/1776 2695/1058/1775
f 2723/1086/1801 2719/1082/1797 2691/1054/1771
f 2691/1054/1771 2700/1063/1780 2723/1086/1801
f 2723/1086/1801 2700/1063/1780 2702/1065/1782
f 2702/1065/1782 2724/1087/1802 2723/1086/1801
f 2724/1087/1802 2702/1065/1782 2704/1067/1784
f 2704/1067/1784 2725/1088/1803 2724/1087/1802
f 2725/1088/1803 2704/1067/1784 2696/1059/1776
f 2696/1059/1776 2722/1085/1800 2725/1088/1803
f 2693/1056/1773 2726/1089/1773 2727/1090/1774
f 2727/1090/1774 2694/1057/1774 2693/1056/1773
f 2698/1061/1778 2697/1060/1777 2728/1091/1804
f 2728/1091/1804 2729/1092/1805 2698/1061/1778
f 2699/1062/1779 2694/1057/1774 2727/1090/1774
f 2727/1090/1774 2730/1093/1806 2699/1062/1779
f 2730/1093/1806 2731/1094/1807 2701/1064/1781
f 2701/1064/1781 2699/1062/1779 2730/1093/1806
f 2703/1066/1783 2701/1064/1781 2731/1094/1807
f 2731/1094/1807 2732/1095/1808 2703/1066/1783
f 2728/1091/1804 2697/1060/1777 2703/1066/1783
f 2703/1066/1783 2732/1095/1808 2728/1091/1804
f 2733/1096/1809 2734/1097/1810 2707/1070/1787
f 2707/1070/1787 2706/1069/1786 2733/1096/1809
f 2709/1072/1789 2712/1075/1791 2735/1098/1791
f 2735/1098/1791 2736/1099/1789 2709/1072/1789
f 2734/1097/1810 2737/1100/1811 2713/1076/1792
f 2713/1076/1792 2707/1070/1787 2734/1097/1810
f 2737/1100/1811 2738/1101/1812 2715/1078/1794
f 2715/1078/1794 2713/1076/1792 2737/1100/1811
f 2738/1101/1812 2739/1102/1813 2717/1080/1795
f 2717/1080/1795 2715/1078/1794 2738/1101/1812
f 2735/1098/1791 2712/1075/1791 2717/1080/1795
f 2717/1080/1795 2739/1102/1813 2735/1098/1791
f 2727/1090/1774 2726/1089/1773 2740/1103/1785
f 2740/1103/1785 2741/1104/1814 2727/1090/1774
f 2742/1105/1790 2743/1106/1790 2729/1092/1805
f 2729/1092/1805 2728/1091/1804 2744/1105/1790
f 2727/1090/1774 2741/1104/1814 2745/1107/1714
f 2746/1107/1714 2730/1093/1806 2727/1090/1774
f 2747/1107/1815 2748/1108/1815 2731/1094/1807
f 2731/1094/1807 2730/1093/1806 2749/1107/1815
f 2750/1109/1796 2732/1095/1808 2731/1094/1807
f 2731/1094/1807 2751/1108/1816 2750/1109/1796
f 2728/1091/1804 2732/1095/1808 2750/1109/1796
f 2750/1109/1796 2752/1105/1746 2728/1091/1804
f 2720/1083/1798 2719/1082/1797 2734/1097/1810
f 2734/1097/1810 2733/1096/1809 2720/1083/1798
f 2721/1084/1799 2736/1099/1789 2735/1098/1791
f 2735/1098/1791 2722/1085/1800 2721/1084/1799
f 2719/1082/1797 2723/1086/1801 2737/1100/1811
f 2737/1100/1811 2734/1097/1810 2719/1082/1797
f 2738/1101/1812 2737/1100/1811 2723/1086/1801
f 2723/1086/1801 2724/1087/1802 2738/1101/1812
f 2724/1087/1802 2725/1088/1803 2739/1102/1813
f 2739/1102/1813 2738/1101/1812 2724/1087/1802
f 2725/1088/1803 2722/1085/1800 2735/1098/1791
f 2735/1098/1791 2739/1102/1813 2725/1088/1803
f 2753/1110/480 2754/1111/480 2755/1112/480
f 2756/1112/480 2757/1113/480 2758/1110/480
f 2759/1114/480 2760/1115/480 2761/1116/480
f 2762/1116/480 2763/1115/480 2764/1111/480
f 2765/1111/480 2766/1110/480 2767/1116/480
f 2768/999/41 2769/1003/41 2770/1117/41
f 2770/1117/41 2771/1118/41 2772/999/41
f 2773/1003/41 2629/1014/1744 2774/1119/41
f 2774/1119/41 2770/1117/41 2775/1003/41
f 2629/1014/1744 2627/1012/1742 2776/1120/41
f 2776/1120/41 2774/1119/41 2629/1014/1744
f 2777/1121/41 2778/1122/41 2597/992/1720
f 2597/992/1720 2596/991/1719 2777/1121/41
f 2779/1123/41 2776/1120/41 2627/1012/1742
f 2627/1012/1742 2625/1010/1740 2779/1123/41
f 2778/1122/41 2779/1123/41 2625/1010/1740
f 2625/1010/1740 2597/992/1720 2778/1122/41
f 2780/995/480 2599/994/1722 2781/1124/480
f 2782/1124/480 2783/1125/480 2784/995/480
f 2626/1011/1741 2635/1017/480 2785/1124/480
f 2786/1124/480 2599/994/1722 2626/1011/1741
f 2787/1126/480 2630/1015/1745 2788/1002/480
f 2789/1002/480 2790/1127/480 2791/1126/480
f 2630/1015/1745 2792/1126/480 2634/1016/480
f 2634/1016/480 2628/1013/1743 2630/1015/1745
f 2598/993/1721 2599/994/1722 2588/983/1717
f 2588/983/1717 2587/982/1716 2598/993/1721
f 2793/1046/1817 2794/1049/1817 2644/1026/1753
f 2644/1026/1753 2643/1025/1753 2795/1046/1817
f 2647/1029/1756 2646/1028/1755 2684/1048/1767
f 2684/1048/1767 2683/1047/1766 2647/1029/1756
f 2796/1037/41 2638/1020/1749 2687/1050/1769
f 2687/1050/1769 2797/1052/41 2798/1037/41
f 2687/1050/1769 2638/1020/1749 2637/1019/1748
f 2637/1019/1748 2688/1051/1770 2687/1050/1769
f 2637/1019/1748 2799/1041/480 2800/1053/480
f 2801/1053/480 2688/1051/1770 2637/1019/1748
f 2802/1128/1818 2803/1129/1819 2804/1130/1820
f 2804/1130/1820 2805/1131/1821 2802/1128/1818
f 2804/1130/1820 2803/1129/1819 2806/1132/1822
f 2806/1132/1822 2807/1133/1823 2804/1130/1820
f 2807/1133/1823 2806/1132/1822 2808/1134/1824
f 2808/1134/1824 2809/1135/1825 2807/1133/1823
f 2808/1134/1824 2810/1136/1826 2811/1137/1827
f 2811/1137/1827 2809/1135/1825 2808/1134/1824
f 2812/1138/1828 2813/1139/1829 2811/1137/1827
f 2811/1137/1827 2810/1136/1826 2812/1138/1828
f 2813/1139/1829 2812/1138/1828 2802/1128/1818
f 2802/1128/1818 2805/1131/1821 2813/1139/1829
f 2813/1139/1829 2807/1133/1823 2809/1135/1825
f 2807/1133/1823 2813/1139/1829 2804/1130/1820
f 2804/1130/1820 2813/1139/1829 2805/1131/1821
f 2813/1139/1829 2809/1135/1825 2811/1137/1827
f 2814/1140/1830 2815/1141/1831 2816/1142/1832
f 2816/1142/1832 2817/1143/1833 2814/1140/1830
f 2816/1142/1832 2818/1144/1834 2819/1145/1835
f 2819/1145/1835 2817/1143/1833 2816/1142/1832
f 2820/1146/1836 2821/1147/1837 2822/1148/1838
f 2822/1148/1838 2823/1149/1839 2820/1146/1836
f 2824/1150/1840 2825/1151/1841 2826/1152/1842
f 2826/1152/1842 2827/1153/1843 2824/1150/1840
f 2826/1152/1842 2828/1154/1844 2814/1140/1830
f 2814/1140/1830 2817/1143/1833 2826/1152/1842
f 2823/1149/1839 2822/1148/1838 2818/1144/1834
f 2818/1144/1834 2816/1142/1832 2823/1149/1839
f 2819/1145/1835 2827/1153/1843 2826/1152/1842
f 2826/1152/1842 2817/1143/1833 2819/1145/1835
f 2823/1149/1839 2816/1142/1832 2815/1141/1831
f 2815/1141/1831 2829/1155/1845 2823/1149/1839
f 2830/1156/1846 2831/1157/1847 2832/1158/1848
f 2832/1158/1848 2833/1159/1849 2830/1156/1846
f 2834/1160/41 2835/1161/41 2836/1162/1850
f 2836/1162/1850 2837/1163/1851 2834/1160/41
f 2838/1164/1852 2839/1165/1853 2840/1166/480
f 2840/1166/480 2841/1167/480 2838/1164/1852
f 2842/1168/1854 2839/1165/1853 2830/1156/1846
f 2839/1165/1853 2831/1157/1847 2830/1156/1846
f 2839/1165/1853 2838/1164/1852 2831/1157/1847
f 2837/1163/1851 2836/1162/1850 2832/1158/1848
f 2836/1162/1850 2833/1159/1849 2832/1158/1848
f 2836/1162/1850 2843/1169/1855 2833/1159/1849
f 2844/1170/1856 2819/1145/1835 2818/1144/1834
f 2818/1144/1834 2845/1171/1857 2846/1170/1857
f 2821/1147/1837 2847/1172/471 2848/1173/471
f 2849/1173/471 2822/1148/1838 2821/1147/1837
f 2850/1174/651 2821/1147/1837 2820/1146/1836
f 2820/1146/1836 2851/1175/651 2852/1174/651
f 2853/1176/464 2820/1146/1836 2823/1149/1839
f 2823/1149/1839 2854/1177/464 2855/1176/464
f 2856/1178/464 2826/1152/1842 2825/1151/1841
f 2825/1151/1841 2857/1179/464 2858/1178/464
f 2859/1180/651 2825/1151/1841 2824/1150/1840
f 2824/1150/1840 2860/1181/651 2861/1180/651
f 2862/1182/471 2824/1150/1840 2827/1153/1843
f 2827/1153/1843 2863/1183/471 2864/1182/471
f 2828/1154/1844 2826/1152/1842 2865/1178/1858
f 2866/1178/1859 2867/1184/1859 2828/1154/1844
f 2868/1173/1860 2869/1171/1860 2818/1144/1834
f 2818/1144/1834 2822/1148/1838 2870/1173/1860
f 2819/1145/1835 2871/1170/1861 2872/1183/1861
f 2873/1183/1861 2827/1153/1843 2819/1145/1835
f 2874/1177/1862 2823/1149/1839 2829/1155/1845
f 2829/1155/1845 2875/1185/1863 2876/1177/1863
f 2877/1186/1864 2829/1155/1845 2878/1187/1864
f 2879/1188/1865 2880/1189/1865 2828/1154/1844
f 2828/1154/1844 2881/1189/1865 2814/1140/1830
f 2815/1141/1831 2814/1140/1830 2882/1189/1866
f 2883/1189/1867 2884/1187/1867 2815/1141/1831
f 2829/1155/1845 2815/1141/1831 2885/1187/1864
f 2886/1190/1 2887/1191/1868 2888/1192/1869
f 2889/1193/1 2886/1190/1 2888/1192/1869
f 2888/1192/1869 2890/1194/1 2889/1193/1
f 2891/1195/1870 2892/1196/1870 2893/1197/1870
f 2893/1197/1870 2894/1198/1660 2895/1195/1870
f 2896/1195/1871 2894/1198/1660 2897/1199/1872
f 2897/1199/1872 2887/1191/1868 2898/1195/1871
f 2887/1191/1868 2897/1199/1872 2899/1200/1873
f 2899/1200/1873 2888/1192/1869 2887/1191/1868
f 2899/1200/1873 2900/1201/1874 2901/1202/1874
f 2902/1202/1874 2888/1192/1869 2899/1200/1873
f 2903/1203/651 2899/1200/1873 2897/1199/1872
f 2904/1204/651 2905/1205/651 2899/1200/1873
f 2899/1200/1873 2906/1203/651 2907/1204/651
f 2908/1206/464 2909/1207/1875 2910/1208/1876
f 2910/1208/1876 2911/1209/1877 2908/1206/464
f 2911/1209/1877 2910/1208/1876 2912/1210/1878
f 2912/1210/1878 2913/1211/1879 2911/1209/1877
f 2913/1211/1879 2912/1210/1878 2914/1212/1880
f 2914/1212/1880 2915/1213/1881 2913/1211/1879
f 2916/1214/1882 2917/1215/1882 2915/1213/1881
f 2915/1213/1881 2914/1212/1880 2916/1214/1882
f 2918/1216/1883 2917/1215/1882 2916/1214/1882
f 2916/1214/1882 2919/1217/1883 2918/1216/1883
f 2918/1216/1883 2919/1217/1883 2920/1218/1884
f 2921/1218/1884 2922/1219/471 2918/1216/1883
f 2923/981/464 2924/984/464 2925/983/1885
f 2925/983/1885 2926/982/1886 2927/981/464
f 2590/985/480 2928/1008/1887 2591/986/480
f 2929/1127/480 2591/986/480 2930/1002/1888
f 2591/986/480 2928/1008/1887 2930/1002/1888
f 2931/993/1889 2932/992/1890 2933/991/1891
f 2934/991/1892 2935/990/1892 2931/993/1889
f 2936/994/1893 2932/992/1890 2931/993/1889
f 2936/994/1893 2925/983/1885 2937/995/480
f 2931/993/1889 2938/990/1723 2939/996/1723
f 2940/996/1723 2926/982/1886 2931/993/1889
f 2941/1006/1894 2606/1000/1727 2605/999/1726
f 2605/999/1726 2942/1003/1895 2941/1006/1894
f 2943/1001/1896 2944/1004/1897 2942/1003/1895
f 2942/1003/1895 2930/1002/1888 2943/1001/1896
f 2942/1003/1895 2945/1005/1898 2946/1007/1899
f 2946/1007/1899 2941/1006/1894 2942/1003/1895
f 2928/1008/1887 2947/1009/1900 2943/1001/1896
f 2943/1001/1896 2930/1002/1888 2928/1008/1887
f 2946/1007/1899 2947/1009/1900 2928/1008/1887
f 2928/1008/1887 2941/1006/1894 2946/1007/1899
f 2942/1003/1895 2944/1004/1897 2945/1005/1898
f 2932/992/1890 2936/994/1893 2948/1011/1901
f 2948/1011/1901 2949/1010/1902 2932/992/1890
f 2949/1010/1902 2948/1011/1901 2950/1013/1903
f 2950/1013/1903 2951/1012/1904 2949/1010/1902
f 2951/1012/1904 2950/1013/1903 2952/1015/1905
f 2952/1015/1905 2953/1014/1906 2951/1012/1904
f 2952/1015/1905 2930/1002/1888 2942/1003/1895
f 2942/1003/1895 2953/1014/1906 2952/1015/1905
f 2954/1017/480 2955/1016/480 2950/1013/1903
f 2950/1013/1903 2948/1011/1901 2954/1017/480
f 2956/1019/1907 2957/1018/1908 2958/1021/1909
f 2958/1021/1909 2959/1020/1910 2956/1019/1907
f 2960/1022/1911 2958/1021/1909 2957/1018/1908
f 2957/1018/1908 2961/1023/1912 2960/1022/1911
f 2962/1026/1913 2963/1025/1914 2964/1024/1915
f 2964/1024/1915 2965/1027/1916 2962/1026/1913
f 2961/1023/1912 2966/1029/1917 2967/1028/1917
f 2967/1028/1917 2960/1022/1911 2961/1023/1912
f 2941/1006/1894 2928/1008/1887 2968/1031/1918
f 2968/1031/1918 2969/1030/1919 2941/1006/1894
f 2606/1000/1727 2941/1006/1894 2970/1032/1920
f 2971/1032/1921 2972/1033/1921 2606/1000/1727
f 2973/1034/41 2974/1035/41 2969/1030/1919
f 2975/1035/1922 2941/1006/1894 2969/1030/1919
f 2941/1006/1894 2976/1035/1922 2977/1032/1922
f 2978/1036/41 2979/1037/41 2959/1020/1910
f 2959/1020/1910 2958/1021/1909 2980/1036/41
f 2965/1027/1916 2964/1024/1915 2981/1039/1923
f 2982/1039/1924 2983/1038/1924 2965/1027/1916
f 2984/1041/480 2985/1040/480 2957/1018/1908
f 2957/1018/1908 2956/1019/1907 2986/1041/480
f 2928/1008/1887 2987/1042/480 2968/1031/1918
f 2968/1031/1918 2988/1042/480 2989/1043/480
f 2990/1042/480 2928/1008/1887 2991/1220/480
f 2590/985/480 2992/1220/480 2928/1008/1887
f 2993/1046/1925 2994/1049/1925 2995/1048/1926
f 2995/1048/1926 2996/1047/1927 2997/1046/651
f 2969/1030/1919 2968/1031/1918 2998/1051/1928
f 2998/1051/1928 2999/1050/1929 2969/1030/1919
f 3000/1052/41 2973/1034/41 2969/1030/1919
f 2969/1030/1919 2999/1050/1929 3001/1052/41
f 2998/1051/1928 2968/1031/1918 2989/1043/480
f 2989/1043/480 3002/1053/480 2998/1051/1928
f 3003/1055/1875 3004/1054/1930 3005/1057/1931
f 3005/1057/1931 3006/1056/1875 3007/1055/1875
f 3008/1058/1884 3009/1061/1884 3010/1060/1932
f 3010/1060/1932 3011/1059/1933 3012/1058/1884
f 3004/1054/1930 3013/1063/1934 3014/1062/1935
f 3014/1062/1935 3005/1057/1931 3004/1054/1930
f 3015/1064/1936 3014/1062/1935 3013/1063/1934
f 3013/1063/1934 3016/1065/1937 3015/1064/1936
f 3017/1066/1938 3015/1064/1936 3016/1065/1937
f 3016/1065/1937 3018/1067/1939 3017/1066/1938
f 3017/1066/1938 3018/1067/1939 3011/1059/1933
f 3011/1059/1933 3010/1060/1932 3017/1066/1938
f 3019/1070/1940 3020/1069/1875 3021/1068/1875
f 3022/1068/1875 3023/1071/1877 3019/1070/1940
f 3024/1073/1884 3025/1072/1884 3026/1075/1941
f 3026/1075/1941 3027/1074/1942 3028/1073/1884
f 3023/1071/1877 3029/1077/1943 3030/1076/1944
f 3030/1076/1944 3019/1070/1940 3023/1071/1877
f 3031/1079/1 3032/1078/1945 3030/1076/1944
f 3030/1076/1944 3029/1077/1943 3031/1079/1
f 3033/1080/1946 3032/1078/1945 3031/1079/1
f 3031/1079/1 3034/1081/1882 3033/1080/1946
f 3027/1074/1942 3026/1075/1941 3033/1080/1946
f 3033/1080/1946 3034/1081/1882 3027/1074/1942
f 3035/1082/1947 3004/1054/1930 3036/1055/1948
f 3037/1055/1948 3038/1083/1948 3035/1082/1947
f 3039/1085/1949 3040/1084/1950 3041/1058/1950
f 3042/1058/1950 3011/1059/1933 3039/1085/1949
f 3035/1082/1947 3043/1086/1951 3013/1063/1934
f 3013/1063/1934 3004/1054/1930 3035/1082/1947
f 3016/1065/1937 3013/1063/1934 3043/1086/1951
f 3043/1086/1951 3044/1087/1952 3016/1065/1937
f 3044/1087/1952 3045/1088/1953 3018/1067/1939
f 3018/1067/1939 3016/1065/1937 3044/1087/1952
f 3039/1085/1949 3011/1059/1933 3018/1067/1939
f 3018/1067/1939 3045/1088/1953 3039/1085/1949
f 3046/1089/1954 3047/1056/1954 3005/1057/1931
f 3005/1057/1931 3048/1090/1955 3049/1089/1954
f 3050/1092/1956 3051/1091/1957 3010/1060/1932
f 3010/1060/1932 3052/1061/1956 3053/1092/1956
f 3014/1062/1935 3054/1093/1958 3048/1090/1955
f 3048/1090/1955 3005/1057/1931 3014/1062/1935
f 3054/1093/1958 3014/1062/1935 3015/1064/1936
f 3015/1064/1936 3055/1094/1959 3054/1093/1958
f 3015/1064/1936 3017/1066/1938 3056/1095/1960
f 3056/1095/1960 3055/1094/1959 3015/1064/1936
f 3017/1066/1938 3010/1060/1932 3051/1091/1957
f 3051/1091/1957 3056/1095/1960 3017/1066/1938
f 3057/1097/1961 3058/1096/1962 3059/1069/1962
f 3060/1069/1962 3019/1070/1940 3057/1097/1961
f 3061/1099/1963 3062/1098/1964 3026/1075/1941
f 3026/1075/1941 3063/1072/1963 3064/1099/1963
f 3019/1070/1940 3030/1076/1944 3065/1100/1965
f 3065/1100/1965 3057/1097/1961 3019/1070/1940
f 3065/1100/1965 3030/1076/1944 3032/1078/1945
f 3032/1078/1945 3066/1101/1966 3065/1100/1965
f 3032/1078/1945 3033/1080/1946 3067/1102/1967
f 3067/1102/1967 3066/1101/1966 3032/1078/1945
f 3026/1075/1941 3062/1098/1964 3067/1102/1967
f 3067/1102/1967 3033/1080/1946 3026/1075/1941
f 3048/1090/1955 3068/1104/1968 3069/1103/1875
f 3070/1103/1875 3071/1089/1875 3048/1090/1955
f 3072/1106/1884 3073/1105/1884 3051/1091/1957
f 3051/1091/1957 3074/1092/1884 3075/1106/1884
f 3048/1090/1955 3054/1093/1958 3076/1107/1969
f 3077/1107/1969 3068/1104/1968 3048/1090/1955
f 3078/1108/1970 3079/1107/1970 3054/1093/1958
f 3054/1093/1958 3055/1094/1959 3080/1108/1970
f 3056/1095/1960 3081/1109/1882 3082/1108/1971
f 3083/1108/1971 3055/1094/1959 3056/1095/1960
f 3056/1095/1960 3051/1091/1957 3084/1105/1972
f 3085/1105/1972 3081/1109/1882 3056/1095/1960
f 3057/1097/1961 3035/1082/1947 3086/1083/1875
f 3087/1083/1875 3088/1096/1875 3057/1097/1961
f 3089/1099/1884 3090/1084/1884 3039/1085/1949
f 3039/1085/1949 3062/1098/1964 3091/1099/1884
f 3043/1086/1951 3035/1082/1947 3057/1097/1961
f 3057/1097/1961 3065/1100/1965 3043/1086/1951
f 3043/1086/1951 3065/1100/1965 3066/1101/1966
f 3066/1101/1966 3044/1087/1952 3043/1086/1951
f 3067/1102/1967 3045/1088/1953 3044/1087/1952
f 3044/1087/1952 3066/1101/1966 3067/1102/1967
f 3045/1088/1953 3067/1102/1967 3062/1098/1964
f 3062/1098/1964 3039/1085/1949 3045/1088/1953
f 3092/1221/480 3093/1113/480 3094/1112/480
f 3095/1112/480 3096/1222/480 3097/1221/480
f 3098/1223/480 3099/1224/480 3100/1225/480
f 3101/1225/480 3102/1224/480 3103/1221/480
f 3104/1221/480 3105/1222/480 3106/1225/480
f 3107/1226/1973 3108/1227/1974 3109/1228/1975
f 3109/1228/1975 3110/1229/1976 3107/1226/1973
f 3111/1230/1977 3109/1228/1975 3108/1227/1974
f 3108/1227/1974 3112/1231/1977 3111/1230/1977
f 3113/1232/471 3114/1233/471 3111/1230/1977
f 3111/1230/1977 3112/1231/1977 3113/1232/471
f 2605/999/1726 3115/1118/41 3116/1117/41
f 3117/1117/41 2942/1003/1895 2605/999/1726
f 3118/1117/41 3119/1119/41 2953/1014/1906
f 2953/1014/1906 2942/1003/1895 3120/1117/41
f 2953/1014/1906 3121/1119/41 3122/1120/41
f 3123/1120/41 2951/1012/1904 2953/1014/1906
f 3124/1121/41 3125/991/41 2932/992/1890
f 2932/992/1890 3126/1122/41 3127/1121/41
f 3128/1120/41 3129/1123/41 2949/1010/1902
f 2949/1010/1902 2951/1012/1904 3130/1120/41
f 2932/992/1890 2949/1010/1902 3131/1123/41
f 3132/1123/41 3133/1122/41 2932/992/1890
f 2936/994/1893 3134/995/480 3135/1125/480
f 3136/1125/480 3137/1124/480 2936/994/1893
f 3138/1124/480 2954/1017/480 2948/1011/1901
f 2948/1011/1901 2936/994/1893 3139/1124/480
f 2930/1002/1888 2952/1015/1905 3140/1126/480
f 3141/1126/480 2929/1127/480 2930/1002/1888
f 2955/1016/480 3142/1126/480 2952/1015/1905
f 2952/1015/1905 2950/1013/1903 2955/1016/480
f 2931/993/1889 2926/982/1886 2925/983/1885
f 2925/983/1885 2936/994/1893 2931/993/1889
f 3143/1234/1 3144/1235/1978 3145/1236/1979
f 3145/1236/1979 3146/1237/1 3143/1234/1
f 3147/1238/1980 3148/1239/1 3149/1240/1
f 3149/1240/1 3150/1241/1705 3147/1238/1980
f 3151/1242/1981 3147/1238/1980 3152/1243/1982
f 3152/1243/1982 3153/1244/1981 3154/1242/1981
f 3152/1243/1982 3147/1238/1980 3150/1241/1705
f 3150/1241/1705 3155/1245/1983 3152/1243/1982
f 3155/1245/1983 3150/1241/1705 3156/1246/1984
f 3157/1246/1984 3158/1247/1984 3155/1245/1983
f 3159/1248/1985 3160/1249/1986 3161/1250/1987
f 3161/1250/1987 3162/1251/1988 3159/1248/1985
f 3163/1252/1981 3162/1251/1988 3161/1250/1987
f 3161/1250/1987 3164/1253/1989 3163/1252/1981
f 3165/1254/1990 3164/1253/1989 3161/1250/1987
f 3161/1250/1987 3166/1255/464 3165/1254/1990
f 3160/1249/1986 3159/1248/1985 3167/1256/1984
f 3167/1256/1984 3168/1257/1984 3160/1249/1986
f 3169/1258/1708 3170/1259/1706 3171/1260/1707
f 3171/1260/1707 3172/1261/1708 3169/1258/1708
f 3169/1258/1708 3172/1261/1708 3173/1262/41
f 3173/1262/41 3174/1263/41 3169/1258/1708
f 3170/1259/1706 3175/1264/1991 3176/1265/1992
f 3176/1265/1992 3171/1260/1707 3170/1259/1706
f 3177/1266/464 3178/1267/464 3175/1264/1991
f 3175/1264/1991 3170/1259/1706 3179/1266/464
f 3180/1049/1993 3181/1046/1993 2963/1025/1914
f 2963/1025/1914 2962/1026/1913 3182/1049/1993
f 2996/1047/1927 2995/1048/1926 2967/1028/1917
f 2967/1028/1917 2966/1029/1917 2996/1047/1927
f 3183/1037/41 3184/1052/41 2999/1050/1929
f 2999/1050/1929 2959/1020/1910 3185/1037/41
f 2956/1019/1907 2959/1020/1910 2999/1050/1929
f 2999/1050/1929 2998/1051/1928 2956/1019/1907
f 3186/1041/480 2956/1019/1907 2998/1051/1928
f 2998/1051/1928 3187/1053/480 3188/1041/480
f 2908/1206/464 3189/1209/1814 3190/1208/1785
f 3191/1208/1785 3192/1207/1785 2908/1206/464
f 3193/1211/1994 3194/1210/1714 3195/1208/1714
f 3196/1208/1714 3189/1209/1814 3193/1211/1994
f 3197/1213/1995 3198/1212/1815 3199/1210/1815
f 3200/1210/1815 3193/1211/1994 3197/1213/1995
f 3201/1215/1796 3202/1214/1816 3203/1212/1816
f 3204/1212/1816 3197/1213/1995 3201/1215/1796
f 3201/1215/1796 3205/1216/1996 3206/1217/1746
f 3207/1217/1746 3208/1214/1746 3201/1215/1796
f 3205/1216/1996 2922/1219/471 3209/1218/1790
f 3210/1218/1790 3211/1217/1790 3205/1216/1996
f 3212/1227/1997 3107/1226/1973 3110/1229/1976
f 3110/1229/1976 3213/1228/1997 3212/1227/1997
f 3214/1230/1998 3215/1231/1998 3212/1227/1997
f 3212/1227/1997 3213/1228/1997 3214/1230/1998
f 3113/1232/471 3215/1231/1998 3214/1230/1998
f 3214/1230/1998 3114/1233/471 3113/1232/471
f 3216/1268/1746 3217/1269/1999 3218/1270/651
f 3218/1270/651 3219/1271/651 3216/1268/1746
f 3216/1268/1746 3145/1236/1979 3144/1235/1978
f 3144/1235/1978 3217/1269/1999 3216/1268/1746
f 3220/1272/464 3221/1273/464 3222/1274/464
f 3223/1274/464 3224/1275/464 3225/1272/464
f 3226/1276/41 3227/1277/41 3228/1278/41
f 3229/1278/41 3230/1279/41 3231/1276/41
f 3232/1277/471 3233/1280/471 3234/1281/471
f 3235/1281/471 3236/1278/471 3237/1277/471
f 3238/1282/2000 3239/1283/2000 3240/1281/2000
f 3241/1281/2000 3242/1280/2000 3243/1282/2000
f 3244/1282/2001 3245/1273/2001 3246/1272/2001
f 3247/1272/2001 3248/1283/2001 3249/1282/2001
f 3155/1245/1983 3250/1284/651 3251/1285/651
f 3252/1285/651 3152/1243/1982 3155/1245/1983
f 3253/1286/651 3254/1287/651 3164/1253/1989
f 3164/1253/1989 3165/1254/1990 3255/1286/651
f 3175/1264/1991 3256/1288/651 3257/1289/651
f 3258/1289/651 3176/1265/1992 3175/1264/1991
f 2493/902/1664 2470/886/1653 2473/888/1654
f 2473/888/1654 2492/901/1663 2493/902/1664
f 2492/901/1663 2473/888/1654 2476/890/1656
f 2476/890/1656 2491/900/1662 2492/901/1663
f 2464/883/1650 2494/903/1665 3259/1290/2002
f 3259/1290/2002 2465/884/1651 2464/883/1650
f 2488/897/1661 2491/900/1662 2476/890/1656
f 2476/890/1656 2481/892/1658 2488/897/1661
f 3260/857/1708 3261/859/1 3262/858/2003
f 3263/860/1 3262/858/2003 3261/859/1
f 3262/858/2003 3263/860/1 3264/862/2004
f 3264/862/2004 3265/861/1648 3262/858/2003
f 3259/1290/2002 2494/903/1665 2495/904/1666
f 3266/864/1641 3267/866/1641 3268/865/1641
f 3269/866/2005 3270/867/2005 3271/865/2005
f 3272/867/464 3273/866/464 3274/868/2006
f 3274/868/2006 3275/866/464 3276/869/464
f 3277/870/1644 3278/867/1644 3274/868/2006
f 3274/868/2006 3279/871/1645 3280/870/1644
f 3281/872/2007 3264/862/2004 3282/870/1647
f 3283/870/1647 3279/871/1645 3281/872/2007
f 3284/873/652 3265/861/1648 3264/862/2004
f 3264/862/2004 3281/872/2007 3284/873/652
f 3284/873/652 3281/872/2007 3285/875/651
f 3286/875/651 3287/874/651 3284/873/652
f 3288/875/651 3281/872/2007 3289/877/651
f 3290/877/651 3291/876/651 3292/875/651
f 3293/907/1667 3294/910/2008 3295/909/2009
f 3295/909/2009 3296/908/1667 3297/907/1667
f 3298/912/2010 3299/911/2011 3300/908/2011
f 3301/908/2011 3295/909/2009 3298/912/2010
f 3302/914/2012 3303/913/2013 3304/911/2013
f 3305/911/2013 3298/912/2010 3302/914/2012
f 3306/915/2014 3307/913/2014 3302/914/2012
f 3302/914/2012 3308/916/2015 3309/915/2014
f 3310/915/1677 3308/916/2015 3311/918/2016
f 3311/918/2016 3312/917/1677 3313/915/1677
f 3311/918/2016 3314/921/2017 3315/920/1679
f 3316/920/1679 3317/919/1679 3311/918/2016
f 3314/921/2017 3318/924/2018 3319/923/1681
f 3320/923/1681 3321/922/1681 3314/921/2017
f 3322/925/2019 3323/923/2019 3318/924/2018
f 3318/924/2018 3324/926/2020 3325/925/2019
f 3326/927/2021 3327/928/2022 3328/925/2022
f 3329/925/2022 3324/926/2020 3326/927/2021
f 3330/929/2023 3331/928/2023 3326/927/2021
f 3326/927/2021 3332/930/2024 3333/929/2023
f 3334/932/2025 3335/931/1690 3336/929/1690
f 3337/929/1690 3332/930/2024 3334/932/2025
f 3318/924/2018 3314/921/2017 3311/918/2016
f 3311/918/2016 3308/916/2015 3318/924/2018
f 3308/916/2015 3302/914/2012 3324/926/2020
f 3324/926/2020 3318/924/2018 3308/916/2015
f 3302/914/2012 3298/912/2010 3326/927/2021
f 3326/927/2021 3324/926/2020 3302/914/2012
f 3332/930/2024 3326/927/2021 3298/912/2010
f 3298/912/2010 3295/909/2009 3332/930/2024
f 3334/932/2025 3332/930/2024 3295/909/2009
f 3295/909/2009 3294/910/2008 3334/932/2025
f 3338/933/2026 3339/936/2027 3340/935/2028
f 3340/935/2028 3341/934/2029 3338/933/2026
f 3341/934/2029 3342/938/2030 3343/937/2030
f 3343/937/2030 3338/933/2026 3341/934/2029
f 3340/935/2028 3344/940/2031 3345/939/2031
f 3346/939/2031 3341/934/2029 3340/935/2028
f 3347/942/1707 3348/941/2032 3340/935/2028
f 3340/935/2028 3339/936/2027 3347/942/1707
f 3349/943/1700 3350/940/1700 3340/935/2028
f 3340/935/2028 3348/941/2032 3351/943/1700
f 3352/944/2033 3338/933/2026 3353/946/2033
f 3354/946/1701 3355/945/1701 3356/944/1701
f 3343/937/2030 3342/938/2030 3357/948/2034
f 3358/948/2034 3359/947/2034 3343/937/2030
f 3260/857/1708 3262/858/2003 3360/1291/41
f 3361/1292/480 3362/1293/480 3363/1294/2035
f 3363/1294/2035 3364/1295/2036 3361/1292/480
f 3363/1294/2035 3365/1296/2037 3366/1297/2038
f 3366/1297/2038 3364/1295/2036 3363/1294/2035
f 3366/1297/2038 3365/1296/2037 3367/1298/41
f 3367/1298/41 3368/1299/41 3366/1297/2038
f 3364/1295/2036 3366/1297/2038 3369/1300/1
f 3370/1300/1 3371/1301/1 3364/1295/2036
f 3365/1296/2037 3363/1294/2035 3372/1302/651
f 3373/1302/651 3374/1303/651 3365/1296/2037
f 3375/1304/2039 3376/1305/2040 3377/1306/1382
f 3377/1306/1382 3378/1307/652 3375/1304/2039
f 3376/1305/2040 3375/1304/2039 3379/1308/471
f 3379/1308/471 3380/1309/471 3376/1305/2040
f 3381/1310/41 3382/1311/41 3383/1312/41
f 3383/1312/41 3384/1313/2041 3385/1310/41
f 3376/1305/2040 3386/1310/1 3384/1313/2041
f 3384/1313/2041 3377/1306/1382 3376/1305/2040
f 3375/1304/2039 3378/1307/652 3387/1314/651
f 3388/1314/651 3389/1315/651 3375/1304/2039
f 3390/1316/41 3391/1317/2042 3392/1318/41
f 3393/1318/41 3394/1319/41 3390/1316/41
f 3395/955/652 3396/954/2043 3397/953/2044
f 3397/953/2044 3398/956/1710 3395/955/652
f 3399/958/1 3400/957/1 3401/960/2041
f 3401/960/2041 3402/959/2045 3399/958/1
f 3403/961/480 3396/954/2043 3395/955/652
f 3395/955/652 3404/962/480 3403/961/480
f 3405/965/1 3406/964/1 3407/963/2046
f 3407/963/2046 3408/966/1 3409/965/1
f 3398/956/1710 3397/953/2044 3402/959/2045
f 3402/959/2045 3401/960/2041 3398/956/1710
f 3410/970/480 3411/969/480 3412/968/480
f 3413/968/480 3414/967/480 3415/970/480
f 3416/967/464 3402/959/2045 3397/953/2044
f 3397/953/2044 3417/970/464 3418/967/464
f 3397/953/2044 3396/954/2043 3419/966/464
f 3420/966/464 3407/963/2046 3397/953/2044
f 3421/1320/2047 3422/1321/2048 3423/1322/2049
f 3423/1322/2049 3424/1323/464 3421/1320/2047
f 3391/1317/2042 3423/1322/2049 2575/971/1712
f 2575/971/1712 3425/1318/464 3391/1317/2042
f 3423/1322/2049 3422/1321/2048 3426/1324/2050
f 3426/1324/2050 3427/1325/1992 3423/1322/2049
f 3428/1326/41 3426/1324/2050 3422/1321/2048
f 3422/1321/2048 3429/1327/41 3428/1326/41
f 3430/1323/1 3431/1328/1 3432/1329/1
f 3433/1329/1 3421/1320/2047 3434/1323/1
f 2575/971/1712 3423/1322/2049 3427/1325/1992
f 3427/1325/1992 2579/975/1707 2575/971/1712
f 3144/1235/1978 3435/1330/480 3436/1331/480
f 3437/1331/480 3217/1269/1999 3144/1235/1978
f 2494/903/1665 2464/883/1650 2470/886/1653
f 2470/886/1653 2493/902/1664 2494/903/1665
f 3438/939/1703 3439/949/1703 3440/950/1703
f 3441/950/1703 3341/934/2029 3442/939/1703
f 3338/933/2026 3443/944/2051 3444/951/2051
f 3445/951/2051 3339/936/2027 3338/933/2026
f 3339/936/2027 3446/951/480 3447/952/480
f 3448/952/480 3347/942/1707 3339/936/2027
f 3449/879/41 3450/1291/41 3262/858/2003
f 3262/858/2003 3451/880/41 3452/879/41
f 3453/1332/2052 3454/1333/2053 3455/1334/2054
f 3453/1332/2052 3456/1335/2055 3457/1336/2056
f 3457/1336/2056 3458/1337/2057 3453/1332/2052
f 3455/1334/2054 3459/1338/1 3456/1335/2055
f 3456/1335/2055 3453/1332/2052 3455/1334/2054
f 3460/1339/1875 3461/1340/1877 3462/1341/1876
f 3462/1341/1876 3463/1342/1875 3460/1339/1875
f 3464/1343/1943 3462/1341/1876 3461/1340/1877
f 3461/1340/1877 3465/1344/1943 3464/1343/1943
f 3464/1343/1943 3465/1344/1943 3466/1345/1880
f 3466/1345/1880 3467/1346/1881 3464/1343/1943
f 3467/1346/1881 3466/1345/1880 3468/1347/2058
f 3468/1347/2058 3469/1348/1977 3467/1346/1881
f 3470/1349/2059 3471/1350/2059 3469/1348/1977
f 3469/1348/1977 3468/1347/2058 3472/1349/2059
f 3473/1351/41 3474/1352/41 3455/1334/2054
f 3475/1352/41 3476/1353/41 3455/1334/2054
f 3477/1353/41 3478/1354/41 3455/1334/2054
f 3455/1334/2054 3479/1354/41 3480/1355/41
f 3481/1355/41 3482/1354/41 3483/1356/41
f 3454/1333/2053 3484/1357/2060 3455/1334/2054
f 3455/1334/2054 3484/1357/2060 3473/1351/41
f 3485/1358/480 3486/1359/480 3487/1360/480
f 3488/1360/480 3489/1359/480 3490/1361/480
f 3491/1359/480 3492/1362/480 3493/1361/480
f 3494/1361/480 3495/1362/480 3496/1363/480
f 3497/1364/2061 3498/1365/2062 3499/1366/2063
f 3499/1366/2063 3498/1365/2062 3500/1367/2064
f 3498/1365/2062 3501/1368/2065 3500/1367/2064
f 3502/1369/2066 3498/1365/2062 3503/1370/2067
f 3503/1370/2067 3504/1371/1524 3505/1369/1524
f 3501/1368/2065 3498/1365/2062 3506/1369/2068
f 3507/1369/2069 3508/1372/2069 3501/1368/2065
f 3499/1366/2063 3500/1367/2064 3509/1373/2070
f 3501/1368/2065 3510/1372/299 3500/1367/2064
f 3511/1372/2071 3512/1373/2071 3500/1367/2064
f 3513/1374/2072 3514/1375/2072 3515/1376/2072
f 3516/1376/2073 3517/1377/2073 3518/1374/2073
f 3519/1364/2074 3499/1366/2063 3520/1378/2074
f 3521/1364/2075 3522/1379/2075 3498/1365/2062
f 3523/1377/2076 3524/1378/2076 3525/1374/2076
f 3526/1378/2077 3499/1366/2063 3527/1373/2077
f 3528/1373/2078 3529/1374/2078 3530/1378/2078
f 3531/1359/480 3532/1380/480 3456/1335/2055
f 3456/1335/2055 3532/1380/480 3457/1336/2056
f 3532/1380/480 3533/1381/480 3457/1336/2056
f 3534/1358/480 3532/1380/480 3535/1359/480
f 3536/1332/651 3537/1334/2079 3538/1333/2080
f 3539/1335/651 3540/1338/651 3537/1334/2079
f 3537/1334/2079 3541/1332/651 3542/1335/651
f 3543/1339/1785 3544/1342/1785 3545/1341/1814
f 3545/1341/1814 3546/1340/1814 3547/1339/1785
f 3545/1341/1814 3548/1343/2081 3549/1344/1994
f 3549/1344/1994 3546/1340/1814 3545/1341/1814
f 3548/1343/2081 3550/1346/651 3551/1345/651
f 3551/1345/651 3549/1344/1994 3548/1343/2081
f 3551/1345/651 3550/1346/651 3552/1348/2082
f 3552/1348/2082 3553/1347/2082 3551/1345/651
f 3554/1349/2083 3553/1347/2082 3552/1348/2082
f 3552/1348/2082 3555/1350/2083 3556/1349/2083
f 3557/1351/41 3537/1334/2079 3558/1352/41
f 3559/1352/41 3537/1334/2079 3560/1353/41
f 3561/1353/41 3537/1334/2079 3562/1354/41
f 3537/1334/2079 3563/1355/41 3564/1354/41
f 3565/1355/41 3566/1356/41 3567/1354/41
f 3538/1333/2080 3537/1334/2079 3568/1357/2084
f 3537/1334/2079 3569/1351/41 3568/1357/2084
f 3570/1358/480 3571/1360/480 3572/1359/480
f 3573/1360/480 3574/1361/480 3575/1359/480
f 3576/1359/480 3577/1361/480 3578/1362/480
f 3579/1361/480 3580/1363/480 3581/1362/480
f 3582/1364/2085 3583/1366/2086 3584/1365/2087
f 3583/1366/2086 3585/1367/2088 3584/1365/2087
f 3584/1365/2087 3585/1367/2088 3586/1368/2089
f 3584/1365/2087 3587/1369/2090 3588/1371/2090
f 3589/1371/2091 3590/1370/2091 3584/1365/2087
f 3584/1365/2087 3586/1368/2089 3591/1372/2092
f 3592/1372/2093 3593/1369/2093 3584/1365/2087
f 3583/1366/2086 3594/1373/2094 3585/1367/2088
f 3595/1373/2095 3596/1372/2095 3585/1367/2088
f 3597/1372/1010 3586/1368/2089 3585/1367/2088
f 3598/1376/2096 3599/1375/2096 3600/1374/2096
f 3601/1374/2097 3602/1377/2097 3603/1376/2097
f 3604/1364/2098 3605/1378/2098 3583/1366/2086
f 3606/1382/2099 3607/1383/2099 3608/1379/2099
f 3609/1377/2100 3610/1374/2100 3611/1378/2100
f 3612/1374/2101 3613/1373/2101 3583/1366/2086
f 3583/1366/2086 3614/1378/2102 3615/1374/2102
f 3616/1379/2103 3617/1364/2103 3618/1382/2103
f 3619/1358/480 3620/1359/480 3621/1380/480
f 3622/1384/480 3623/1385/2104 3624/1386/480
f 3624/1386/480 3623/1385/2104 3625/1387/480
f 3626/1388/2105 3627/1389/2106 3628/1390/2107
f 3628/1390/2107 3629/1391/2108 3626/1388/2105
f 3630/1392/2109 3631/1393/2110 3632/1394/2111
f 3633/1395/2112 3634/1396/2113 3630/1392/2109
f 3630/1392/2109 3635/1397/2114 3636/1395/2114
f 3637/1398/471 3638/1399/471 3623/1385/2104
f 3639/1400/471 3640/1397/2115 3623/1385/2104
f 3623/1385/2104 3641/1399/471 3639/1400/471
f 3642/1395/464 3643/1401/464 3644/1402/464
f 3645/1402/2116 3626/1388/2105 3646/1395/2116
f 3647/1403/2117 3648/1404/2118 3629/1391/2108
f 3629/1391/2108 3628/1390/2107 3647/1403/2117
f 3649/1395/2119 3626/1388/2105 3629/1391/2108
f 3629/1391/2108 3634/1396/2113 3650/1395/2112
f 3651/1405/2120 3631/1393/2110 3634/1396/2113
f 3634/1396/2113 3631/1393/2110 3630/1392/2109
f 3652/1406/651 3653/1407/651 3654/1408/651
f 3655/1409/1 3647/1403/2117 3628/1390/2107
f 3628/1390/2107 3656/1410/2121 3657/1409/2121
f 3647/1403/2117 3658/1409/1 3659/1411/1
f 3660/1412/464 3661/1413/464 3662/1414/464
f 3662/1414/464 3663/1415/2122 3664/1412/464
f 3652/1406/651 3665/1416/2123 3666/1417/2124
f 3666/1417/2124 3653/1407/651 3652/1406/651
f 3639/1400/471 3667/1399/471 3668/1418/471
f 3668/1418/471 3669/1419/471 3639/1400/471
f 3668/1418/471 3670/1399/471 3671/1420/471
f 3672/1412/2125 3665/1416/2123 3673/1421/2125
f 3663/1415/2122 3666/1417/2124 3674/1412/2126
f 3675/1412/2127 3666/1417/2124 3665/1416/2123
f 3666/1417/2124 3663/1415/2122 3676/1422/651
f 3677/1423/471 3678/1424/471 3679/1425/1979
f 3679/1425/1979 3680/1426/2128 3681/1423/471
f 3682/1427/1 3680/1426/2128 3683/1428/2129
f 3684/1429/2130 3685/1430/2131 3686/1431/2132
f 3686/1431/2132 3687/1432/2133 3684/1429/2130
f 3688/1433/2134 3689/1434/2135 3685/1430/2131
f 3685/1430/2131 3684/1429/2130 3688/1433/2134
f 3688/1433/2134 3690/1435/2136 3689/1434/2135
f 3691/1435/2136 3692/1436/2136 3689/1434/2135
f 3689/1434/2135 3693/1436/2136 3694/1437/2137
f 3694/1437/2137 3695/1436/481 3696/1438/481
f 3697/1438/481 3698/1439/2138 3694/1437/2137
f 3698/1439/2138 3699/1438/2139 3700/1440/2139
f 3701/1441/2139 3700/1440/2139 3702/1442/2139
f 3703/1438/2139 3704/1442/2139 3700/1440/2139
f 3705/1443/651 3706/1444/651 3707/1445/651
f 3708/1445/651 3709/1446/651 3705/1443/651
f 3710/1445/651 3711/1447/651 3712/1448/651
f 3712/1448/651 3709/1446/651 3713/1445/651
f 3714/1449/651 3715/1450/651 3712/1448/651
f 3712/1448/651 3716/1447/651 3717/1449/651
f 3718/1451/651 3719/1452/651 3715/1450/651
f 3715/1450/651 3720/1449/651 3721/1451/651
f 3722/1453/651 3723/1454/651 3724/1455/651
f 3724/1455/651 3725/1456/651 3726/1453/651
f 3727/1457/2140 3728/1458/2141 3729/1459/2142
f 3729/1459/2142 3730/1460/2143 3727/1457/2140
f 3729/1459/2142 3731/1458/1871 3732/1461/1871
f 3733/1461/1871 3734/1462/2144 3729/1459/2142
f 3735/1461/2136 3736/1463/2136 3737/1464/2145
f 3737/1464/2145 3734/1462/2144 3738/1461/2136
f 3739/1465/2146 3737/1464/2145 3740/1463/481
f 3741/1463/481 3742/1466/481 3739/1465/2146
f 3743/1467/2139 3744/1468/2147 3739/1465/2146
f 3739/1465/2146 3745/1466/2139 3746/1467/2139
f 3744/1468/2147 3747/1467/2148 3748/1469/2149
f 3748/1469/2149 3749/1470/2150 3744/1468/2147
f 3750/1471/41 3751/1472/2151 3749/1470/2150
f 3749/1470/2150 3748/1469/2149 3750/1471/41
f 3750/1471/41 3727/1457/2140 3730/1460/2143
f 3730/1460/2143 3751/1472/2151 3750/1471/41
f 3683/1428/2129 3680/1426/2128 3752/1473/2152
f 3680/1426/2128 3679/1425/1979 3752/1473/2152
f 3752/1473/2152 3679/1425/1979 3753/1474/1
f 3754/1475/1 3755/1474/1 3679/1425/1979
f 3679/1425/1979 3756/1476/1 3757/1475/1
f 3730/1460/2143 3734/1462/2144 3737/1464/2145
f 3737/1464/2145 3751/1472/2151 3730/1460/2143
f 3729/1459/2142 3734/1462/2144 3730/1460/2143
f 3737/1464/2145 3739/1465/2146 3749/1470/2150
f 3749/1470/2150 3751/1472/2151 3737/1464/2145
f 3749/1470/2150 3739/1465/2146 3744/1468/2147
f 3758/1477/464 3759/1478/464 3760/1479/2153
f 3760/1479/2153 3761/1480/2154 3758/1477/464
f 3762/1481/2155 3763/1482/2156 3764/1483/2157
f 3763/1482/2156 3765/1484/2158 3764/1483/2157
f 3765/1484/2158 3766/1485/2159 3767/1486/2160
f 3767/1486/2160 3764/1483/2157 3765/1484/2158
f 3761/1480/2154 3760/1479/2153 3768/1487/2161
f 3769/1487/2161 3760/1479/2153 3770/1488/2161
f 3760/1479/2153 3771/1489/2161 3772/1488/2161
f 3773/1490/651 3774/1491/651 3775/1492/651
f 3776/1492/651 3777/1493/2162 3773/1490/651
f 3778/1494/2163 3779/1495/2164 3780/1496/2165
f 3780/1496/2165 3781/1497/2166 3778/1494/2163
f 3782/1498/2167 3783/1499/2167 3784/1500/2167
f 3785/1500/2167 3786/1501/2167 3787/1498/2167
f 3788/1502/2168 3789/1503/2168 3790/1504/2169
f 3790/1504/2169 3791/1505/471 3792/1502/2168
f 3793/1506/2170 3794/1507/2171 3795/1502/2171
f 3796/1502/2171 3791/1505/471 3793/1506/2170
f 3797/1508/2172 3798/1507/2172 3793/1506/2170
f 3793/1506/2170 3799/1509/2172 3800/1508/2172
f 3801/1510/2173 3790/1504/2169 3802/1503/2173
f 3803/1503/2173 3804/1511/2173 3805/1510/2173
f 3806/1427/1 3807/1512/1 3808/1513/1
f 3809/1513/1 3680/1426/2128 3810/1427/1
f 3811/1513/1 3812/1512/1 3813/1514/1
f 3814/1515/2174 3815/1516/2174 3778/1494/2163
f 3778/1494/2163 3816/1517/2174 3817/1515/2174
f 3818/1499/471 3819/1498/471 3820/1518/2175
f 3820/1518/2175 3821/1519/471 3822/1499/471
f 3823/1520/2176 3824/1521/471 3825/1522/471
f 3826/1522/471 3827/1523/2177 3823/1520/2176
f 3828/1501/2178 3829/1500/2178 3830/1524/2178
f 3831/1524/2178 3832/1500/2178 3833/1522/2178
f 3834/1522/2178 3835/1500/2178 3827/1523/2177
f 3836/1519/2179 3820/1518/2175 3687/1432/2133
f 3687/1432/2133 3686/1431/2132 3837/1519/2179
f 3838/1525/651 3839/1526/651 3840/1527/651
f 3841/1527/651 3842/1528/651 3843/1525/651
f 3844/1526/651 3723/1454/651 3845/1527/651
f 3846/1527/651 3723/1454/651 3847/1529/651
f 3723/1454/651 3848/1453/651 3849/1529/651
f 3850/1453/651 3851/1530/651 3852/1529/651
f 3853/1530/651 3854/1453/651 3855/1531/651
f 3856/1453/651 3857/1444/651 3858/1531/651
f 3859/1444/651 3705/1443/651 3860/1531/651
f 3764/1483/2157 3861/1492/480 3862/1532/480
f 3863/1533/1 3864/1534/1 3752/1473/2152
f 3752/1473/2152 3865/1474/1 3866/1533/1
f 3867/1535/2180 3868/1536/2181 3869/1521/2181
f 3870/1521/2181 3871/1537/2181 3867/1535/2180
f 3872/1521/2181 3823/1520/2176 3873/1537/2181
f 3763/1482/2156 3762/1481/2155 3874/1538/41
f 3762/1481/2155 3875/1539/41 3874/1538/41
f 3876/1539/41 3877/1540/41 3874/1538/41
f 3878/1541/41 3879/1542/41 3880/1540/41
f 3881/1540/41 3879/1542/41 3874/1538/41
f 3780/1496/2165 3779/1495/2164 3882/1537/2182
f 3779/1495/2164 3883/1543/2182 3867/1535/2180
f 3867/1535/2180 3884/1537/2182 3779/1495/2164
f 3885/1544/651 3886/1529/651 3887/1530/651
f 3888/1451/651 3889/1529/651 3890/1544/651
f 3891/1544/651 3719/1452/651 3892/1451/651
f 3893/1517/2174 3778/1494/2163 3781/1497/2166
f 3766/1485/2159 3765/1484/2158 3894/1545/2183
f 3895/1545/2183 3896/1546/2183 3766/1485/2159
f 3763/1482/2156 3897/1545/1 3765/1484/2158
f 3640/1397/2115 3898/1547/480 3623/1385/2104
f 3623/1385/2104 3899/1547/480 3625/1387/480
f 3900/1547/480 3640/1397/2115 3901/1548/480
f 3902/1411/2184 3903/1549/2184 3904/1550/2184
f 3905/1550/2184 3647/1403/2117 3906/1411/2184
f 3907/1551/480 3622/1384/480 3624/1386/480
f 3908/1552/464 3661/1413/464 3909/1412/464
f 3910/1553/480 3911/1554/480 3640/1397/2115
f 3911/1554/480 3901/1548/480 3640/1397/2115
f 3912/1388/2185 3913/1391/2186 3914/1390/2187
f 3914/1390/2187 3915/1389/2188 3912/1388/2185
f 3916/1392/2189 3917/1394/2111 3918/1393/2190
f 3640/1397/2115 3916/1392/2189 3919/1396/2191
f 3919/1396/2191 3920/1395/2192 3640/1397/2115
f 3916/1392/2189 3640/1397/2115 3639/1400/471
f 3921/1402/464 3922/1401/464 3923/1395/464
f 3924/1395/2193 3912/1388/2185 3925/1402/2193
f 3914/1390/2187 3913/1391/2186 3926/1404/2194
f 3927/1404/2195 3928/1403/2196 3914/1390/2187
f 3919/1396/2191 3913/1391/2186 3912/1388/2185
f 3912/1388/2185 3929/1395/2197 3919/1396/2191
f 3930/1405/2198 3919/1396/2191 3918/1393/2190
f 3919/1396/2191 3916/1392/2189 3918/1393/2190
f 3931/1406/1 3932/1408/1 3933/1407/1
f 3928/1403/2196 3934/1409/2199 3935/1410/2199
f 3936/1410/2200 3914/1390/2187 3928/1403/2196
f 3928/1403/2196 3937/1411/651 3938/1409/651
f 3939/1415/2201 3940/1414/464 3941/1413/464
f 3942/1413/464 3943/1412/464 3939/1415/2201
f 3933/1407/1 3944/1417/2202 3945/1416/2203
f 3945/1416/2203 3931/1406/1 3933/1407/1
f 3669/1419/471 3946/1555/471 3639/1400/471
f 3947/1412/2204 3948/1421/2204 3945/1416/2203
f 3939/1415/2201 3949/1412/2205 3944/1417/2202
f 3950/1412/2206 3945/1416/2203 3944/1417/2202
f 3944/1417/2202 3951/1422/1972 3939/1415/2201
f 3944/1417/2202 3952/1556/2207 3953/1557/2208
f 3953/1557/2208 3951/1422/1972 3944/1417/2202
f 3954/1558/651 3955/1559/2209 3952/1556/2207
f 3956/1430/2210 3957/1429/2210 3958/1432/2211
f 3958/1432/2211 3959/1431/2211 3956/1430/2210
f 3956/1430/2210 3960/1434/2135 3961/1433/2134
f 3961/1433/2134 3957/1429/2210 3956/1430/2210
f 3961/1433/2134 3960/1434/2135 3962/1435/2136
f 3963/1435/2136 3960/1434/2135 3964/1436/2136
f 3960/1434/2135 3965/1437/2137 3966/1436/2136
f 3967/1438/481 3968/1436/481 3965/1437/2137
f 3965/1437/2137 3969/1439/2138 3970/1438/481
f 3969/1439/2138 3971/1440/2139 3972/1438/2139
f 3973/1441/2139 3974/1442/2139 3971/1440/2139
f 3975/1438/2139 3971/1440/2139 3976/1442/2139
f 3977/1443/1 3978/1446/1 3979/1445/1
f 3980/1445/1 3981/1444/1 3977/1443/1
f 3978/1446/1 3982/1448/1 3983/1447/1
f 3984/1447/1 3985/1445/1 3978/1446/1
f 3986/1450/1 3987/1449/1 3988/1447/1
f 3989/1447/1 3982/1448/1 3986/1450/1
f 3990/1449/1 3986/1450/1 3991/1452/1
f 3991/1452/1 3992/1451/1 3993/1449/1
f 3994/1456/1 3995/1455/1 3996/1454/1
f 3996/1454/1 3997/1453/1 3994/1456/1
f 3998/1458/2141 3999/1457/2212 4000/1460/2213
f 4000/1460/2213 4001/1459/2214 4002/1458/2141
f 4001/1459/2214 4003/1462/2215 4004/1461/1871
f 4005/1461/1871 4006/1458/1871 4001/1459/2214
f 4007/1463/2136 4008/1461/2136 4003/1462/2215
f 4003/1462/2215 4009/1464/2216 4010/1463/2136
f 4009/1464/2216 4011/1465/2217 4012/1466/481
f 4013/1466/481 4014/1463/481 4009/1464/2216
f 4015/1466/2139 4011/1465/2217 4016/1468/2218
f 4016/1468/2218 4017/1467/2139 4018/1466/2139
f 4016/1468/2218 4019/1470/2219 4020/1469/2220
f 4020/1469/2220 4021/1467/2148 4016/1468/2218
f 4022/1472/2221 4023/1471/2222 4020/1469/2220
f 4020/1469/2220 4019/1470/2219 4022/1472/2221
f 4023/1471/2222 4022/1472/2221 4000/1460/2213
f 4000/1460/2213 3999/1457/2212 4023/1471/2222
f 3955/1559/2209 4024/1560/2207 3952/1556/2207
f 3952/1556/2207 4024/1560/2207 3953/1557/2208
f 4024/1560/2207 4025/1561/651 3953/1557/2208
f 3953/1557/2208 4026/1561/651 4027/1562/651
f 4028/1562/651 4029/1563/651 3953/1557/2208
f 4009/1464/2216 4003/1462/2215 4000/1460/2213
f 4000/1460/2213 4022/1472/2221 4009/1464/2216
f 4001/1459/2214 4000/1460/2213 4003/1462/2215
f 4019/1470/2219 4011/1465/2217 4009/1464/2216
f 4009/1464/2216 4022/1472/2221 4019/1470/2219
f 4019/1470/2219 4016/1468/2218 4011/1465/2217
f 4030/1480/2223 4031/1479/2224 4032/1478/464
f 4032/1478/464 4033/1477/464 4030/1480/2223
f 4034/1564/2155 3767/1486/2160 4035/1565/2225
f 4035/1565/2225 3767/1486/2160 3766/1485/2159
f 4030/1480/2223 4036/1487/2226 4031/1479/2224
f 4037/1487/2226 4038/1488/2226 4031/1479/2224
f 4031/1479/2224 4039/1488/2226 4040/1489/2226
f 4041/1566/2227 4042/1567/1 4043/1568/1
f 4044/1568/1 4045/1569/1 4041/1566/2227
f 4046/1495/2228 4047/1494/2229 4048/1497/2230
f 4048/1497/2230 4049/1496/2231 4046/1495/2228
f 4050/1499/2167 4051/1498/2167 4052/1501/2167
f 4053/1501/2167 4054/1500/2167 4055/1499/2167
f 4056/1504/2169 4057/1503/2168 4058/1502/2168
f 4059/1502/2168 4060/1505/471 4056/1504/2169
f 4061/1502/2171 4062/1507/2171 4063/1506/2170
f 4063/1506/2170 4060/1505/471 4064/1502/2171
f 4063/1506/2170 4065/1507/2172 4066/1508/2172
f 4067/1508/2172 4068/1509/2172 4063/1506/2170
f 4069/1503/2173 4056/1504/2169 4070/1510/2173
f 4071/1510/2173 4072/1511/2173 4073/1503/2173
f 4074/1570/651 4075/1571/651 4076/1558/651
f 4077/1558/651 3952/1556/2207 4078/1570/651
f 4079/1570/651 4080/1572/651 4081/1571/651
f 4082/1517/2174 4047/1494/2229 4083/1516/2174
f 4084/1516/2174 4085/1515/2174 4086/1517/2174
f 4087/1498/471 4088/1499/471 4089/1519/471
f 4090/1519/471 4091/1518/2232 4092/1498/471
f 4093/1523/2233 4094/1522/471 4095/1521/471
f 4096/1521/471 4097/1520/2234 4093/1523/2233
f 4098/1501/2178 4099/1524/2178 4100/1500/2178
f 4101/1524/2178 4102/1522/2178 4103/1500/2178
f 4104/1522/2178 4093/1523/2233 4105/1500/2178
f 3958/1432/2211 4091/1518/2232 4106/1519/2179
f 4107/1519/2179 3959/1431/2211 3958/1432/2211
f 4108/1525/1 4109/1528/1 4110/1527/1
f 4111/1527/1 4112/1526/1 4113/1525/1
f 4114/1526/1 4115/1527/1 3996/1454/1
f 4116/1527/1 4117/1529/1 3996/1454/1
f 3996/1454/1 4118/1529/1 4119/1453/1
f 4120/1453/1 4121/1529/1 4122/1530/1
f 4123/1530/1 4124/1531/1 4125/1453/1
f 4126/1453/1 4127/1531/1 4128/1444/1
f 4129/1444/1 4130/1531/1 3977/1443/1
f 3767/1486/2160 4131/1573/480 4132/1567/480
f 4133/1561/651 4024/1560/2207 4134/1574/651
f 4135/1574/651 4136/1575/651 4137/1561/651
f 4138/1521/2181 4139/1536/2181 4140/1535/2181
f 4141/1535/2181 4142/1537/2181 4143/1521/2181
f 4144/1521/2181 4145/1537/2181 4097/1520/2234
f 4035/1565/2225 3879/1542/41 4034/1564/2155
f 4034/1564/2155 3879/1542/41 3878/1541/41
f 4049/1496/2231 4146/1537/2182 4046/1495/2228
f 4147/1535/2182 4148/1543/2182 4046/1495/2228
f 4046/1495/2228 4149/1537/2182 4150/1535/2182
f 4151/1544/1 4152/1530/1 4153/1529/1
f 4154/1529/1 4155/1451/1 3991/1452/1
f 3991/1452/1 4156/1544/1 4157/1529/1
f 4158/1517/2174 4048/1497/2230 4047/1494/2229
f 4035/1565/2225 3766/1485/2159 4159/1546/651
f 3928/1403/2196 4160/1550/2235 4161/1549/2235
f 4162/1549/2235 4163/1411/2235 3928/1403/2196
f 4164/1576/480 3911/1554/480 3910/1553/480
f 4165/1552/464 4166/1412/464 4167/1413/464
f 4168/1567/480 4169/1492/480 3764/1483/2157
f 3764/1483/2157 3767/1486/2160 4170/1567/480
f 4041/1566/2227 4171/1577/480 4172/1578/480
f 4173/1578/480 3777/1493/2162 4041/1566/2227
f 3777/1493/2162 4174/1492/480 4175/1567/480
f 4176/1567/480 4041/1566/2227 3777/1493/2162
f 3752/1473/2152 4024/1560/2207 3955/1559/2209
f 3955/1559/2209 3683/1428/2129 3752/1473/2152
f 3955/1559/2209 4177/1579/41 4178/1580/41
f 4179/1580/41 3683/1428/2129 3955/1559/2209
f 4180/1581/2041 4181/1582/1382 4182/1583/1
f 4183/1583/1 4184/1584/1 4180/1581/2041
f 4185/1585/41 4180/1581/2041 4186/1584/41
f 4187/1586/480 4188/1583/480 4181/1582/1382
f 4181/1582/1382 4189/1587/480 4190/1586/480
f 4185/1585/41 4191/1584/41 4192/1588/41
f 4193/1589/651 4194/1590/2236 4195/1591/651
f 4196/1591/651 4197/1592/651 4193/1589/651
f 4185/1585/41 4198/1591/41 4194/1590/2236
f 4199/1582/480 4200/1583/480 4201/1586/480
f 4202/1586/480 4189/1587/480 4203/1582/480
f 4185/1585/41 4204/1588/41 4205/1591/41
f 2161/739/1431 2151/729/1421 2154/732/1424
f 2154/732/1424 4206/1593/2237 2161/739/1431
f 2161/739/1431 4206/1593/2237 4207/1594/2238
f 4207/1594/2238 2169/747/1439 2161/739/1431
f 4207/1594/2238 2153/731/1423 2152/730/1422
f 2152/730/1422 2169/747/1439 4207/1594/2238
f 4208/1595/2239 4209/1596/2239 4210/1597/2240
f 4210/1597/2240 4211/1598/2241 4212/1595/2239
f 4211/1598/2241 4213/1599/2242 4214/1600/2243
f 4215/1600/2244 4216/1595/2244 4211/1598/2241
f 4217/1601/2245 4210/1597/2240 4218/1596/2246
f 4219/1596/2246 4220/1602/2246 4217/1601/2245
f 4217/1601/2245 4213/1599/2242 4211/1598/2241
f 4211/1598/2241 4210/1597/2240 4217/1601/2245
f 4213/1599/2242 4217/1601/2245 4221/1602/2247
f 4222/1602/2248 4223/1600/2248 4213/1599/2242
f 4224/1603/2249 4225/1604/2250 4226/1605/2251
f 4226/1605/2251 4227/1606/2252 4224/1603/2249
f 4228/1607/464 4229/1608/2253 4230/1609/2254
f 4230/1609/2254 4231/1610/2255 4228/1607/464
f 4229/1608/2253 4232/1611/2256 4233/1612/2257
f 4233/1612/2257 4230/1609/2254 4229/1608/2253
f 4232/1611/2256 4234/1613/2258 4235/1614/2259
f 4235/1614/2259 4233/1612/2257 4232/1611/2256
f 4236/1615/480 4237/1616/480 4235/1614/2259
f 4235/1614/2259 4234/1613/2258 4238/1615/480
f 4239/1617/2255 4240/1618/2260 4241/1619/2261
f 4241/1619/2261 4242/1620/2262 4239/1617/2255
f 4243/1621/480 4244/1622/480 4245/1623/480
f 4246/1624/2263 4247/1625/2264 4248/1626/2265
f 4248/1626/2265 4249/1627/2266 4246/1624/2263
f 4240/1618/2260 4246/1624/2263 4249/1627/2266
f 4249/1627/2266 4241/1619/2261 4240/1618/2260
f 4239/1617/2255 4231/1610/2255 4230/1609/2254
f 4230/1609/2254 4240/1618/2260 4239/1617/2255
f 4240/1618/2260 4230/1609/2254 4233/1612/2257
f 4233/1612/2257 4246/1624/2263 4240/1618/2260
f 4247/1625/2264 4246/1624/2263 4233/1612/2257
f 4233/1612/2257 4235/1614/2259 4247/1625/2264
f 4250/1628/2267 4247/1625/2264 4235/1614/2259
f 4235/1614/2259 4251/1616/2268 4252/1628/2268
f 4253/1629/2269 4254/1630/2270 4224/1603/2249
f 4224/1603/2249 4227/1606/2252 4253/1629/2269
f 4225/1604/2250 4242/1620/2262 4241/1619/2261
f 4241/1619/2261 4226/1605/2251 4225/1604/2250
f 4249/1627/2266 4248/1626/2265 4255/1630/2271
f 4256/1630/2272 4253/1629/2269 4249/1627/2266
f 4247/1625/2264 4257/1628/480 4258/1631/480
f 4259/1631/480 4248/1626/2265 4247/1625/2264
f 4249/1627/2266 4253/1629/2269 4226/1605/2251
f 4226/1605/2251 4241/1619/2261 4249/1627/2266
f 4253/1629/2269 4227/1606/2252 4226/1605/2251
f 4260/1631/480 4261/1621/480 4245/1623/480
f 4245/1623/480 4248/1626/2265 4262/1631/480
f 4263/1632/2273 4264/1633/2274 4265/1634/2275
f 4265/1634/2275 4266/1635/2276 4263/1632/2273
f 4265/1634/2275 4264/1633/2274 4267/1636/2277
f 4267/1636/2277 4268/1637/2278 4265/1634/2275
f 4267/1636/2277 4269/1638/2279 4270/1639/2280
f 4270/1639/2280 4268/1637/2278 4267/1636/2277
f 4269/1638/2279 4271/1640/2281 4272/1641/2282
f 4272/1641/2282 4270/1639/2280 4269/1638/2279
f 4272/1641/2282 4271/1640/2281 4273/1642/2283
f 4273/1642/2283 4274/1643/2284 4272/1641/2282
f 4273/1642/2283 4275/1644/2285 4276/1645/2286
f 4276/1645/2286 4274/1643/2284 4273/1642/2283
f 4277/1646/2287 4267/1636/2277 4264/1633/2274
f 4264/1633/2274 4278/1647/2288 4277/1646/2287
f 4277/1646/2287 4279/1648/2289 4269/1638/2279
f 4269/1638/2279 4267/1636/2277 4277/1646/2287
f 4279/1648/2289 4280/1649/2290 4271/1640/2281
f 4271/1640/2281 4269/1638/2279 4279/1648/2289
f 4273/1642/2283 4271/1640/2281 4280/1649/2290
f 4280/1649/2290 4281/1650/2291 4273/1642/2283
f 4273/1642/2283 4281/1650/2291 4282/1651/2292
f 4282/1651/2292 4275/1644/2285 4273/1642/2283
f 4264/1633/2274 4263/1632/2273 4283/1652/2293
f 4283/1652/2293 4278/1647/2288 4264/1633/2274
f 4278/1647/2288 4283/1652/2293 4284/1653/2294
f 4277/1646/2287 4278/1647/2288 4284/1653/2294
f 4279/1648/2289 4277/1646/2287 4284/1653/2294
f 4280/1649/2290 4279/1648/2289 4284/1653/2294
f 4281/1650/2291 4280/1649/2290 4284/1653/2294
f 4282/1651/2292 4281/1650/2291 4284/1653/2294
f 4285/1654/2295 4286/1655/2296 4287/1656/2297
f 4287/1656/2297 4288/1657/2298 4285/1654/2295
f 4286/1655/2296 4289/1658/2299 4290/1659/2300
f 4290/1659/2300 4287/1656/2297 4286/1655/2296
f 4290/1659/2300 4289/1658/2299 4291/1660/2301
f 4291/1660/2301 4292/1661/2282 4290/1659/2300
f 4293/1662/2302 4292/1661/2282 4291/1660/2301
f 4291/1660/2301 4294/1663/2303 4293/1662/2302
f 4295/1664/2304 4296/1665/2305 4286/1655/2296
f 4286/1655/2296 4285/1654/2295 4295/1664/2304
f 4296/1665/2305 4297/1666/2306 4289/1658/2299
f 4289/1658/2299 4286/1655/2296 4296/1665/2305
f 4298/1667/2307 4291/1660/2301 4289/1658/2299
f 4289/1658/2299 4297/1666/2306 4298/1667/2307
f 4299/1668/2308 4294/1663/2303 4291/1660/2301
f 4291/1660/2301 4298/1667/2307 4299/1668/2308
f 4296/1665/2305 4295/1664/2304 4300/1669/2309
f 4297/1666/2306 4296/1665/2305 4300/1669/2309
f 4298/1667/2307 4297/1666/2306 4300/1669/2309
f 4299/1668/2308 4298/1667/2307 4300/1669/2309
f 4301/1670/2310 4302/1671/41 4303/1672/2311
f 4302/1671/41 4304/1673/1715 4303/1672/2311
f 4304/1673/1715 4305/1674/2312 4303/1672/2311
f 4305/1674/2312 4304/1673/1715 4306/1675/2313
f 4306/1675/2313 4307/1676/2314 4305/1674/2312
f 4302/1671/41 4301/1670/2310 4308/1677/2315
f 4308/1677/2315 4309/1678/41 4302/1671/41
f 4301/1670/2310 4303/1672/2311 4310/1679/2316
f 4310/1679/2316 4311/1680/2317 4301/1670/2310
f 4312/1681/2318 4308/1677/2315 4301/1670/2310
f 4301/1670/2310 4311/1680/2317 4312/1681/2318
f 4313/1682/2319 4308/1677/2315 4312/1681/2318
f 4312/1681/2318 4314/1683/2320 4315/1682/2319
f 4314/1683/2320 4316/1684/2321 4317/1685/2322
f 4318/1685/2322 4319/1682/2322 4314/1683/2320
f 4320/1686/2323 4321/1685/2323 4322/1687/758
f 4323/1688/651 4324/1689/1746 4325/1690/2324
f 4325/1690/2324 4322/1687/758 4323/1688/651
f 4324/1689/1746 4326/1691/471 4325/1690/2324
f 4325/1690/2324 4326/1691/471 4327/1692/471
f 4327/1692/471 4328/1693/471 4325/1690/2324
f 4311/1680/2317 4310/1679/2316 4329/1694/480
f 4330/1694/480 4310/1679/2316 4331/1695/480
f 4331/1695/480 4310/1679/2316 4332/1696/1648
f 4332/1696/1648 4310/1679/2316 4333/1697/2325
f 4332/1696/1648 4333/1697/2325 4334/1698/2326
f 4334/1698/2326 4335/1699/2327 4332/1696/1648
f 4336/1694/480 4337/1700/480 4312/1681/2318
f 4312/1681/2318 4311/1680/2317 4338/1694/480
f 4339/1701/471 4340/1702/2256 4341/1703/471
f 4342/1703/471 4335/1699/2327 4339/1701/471
f 4343/1703/471 4340/1702/2256 4344/1704/471
f 4345/1705/651 4323/1688/651 4346/1706/651
f 4347/1707/651 4348/1708/2209 4349/1709/651
f 4350/1709/651 4351/1710/651 4352/1707/651
f 4353/1711/41 4354/1712/41 4355/1704/41
f 4356/1704/41 4340/1702/2256 4357/1711/41
f 4358/1713/2328 4359/1714/2329 4360/1715/2330
f 4360/1715/2330 4361/1716/2331 4358/1713/2328
f 4358/1713/2328 4362/1717/2332 4363/1718/2333
f 4363/1718/2333 4359/1714/2329 4358/1713/2328
f 4364/1719/2334 4363/1718/2333 4362/1717/2332
f 4362/1717/2332 4365/1720/2335 4364/1719/2334
f 4364/1719/2334 4365/1720/2335 4366/1721/2336
f 4366/1721/2336 4367/1722/2337 4364/1719/2334
f 4367/1722/2337 4366/1721/2336 4368/1723/2338
f 4369/1724/2339 4370/1725/2340 4371/1726/2341
f 4371/1726/2341 4372/1727/1 4369/1724/2339
f 4373/1728/2342 4374/1729/2343 4375/1730/2344
f 4375/1730/2344 4370/1725/2340 4373/1728/2342
f 4373/1728/2342 4376/1731/2345 4377/1732/2346
f 4377/1732/2346 4374/1729/2343 4373/1728/2342
f 4377/1732/2346 4376/1731/2345 4378/1733/2347
f 4378/1733/2347 4379/1734/2348 4377/1732/2346
f 4379/1734/2348 4378/1733/2347 4380/1735/2349
f 4380/1735/2349 4381/1736/2350 4379/1734/2348
f 4305/1674/2312 4307/1676/2314 4381/1736/2350
f 4381/1736/2350 4380/1735/2349 4305/1674/2312
f 4310/1679/2316 4303/1672/2311 4382/1737/2351
f 4382/1737/2351 4383/1738/2352 4310/1679/2316
f 4383/1738/2352 4382/1737/2351 4384/1739/2353
f 4384/1739/2353 4385/1740/2354 4383/1738/2352
f 4386/1741/2355 4385/1740/2354 4384/1739/2353
f 4384/1739/2353 4387/1742/2356 4386/1741/2355
f 4386/1741/2355 4387/1742/2356 4388/1743/2357
f 4388/1743/2357 4389/1744/2358 4386/1741/2355
f 4388/1743/2357 4390/1745/2359 4391/1746/2360
f 4391/1746/2360 4389/1744/2358 4388/1743/2357
f 4390/1745/2359 4392/1747/2361 4393/1748/2362
f 4393/1748/2362 4391/1746/2360 4390/1745/2359
f 4303/1672/2311 4305/1674/2312 4380/1735/2349
f 4380/1735/2349 4382/1737/2351 4303/1672/2311
f 4361/1716/2331 4383/1738/2352 4385/1740/2354
f 4385/1740/2354 4358/1713/2328 4361/1716/2331
f 4382/1737/2351 4380/1735/2349 4378/1733/2347
f 4378/1733/2347 4384/1739/2353 4382/1737/2351
f 4384/1739/2353 4378/1733/2347 4376/1731/2345
f 4376/1731/2345 4387/1742/2356 4384/1739/2353
f 4386/1741/2355 4362/1717/2332 4358/1713/2328
f 4358/1713/2328 4385/1740/2354 4386/1741/2355
f 4386/1741/2355 4389/1744/2358 4365/1720/2335
f 4365/1720/2335 4362/1717/2332 4386/1741/2355
f 4376/1731/2345 4373/1728/2342 4388/1743/2357
f 4388/1743/2357 4387/1742/2356 4376/1731/2345
f 4389/1744/2358 4391/1746/2360 4366/1721/2336
f 4366/1721/2336 4365/1720/2335 4389/1744/2358
f 4370/1725/2340 4390/1745/2359 4388/1743/2357
f 4388/1743/2357 4373/1728/2342 4370/1725/2340
f 4394/1749/2363 4366/1721/2336 4391/1746/2360
f 4391/1746/2360 4393/1748/2362 4394/1749/2363
f 4392/1747/2361 4390/1745/2359 4370/1725/2340
f 4370/1725/2340 4369/1724/2339 4392/1747/2361
f 4361/1716/2331 4360/1715/2330 4334/1698/2326
f 4334/1698/2326 4333/1697/2325 4361/1716/2331
f 4310/1679/2316 4383/1738/2352 4361/1716/2331
f 4361/1716/2331 4333/1697/2325 4310/1679/2316
f 4395/1750/2364 4396/1751/2364 4393/1748/2362
f 4393/1748/2362 4392/1747/2361 4397/1750/2364
f 4398/1752/1 4368/1723/2338 4366/1721/2336
f 4366/1721/2336 4394/1749/2363 4398/1752/1
f 4370/1725/2340 4375/1730/2344 4371/1726/2341
f 4399/1685/2323 4316/1684/2321 4400/1706/2323
f 4401/1706/2323 4322/1687/758 4402/1685/2323
f 4322/1687/758 4403/1706/651 4323/1688/651
f 4404/1707/41 4405/1753/41 4406/1754/2212
f 4406/1754/2212 4348/1708/2209 4407/1707/41
f 4326/1691/471 4348/1708/2209 4406/1754/2212
f 4406/1754/2212 4327/1692/471 4326/1691/471
f 4408/1670/2365 4409/1672/2366 4410/1671/41
f 4410/1671/41 4409/1672/2366 4411/1673/1710
f 4411/1673/1710 4409/1672/2366 4412/1674/2367
f 4412/1674/2367 4413/1676/651 4414/1675/651
f 4414/1675/651 4411/1673/1710 4412/1674/2367
f 4410/1671/41 4415/1678/41 4416/1677/2368
f 4416/1677/2368 4408/1670/2365 4410/1671/41
f 4408/1670/2365 4417/1680/2369 4418/1679/2370
f 4418/1679/2370 4409/1672/2366 4408/1670/2365
f 4408/1670/2365 4416/1677/2368 4419/1681/2371
f 4419/1681/2371 4417/1680/2369 4408/1670/2365
f 4420/1682/2372 4421/1683/2373 4419/1681/2371
f 4419/1681/2371 4416/1677/2368 4422/1682/2372
f 4423/1685/2374 4424/1684/2375 4421/1683/2373
f 4421/1683/2373 4425/1682/2374 4426/1685/2374
f 4427/1686/2376 4428/1687/47 4429/1685/2376
f 4428/1687/47 4430/1690/2377 4431/1689/1979
f 4431/1689/1979 4432/1688/1 4428/1687/47
f 4431/1689/1979 4430/1690/2377 4433/1691/471
f 4430/1690/2377 4434/1693/471 4435/1692/471
f 4436/1692/471 4433/1691/471 4430/1690/2377
f 4417/1680/2369 4437/1694/480 4418/1679/2370
f 4438/1694/480 4439/1695/480 4418/1679/2370
f 4439/1695/480 4440/1696/1992 4418/1679/2370
f 4440/1696/1992 4441/1697/2378 4418/1679/2370
f 4442/1699/651 4443/1698/651 4441/1697/2378
f 4441/1697/2378 4440/1696/1992 4442/1699/651
f 4444/1700/480 4445/1694/480 4417/1680/2369
f 4417/1680/2369 4419/1681/2371 4446/1700/480
f 4447/1755/471 4448/1756/2256 4449/1757/471
f 4449/1757/471 4450/1758/471 4451/1755/471
f 4452/1755/471 4453/1759/471 4448/1756/2256
f 4454/1705/1 4455/1706/1 4432/1688/1
f 4456/1709/1 4457/1708/2379 4458/1707/1
f 4459/1707/1 4460/1710/1 4461/1709/1
f 4462/1759/41 4463/1760/41 4464/1761/41
f 4465/1761/41 4448/1756/2256 4466/1759/41
f 4467/1713/2380 4468/1716/2381 4469/1715/651
f 4469/1715/651 4470/1714/651 4467/1713/2380
f 4471/1718/651 4472/1717/2382 4467/1713/2380
f 4467/1713/2380 4470/1714/651 4471/1718/651
f 4472/1717/2382 4471/1718/651 4473/1719/651
f 4473/1719/651 4474/1720/2383 4472/1717/2382
f 4475/1721/2384 4474/1720/2383 4473/1719/651
f 4473/1719/651 4476/1722/651 4475/1721/2384
f 4476/1722/651 4477/1723/651 4475/1721/2384
f 4478/1725/2385 4479/1724/2386 4480/1727/651
f 4480/1727/651 4481/1726/651 4478/1725/2385
f 4482/1728/2387 4478/1725/2385 4483/1730/651
f 4483/1730/651 4484/1729/651 4482/1728/2387
f 4485/1732/651 4486/1731/2388 4482/1728/2387
f 4482/1728/2387 4484/1729/651 4485/1732/651
f 4486/1731/2388 4485/1732/651 4487/1734/651
f 4487/1734/651 4488/1733/2389 4486/1731/2388
f 4487/1734/651 4489/1736/651 4490/1735/2390
f 4490/1735/2390 4488/1733/2389 4487/1734/651
f 4413/1676/651 4412/1674/2367 4490/1735/2390
f 4490/1735/2390 4489/1736/651 4413/1676/651
f 4409/1672/2366 4418/1679/2370 4491/1738/2391
f 4491/1738/2391 4492/1737/2392 4409/1672/2366
f 4492/1737/2392 4491/1738/2391 4493/1740/2393
f 4493/1740/2393 4494/1739/2394 4492/1737/2392
f 4494/1739/2394 4493/1740/2393 4495/1741/2395
f 4495/1741/2395 4496/1742/2396 4494/1739/2394
f 4496/1742/2396 4495/1741/2395 4497/1744/2397
f 4497/1744/2397 4498/1743/2398 4496/1742/2396
f 4499/1746/2399 4500/1745/2400 4498/1743/2398
f 4498/1743/2398 4497/1744/2397 4499/1746/2399
f 4501/1748/2401 4502/1747/2402 4500/1745/2400
f 4500/1745/2400 4499/1746/2399 4501/1748/2401
f 4490/1735/2390 4412/1674/2367 4409/1672/2366
f 4409/1672/2366 4492/1737/2392 4490/1735/2390
f 4493/1740/2393 4491/1738/2391 4468/1716/2381
f 4468/1716/2381 4467/1713/2380 4493/1740/2393
f 4492/1737/2392 4494/1739/2394 4488/1733/2389
f 4488/1733/2389 4490/1735/2390 4492/1737/2392
f 4494/1739/2394 4496/1742/2396 4486/1731/2388
f 4486/1731/2388 4488/1733/2389 4494/1739/2394
f 4495/1741/2395 4493/1740/2393 4467/1713/2380
f 4467/1713/2380 4472/1717/2382 4495/1741/2395
f 4474/1720/2383 4497/1744/2397 4495/1741/2395
f 4495/1741/2395 4472/1717/2382 4474/1720/2383
f 4498/1743/2398 4482/1728/2387 4486/1731/2388
f 4486/1731/2388 4496/1742/2396 4498/1743/2398
f 4475/1721/2384 4499/1746/2399 4497/1744/2397
f 4497/1744/2397 4474/1720/2383 4475/1721/2384
f 4478/1725/2385 4482/1728/2387 4498/1743/2398
f 4498/1743/2398 4500/1745/2400 4478/1725/2385
f 4499/1746/2399 4475/1721/2384 4503/1749/2403
f 4503/1749/2403 4501/1748/2401 4499/1746/2399
f 4478/1725/2385 4500/1745/2400 4502/1747/2402
f 4502/1747/2402 4479/1724/2386 4478/1725/2385
f 4443/1698/651 4469/1715/651 4468/1716/2381
f 4468/1716/2381 4441/1697/2378 4443/1698/651
f 4468/1716/2381 4491/1738/2391 4418/1679/2370
f 4418/1679/2370 4441/1697/2378 4468/1716/2381
f 4504/1762/2364 4505/1763/2364 4506/1764/2364
f 4507/1764/2364 4508/1765/2364 4509/1762/2364
f 4510/1752/651 4503/1749/2403 4475/1721/2384
f 4475/1721/2384 4477/1723/651 4510/1752/651
f 4478/1725/2385 4481/1726/651 4483/1730/651
f 4424/1684/2375 4511/1685/2376 4428/1687/47
f 4428/1687/47 4512/1706/2376 4424/1684/2375
f 4428/1687/47 4432/1688/1 4513/1706/1
f 4514/1766/480 4515/1767/480 4516/1768/480
f 4517/1767/480 4518/1769/480 4519/1768/480
f 4520/1769/480 4521/1767/480 4522/1770/480
f 4306/1675/2313 4523/1771/471 4524/1772/471
f 4525/1772/471 4526/1771/471 4527/1773/471
f 4528/1773/471 4529/1771/471 4530/1769/471
f 4531/1769/471 4532/1771/471 4533/1768/471
f 4306/1675/2313 4534/1772/41 4535/1774/41
f 4536/1774/41 4307/1676/2314 4306/1675/2313
f 4537/1775/2404 4381/1736/2350 4307/1676/2314
f 4307/1676/2314 4538/1774/2404 4539/1775/2404
f 4381/1736/2350 4540/1775/2405 4541/1776/2405
f 4542/1776/2405 4379/1734/2348 4381/1736/2350
f 4379/1734/2348 4543/1776/2406 4544/1777/2406
f 4545/1777/2406 4377/1732/2346 4379/1734/2348
f 4377/1732/2346 4546/1777/2407 4547/1778/2407
f 4548/1778/2407 4374/1729/2343 4377/1732/2346
f 4374/1729/2343 4549/1778/2408 4550/1779/2408
f 4551/1779/2408 4375/1730/2344 4374/1729/2343
f 4375/1730/2344 4552/1779/2409 4553/1780/2409
f 4554/1780/2409 4371/1726/2341 4375/1730/2344
f 4555/1781/1643 4556/1782/1643 4557/1783/1643
f 4558/1783/1643 4559/1784/1643 4560/1781/1643
f 4561/1784/2410 4562/1783/2410 4563/1762/2410
f 4564/1762/2410 4565/1750/2410 4566/1784/2410
f 4567/1750/2364 4568/1762/2364 4569/1765/2364
f 4570/1765/2364 4571/1751/2364 4572/1750/2364
f 4573/1751/2411 4574/1765/2411 4575/1785/2411
f 4576/1785/2411 4577/1786/2411 4578/1751/2411
f 4579/1786/2412 4580/1785/2412 4581/1787/2412
f 4582/1787/2412 4583/1788/2412 4584/1786/2412
f 4368/1723/2338 4585/1789/2413 4586/1790/2413
f 4587/1790/2413 4367/1722/2337 4368/1723/2338
f 4367/1722/2337 4588/1790/2414 4589/1791/2414
f 4590/1791/2414 4364/1719/2334 4367/1722/2337
f 4364/1719/2334 4591/1791/2415 4592/1792/2415
f 4593/1792/2415 4363/1718/2333 4364/1719/2334
f 4363/1718/2333 4594/1792/2416 4595/1793/2416
f 4596/1793/2416 4359/1714/2329 4363/1718/2333
f 4359/1714/2329 4597/1793/2417 4598/1794/2417
f 4599/1794/2417 4360/1715/2330 4359/1714/2329
f 4600/1794/2418 4601/1795/2418 4334/1698/2326
f 4334/1698/2326 4360/1715/2330 4602/1794/2418
f 4603/1795/480 4604/1758/480 4335/1699/2327
f 4335/1699/2327 4334/1698/2326 4605/1795/480
f 4449/1757/471 4606/1796/471 4607/1758/471
f 4608/1796/471 4335/1699/2327 4609/1758/471
f 4610/1796/471 4339/1701/471 4335/1699/2327
f 4611/1707/41 4457/1708/2379 4612/1754/41
f 4613/1754/41 4614/1753/41 4615/1707/41
f 4457/1708/2379 4433/1691/471 4616/1692/471
f 4617/1692/471 4618/1754/471 4457/1708/2379
# 3892 triangles in group

# 3892 triangles total

