# This file is brought to you by Roblox Corporation
# Generated by Roblox Studio

mtllib map.mtl

g Part1

v 71.6356 22.316 71.346 
v 70.6969 22.316 69.7202 
v 71.6356 20.8169 71.346 
v 70.6969 20.8169 69.7202 
v 72.2915 22.316 68.7996 
v 70.6969 22.316 69.7202 
v 73.2302 22.316 70.4254 
v 71.6356 22.316 71.346 
v 70.6969 22.316 69.7202 
v 72.2915 22.316 68.7996 
v 70.6969 20.8169 69.7202 
v 72.2915 20.8169 68.7996 
v 72.2915 22.316 68.7996 
v 73.2302 22.316 70.4254 
v 72.2915 20.8169 68.7996 
v 73.2302 20.8169 70.4254 
v 73.2302 20.8169 70.4254 
v 71.6356 20.8169 71.346 
v 72.2915 20.8169 68.7996 
v 70.6969 20.8169 69.7202 
v 73.2302 22.316 70.4254 
v 71.6356 22.316 71.346 
v 73.2302 20.8169 70.4254 
v 71.6356 20.8169 71.346 

vn -0.866142 0 0.496063 
vn -0.866142 0 0.496063 
vn -0.866142 0 0.496063 
vn -0.866142 0 0.496063 
vn 0 1 0 
vn 0 1 0 
vn 0 1 0 
vn 0 1 0 
vn -0.496063 0 -0.866142 
vn -0.496063 0 -0.866142 
vn -0.496063 0 -0.866142 
vn -0.496063 0 -0.866142 
vn 0.866142 0 -0.496063 
vn 0.866142 0 -0.496063 
vn 0.866142 0 -0.496063 
vn 0.866142 0 -0.496063 
vn 0 -1 0 
vn 0 -1 0 
vn 0 -1 0 
vn 0 -1 0 
vn 0.496063 0 0.866142 
vn 0.496063 0 0.866142 
vn 0.496063 0 0.866142 
vn 0.496063 0 0.866142 

vt 0.484666 -5 
vt 0.25 -5 
vt 0.484666 -5.18739 
vt 0.25 -5.18739 
vt 0.480161 -5 
vt 0.25 -5 
vt 0.480161 -5.23467 
vt 0.25 -5.23467 
vt 0.480161 -5 
vt 0.25 -5 
vt 0.480161 -5.18739 
vt 0.25 -5.18739 
vt 0.484666 -5 
vt 0.25 -5 
vt 0.484666 -5.18739 
vt 0.25 -5.18739 
vt 0.480161 -5 
vt 0.25 -5 
vt 0.480161 -5.23467 
vt 0.25 -5.23467 
vt 0.480161 -5 
vt 0.25 -5 
vt 0.480161 -5.18739 
vt 0.25 -5.18739 

usemtl Part1Mtl

f 1/1/1 2/2/2 3/3/3 
f 3/3/3 2/2/2 4/4/4 
f 5/5/5 6/6/6 7/7/7 
f 7/7/7 6/6/6 8/8/8 
f 9/9/9 10/10/10 11/11/11 
f 11/11/11 10/10/10 12/12/12 
f 13/13/13 14/14/14 15/15/15 
f 15/15/15 14/14/14 16/16/16 
f 17/17/17 18/18/18 19/19/19 
f 19/19/19 18/18/18 20/20/20 
f 21/21/21 22/22/22 23/23/23 
f 23/23/23 22/22/22 24/24/24 

g Part2

v 71.6356 20.8438 71.346 
v 70.697 20.8438 69.7202 
v 71.6356 19.0359 71.346 
v 70.697 19.0359 69.7202 
v 74.6774 20.8438 67.4221 
v 70.697 20.8438 69.7202 
v 75.6161 20.8438 69.0479 
v 71.6356 20.8438 71.346 
v 70.697 20.8438 69.7202 
v 74.6774 20.8438 67.4221 
v 70.697 19.0359 69.7202 
v 74.6774 19.0359 67.4221 
v 74.6774 20.8438 67.4221 
v 75.6161 20.8438 69.0479 
v 74.6774 19.0359 67.4221 
v 75.6161 19.0359 69.0479 
v 75.6161 19.0359 69.0479 
v 71.6356 19.0359 71.346 
v 74.6774 19.0359 67.4221 
v 70.697 19.0359 69.7202 
v 75.6161 20.8438 69.0479 
v 71.6356 20.8438 71.346 
v 75.6161 19.0359 69.0479 
v 71.6356 19.0359 71.346 

vn -0.866142 0 0.496063 
vn -0.866142 0 0.496063 
vn -0.866142 0 0.496063 
vn -0.866142 0 0.496063 
vn 0 1 0 
vn 0 1 0 
vn 0 1 0 
vn 0 1 0 
vn -0.496063 0 -0.866142 
vn -0.496063 0 -0.866142 
vn -0.496063 0 -0.866142 
vn -0.496063 0 -0.866142 
vn 0.866142 0 -0.496063 
vn 0.866142 0 -0.496063 
vn 0.866142 0 -0.496063 
vn 0.866142 0 -0.496063 
vn 0 -1 0 
vn 0 -1 0 
vn 0 -1 0 
vn 0 -1 0 
vn 0.496063 0 0.866142 
vn 0.496063 0 0.866142 
vn 0.496063 0 0.866142 
vn 0.496063 0 0.866142 

vt 1.73467 -1.75 
vt 1.5 -1.75 
vt 1.73467 -1.97599 
vt 1.5 -1.97599 
vt 2.07453 -1.75 
vt 1.5 -1.75 
vt 2.07453 -1.98467 
vt 1.5 -1.98467 
vt 2.07453 -1.75 
vt 1.5 -1.75 
vt 2.07453 -1.97599 
vt 1.5 -1.97599 
vt 1.73467 -1.75 
vt 1.5 -1.75 
vt 1.73467 -1.97599 
vt 1.5 -1.97599 
vt 2.07453 -1.75 
vt 1.5 -1.75 
vt 2.07453 -1.98467 
vt 1.5 -1.98467 
vt 2.07453 -1.75 
vt 1.5 -1.75 
vt 2.07453 -1.97599 
vt 1.5 -1.97599 

usemtl Part1Mtl

f 25/25/25 26/26/26 27/27/27 
f 27/27/27 26/26/26 28/28/28 
f 29/29/29 30/30/30 31/31/31 
f 31/31/31 30/30/30 32/32/32 
f 33/33/33 34/34/34 35/35/35 
f 35/35/35 34/34/34 36/36/36 
f 37/37/37 38/38/38 39/39/39 
f 39/39/39 38/38/38 40/40/40 
f 41/41/41 42/42/42 43/43/43 
f 43/43/43 42/42/42 44/44/44 
f 45/45/45 46/46/46 47/47/47 
f 47/47/47 46/46/46 48/48/48 

g Part3

v 72.9755 3.21722 72.0392 
v 71.4979 3.21722 69.48 
v 72.9755 0.0550017 72.0392 
v 71.4979 0.0550017 69.48 
v 73.9392 3.21722 68.0706 
v 71.4979 3.21722 69.48 
v 75.4168 3.21722 70.6297 
v 72.9755 3.21722 72.0392 
v 71.4979 3.21722 69.48 
v 73.9392 3.21722 68.0706 
v 71.4979 0.0550017 69.48 
v 73.9392 0.0550017 68.0706 
v 73.9392 3.21722 68.0706 
v 75.4168 3.21722 70.6297 
v 73.9392 0.0550017 68.0706 
v 75.4168 0.0550017 70.6297 
v 75.4168 0.0550017 70.6297 
v 72.9755 0.0550017 72.0392 
v 73.9392 0.0550017 68.0706 
v 71.4979 0.0550017 69.48 
v 75.4168 3.21722 70.6297 
v 72.9755 3.21722 72.0392 
v 75.4168 0.0550017 70.6297 
v 72.9755 0.0550017 72.0392 

vn -0.866142 0 0.496063 
vn -0.866142 0 0.496063 
vn -0.866142 0 0.496063 
vn -0.866142 0 0.496063 
vn 0 1 0 
vn 0 1 0 
vn 0 1 0 
vn 0 1 0 
vn -0.496063 0 -0.866142 
vn -0.496063 0 -0.866142 
vn -0.496063 0 -0.866142 
vn -0.496063 0 -0.866142 
vn 0.866142 0 -0.496063 
vn 0.866142 0 -0.496063 
vn 0.866142 0 -0.496063 
vn 0.866142 0 -0.496063 
vn 0 -1 0 
vn 0 -1 0 
vn 0 -1 0 
vn 0 -1 0 
vn 0.496063 0 0.866142 
vn 0.496063 0 0.866142 
vn 0.496063 0 0.866142 
vn 0.496063 0 0.866142 

vt 0.369388 -4 
vt 0 -4 
vt 0.369388 -4.39528 
vt 0 -4.39528 
vt 0.352372 -4 
vt 0 -4 
vt 0.352372 -4.36939 
vt 0 -4.36939 
vt 0.352372 -4 
vt 0 -4 
vt 0.352372 -4.39528 
vt 0 -4.39528 
vt 0.369388 -4 
vt 0 -4 
vt 0.369388 -4.39528 
vt 0 -4.39528 
vt 0.352372 -4 
vt 0 -4 
vt 0.352372 -4.36939 
vt 0 -4.36939 
vt 0.352372 -4 
vt 0 -4 
vt 0.352372 -4.39528 
vt 0 -4.39528 

usemtl Part1Mtl

f 49/49/49 50/50/50 51/51/51 
f 51/51/51 50/50/50 52/52/52 
f 53/53/53 54/54/54 55/55/55 
f 55/55/55 54/54/54 56/56/56 
f 57/57/57 58/58/58 59/59/59 
f 59/59/59 58/58/58 60/60/60 
f 61/61/61 62/62/62 63/63/63 
f 63/63/63 62/62/62 64/64/64 
f 65/65/65 66/66/66 67/67/67 
f 67/67/67 66/66/66 68/68/68 
f 69/69/69 70/70/70 71/71/71 
f 71/71/71 70/70/70 72/72/72 

g Part4

v 73.1205 15.6368 71.3558 
v 72.1818 15.6368 69.73 
v 73.1205 0.0549984 71.3558 
v 72.1818 0.0549984 69.73 
v 73.8076 15.6368 68.7914 
v 72.1818 15.6368 69.73 
v 74.7463 15.6368 70.4172 
v 73.1205 15.6368 71.3558 
v 72.1818 15.6368 69.73 
v 73.8076 15.6368 68.7914 
v 72.1818 0.0549984 69.73 
v 73.8076 0.0549984 68.7914 
v 73.8076 15.6368 68.7914 
v 74.7463 15.6368 70.4172 
v 73.8076 0.0549984 68.7914 
v 74.7463 0.0549984 70.4172 
v 74.7463 0.0549984 70.4172 
v 73.1205 0.0549984 71.3558 
v 73.8076 0.0549984 68.7914 
v 72.1818 0.0549984 69.73 
v 74.7463 15.6368 70.4172 
v 73.1205 15.6368 71.3558 
v 74.7463 0.0549984 70.4172 
v 73.1205 0.0549984 71.3558 

vn -0.866142 0 0.496063 
vn -0.866142 0 0.496063 
vn -0.866142 0 0.496063 
vn -0.866142 0 0.496063 
vn 0 1 0 
vn 0 1 0 
vn 0 1 0 
vn 0 1 0 
vn -0.496063 0 -0.866142 
vn -0.496063 0 -0.866142 
vn -0.496063 0 -0.866142 
vn -0.496063 0 -0.866142 
vn 0.866142 0 -0.496063 
vn 0.866142 0 -0.496063 
vn 0.866142 0 -0.496063 
vn 0.866142 0 -0.496063 
vn 0 -1 0 
vn 0 -1 0 
vn 0 -1 0 
vn 0 -1 0 
vn 0.496063 0 0.866142 
vn 0.496063 0 0.866142 
vn 0.496063 0 0.866142 
vn 0.496063 0 0.866142 

vt 2.23467 -6.5 
vt 2 -6.5 
vt 2.23467 -8.44773 
vt 2 -8.44773 
vt 2.23467 -6.5 
vt 2 -6.5 
vt 2.23467 -6.73467 
vt 2 -6.73467 
vt 2.23467 -6.5 
vt 2 -6.5 
vt 2.23467 -8.44773 
vt 2 -8.44773 
vt 2.23467 -6.5 
vt 2 -6.5 
vt 2.23467 -8.44773 
vt 2 -8.44773 
vt 2.23467 -6.5 
vt 2 -6.5 
vt 2.23467 -6.73467 
vt 2 -6.73467 
vt 2.23467 -6.5 
vt 2 -6.5 
vt 2.23467 -8.44773 
vt 2 -8.44773 

usemtl Part1Mtl

f 73/73/73 74/74/74 75/75/75 
f 75/75/75 74/74/74 76/76/76 
f 77/77/77 78/78/78 79/79/79 
f 79/79/79 78/78/78 80/80/80 
f 81/81/81 82/82/82 83/83/83 
f 83/83/83 82/82/82 84/84/84 
f 85/85/85 86/86/86 87/87/87 
f 87/87/87 86/86/86 88/88/88 
f 89/89/89 90/90/90 91/91/91 
f 91/91/91 90/90/90 92/92/92 
f 93/93/93 94/94/94 95/95/95 
f 95/95/95 94/94/94 96/96/96 

g Part5

v 74.2972 17.1387 74.1449 
v 68.4775 17.1387 64.0648 
v 74.2972 9.44164 74.1449 
v 68.4775 9.44164 64.0648 
v 75.9562 17.1387 59.747 
v 68.4775 17.1387 64.0648 
v 81.7759 17.1387 69.827 
v 74.2972 17.1387 74.1449 
v 68.4775 17.1387 64.0648 
v 75.9562 17.1387 59.747 
v 68.4775 9.44164 64.0648 
v 75.9562 9.44164 59.747 
v 75.9562 17.1387 59.747 
v 81.7759 17.1387 69.827 
v 75.9562 9.44164 59.747 
v 81.7759 9.44164 69.827 
v 81.7759 9.44164 69.827 
v 74.2972 9.44164 74.1449 
v 75.9562 9.44164 59.747 
v 68.4775 9.44164 64.0648 
v 81.7759 17.1387 69.827 
v 74.2972 17.1387 74.1449 
v 81.7759 9.44164 69.827 
v 74.2972 9.44164 74.1449 

vn -0.866142 0 0.496063 
vn -0.866142 0 0.496063 
vn -0.866142 0 0.496063 
vn -0.866142 0 0.496063 
vn 0 1 0 
vn 0 1 0 
vn 0 1 0 
vn 0 1 0 
vn -0.496063 0 -0.866142 
vn -0.496063 0 -0.866142 
vn -0.496063 0 -0.866142 
vn -0.496063 0 -0.866142 
vn 0.866142 0 -0.496063 
vn 0.866142 0 -0.496063 
vn 0.866142 0 -0.496063 
vn 0.866142 0 -0.496063 
vn 0 -1 0 
vn 0 -1 0 
vn 0 -1 0 
vn 0 -1 0 
vn 0.496063 0 0.866142 
vn 0.496063 0 0.866142 
vn 0.496063 0 0.866142 
vn 0.496063 0 0.866142 

vt 2.20493 -3 
vt 0.75 -3 
vt 2.20493 -3.96213 
vt 0.75 -3.96213 
vt 1.82946 -3 
vt 0.75 -3 
vt 1.82946 -4.45493 
vt 0.75 -4.45493 
vt 1.82946 -3 
vt 0.75 -3 
vt 1.82946 -3.96213 
vt 0.75 -3.96213 
vt 2.20493 -3 
vt 0.75 -3 
vt 2.20493 -3.96213 
vt 0.75 -3.96213 
vt 1.82946 -3 
vt 0.75 -3 
vt 1.82946 -4.45493 
vt 0.75 -4.45493 
vt 1.82946 -3 
vt 0.75 -3 
vt 1.82946 -3.96213 
vt 0.75 -3.96213 

usemtl Part5Mtl

f 97/97/97 98/98/98 99/99/99 
f 99/99/99 98/98/98 100/100/100 
f 101/101/101 102/102/102 103/103/103 
f 103/103/103 102/102/102 104/104/104 
f 105/105/105 106/106/106 107/107/107 
f 107/107/107 106/106/106 108/108/108 
f 109/109/109 110/110/110 111/111/111 
f 111/111/111 110/110/110 112/112/112 
f 113/113/113 114/114/114 115/115/115 
f 115/115/115 114/114/114 116/116/116 
f 117/117/117 118/118/118 119/119/119 
f 119/119/119 118/118/118 120/120/120 

g Part6

v 70.0836 18.0774 79.6124 
v 64.6393 18.0774 70.1827 
v 70.0836 10.3803 79.6124 
v 64.6393 10.3803 70.1827 
v 75.3697 18.0774 63.9876 
v 64.6393 18.0774 70.1827 
v 80.8139 18.0774 73.4173 
v 70.0836 18.0774 79.6124 
v 64.6393 18.0774 70.1827 
v 75.3697 18.0774 63.9876 
v 64.6393 10.3803 70.1827 
v 75.3697 10.3803 63.9876 
v 75.3697 18.0774 63.9876 
v 80.8139 18.0774 73.4173 
v 75.3697 10.3803 63.9876 
v 80.8139 10.3803 73.4173 
v 80.8139 10.3803 73.4173 
v 70.0836 10.3803 79.6124 
v 75.3697 10.3803 63.9876 
v 64.6393 10.3803 70.1827 
v 80.8139 18.0774 73.4173 
v 70.0836 18.0774 79.6124 
v 80.8139 10.3803 73.4173 
v 70.0836 10.3803 79.6124 

vn -0.866142 0 0.496063 
vn -0.866142 0 0.496063 
vn -0.866142 0 0.496063 
vn -0.866142 0 0.496063 
vn 0 1 0 
vn 0 1 0 
vn 0 1 0 
vn 0 1 0 
vn -0.496063 0 -0.866142 
vn -0.496063 0 -0.866142 
vn -0.496063 0 -0.866142 
vn -0.496063 0 -0.866142 
vn 0.866142 0 -0.496063 
vn 0.866142 0 -0.496063 
vn 0.866142 0 -0.496063 
vn 0.866142 0 -0.496063 
vn 0 -1 0 
vn 0 -1 0 
vn 0 -1 0 
vn 0 -1 0 
vn 0.496063 0 0.866142 
vn 0.496063 0 0.866142 
vn 0.496063 0 0.866142 
vn 0.496063 0 0.866142 

vt 6.11106 -4.25 
vt 4.75 -4.25 
vt 6.11106 -5.21213 
vt 4.75 -5.21213 
vt 6.2988 -4.25 
vt 4.75 -4.25 
vt 6.2988 -5.61106 
vt 4.75 -5.61106 
vt 6.2988 -4.25 
vt 4.75 -4.25 
vt 6.2988 -5.21213 
vt 4.75 -5.21213 
vt 6.11106 -4.25 
vt 4.75 -4.25 
vt 6.11106 -5.21213 
vt 4.75 -5.21213 
vt 6.2988 -4.25 
vt 4.75 -4.25 
vt 6.2988 -5.61106 
vt 4.75 -5.61106 
vt 6.2988 -4.25 
vt 4.75 -4.25 
vt 6.2988 -5.21213 
vt 4.75 -5.21213 

usemtl Part5Mtl

f 121/121/121 122/122/122 123/123/123 
f 123/123/123 122/122/122 124/124/124 
f 125/125/125 126/126/126 127/127/127 
f 127/127/127 126/126/126 128/128/128 
f 129/129/129 130/130/130 131/131/131 
f 131/131/131 130/130/130 132/132/132 
f 133/133/133 134/134/134 135/135/135 
f 135/135/135 134/134/134 136/136/136 
f 137/137/137 138/138/138 139/139/139 
f 139/139/139 138/138/138 140/140/140 
f 141/141/141 142/142/142 143/143/143 
f 143/143/143 142/142/142 144/144/144 

g Part7

v 75.5089 31.0309 69.1098 
v 74.5702 31.0309 67.484 
v 75.5089 13.1963 69.1098 
v 74.5702 13.1963 67.484 
v 76.196 31.0309 66.5453 
v 74.5702 31.0309 67.484 
v 77.1347 31.0309 68.1711 
v 75.5089 31.0309 69.1098 
v 74.5702 31.0309 67.484 
v 76.196 31.0309 66.5453 
v 74.5702 13.1963 67.484 
v 76.196 13.1963 66.5453 
v 76.196 31.0309 66.5453 
v 77.1347 31.0309 68.1711 
v 76.196 13.1963 66.5453 
v 77.1347 13.1963 68.1711 
v 77.1347 13.1963 68.1711 
v 75.5089 13.1963 69.1098 
v 76.196 13.1963 66.5453 
v 74.5702 13.1963 67.484 
v 77.1347 31.0309 68.1711 
v 75.5089 31.0309 69.1098 
v 77.1347 13.1963 68.1711 
v 75.5089 13.1963 69.1098 

vn -0.866142 0 0.496063 
vn -0.866142 0 0.496063 
vn -0.866142 0 0.496063 
vn -0.866142 0 0.496063 
vn 0 1 0 
vn 0 1 0 
vn 0 1 0 
vn 0 1 0 
vn -0.496063 0 -0.866142 
vn -0.496063 0 -0.866142 
vn -0.496063 0 -0.866142 
vn -0.496063 0 -0.866142 
vn 0.866142 0 -0.496063 
vn 0.866142 0 -0.496063 
vn 0.866142 0 -0.496063 
vn 0.866142 0 -0.496063 
vn 0 -1 0 
vn 0 -1 0 
vn 0 -1 0 
vn 0 -1 0 
vn 0.496063 0 0.866142 
vn 0.496063 0 0.866142 
vn 0.496063 0 0.866142 
vn 0.496063 0 0.866142 

vt 3.23467 -2.75 
vt 3 -2.75 
vt 3.23467 -4.97933 
vt 3 -4.97933 
vt 3.23467 -2.75 
vt 3 -2.75 
vt 3.23467 -2.98467 
vt 3 -2.98467 
vt 3.23467 -2.75 
vt 3 -2.75 
vt 3.23467 -4.97933 
vt 3 -4.97933 
vt 3.23467 -2.75 
vt 3 -2.75 
vt 3.23467 -4.97933 
vt 3 -4.97933 
vt 3.23467 -2.75 
vt 3 -2.75 
vt 3.23467 -2.98467 
vt 3 -2.98467 
vt 3.23467 -2.75 
vt 3 -2.75 
vt 3.23467 -4.97933 
vt 3 -4.97933 

usemtl Part1Mtl

f 145/145/145 146/146/146 147/147/147 
f 147/147/147 146/146/146 148/148/148 
f 149/149/149 150/150/150 151/151/151 
f 151/151/151 150/150/150 152/152/152 
f 153/153/153 154/154/154 155/155/155 
f 155/155/155 154/154/154 156/156/156 
f 157/157/157 158/158/158 159/159/159 
f 159/159/159 158/158/158 160/160/160 
f 161/161/161 162/162/162 163/163/163 
f 163/163/163 162/162/162 164/164/164 
f 165/165/165 166/166/166 167/167/167 
f 167/167/167 166/166/166 168/168/168 

g Part8

v 70.5461 34.5979 78.9118 
v 65.4774 34.5979 70.1324 
v 70.5461 28.7781 78.9118 
v 65.4774 28.7781 70.1324 
v 74.2567 34.5979 65.0637 
v 65.4774 34.5979 70.1324 
v 79.3255 34.5979 73.843 
v 70.5461 34.5979 78.9118 
v 65.4774 34.5979 70.1324 
v 74.2567 34.5979 65.0637 
v 65.4774 28.7781 70.1324 
v 74.2567 28.7781 65.0637 
v 74.2567 34.5979 65.0637 
v 79.3255 34.5979 73.843 
v 74.2567 28.7781 65.0637 
v 79.3255 28.7781 73.843 
v 79.3255 28.7781 73.843 
v 70.5461 28.7781 78.9118 
v 74.2567 28.7781 65.0637 
v 65.4774 28.7781 70.1324 
v 79.3255 34.5979 73.843 
v 70.5461 34.5979 78.9118 
v 79.3255 28.7781 73.843 
v 70.5461 28.7781 78.9118 

vn -0.866142 0 0.496063 
vn -0.866142 0 0.496063 
vn -0.866142 0 0.496063 
vn -0.866142 0 0.496063 
vn 0 1 0 
vn 0 1 0 
vn 0 1 0 
vn 0 1 0 
vn -0.496063 0 -0.866142 
vn -0.496063 0 -0.866142 
vn -0.496063 0 -0.866142 
vn -0.496063 0 -0.866142 
vn 0.866142 0 -0.496063 
vn 0.866142 0 -0.496063 
vn 0.866142 0 -0.496063 
vn 0.866142 0 -0.496063 
vn 0 -1 0 
vn 0 -1 0 
vn 0 -1 0 
vn 0 -1 0 
vn 0.496063 0 0.866142 
vn 0.496063 0 0.866142 
vn 0.496063 0 0.866142 
vn 0.496063 0 0.866142 

vt 2.0172 -5.25 
vt 0.75 -5.25 
vt 2.0172 -5.97747 
vt 0.75 -5.97747 
vt 2.0172 -5.25 
vt 0.75 -5.25 
vt 2.0172 -6.5172 
vt 0.75 -6.5172 
vt 2.0172 -5.25 
vt 0.75 -5.25 
vt 2.0172 -5.97747 
vt 0.75 -5.97747 
vt 2.0172 -5.25 
vt 0.75 -5.25 
vt 2.0172 -5.97747 
vt 0.75 -5.97747 
vt 2.0172 -5.25 
vt 0.75 -5.25 
vt 2.0172 -6.5172 
vt 0.75 -6.5172 
vt 2.0172 -5.25 
vt 0.75 -5.25 
vt 2.0172 -5.97747 
vt 0.75 -5.97747 

usemtl Part5Mtl

f 169/169/169 170/170/170 171/171/171 
f 171/171/171 170/170/170 172/172/172 
f 173/173/173 174/174/174 175/175/175 
f 175/175/175 174/174/174 176/176/176 
f 177/177/177 178/178/178 179/179/179 
f 179/179/179 178/178/178 180/180/180 
f 181/181/181 182/182/182 183/183/183 
f 183/183/183 182/182/182 184/184/184 
f 185/185/185 186/186/186 187/187/187 
f 187/187/187 186/186/186 188/188/188 
f 189/189/189 190/190/190 191/191/191 
f 191/191/191 190/190/190 192/192/192 

g Part9

v 72.172 27.8395 77.9731 
v 68.0419 27.8395 70.8196 
v 72.172 22.0198 77.9731 
v 68.0419 22.0198 70.8196 
v 77.7967 27.8395 65.1876 
v 68.0419 27.8395 70.8196 
v 81.9268 27.8395 72.3412 
v 72.172 27.8395 77.9731 
v 68.0419 27.8395 70.8196 
v 77.7967 27.8395 65.1876 
v 68.0419 22.0198 70.8196 
v 77.7967 22.0198 65.1876 
v 77.7967 27.8395 65.1876 
v 81.9268 27.8395 72.3412 
v 77.7967 22.0198 65.1876 
v 81.9268 22.0198 72.3412 
v 81.9268 22.0198 72.3412 
v 72.172 22.0198 77.9731 
v 77.7967 22.0198 65.1876 
v 68.0419 22.0198 70.8196 
v 81.9268 27.8395 72.3412 
v 72.172 27.8395 77.9731 
v 81.9268 22.0198 72.3412 
v 72.172 22.0198 77.9731 

vn -0.866142 0 0.496063 
vn -0.866142 0 0.496063 
vn -0.866142 0 0.496063 
vn -0.866142 0 0.496063 
vn 0 1 0 
vn 0 1 0 
vn 0 1 0 
vn 0 1 0 
vn -0.496063 0 -0.866142 
vn -0.496063 0 -0.866142 
vn -0.496063 0 -0.866142 
vn -0.496063 0 -0.866142 
vn 0.866142 0 -0.496063 
vn 0.866142 0 -0.496063 
vn 0.866142 0 -0.496063 
vn 0.866142 0 -0.496063 
vn 0 -1 0 
vn 0 -1 0 
vn 0 -1 0 
vn 0 -1 0 
vn 0.496063 0 0.866142 
vn 0.496063 0 0.866142 
vn 0.496063 0 0.866142 
vn 0.496063 0 0.866142 

vt 2.03253 -4.5 
vt 1 -4.5 
vt 2.03253 -5.22747 
vt 1 -5.22747 
vt 2.408 -4.5 
vt 1 -4.5 
vt 2.408 -5.53253 
vt 1 -5.53253 
vt 2.408 -4.5 
vt 1 -4.5 
vt 2.408 -5.22747 
vt 1 -5.22747 
vt 2.03253 -4.5 
vt 1 -4.5 
vt 2.03253 -5.22747 
vt 1 -5.22747 
vt 2.408 -4.5 
vt 1 -4.5 
vt 2.408 -5.53253 
vt 1 -5.53253 
vt 2.408 -4.5 
vt 1 -4.5 
vt 2.408 -5.22747 
vt 1 -5.22747 

usemtl Part5Mtl

f 193/193/193 194/194/194 195/195/195 
f 195/195/195 194/194/194 196/196/196 
f 197/197/197 198/198/198 199/199/199 
f 199/199/199 198/198/198 200/200/200 
f 201/201/201 202/202/202 203/203/203 
f 203/203/203 202/202/202 204/204/204 
f 205/205/205 206/206/206 207/207/207 
f 207/207/207 206/206/206 208/208/208 
f 209/209/209 210/210/210 211/211/211 
f 211/211/211 210/210/210 212/212/212 
f 213/213/213 214/214/214 215/215/215 
f 215/215/215 214/214/214 216/216/216 

g Part10

v 72.9966 31.5941 74.8958 
v 67.9278 31.5941 66.1164 
v 72.9966 24.648 74.8958 
v 67.9278 24.648 66.1164 
v 79.6336 31.5941 59.3581 
v 67.9278 31.5941 66.1164 
v 84.7024 31.5941 68.1374 
v 72.9966 31.5941 74.8958 
v 67.9278 31.5941 66.1164 
v 79.6336 31.5941 59.3581 
v 67.9278 24.648 66.1164 
v 79.6336 24.648 59.3581 
v 79.6336 31.5941 59.3581 
v 84.7024 31.5941 68.1374 
v 79.6336 24.648 59.3581 
v 84.7024 24.648 68.1374 
v 84.7024 24.648 68.1374 
v 72.9966 24.648 74.8958 
v 79.6336 24.648 59.3581 
v 67.9278 24.648 66.1164 
v 84.7024 31.5941 68.1374 
v 72.9966 31.5941 74.8958 
v 84.7024 24.648 68.1374 
v 72.9966 24.648 74.8958 

vn -0.866142 0 0.496063 
vn -0.866142 0 0.496063 
vn -0.866142 0 0.496063 
vn -0.866142 0 0.496063 
vn 0 1 0 
vn 0 1 0 
vn 0 1 0 
vn 0 1 0 
vn -0.496063 0 -0.866142 
vn -0.496063 0 -0.866142 
vn -0.496063 0 -0.866142 
vn -0.496063 0 -0.866142 
vn 0.866142 0 -0.496063 
vn 0.866142 0 -0.496063 
vn 0.866142 0 -0.496063 
vn 0.866142 0 -0.496063 
vn 0 -1 0 
vn 0 -1 0 
vn 0 -1 0 
vn 0 -1 0 
vn 0.496063 0 0.866142 
vn 0.496063 0 0.866142 
vn 0.496063 0 0.866142 
vn 0.496063 0 0.866142 

vt 6.0172 -6.25 
vt 4.75 -6.25 
vt 6.0172 -7.11827 
vt 4.75 -7.11827 
vt 6.4396 -6.25 
vt 4.75 -6.25 
vt 6.4396 -7.5172 
vt 4.75 -7.5172 
vt 6.4396 -6.25 
vt 4.75 -6.25 
vt 6.4396 -7.11827 
vt 4.75 -7.11827 
vt 6.0172 -6.25 
vt 4.75 -6.25 
vt 6.0172 -7.11827 
vt 4.75 -7.11827 
vt 6.4396 -6.25 
vt 4.75 -6.25 
vt 6.4396 -7.5172 
vt 4.75 -7.5172 
vt 6.4396 -6.25 
vt 4.75 -6.25 
vt 6.4396 -7.11827 
vt 4.75 -7.11827 

usemtl Part5Mtl

f 217/217/217 218/218/218 219/219/219 
f 219/219/219 218/218/218 220/220/220 
f 221/221/221 222/222/222 223/223/223 
f 223/223/223 222/222/222 224/224/224 
f 225/225/225 226/226/226 227/227/227 
f 227/227/227 226/226/226 228/228/228 
f 229/229/229 230/230/230 231/231/231 
f 231/231/231 230/230/230 232/232/232 
f 233/233/233 234/234/234 235/235/235 
f 235/235/235 234/234/234 236/236/236 
f 237/237/237 238/238/238 239/239/239 
f 239/239/239 238/238/238 240/240/240 

g Part11

v -0.343623 22.316 -71.3137 
v 1.09449 22.316 -70.107 
v -0.343623 20.8169 -71.3137 
v 1.09449 20.8169 -70.107 
v -0.0890659 22.316 -68.6965 
v 1.09449 22.316 -70.107 
v -1.52718 22.316 -69.9032 
v -0.343623 22.316 -71.3137 
v 1.09449 22.316 -70.107 
v -0.0890659 22.316 -68.6965 
v 1.09449 20.8169 -70.107 
v -0.0890659 20.8169 -68.6965 
v -0.0890659 22.316 -68.6965 
v -1.52718 22.316 -69.9032 
v -0.0890659 20.8169 -68.6965 
v -1.52718 20.8169 -69.9032 
v -1.52718 20.8169 -69.9032 
v -0.343623 20.8169 -71.3137 
v -0.0890659 20.8169 -68.6965 
v 1.09449 20.8169 -70.107 
v -1.52718 22.316 -69.9032 
v -0.343623 22.316 -71.3137 
v -1.52718 20.8169 -69.9032 
v -0.343623 20.8169 -71.3137 

vn 0.645669 0 -0.76378 
vn 0.645669 0 -0.76378 
vn 0.645669 0 -0.76378 
vn 0.645669 0 -0.76378 
vn 0 1 0 
vn 0 1 0 
vn 0 1 0 
vn 0 1 0 
vn 0.76378 0 0.645669 
vn 0.76378 0 0.645669 
vn 0.76378 0 0.645669 
vn 0.76378 0 0.645669 
vn -0.645669 0 0.76378 
vn -0.645669 0 0.76378 
vn -0.645669 0 0.76378 
vn -0.645669 0 0.76378 
vn 0 -1 0 
vn 0 -1 0 
vn 0 -1 0 
vn 0 -1 0 
vn -0.76378 0 -0.645669 
vn -0.76378 0 -0.645669 
vn -0.76378 0 -0.645669 
vn -0.76378 0 -0.645669 

vt 7.23467 0.25 
vt 7 0.25 
vt 7.23467 0.0626125 
vt 7 0.0626125 
vt 7.23016 0.25 
vt 7 0.25 
vt 7.23016 0.0153339 
vt 7 0.0153339 
vt 7.23016 0.25 
vt 7 0.25 
vt 7.23016 0.0626125 
vt 7 0.0626125 
vt 7.23467 0.25 
vt 7 0.25 
vt 7.23467 0.0626125 
vt 7 0.0626125 
vt 7.23016 0.25 
vt 7 0.25 
vt 7.23016 0.0153339 
vt 7 0.0153339 
vt 7.23016 0.25 
vt 7 0.25 
vt 7.23016 0.0626125 
vt 7 0.0626125 

usemtl Part1Mtl

f 241/241/241 242/242/242 243/243/243 
f 243/243/243 242/242/242 244/244/244 
f 245/245/245 246/246/246 247/247/247 
f 247/247/247 246/246/246 248/248/248 
f 249/249/249 250/250/250 251/251/251 
f 251/251/251 250/250/250 252/252/252 
f 253/253/253 254/254/254 255/255/255 
f 255/255/255 254/254/254 256/256/256 
f 257/257/257 258/258/258 259/259/259 
f 259/259/259 258/258/258 260/260/260 
f 261/261/261 262/262/262 263/263/263 
f 263/263/263 262/262/262 264/264/264 

g Part12

v -0.34362 20.8438 -71.3137 
v 1.09449 20.8438 -70.107 
v -0.34362 19.0359 -71.3137 
v 1.09449 19.0359 -70.107 
v -1.85992 20.8438 -66.586 
v 1.09449 20.8438 -70.107 
v -3.29803 20.8438 -67.7928 
v -0.34362 20.8438 -71.3137 
v 1.09449 20.8438 -70.107 
v -1.85992 20.8438 -66.586 
v 1.09449 19.0359 -70.107 
v -1.85992 19.0359 -66.586 
v -1.85992 20.8438 -66.586 
v -3.29803 20.8438 -67.7928 
v -1.85992 19.0359 -66.586 
v -3.29803 19.0359 -67.7928 
v -3.29803 19.0359 -67.7928 
v -0.34362 19.0359 -71.3137 
v -1.85992 19.0359 -66.586 
v 1.09449 19.0359 -70.107 
v -3.29803 20.8438 -67.7928 
v -0.34362 20.8438 -71.3137 
v -3.29803 19.0359 -67.7928 
v -0.34362 19.0359 -71.3137 

vn 0.645669 0 -0.76378 
vn 0.645669 0 -0.76378 
vn 0.645669 0 -0.76378 
vn 0.645669 0 -0.76378 
vn 0 1 0 
vn 0 1 0 
vn 0 1 0 
vn 0 1 0 
vn 0.76378 0 0.645669 
vn 0.76378 0 0.645669 
vn 0.76378 0 0.645669 
vn 0.76378 0 0.645669 
vn -0.645669 0 0.76378 
vn -0.645669 0 0.76378 
vn -0.645669 0 0.76378 
vn -0.645669 0 0.76378 
vn 0 -1 0 
vn 0 -1 0 
vn 0 -1 0 
vn 0 -1 0 
vn -0.76378 0 -0.645669 
vn -0.76378 0 -0.645669 
vn -0.76378 0 -0.645669 
vn -0.76378 0 -0.645669 

vt 0.734666 -6 
vt 0.5 -6 
vt 0.734666 -6.22599 
vt 0.5 -6.22599 
vt 1.07453 -6 
vt 0.5 -6 
vt 1.07453 -6.23467 
vt 0.5 -6.23467 
vt 1.07453 -6 
vt 0.5 -6 
vt 1.07453 -6.22599 
vt 0.5 -6.22599 
vt 0.734666 -6 
vt 0.5 -6 
vt 0.734666 -6.22599 
vt 0.5 -6.22599 
vt 1.07453 -6 
vt 0.5 -6 
vt 1.07453 -6.23467 
vt 0.5 -6.23467 
vt 1.07453 -6 
vt 0.5 -6 
vt 1.07453 -6.22599 
vt 0.5 -6.22599 

usemtl Part1Mtl

f 265/265/265 266/266/266 267/267/267 
f 267/267/267 266/266/266 268/268/268 
f 269/269/269 270/270/270 271/271/271 
f 271/271/271 270/270/270 272/272/272 
f 273/273/273 274/274/274 275/275/275 
f 275/275/275 274/274/274 276/276/276 
f 277/277/277 278/278/278 279/279/279 
f 279/279/279 278/278/278 280/280/280 
f 281/281/281 282/282/282 283/283/283 
f 283/283/283 282/282/282 284/284/284 
f 285/285/285 286/286/286 287/287/287 
f 287/287/287 286/286/286 288/288/288 

g Part13

v -1.83979 3.21722 -71.5068 
v 0.423943 3.21722 -69.6073 
v -1.83979 0.0550017 -71.5068 
v 0.423943 0.0550017 -69.6073 
v -1.38806 3.21722 -67.4479 
v 0.423943 3.21722 -69.6073 
v -3.65179 3.21722 -69.3474 
v -1.83979 3.21722 -71.5068 
v 0.423943 3.21722 -69.6073 
v -1.38806 3.21722 -67.4479 
v 0.423943 0.0550017 -69.6073 
v -1.38806 0.0550017 -67.4479 
v -1.38806 3.21722 -67.4479 
v -3.65179 3.21722 -69.3474 
v -1.38806 0.0550017 -67.4479 
v -3.65179 0.0550017 -69.3474 
v -3.65179 0.0550017 -69.3474 
v -1.83979 0.0550017 -71.5068 
v -1.38806 0.0550017 -67.4479 
v 0.423943 0.0550017 -69.6073 
v -3.65179 3.21722 -69.3474 
v -1.83979 3.21722 -71.5068 
v -3.65179 0.0550017 -69.3474 
v -1.83979 0.0550017 -71.5068 

vn 0.645669 0 -0.76378 
vn 0.645669 0 -0.76378 
vn 0.645669 0 -0.76378 
vn 0.645669 0 -0.76378 
vn 0 1 0 
vn 0 1 0 
vn 0 1 0 
vn 0 1 0 
vn 0.76378 0 0.645669 
vn 0.76378 0 0.645669 
vn 0.76378 0 0.645669 
vn 0.76378 0 0.645669 
vn -0.645669 0 0.76378 
vn -0.645669 0 0.76378 
vn -0.645669 0 0.76378 
vn -0.645669 0 0.76378 
vn 0 -1 0 
vn 0 -1 0 
vn 0 -1 0 
vn 0 -1 0 
vn -0.76378 0 -0.645669 
vn -0.76378 0 -0.645669 
vn -0.76378 0 -0.645669 
vn -0.76378 0 -0.645669 

vt 2.61939 -6.25 
vt 2.25 -6.25 
vt 2.61939 -6.64528 
vt 2.25 -6.64528 
vt 2.60237 -6.25 
vt 2.25 -6.25 
vt 2.60237 -6.61939 
vt 2.25 -6.61939 
vt 2.60237 -6.25 
vt 2.25 -6.25 
vt 2.60237 -6.64528 
vt 2.25 -6.64528 
vt 2.61939 -6.25 
vt 2.25 -6.25 
vt 2.61939 -6.64528 
vt 2.25 -6.64528 
vt 2.60237 -6.25 
vt 2.25 -6.25 
vt 2.60237 -6.61939 
vt 2.25 -6.61939 
vt 2.60237 -6.25 
vt 2.25 -6.25 
vt 2.60237 -6.64528 
vt 2.25 -6.64528 

usemtl Part1Mtl

f 289/289/289 290/290/290 291/291/291 
f 291/291/291 290/290/290 292/292/292 
f 293/293/293 294/294/294 295/295/295 
f 295/295/295 294/294/294 296/296/296 
f 297/297/297 298/298/298 299/299/299 
f 299/299/299 298/298/298 300/300/300 
f 301/301/301 302/302/302 303/303/303 
f 303/303/303 302/302/302 304/304/304 
f 305/305/305 306/306/306 307/307/307 
f 307/307/307 306/306/306 308/308/308 
f 309/309/309 310/310/310 311/311/311 
f 311/311/311 310/310/310 312/312/312 

g Part14

v -1.74231 15.6368 -70.815 
v -0.304196 15.6368 -69.6083 
v -1.74231 0.0549965 -70.815 
v -0.304196 0.0549965 -69.6083 
v -1.51092 15.6368 -68.1702 
v -0.304196 15.6368 -69.6083 
v -2.94903 15.6368 -69.3769 
v -1.74231 15.6368 -70.815 
v -0.304196 15.6368 -69.6083 
v -1.51092 15.6368 -68.1702 
v -0.304196 0.0549965 -69.6083 
v -1.51092 0.0549965 -68.1702 
v -1.51092 15.6368 -68.1702 
v -2.94903 15.6368 -69.3769 
v -1.51092 0.0549965 -68.1702 
v -2.94903 0.0549965 -69.3769 
v -2.94903 0.0549965 -69.3769 
v -1.74231 0.0549965 -70.815 
v -1.51092 0.0549965 -68.1702 
v -0.304196 0.0549965 -69.6083 
v -2.94903 15.6368 -69.3769 
v -1.74231 15.6368 -70.815 
v -2.94903 0.0549965 -69.3769 
v -1.74231 0.0549965 -70.815 

vn 0.645669 0 -0.76378 
vn 0.645669 0 -0.76378 
vn 0.645669 0 -0.76378 
vn 0.645669 0 -0.76378 
vn 0 1 0 
vn 0 1 0 
vn 0 1 0 
vn 0 1 0 
vn 0.76378 0 0.645669 
vn 0.76378 0 0.645669 
vn 0.76378 0 0.645669 
vn 0.76378 0 0.645669 
vn -0.645669 0 0.76378 
vn -0.645669 0 0.76378 
vn -0.645669 0 0.76378 
vn -0.645669 0 0.76378 
vn 0 -1 0 
vn 0 -1 0 
vn 0 -1 0 
vn 0 -1 0 
vn -0.76378 0 -0.645669 
vn -0.76378 0 -0.645669 
vn -0.76378 0 -0.645669 
vn -0.76378 0 -0.645669 

vt 0.484666 -1 
vt 0.25 -1 
vt 0.484666 -2.94773 
vt 0.25 -2.94773 
vt 0.484666 -1 
vt 0.25 -1 
vt 0.484666 -1.23467 
vt 0.25 -1.23467 
vt 0.484666 -1 
vt 0.25 -1 
vt 0.484666 -2.94773 
vt 0.25 -2.94773 
vt 0.484666 -1 
vt 0.25 -1 
vt 0.484666 -2.94773 
vt 0.25 -2.94773 
vt 0.484666 -1 
vt 0.25 -1 
vt 0.484666 -1.23467 
vt 0.25 -1.23467 
vt 0.484666 -1 
vt 0.25 -1 
vt 0.484666 -2.94773 
vt 0.25 -2.94773 

usemtl Part1Mtl

f 313/313/313 314/314/314 315/315/315 
f 315/315/315 314/314/314 316/316/316 
f 317/317/317 318/318/318 319/319/319 
f 319/319/319 318/318/318 320/320/320 
f 321/321/321 322/322/322 323/323/323 
f 323/323/323 322/322/322 324/324/324 
f 325/325/325 326/326/326 327/327/327 
f 327/327/327 326/326/326 328/328/328 
f 329/329/329 330/330/330 331/331/331 
f 331/331/331 330/330/330 332/332/332 
f 333/333/333 334/334/334 335/335/335 
f 335/335/335 334/334/334 336/336/336 

g Part15

v -3.80196 17.1387 -73.0334 
v 5.11435 17.1387 -65.5518 
v -3.80196 9.44164 -73.0334 
v 5.11435 9.44164 -65.5518 
v -0.436571 17.1387 -58.9364 
v 5.11435 17.1387 -65.5518 
v -9.35288 17.1387 -66.4181 
v -3.80196 17.1387 -73.0334 
v 5.11435 17.1387 -65.5518 
v -0.436571 17.1387 -58.9364 
v 5.11435 9.44164 -65.5518 
v -0.436571 9.44164 -58.9364 
v -0.436571 17.1387 -58.9364 
v -9.35288 17.1387 -66.4181 
v -0.436571 9.44164 -58.9364 
v -9.35288 9.44164 -66.4181 
v -9.35288 9.44164 -66.4181 
v -3.80196 9.44164 -73.0334 
v -0.436571 9.44164 -58.9364 
v 5.11435 9.44164 -65.5518 
v -9.35288 17.1387 -66.4181 
v -3.80196 17.1387 -73.0334 
v -9.35288 9.44164 -66.4181 
v -3.80196 9.44164 -73.0334 

vn 0.645669 0 -0.76378 
vn 0.645669 0 -0.76378 
vn 0.645669 0 -0.76378 
vn 0.645669 0 -0.76378 
vn 0 1 0 
vn 0 1 0 
vn 0 1 0 
vn 0 1 0 
vn 0.76378 0 0.645669 
vn 0.76378 0 0.645669 
vn 0.76378 0 0.645669 
vn 0.76378 0 0.645669 
vn -0.645669 0 0.76378 
vn -0.645669 0 0.76378 
vn -0.645669 0 0.76378 
vn -0.645669 0 0.76378 
vn 0 -1 0 
vn 0 -1 0 
vn 0 -1 0 
vn 0 -1 0 
vn -0.76378 0 -0.645669 
vn -0.76378 0 -0.645669 
vn -0.76378 0 -0.645669 
vn -0.76378 0 -0.645669 

vt 8.70493 -6.25 
vt 7.25 -6.25 
vt 8.70493 -7.21213 
vt 7.25 -7.21213 
vt 8.32946 -6.25 
vt 7.25 -6.25 
vt 8.32946 -7.70493 
vt 7.25 -7.70493 
vt 8.32946 -6.25 
vt 7.25 -6.25 
vt 8.32946 -7.21213 
vt 7.25 -7.21213 
vt 8.70493 -6.25 
vt 7.25 -6.25 
vt 8.70493 -7.21213 
vt 7.25 -7.21213 
vt 8.32946 -6.25 
vt 7.25 -6.25 
vt 8.32946 -7.70493 
vt 7.25 -7.70493 
vt 8.32946 -6.25 
vt 7.25 -6.25 
vt 8.32946 -7.21213 
vt 7.25 -7.21213 

usemtl Part5Mtl

f 337/337/337 338/338/338 339/339/339 
f 339/339/339 338/338/338 340/340/340 
f 341/341/341 342/342/342 343/343/343 
f 343/343/343 342/342/342 344/344/344 
f 345/345/345 346/346/346 347/347/347 
f 347/347/347 346/346/346 348/348/348 
f 349/349/349 350/350/350 351/351/351 
f 351/351/351 350/350/350 352/352/352 
f 353/353/353 354/354/354 355/355/355 
f 355/355/355 354/354/354 356/356/356 
f 357/357/357 358/358/358 359/359/359 
f 359/359/359 358/358/358 360/360/360 

g Part16

v -1.71245 18.0774 -79.6124 
v 6.62861 18.0774 -72.6134 
v -1.71245 10.3803 -79.6124 
v 6.62861 10.3803 -72.6134 
v -1.33575 18.0774 -63.1219 
v 6.62861 18.0774 -72.6134 
v -9.67682 18.0774 -70.1209 
v -1.71245 18.0774 -79.6124 
v 6.62861 18.0774 -72.6134 
v -1.33575 18.0774 -63.1219 
v 6.62861 10.3803 -72.6134 
v -1.33575 10.3803 -63.1219 
v -1.33575 18.0774 -63.1219 
v -9.67682 18.0774 -70.1209 
v -1.33575 10.3803 -63.1219 
v -9.67682 10.3803 -70.1209 
v -9.67682 10.3803 -70.1209 
v -1.71245 10.3803 -79.6124 
v -1.33575 10.3803 -63.1219 
v 6.62861 10.3803 -72.6134 
v -9.67682 18.0774 -70.1209 
v -1.71245 18.0774 -79.6124 
v -9.67682 10.3803 -70.1209 
v -1.71245 10.3803 -79.6124 

vn 0.645669 0 -0.76378 
vn 0.645669 0 -0.76378 
vn 0.645669 0 -0.76378 
vn 0.645669 0 -0.76378 
vn 0 1 0 
vn 0 1 0 
vn 0 1 0 
vn 0 1 0 
vn 0.76378 0 0.645669 
vn 0.76378 0 0.645669 
vn 0.76378 0 0.645669 
vn 0.76378 0 0.645669 
vn -0.645669 0 0.76378 
vn -0.645669 0 0.76378 
vn -0.645669 0 0.76378 
vn -0.645669 0 0.76378 
vn 0 -1 0 
vn 0 -1 0 
vn 0 -1 0 
vn 0 -1 0 
vn -0.76378 0 -0.645669 
vn -0.76378 0 -0.645669 
vn -0.76378 0 -0.645669 
vn -0.76378 0 -0.645669 

vt 5.86106 -4.25 
vt 4.5 -4.25 
vt 5.86106 -5.21213 
vt 4.5 -5.21213 
vt 6.0488 -4.25 
vt 4.5 -4.25 
vt 6.0488 -5.61106 
vt 4.5 -5.61106 
vt 6.0488 -4.25 
vt 4.5 -4.25 
vt 6.0488 -5.21213 
vt 4.5 -5.21213 
vt 5.86106 -4.25 
vt 4.5 -4.25 
vt 5.86106 -5.21213 
vt 4.5 -5.21213 
vt 6.0488 -4.25 
vt 4.5 -4.25 
vt 6.0488 -5.61106 
vt 4.5 -5.61106 
vt 6.0488 -4.25 
vt 4.5 -4.25 
vt 6.0488 -5.21213 
vt 4.5 -5.21213 

usemtl Part5Mtl

f 361/361/361 362/362/362 363/363/363 
f 363/363/363 362/362/362 364/364/364 
f 365/365/365 366/366/366 367/367/367 
f 367/367/367 366/366/366 368/368/368 
f 369/369/369 370/370/370 371/371/371 
f 371/371/371 370/370/370 372/372/372 
f 373/373/373 374/374/374 375/375/375 
f 375/375/375 374/374/374 376/376/376 
f 377/377/377 378/378/378 379/379/379 
f 379/379/379 378/378/378 380/380/380 
f 381/381/381 382/382/382 383/383/383 
f 383/383/383 382/382/382 384/384/384 

g Part17

v -3.21849 31.0309 -67.8875 
v -1.78038 31.0309 -66.6808 
v -3.21849 13.1963 -67.8875 
v -1.78038 13.1963 -66.6808 
v -2.9871 31.0309 -65.2427 
v -1.78038 31.0309 -66.6808 
v -4.42521 31.0309 -66.4494 
v -3.21849 31.0309 -67.8875 
v -1.78038 31.0309 -66.6808 
v -2.9871 31.0309 -65.2427 
v -1.78038 13.1963 -66.6808 
v -2.9871 13.1963 -65.2427 
v -2.9871 31.0309 -65.2427 
v -4.42521 31.0309 -66.4494 
v -2.9871 13.1963 -65.2427 
v -4.42521 13.1963 -66.4494 
v -4.42521 13.1963 -66.4494 
v -3.21849 13.1963 -67.8875 
v -2.9871 13.1963 -65.2427 
v -1.78038 13.1963 -66.6808 
v -4.42521 31.0309 -66.4494 
v -3.21849 31.0309 -67.8875 
v -4.42521 13.1963 -66.4494 
v -3.21849 13.1963 -67.8875 

vn 0.645669 0 -0.76378 
vn 0.645669 0 -0.76378 
vn 0.645669 0 -0.76378 
vn 0.645669 0 -0.76378 
vn 0 1 0 
vn 0 1 0 
vn 0 1 0 
vn 0 1 0 
vn 0.76378 0 0.645669 
vn 0.76378 0 0.645669 
vn 0.76378 0 0.645669 
vn 0.76378 0 0.645669 
vn -0.645669 0 0.76378 
vn -0.645669 0 0.76378 
vn -0.645669 0 0.76378 
vn -0.645669 0 0.76378 
vn 0 -1 0 
vn 0 -1 0 
vn 0 -1 0 
vn 0 -1 0 
vn -0.76378 0 -0.645669 
vn -0.76378 0 -0.645669 
vn -0.76378 0 -0.645669 
vn -0.76378 0 -0.645669 

vt 6.73467 -1.5 
vt 6.5 -1.5 
vt 6.73467 -3.72933 
vt 6.5 -3.72933 
vt 6.73467 -1.5 
vt 6.5 -1.5 
vt 6.73467 -1.73467 
vt 6.5 -1.73467 
vt 6.73467 -1.5 
vt 6.5 -1.5 
vt 6.73467 -3.72933 
vt 6.5 -3.72933 
vt 6.73467 -1.5 
vt 6.5 -1.5 
vt 6.73467 -3.72933 
vt 6.5 -3.72933 
vt 6.73467 -1.5 
vt 6.5 -1.5 
vt 6.73467 -1.73467 
vt 6.5 -1.73467 
vt 6.73467 -1.5 
vt 6.5 -1.5 
vt 6.73467 -3.72933 
vt 6.5 -3.72933 

usemtl Part1Mtl

f 385/385/385 386/386/386 387/387/387 
f 387/387/387 386/386/386 388/388/388 
f 389/389/389 390/390/390 391/391/391 
f 391/391/391 390/390/390 392/392/392 
f 393/393/393 394/394/394 395/395/395 
f 395/395/395 394/394/394 396/396/396 
f 397/397/397 398/398/398 399/399/399 
f 399/399/399 398/398/398 400/400/400 
f 401/401/401 402/402/402 403/403/403 
f 403/403/403 402/402/402 404/404/404 
f 405/405/405 406/406/406 407/407/407 
f 407/407/407 406/406/406 408/408/408 

g Part18

v -1.90752 34.5979 -78.7958 
v 5.85829 34.5979 -72.2795 
v -1.90752 28.7781 -78.7958 
v 5.85829 28.7781 -72.2795 
v -0.658 34.5979 -64.5137 
v 5.85829 34.5979 -72.2795 
v -8.42382 34.5979 -71.03 
v -1.90752 34.5979 -78.7958 
v 5.85829 34.5979 -72.2795 
v -0.658 34.5979 -64.5137 
v 5.85829 28.7781 -72.2795 
v -0.658 28.7781 -64.5137 
v -0.658 34.5979 -64.5137 
v -8.42382 34.5979 -71.03 
v -0.658 28.7781 -64.5137 
v -8.42382 28.7781 -71.03 
v -8.42382 28.7781 -71.03 
v -1.90752 28.7781 -78.7958 
v -0.658 28.7781 -64.5137 
v 5.85829 28.7781 -72.2795 
v -8.42382 34.5979 -71.03 
v -1.90752 34.5979 -78.7958 
v -8.42382 28.7781 -71.03 
v -1.90752 28.7781 -78.7958 

vn 0.645669 0 -0.76378 
vn 0.645669 0 -0.76378 
vn 0.645669 0 -0.76378 
vn 0.645669 0 -0.76378 
vn 0 1 0 
vn 0 1 0 
vn 0 1 0 
vn 0 1 0 
vn 0.76378 0 0.645669 
vn 0.76378 0 0.645669 
vn 0.76378 0 0.645669 
vn 0.76378 0 0.645669 
vn -0.645669 0 0.76378 
vn -0.645669 0 0.76378 
vn -0.645669 0 0.76378 
vn -0.645669 0 0.76378 
vn 0 -1 0 
vn 0 -1 0 
vn 0 -1 0 
vn 0 -1 0 
vn -0.76378 0 -0.645669 
vn -0.76378 0 -0.645669 
vn -0.76378 0 -0.645669 
vn -0.76378 0 -0.645669 

vt 7.7672 -3.75 
vt 6.5 -3.75 
vt 7.7672 -4.47747 
vt 6.5 -4.47747 
vt 7.7672 -3.75 
vt 6.5 -3.75 
vt 7.7672 -5.0172 
vt 6.5 -5.0172 
vt 7.7672 -3.75 
vt 6.5 -3.75 
vt 7.7672 -4.47747 
vt 6.5 -4.47747 
vt 7.7672 -3.75 
vt 6.5 -3.75 
vt 7.7672 -4.47747 
vt 6.5 -4.47747 
vt 7.7672 -3.75 
vt 6.5 -3.75 
vt 7.7672 -5.0172 
vt 6.5 -5.0172 
vt 7.7672 -3.75 
vt 6.5 -3.75 
vt 7.7672 -4.47747 
vt 6.5 -4.47747 

usemtl Part5Mtl

f 409/409/409 410/410/410 411/411/411 
f 411/411/411 410/410/410 412/412/412 
f 413/413/413 414/414/414 415/415/415 
f 415/415/415 414/414/414 416/416/416 
f 417/417/417 418/418/418 419/419/419 
f 419/419/419 418/418/418 420/420/420 
f 421/421/421 422/422/422 423/423/423 
f 423/423/423 422/422/422 424/424/424 
f 425/425/425 426/426/426 427/427/427 
f 427/427/427 426/426/426 428/428/428 
f 429/429/429 430/430/430 431/431/431 
f 431/431/431 430/430/430 432/432/432 

g Part19

v -3.11425 27.8395 -77.3577 
v 3.21346 27.8395 -72.0481 
v -3.11425 22.0198 -77.3577 
v 3.21346 22.0198 -72.0481 
v -4.02687 27.8395 -63.4195 
v 3.21346 27.8395 -72.0481 
v -10.3546 27.8395 -68.729 
v -3.11425 27.8395 -77.3577 
v 3.21346 27.8395 -72.0481 
v -4.02687 27.8395 -63.4195 
v 3.21346 22.0198 -72.0481 
v -4.02687 22.0198 -63.4195 
v -4.02687 27.8395 -63.4195 
v -10.3546 27.8395 -68.729 
v -4.02687 22.0198 -63.4195 
v -10.3546 22.0198 -68.729 
v -10.3546 22.0198 -68.729 
v -3.11425 22.0198 -77.3577 
v -4.02687 22.0198 -63.4195 
v 3.21346 22.0198 -72.0481 
v -10.3546 27.8395 -68.729 
v -3.11425 27.8395 -77.3577 
v -10.3546 22.0198 -68.729 
v -3.11425 22.0198 -77.3577 

vn 0.645669 0 -0.76378 
vn 0.645669 0 -0.76378 
vn 0.645669 0 -0.76378 
vn 0.645669 0 -0.76378 
vn 0 1 0 
vn 0 1 0 
vn 0 1 0 
vn 0 1 0 
vn 0.76378 0 0.645669 
vn 0.76378 0 0.645669 
vn 0.76378 0 0.645669 
vn 0.76378 0 0.645669 
vn -0.645669 0 0.76378 
vn -0.645669 0 0.76378 
vn -0.645669 0 0.76378 
vn -0.645669 0 0.76378 
vn 0 -1 0 
vn 0 -1 0 
vn 0 -1 0 
vn 0 -1 0 
vn -0.76378 0 -0.645669 
vn -0.76378 0 -0.645669 
vn -0.76378 0 -0.645669 
vn -0.76378 0 -0.645669 

vt 5.03253 -1.5 
vt 4 -1.5 
vt 5.03253 -2.22747 
vt 4 -2.22747 
vt 5.408 -1.5 
vt 4 -1.5 
vt 5.408 -2.53253 
vt 4 -2.53253 
vt 5.408 -1.5 
vt 4 -1.5 
vt 5.408 -2.22747 
vt 4 -2.22747 
vt 5.03253 -1.5 
vt 4 -1.5 
vt 5.03253 -2.22747 
vt 4 -2.22747 
vt 5.408 -1.5 
vt 4 -1.5 
vt 5.408 -2.53253 
vt 4 -2.53253 
vt 5.408 -1.5 
vt 4 -1.5 
vt 5.408 -2.22747 
vt 4 -2.22747 

usemtl Part5Mtl

f 433/433/433 434/434/434 435/435/435 
f 435/435/435 434/434/434 436/436/436 
f 437/437/437 438/438/438 439/439/439 
f 439/439/439 438/438/438 440/440/440 
f 441/441/441 442/442/442 443/443/443 
f 443/443/443 442/442/442 444/444/444 
f 445/445/445 446/446/446 447/447/447 
f 447/447/447 446/446/446 448/448/448 
f 449/449/449 450/450/450 451/451/451 
f 451/451/451 450/450/450 452/452/452 
f 453/453/453 454/454/454 455/455/455 
f 455/455/455 454/454/454 456/456/456 

g Part20

v -2.8366 31.5941 -74.1839 
v 4.92922 31.5941 -67.6676 
v -2.8366 24.648 -74.1839 
v 4.92922 24.648 -67.6676 
v -3.75918 31.5941 -57.3132 
v 4.92922 31.5941 -67.6676 
v -11.525 31.5941 -63.8295 
v -2.8366 31.5941 -74.1839 
v 4.92922 31.5941 -67.6676 
v -3.75918 31.5941 -57.3132 
v 4.92922 24.648 -67.6676 
v -3.75918 24.648 -57.3132 
v -3.75918 31.5941 -57.3132 
v -11.525 31.5941 -63.8295 
v -3.75918 24.648 -57.3132 
v -11.525 24.648 -63.8295 
v -11.525 24.648 -63.8295 
v -2.8366 24.648 -74.1839 
v -3.75918 24.648 -57.3132 
v 4.92922 24.648 -67.6676 
v -11.525 31.5941 -63.8295 
v -2.8366 31.5941 -74.1839 
v -11.525 24.648 -63.8295 
v -2.8366 24.648 -74.1839 

vn 0.645669 0 -0.76378 
vn 0.645669 0 -0.76378 
vn 0.645669 0 -0.76378 
vn 0.645669 0 -0.76378 
vn 0 1 0 
vn 0 1 0 
vn 0 1 0 
vn 0 1 0 
vn 0.76378 0 0.645669 
vn 0.76378 0 0.645669 
vn 0.76378 0 0.645669 
vn 0.76378 0 0.645669 
vn -0.645669 0 0.76378 
vn -0.645669 0 0.76378 
vn -0.645669 0 0.76378 
vn -0.645669 0 0.76378 
vn 0 -1 0 
vn 0 -1 0 
vn 0 -1 0 
vn 0 -1 0 
vn -0.76378 0 -0.645669 
vn -0.76378 0 -0.645669 
vn -0.76378 0 -0.645669 
vn -0.76378 0 -0.645669 

vt 1.2672 -2.75 
vt 0 -2.75 
vt 1.2672 -3.61827 
vt 0 -3.61827 
vt 1.6896 -2.75 
vt 0 -2.75 
vt 1.6896 -4.0172 
vt 0 -4.0172 
vt 1.6896 -2.75 
vt 0 -2.75 
vt 1.6896 -3.61827 
vt 0 -3.61827 
vt 1.2672 -2.75 
vt 0 -2.75 
vt 1.2672 -3.61827 
vt 0 -3.61827 
vt 1.6896 -2.75 
vt 0 -2.75 
vt 1.6896 -4.0172 
vt 0 -4.0172 
vt 1.6896 -2.75 
vt 0 -2.75 
vt 1.6896 -3.61827 
vt 0 -3.61827 

usemtl Part5Mtl

f 457/457/457 458/458/458 459/459/459 
f 459/459/459 458/458/458 460/460/460 
f 461/461/461 462/462/462 463/463/463 
f 463/463/463 462/462/462 464/464/464 
f 465/465/465 466/466/466 467/467/467 
f 467/467/467 466/466/466 468/468/468 
f 469/469/469 470/470/470 471/471/471 
f 471/471/471 470/470/470 472/472/472 
f 473/473/473 474/474/474 475/475/475 
f 475/475/475 474/474/474 476/476/476 
f 477/477/477 478/478/478 479/479/479 
f 479/479/479 478/478/478 480/480/480 

g Part21

v 104.799 8.28732 60.8859 
v 103.979 8.28732 60.1979 
v 104.799 6.68159 60.8859 
v 103.979 6.68159 60.1979 
v 104.604 8.28732 59.4531 
v 103.979 8.28732 60.1979 
v 105.424 8.28732 60.1411 
v 104.799 8.28732 60.8859 
v 103.979 8.28732 60.1979 
v 104.604 8.28732 59.4531 
v 103.979 6.68159 60.1979 
v 104.604 6.68159 59.4531 
v 104.604 8.28732 59.4531 
v 105.424 8.28732 60.1411 
v 104.604 6.68159 59.4531 
v 105.424 6.68159 60.1411 
v 105.424 6.68159 60.1411 
v 104.799 6.68159 60.8859 
v 104.604 6.68159 59.4531 
v 103.979 6.68159 60.1979 
v 105.424 8.28732 60.1411 
v 104.799 8.28732 60.8859 
v 105.424 6.68159 60.1411 
v 104.799 6.68159 60.8859 

vn -0.645669 0 0.76378 
vn -0.645669 0 0.76378 
vn -0.645669 0 0.76378 
vn -0.645669 0 0.76378 
vn 0 1 0 
vn 0 1 0 
vn 0 1 0 
vn 0 1 0 
vn -0.76378 0 -0.645669 
vn -0.76378 0 -0.645669 
vn -0.76378 0 -0.645669 
vn -0.76378 0 -0.645669 
vn 0.645669 0 -0.76378 
vn 0.645669 0 -0.76378 
vn 0.645669 0 -0.76378 
vn 0.645669 0 -0.76378 
vn 0 -1 0 
vn 0 -1 0 
vn 0 -1 0 
vn 0 -1 0 
vn 0.76378 0 0.645669 
vn 0.76378 0 0.645669 
vn 0.76378 0 0.645669 
vn 0.76378 0 0.645669 

vt 5.38379 -4.25 
vt 5.25 -4.25 
vt 5.38379 -4.45072 
vt 5.25 -4.45072 
vt 5.37153 -4.25 
vt 5.25 -4.25 
vt 5.37153 -4.38379 
vt 5.25 -4.38379 
vt 5.37153 -4.25 
vt 5.25 -4.25 
vt 5.37153 -4.45072 
vt 5.25 -4.45072 
vt 5.38379 -4.25 
vt 5.25 -4.25 
vt 5.38379 -4.45072 
vt 5.25 -4.45072 
vt 5.37153 -4.25 
vt 5.25 -4.25 
vt 5.37153 -4.38379 
vt 5.25 -4.38379 
vt 5.37153 -4.25 
vt 5.25 -4.25 
vt 5.37153 -4.45072 
vt 5.25 -4.45072 

usemtl Part21Mtl

f 481/481/481 482/482/482 483/483/483 
f 483/483/483 482/482/482 484/484/484 
f 485/485/485 486/486/486 487/487/487 
f 487/487/487 486/486/486 488/488/488 
f 489/489/489 490/490/490 491/491/491 
f 491/491/491 490/490/490 492/492/492 
f 493/493/493 494/494/494 495/495/495 
f 495/495/495 494/494/494 496/496/496 
f 497/497/497 498/498/498 499/499/499 
f 499/499/499 498/498/498 500/500/500 
f 501/501/501 502/502/502 503/503/503 
f 503/503/503 502/502/502 504/504/504 

g Part22

v 104.799 6.69625 60.8859 
v 103.979 6.69625 60.1979 
v 104.799 5.65272 60.8859 
v 103.979 5.65272 60.1979 
v 106.261 6.69625 57.479 
v 103.979 6.69625 60.1979 
v 107.081 6.69625 58.167 
v 104.799 6.69625 60.8859 
v 103.979 6.69625 60.1979 
v 106.261 6.69625 57.479 
v 103.979 5.65272 60.1979 
v 106.261 5.65272 57.479 
v 106.261 6.69625 57.479 
v 107.081 6.69625 58.167 
v 106.261 5.65272 57.479 
v 107.081 5.65272 58.167 
v 107.081 5.65272 58.167 
v 104.799 5.65272 60.8859 
v 106.261 5.65272 57.479 
v 103.979 5.65272 60.1979 
v 107.081 6.69625 58.167 
v 104.799 6.69625 60.8859 
v 107.081 5.65272 58.167 
v 104.799 5.65272 60.8859 

vn -0.645669 0 0.76378 
vn -0.645669 0 0.76378 
vn -0.645669 0 0.76378 
vn -0.645669 0 0.76378 
vn 0 1 0 
vn 0 1 0 
vn 0 1 0 
vn 0 1 0 
vn -0.76378 0 -0.645669 
vn -0.76378 0 -0.645669 
vn -0.76378 0 -0.645669 
vn -0.76378 0 -0.645669 
vn 0.645669 0 -0.76378 
vn 0.645669 0 -0.76378 
vn 0.645669 0 -0.76378 
vn 0.645669 0 -0.76378 
vn 0 -1 0 
vn 0 -1 0 
vn 0 -1 0 
vn 0 -1 0 
vn 0.76378 0 0.645669 
vn 0.76378 0 0.645669 
vn 0.76378 0 0.645669 
vn 0.76378 0 0.645669 

vt 3.13379 -6.75 
vt 3 -6.75 
vt 3.13379 -6.88044 
vt 3 -6.88044 
vt 3.44365 -6.75 
vt 3 -6.75 
vt 3.44365 -6.88379 
vt 3 -6.88379 
vt 3.44365 -6.75 
vt 3 -6.75 
vt 3.44365 -6.88044 
vt 3 -6.88044 
vt 3.13379 -6.75 
vt 3 -6.75 
vt 3.13379 -6.88044 
vt 3 -6.88044 
vt 3.44365 -6.75 
vt 3 -6.75 
vt 3.44365 -6.88379 
vt 3 -6.88379 
vt 3.44365 -6.75 
vt 3 -6.75 
vt 3.44365 -6.88044 
vt 3 -6.88044 

usemtl Part21Mtl

f 505/505/505 506/506/506 507/507/507 
f 507/507/507 506/506/506 508/508/508 
f 509/509/509 510/510/510 511/511/511 
f 511/511/511 510/510/510 512/512/512 
f 513/513/513 514/514/514 515/515/515 
f 515/515/515 514/514/514 516/516/516 
f 517/517/517 518/518/518 519/519/519 
f 519/519/519 518/518/518 520/520/520 
f 521/521/521 522/522/522 523/523/523 
f 523/523/523 522/522/522 524/524/524 
f 525/525/525 526/526/526 527/527/527 
f 527/527/527 526/526/526 528/528/528 

g Part23

v 107.04 2.35994 58.7106 
v 105.789 2.35994 57.6604 
v 107.04 0.054997 58.7106 
v 105.789 0.054997 57.6604 
v 106.904 2.35994 56.3312 
v 105.789 2.35994 57.6604 
v 108.156 2.35994 57.3814 
v 107.04 2.35994 58.7106 
v 105.789 2.35994 57.6604 
v 106.904 2.35994 56.3312 
v 105.789 0.054997 57.6604 
v 106.904 0.054997 56.3312 
v 106.904 2.35994 56.3312 
v 108.156 2.35994 57.3814 
v 106.904 0.054997 56.3312 
v 108.156 0.054997 57.3814 
v 108.156 0.054997 57.3814 
v 107.04 0.054997 58.7106 
v 106.904 0.054997 56.3312 
v 105.789 0.054997 57.6604 
v 108.156 2.35994 57.3814 
v 107.04 2.35994 58.7106 
v 108.156 0.054997 57.3814 
v 107.04 0.054997 58.7106 

vn -0.645669 0 0.76378 
vn -0.645669 0 0.76378 
vn -0.645669 0 0.76378 
vn -0.645669 0 0.76378 
vn 0 1 0 
vn 0 1 0 
vn 0 1 0 
vn 0 1 0 
vn -0.76378 0 -0.645669 
vn -0.76378 0 -0.645669 
vn -0.76378 0 -0.645669 
vn -0.76378 0 -0.645669 
vn 0.645669 0 -0.76378 
vn 0.645669 0 -0.76378 
vn 0.645669 0 -0.76378 
vn 0.645669 0 -0.76378 
vn 0 -1 0 
vn 0 -1 0 
vn 0 -1 0 
vn 0 -1 0 
vn 0.76378 0 0.645669 
vn 0.76378 0 0.645669 
vn 0.76378 0 0.645669 
vn 0.76378 0 0.645669 

vt 0.704218 -2.75 
vt 0.5 -2.75 
vt 0.704218 -3.03812 
vt 0.5 -3.03812 
vt 0.716893 -2.75 
vt 0.5 -2.75 
vt 0.716893 -2.95422 
vt 0.5 -2.95422 
vt 0.716893 -2.75 
vt 0.5 -2.75 
vt 0.716893 -3.03812 
vt 0.5 -3.03812 
vt 0.704218 -2.75 
vt 0.5 -2.75 
vt 0.704218 -3.03812 
vt 0.5 -3.03812 
vt 0.716893 -2.75 
vt 0.5 -2.75 
vt 0.716893 -2.95422 
vt 0.5 -2.95422 
vt 0.716893 -2.75 
vt 0.5 -2.75 
vt 0.716893 -3.03812 
vt 0.5 -3.03812 

usemtl Part21Mtl

f 529/529/529 530/530/530 531/531/531 
f 531/531/531 530/530/530 532/532/532 
f 533/533/533 534/534/534 535/535/535 
f 535/535/535 534/534/534 536/536/536 
f 537/537/537 538/538/538 539/539/539 
f 539/539/539 538/538/538 540/540/540 
f 541/541/541 542/542/542 543/543/543 
f 543/543/543 542/542/542 544/544/544 
f 545/545/545 546/546/546 547/547/547 
f 547/547/547 546/546/546 548/548/548 
f 549/549/549 550/550/550 551/551/551 
f 551/551/551 550/550/550 552/552/552 

g Part24

v 106.974 12.0638 63.2902 
v 102.218 12.0638 59.2998 
v 106.974 7.67548 63.2902 
v 102.218 7.67548 59.2998 
v 106.759 12.0638 53.8884 
v 102.218 12.0638 59.2998 
v 111.514 12.0638 57.8787 
v 106.974 12.0638 63.2902 
v 102.218 12.0638 59.2998 
v 106.759 12.0638 53.8884 
v 102.218 7.67548 59.2998 
v 106.759 7.67548 53.8884 
v 106.759 12.0638 53.8884 
v 111.514 12.0638 57.8787 
v 106.759 7.67548 53.8884 
v 111.514 7.67548 57.8787 
v 111.514 7.67548 57.8787 
v 106.974 7.67548 63.2902 
v 106.759 7.67548 53.8884 
v 102.218 7.67548 59.2998 
v 111.514 12.0638 57.8787 
v 106.974 12.0638 63.2902 
v 111.514 7.67548 57.8787 
v 106.974 7.67548 63.2902 

vn -0.645669 0 0.76378 
vn -0.645669 0 0.76378 
vn -0.645669 0 0.76378 
vn -0.645669 0 0.76378 
vn 0 1 0 
vn 0 1 0 
vn 0 1 0 
vn 0 1 0 
vn -0.76378 0 -0.645669 
vn -0.76378 0 -0.645669 
vn -0.76378 0 -0.645669 
vn -0.76378 0 -0.645669 
vn 0.645669 0 -0.76378 
vn 0.645669 0 -0.76378 
vn 0.645669 0 -0.76378 
vn 0.645669 0 -0.76378 
vn 0 -1 0 
vn 0 -1 0 
vn 0 -1 0 
vn 0 -1 0 
vn 0.76378 0 0.645669 
vn 0.76378 0 0.645669 
vn 0.76378 0 0.645669 
vn 0.76378 0 0.645669 

vt 7.02599 -5 
vt 6.25 -5 
vt 7.02599 -5.54854 
vt 6.25 -5.54854 
vt 7.13302 -5 
vt 6.25 -5 
vt 7.13302 -5.77599 
vt 6.25 -5.77599 
vt 7.13302 -5 
vt 6.25 -5 
vt 7.13302 -5.54854 
vt 6.25 -5.54854 
vt 7.02599 -5 
vt 6.25 -5 
vt 7.02599 -5.54854 
vt 6.25 -5.54854 
vt 7.13302 -5 
vt 6.25 -5 
vt 7.13302 -5.77599 
vt 6.25 -5.77599 
vt 7.13302 -5 
vt 6.25 -5 
vt 7.13302 -5.54854 
vt 6.25 -5.54854 

usemtl Part24Mtl

f 553/553/553 554/554/554 555/555/555 
f 555/555/555 554/554/554 556/556/556 
f 557/557/557 558/558/558 559/559/559 
f 559/559/559 558/558/558 560/560/560 
f 561/561/561 562/562/562 563/563/563 
f 563/563/563 562/562/562 564/564/564 
f 565/565/565 566/566/566 567/567/567 
f 567/567/567 566/566/566 568/568/568 
f 569/569/569 570/570/570 571/571/571 
f 571/571/571 570/570/570 572/572/572 
f 573/573/573 574/574/574 575/575/575 
f 575/575/575 574/574/574 576/576/576 

g Part25

v 109.249 15.2748 63.2431 
v 104.493 15.2748 59.2527 
v 109.249 10.8865 63.2431 
v 104.493 10.8865 59.2527 
v 109.447 15.2748 53.3493 
v 104.493 15.2748 59.2527 
v 114.202 15.2748 57.3397 
v 109.249 15.2748 63.2431 
v 104.493 15.2748 59.2527 
v 109.447 15.2748 53.3493 
v 104.493 10.8865 59.2527 
v 109.447 10.8865 53.3493 
v 109.447 15.2748 53.3493 
v 114.202 15.2748 57.3397 
v 109.447 10.8865 53.3493 
v 114.202 10.8865 57.3397 
v 114.202 10.8865 57.3397 
v 109.249 10.8865 63.2431 
v 109.447 10.8865 53.3493 
v 104.493 10.8865 59.2527 
v 114.202 15.2748 57.3397 
v 109.249 15.2748 63.2431 
v 114.202 10.8865 57.3397 
v 109.249 10.8865 63.2431 

vn -0.645669 0 0.76378 
vn -0.645669 0 0.76378 
vn -0.645669 0 0.76378 
vn -0.645669 0 0.76378 
vn 0 1 0 
vn 0 1 0 
vn 0 1 0 
vn 0 1 0 
vn -0.76378 0 -0.645669 
vn -0.76378 0 -0.645669 
vn -0.76378 0 -0.645669 
vn -0.76378 0 -0.645669 
vn 0.645669 0 -0.76378 
vn 0.645669 0 -0.76378 
vn 0.645669 0 -0.76378 
vn 0.645669 0 -0.76378 
vn 0 -1 0 
vn 0 -1 0 
vn 0 -1 0 
vn 0 -1 0 
vn 0.76378 0 0.645669 
vn 0.76378 0 0.645669 
vn 0.76378 0 0.645669 
vn 0.76378 0 0.645669 

vt 7.02599 -0.25 
vt 6.25 -0.25 
vt 7.02599 -0.798541 
vt 6.25 -0.798541 
vt 7.21329 -0.25 
vt 6.25 -0.25 
vt 7.21329 -1.02599 
vt 6.25 -1.02599 
vt 7.21329 -0.25 
vt 6.25 -0.25 
vt 7.21329 -0.798541 
vt 6.25 -0.798541 
vt 7.02599 -0.25 
vt 6.25 -0.25 
vt 7.02599 -0.798541 
vt 6.25 -0.798541 
vt 7.21329 -0.25 
vt 6.25 -0.25 
vt 7.21329 -1.02599 
vt 6.25 -1.02599 
vt 7.21329 -0.25 
vt 6.25 -0.25 
vt 7.21329 -0.798541 
vt 6.25 -0.798541 

usemtl Part24Mtl

f 577/577/577 578/578/578 579/579/579 
f 579/579/579 578/578/578 580/580/580 
f 581/581/581 582/582/582 583/583/583 
f 583/583/583 582/582/582 584/584/584 
f 585/585/585 586/586/586 587/587/587 
f 587/587/587 586/586/586 588/588/588 
f 589/589/589 590/590/590 591/591/591 
f 591/591/591 590/590/590 592/592/592 
f 593/593/593 594/594/594 595/595/595 
f 595/595/595 594/594/594 596/596/596 
f 597/597/597 598/598/598 599/599/599 
f 599/599/599 598/598/598 600/600/600 

g Part26

v 106.991 14.3115 58.2745 
v 106.171 14.3115 57.5865 
v 106.991 0.504305 58.2745 
v 106.171 0.504305 57.5865 
v 106.859 14.3115 56.7666 
v 106.171 14.3115 57.5865 
v 107.679 14.3115 57.4546 
v 106.991 14.3115 58.2745 
v 106.171 14.3115 57.5865 
v 106.859 14.3115 56.7666 
v 106.171 0.504305 57.5865 
v 106.859 0.504305 56.7666 
v 106.859 14.3115 56.7666 
v 107.679 14.3115 57.4546 
v 106.859 0.504305 56.7666 
v 107.679 0.504305 57.4546 
v 107.679 0.504305 57.4546 
v 106.991 0.504305 58.2745 
v 106.859 0.504305 56.7666 
v 106.171 0.504305 57.5865 
v 107.679 14.3115 57.4546 
v 106.991 14.3115 58.2745 
v 107.679 0.504305 57.4546 
v 106.991 0.504305 58.2745 

vn -0.645669 0 0.76378 
vn -0.645669 0 0.76378 
vn -0.645669 0 0.76378 
vn -0.645669 0 0.76378 
vn 0 1 0 
vn 0 1 0 
vn 0 1 0 
vn 0 1 0 
vn -0.76378 0 -0.645669 
vn -0.76378 0 -0.645669 
vn -0.76378 0 -0.645669 
vn -0.76378 0 -0.645669 
vn 0.645669 0 -0.76378 
vn 0.645669 0 -0.76378 
vn 0.645669 0 -0.76378 
vn 0.645669 0 -0.76378 
vn 0 -1 0 
vn 0 -1 0 
vn 0 -1 0 
vn 0 -1 0 
vn 0.76378 0 0.645669 
vn 0.76378 0 0.645669 
vn 0.76378 0 0.645669 
vn 0.76378 0 0.645669 

vt 4.63379 -3 
vt 4.5 -3 
vt 4.63379 -4.7259 
vt 4.5 -4.7259 
vt 4.63379 -3 
vt 4.5 -3 
vt 4.63379 -3.13379 
vt 4.5 -3.13379 
vt 4.63379 -3 
vt 4.5 -3 
vt 4.63379 -4.7259 
vt 4.5 -4.7259 
vt 4.63379 -3 
vt 4.5 -3 
vt 4.63379 -4.7259 
vt 4.5 -4.7259 
vt 4.63379 -3 
vt 4.5 -3 
vt 4.63379 -3.13379 
vt 4.5 -3.13379 
vt 4.63379 -3 
vt 4.5 -3 
vt 4.63379 -4.7259 
vt 4.5 -4.7259 

usemtl Part21Mtl

f 601/601/601 602/602/602 603/603/603 
f 603/603/603 602/602/602 604/604/604 
f 605/605/605 606/606/606 607/607/607 
f 607/607/607 606/606/606 608/608/608 
f 609/609/609 610/610/610 611/611/611 
f 611/611/611 610/610/610 612/612/612 
f 613/613/613 614/614/614 615/615/615 
f 615/615/615 614/614/614 616/616/616 
f 617/617/617 618/618/618 619/619/619 
f 619/619/619 618/618/618 620/620/620 
f 621/621/621 622/622/622 623/623/623 
f 623/623/623 622/622/622 624/624/624 

g Part27

v 108.165 11.5286 59.5393 
v 103.081 11.5286 55.2737 
v 108.165 7.14032 59.5393 
v 103.081 7.14032 55.2737 
v 106.246 11.5286 51.5021 
v 103.081 11.5286 55.2737 
v 111.33 11.5286 55.7677 
v 108.165 11.5286 59.5393 
v 103.081 11.5286 55.2737 
v 106.246 11.5286 51.5021 
v 103.081 7.14032 55.2737 
v 106.246 7.14032 51.5021 
v 106.246 11.5286 51.5021 
v 111.33 11.5286 55.7677 
v 106.246 7.14032 51.5021 
v 111.33 7.14032 55.7677 
v 111.33 7.14032 55.7677 
v 108.165 7.14032 59.5393 
v 106.246 7.14032 51.5021 
v 103.081 7.14032 55.2737 
v 111.33 11.5286 55.7677 
v 108.165 11.5286 59.5393 
v 111.33 7.14032 55.7677 
v 108.165 7.14032 59.5393 

vn -0.645669 0 0.76378 
vn -0.645669 0 0.76378 
vn -0.645669 0 0.76378 
vn -0.645669 0 0.76378 
vn 0 1 0 
vn 0 1 0 
vn 0 1 0 
vn 0 1 0 
vn -0.76378 0 -0.645669 
vn -0.76378 0 -0.645669 
vn -0.76378 0 -0.645669 
vn -0.76378 0 -0.645669 
vn 0.645669 0 -0.76378 
vn 0.645669 0 -0.76378 
vn 0.645669 0 -0.76378 
vn 0.645669 0 -0.76378 
vn 0 -1 0 
vn 0 -1 0 
vn 0 -1 0 
vn 0 -1 0 
vn 0.76378 0 0.645669 
vn 0.76378 0 0.645669 
vn 0.76378 0 0.645669 
vn 0.76378 0 0.645669 

vt 3.5795 0.75 
vt 2.75 0.75 
vt 3.5795 0.201459 
vt 2.75 0.201459 
vt 3.36544 0.75 
vt 2.75 0.75 
vt 3.36544 -0.0795014 
vt 2.75 -0.0795014 
vt 3.36544 0.75 
vt 2.75 0.75 
vt 3.36544 0.201459 
vt 2.75 0.201459 
vt 3.5795 0.75 
vt 2.75 0.75 
vt 3.5795 0.201459 
vt 2.75 0.201459 
vt 3.36544 0.75 
vt 2.75 0.75 
vt 3.36544 -0.0795014 
vt 2.75 -0.0795014 
vt 3.36544 0.75 
vt 2.75 0.75 
vt 3.36544 0.201459 
vt 2.75 0.201459 

usemtl Part24Mtl

f 625/625/625 626/626/626 627/627/627 
f 627/627/627 626/626/626 628/628/628 
f 629/629/629 630/630/630 631/631/631 
f 631/631/631 630/630/630 632/632/632 
f 633/633/633 634/634/634 635/635/635 
f 635/635/635 634/634/634 636/636/636 
f 637/637/637 638/638/638 639/639/639 
f 639/639/639 638/638/638 640/640/640 
f 641/641/641 642/642/642 643/643/643 
f 643/643/643 642/642/642 644/644/644 
f 645/645/645 646/646/646 647/647/647 
f 647/647/647 646/646/646 648/648/648 

g Part28

v 97.6731 24.6551 0.598473 
v 99.7624 24.6551 3.08841 
v 97.6731 19.7788 0.598473 
v 99.7624 19.7788 3.08841 
v 97.5006 24.6551 4.9863 
v 99.7624 24.6551 3.08841 
v 95.4113 24.6551 2.49636 
v 97.6731 24.6551 0.598473 
v 99.7624 24.6551 3.08841 
v 97.5006 24.6551 4.9863 
v 99.7624 19.7788 3.08841 
v 97.5006 19.7788 4.9863 
v 97.5006 24.6551 4.9863 
v 95.4113 24.6551 2.49636 
v 97.5006 19.7788 4.9863 
v 95.4113 19.7788 2.49636 
v 95.4113 19.7788 2.49636 
v 97.6731 19.7788 0.598473 
v 97.5006 19.7788 4.9863 
v 99.7624 19.7788 3.08841 
v 95.4113 24.6551 2.49636 
v 97.6731 24.6551 0.598473 
v 95.4113 19.7788 2.49636 
v 97.6731 19.7788 0.598473 

vn 0.76378 0 -0.645669 
vn 0.76378 0 -0.645669 
vn 0.76378 0 -0.645669 
vn 0.76378 0 -0.645669 
vn 0 1 0 
vn 0 1 0 
vn 0 1 0 
vn 0 1 0 
vn 0.645669 0 0.76378 
vn 0.645669 0 0.76378 
vn 0.645669 0 0.76378 
vn 0.645669 0 0.76378 
vn -0.76378 0 0.645669 
vn -0.76378 0 0.645669 
vn -0.76378 0 0.645669 
vn -0.76378 0 0.645669 
vn 0 -1 0 
vn 0 -1 0 
vn 0 -1 0 
vn 0 -1 0 
vn -0.645669 0 -0.76378 
vn -0.645669 0 -0.76378 
vn -0.645669 0 -0.76378 
vn -0.645669 0 -0.76378 

vt 7.6563 -6.5 
vt 7.25 -6.5 
vt 7.6563 -7.10954 
vt 7.25 -7.10954 
vt 7.61907 -6.5 
vt 7.25 -6.5 
vt 7.61907 -6.9063 
vt 7.25 -6.9063 
vt 7.61907 -6.5 
vt 7.25 -6.5 
vt 7.61907 -7.10954 
vt 7.25 -7.10954 
vt 7.6563 -6.5 
vt 7.25 -6.5 
vt 7.6563 -7.10954 
vt 7.25 -7.10954 
vt 7.61907 -6.5 
vt 7.25 -6.5 
vt 7.61907 -6.9063 
vt 7.25 -6.9063 
vt 7.61907 -6.5 
vt 7.25 -6.5 
vt 7.61907 -7.10954 
vt 7.25 -7.10954 

usemtl Part21Mtl

f 649/649/649 650/650/650 651/651/651 
f 651/651/651 650/650/650 652/652/652 
f 653/653/653 654/654/654 655/655/655 
f 655/655/655 654/654/654 656/656/656 
f 657/657/657 658/658/658 659/659/659 
f 659/659/659 658/658/658 660/660/660 
f 661/661/661 662/662/662 663/663/663 
f 663/663/663 662/662/662 664/664/664 
f 665/665/665 666/666/666 667/667/667 
f 667/667/667 666/666/666 668/668/668 
f 669/669/669 670/670/670 671/671/671 
f 671/671/671 670/670/670 672/672/672 

g Part29

v 97.6731 19.8233 0.598449 
v 99.7624 19.8233 3.08839 
v 97.6731 16.6543 0.598449 
v 99.7624 16.6543 3.08839 
v 91.5057 19.8233 10.0166 
v 99.7624 19.8233 3.08839 
v 89.4164 19.8233 7.52664 
v 97.6731 19.8233 0.598449 
v 99.7624 19.8233 3.08839 
v 91.5057 19.8233 10.0166 
v 99.7624 16.6543 3.08839 
v 91.5057 16.6543 10.0166 
v 91.5057 19.8233 10.0166 
v 89.4164 19.8233 7.52664 
v 91.5057 16.6543 10.0166 
v 89.4164 16.6543 7.52664 
v 89.4164 16.6543 7.52664 
v 97.6731 16.6543 0.598449 
v 91.5057 16.6543 10.0166 
v 99.7624 16.6543 3.08839 
v 89.4164 19.8233 7.52664 
v 97.6731 19.8233 0.598449 
v 89.4164 16.6543 7.52664 
v 97.6731 16.6543 0.598449 

vn 0.76378 0 -0.645669 
vn 0.76378 0 -0.645669 
vn 0.76378 0 -0.645669 
vn 0.76378 0 -0.645669 
vn 0 1 0 
vn 0 1 0 
vn 0 1 0 
vn 0 1 0 
vn 0.645669 0 0.76378 
vn 0.645669 0 0.76378 
vn 0.645669 0 0.76378 
vn 0.645669 0 0.76378 
vn -0.76378 0 0.645669 
vn -0.76378 0 0.645669 
vn -0.76378 0 0.645669 
vn -0.76378 0 0.645669 
vn 0 -1 0 
vn 0 -1 0 
vn 0 -1 0 
vn 0 -1 0 
vn -0.645669 0 -0.76378 
vn -0.645669 0 -0.76378 
vn -0.645669 0 -0.76378 
vn -0.645669 0 -0.76378 

vt 1.6563 -0.5 
vt 1.25 -0.5 
vt 1.6563 -0.896126 
vt 1.25 -0.896126 
vt 2.59729 -0.5 
vt 1.25 -0.5 
vt 2.59729 -0.906298 
vt 1.25 -0.906298 
vt 2.59729 -0.5 
vt 1.25 -0.5 
vt 2.59729 -0.896126 
vt 1.25 -0.896126 
vt 1.6563 -0.5 
vt 1.25 -0.5 
vt 1.6563 -0.896126 
vt 1.25 -0.896126 
vt 2.59729 -0.5 
vt 1.25 -0.5 
vt 2.59729 -0.906298 
vt 1.25 -0.906298 
vt 2.59729 -0.5 
vt 1.25 -0.5 
vt 2.59729 -0.896126 
vt 1.25 -0.896126 

usemtl Part21Mtl

f 673/673/673 674/674/674 675/675/675 
f 675/675/675 674/674/674 676/676/676 
f 677/677/677 678/678/678 679/679/679 
f 679/679/679 678/678/678 680/680/680 
f 681/681/681 682/682/682 683/683/683 
f 683/683/683 682/682/682 684/684/684 
f 685/685/685 686/686/686 687/687/687 
f 687/687/687 686/686/686 688/688/688 
f 689/689/689 690/690/690 691/691/691 
f 691/691/691 690/690/690 692/692/692 
f 693/693/693 694/694/694 695/695/695 
f 695/695/695 694/694/694 696/696/696 

g Part30

v 89.824 6.65471 5.92242 
v 93.0131 6.65471 9.72306 
v 89.824 -0.345002 5.92242 
v 93.0131 -0.345002 9.72306 
v 88.9766 6.65471 13.1101 
v 93.0131 6.65471 9.72306 
v 85.7875 6.65471 9.30948 
v 89.824 6.65471 5.92242 
v 93.0131 6.65471 9.72306 
v 88.9766 6.65471 13.1101 
v 93.0131 -0.345002 9.72306 
v 88.9766 -0.345002 13.1101 
v 88.9766 6.65471 13.1101 
v 85.7875 6.65471 9.30948 
v 88.9766 -0.345002 13.1101 
v 85.7875 -0.345002 9.30948 
v 85.7875 -0.345002 9.30948 
v 89.824 -0.345002 5.92242 
v 88.9766 -0.345002 13.1101 
v 93.0131 -0.345002 9.72306 
v 85.7875 6.65471 9.30948 
v 89.824 6.65471 5.92242 
v 85.7875 -0.345002 9.30948 
v 89.824 -0.345002 5.92242 

vn 0.76378 0 -0.645669 
vn 0.76378 0 -0.645669 
vn 0.76378 0 -0.645669 
vn 0.76378 0 -0.645669 
vn 0 1 0 
vn 0 1 0 
vn 0 1 0 
vn 0 1 0 
vn 0.645669 0 0.76378 
vn 0.645669 0 0.76378 
vn 0.645669 0 0.76378 
vn 0.645669 0 0.76378 
vn -0.76378 0 0.645669 
vn -0.76378 0 0.645669 
vn -0.76378 0 0.645669 
vn -0.76378 0 0.645669 
vn 0 -1 0 
vn 0 -1 0 
vn 0 -1 0 
vn 0 -1 0 
vn -0.645669 0 -0.76378 
vn -0.645669 0 -0.76378 
vn -0.645669 0 -0.76378 
vn -0.645669 0 -0.76378 

vt 6.87017 -5.25 
vt 6.25 -5.25 
vt 6.87017 -6.12496 
vt 6.25 -6.12496 
vt 6.90867 -5.25 
vt 6.25 -5.25 
vt 6.90867 -5.87017 
vt 6.25 -5.87017 
vt 6.90867 -5.25 
vt 6.25 -5.25 
vt 6.90867 -6.12496 
vt 6.25 -6.12496 
vt 6.87017 -5.25 
vt 6.25 -5.25 
vt 6.87017 -6.12496 
vt 6.25 -6.12496 
vt 6.90867 -5.25 
vt 6.25 -5.25 
vt 6.90867 -5.87017 
vt 6.25 -5.87017 
vt 6.90867 -5.25 
vt 6.25 -5.25 
vt 6.90867 -6.12496 
vt 6.25 -6.12496 

usemtl Part21Mtl

f 697/697/697 698/698/698 699/699/699 
f 699/699/699 698/698/698 700/700/700 
f 701/701/701 702/702/702 703/703/703 
f 703/703/703 702/702/702 704/704/704 
f 705/705/705 706/706/706 707/707/707 
f 707/707/707 706/706/706 708/708/708 
f 709/709/709 710/710/710 711/711/711 
f 711/711/711 710/710/710 712/712/712 
f 713/713/713 714/714/714 715/715/715 
f 715/715/715 714/714/714 716/716/716 
f 717/717/717 718/718/718 719/719/719 
f 719/719/719 718/718/718 720/720/720 

g Part31

v 92.4386 36.1236 -7.73854 
v 104.557 36.1236 6.70311 
v 92.4386 22.797 -7.73854 
v 104.557 22.797 6.70311 
v 88.123 36.1236 20.4925 
v 104.557 36.1236 6.70311 
v 76.005 36.1236 6.05089 
v 92.4386 36.1236 -7.73854 
v 104.557 36.1236 6.70311 
v 88.123 36.1236 20.4925 
v 104.557 22.797 6.70311 
v 88.123 22.797 20.4925 
v 88.123 36.1236 20.4925 
v 76.005 36.1236 6.05089 
v 88.123 22.797 20.4925 
v 76.005 22.797 6.05089 
v 76.005 22.797 6.05089 
v 92.4386 22.797 -7.73854 
v 88.123 22.797 20.4925 
v 104.557 22.797 6.70311 
v 76.005 36.1236 6.05089 
v 92.4386 36.1236 -7.73854 
v 76.005 22.797 6.05089 
v 92.4386 22.797 -7.73854 

vn 0.76378 0 -0.645669 
vn 0.76378 0 -0.645669 
vn 0.76378 0 -0.645669 
vn 0.76378 0 -0.645669 
vn 0 1 0 
vn 0 1 0 
vn 0 1 0 
vn 0 1 0 
vn 0.645669 0 0.76378 
vn 0.645669 0 0.76378 
vn 0.645669 0 0.76378 
vn 0.645669 0 0.76378 
vn -0.76378 0 0.645669 
vn -0.76378 0 0.645669 
vn -0.76378 0 0.645669 
vn -0.76378 0 0.645669 
vn 0 -1 0 
vn 0 -1 0 
vn 0 -1 0 
vn 0 -1 0 
vn -0.645669 0 -0.76378 
vn -0.645669 0 -0.76378 
vn -0.645669 0 -0.76378 
vn -0.645669 0 -0.76378 

vt 4.60653 -6.5 
vt 2.25 -6.5 
vt 4.60653 -8.16582 
vt 2.25 -8.16582 
vt 4.93157 -6.5 
vt 2.25 -6.5 
vt 4.93157 -8.85653 
vt 2.25 -8.85653 
vt 4.93157 -6.5 
vt 2.25 -6.5 
vt 4.93157 -8.16582 
vt 2.25 -8.16582 
vt 4.60653 -6.5 
vt 2.25 -6.5 
vt 4.60653 -8.16582 
vt 2.25 -8.16582 
vt 4.93157 -6.5 
vt 2.25 -6.5 
vt 4.93157 -8.85653 
vt 2.25 -8.85653 
vt 4.93157 -6.5 
vt 2.25 -6.5 
vt 4.93157 -8.16582 
vt 2.25 -8.16582 

usemtl Part24Mtl

f 721/721/721 722/722/722 723/723/723 
f 723/723/723 722/722/722 724/724/724 
f 725/725/725 726/726/726 727/727/727 
f 727/727/727 726/726/726 728/728/728 
f 729/729/729 730/730/730 731/731/731 
f 731/731/731 730/730/730 732/732/732 
f 733/733/733 734/734/734 735/735/735 
f 735/735/735 734/734/734 736/736/736 
f 737/737/737 738/738/738 739/739/739 
f 739/739/739 738/738/738 740/740/740 
f 741/741/741 742/742/742 743/743/743 
f 743/743/743 742/742/742 744/744/744 

g Part32

v 85.6098 45.8748 -8.79739 
v 97.7278 45.8748 5.64425 
v 85.6098 32.5482 -8.79739 
v 97.7278 32.5482 5.64425 
v 79.8002 45.8748 20.6873 
v 97.7278 45.8748 5.64425 
v 67.6823 45.8748 6.24561 
v 85.6098 45.8748 -8.79739 
v 97.7278 45.8748 5.64425 
v 79.8002 45.8748 20.6873 
v 97.7278 32.5482 5.64425 
v 79.8002 32.5482 20.6873 
v 79.8002 45.8748 20.6873 
v 67.6823 45.8748 6.24561 
v 79.8002 32.5482 20.6873 
v 67.6823 32.5482 6.24561 
v 67.6823 32.5482 6.24561 
v 85.6098 32.5482 -8.79739 
v 79.8002 32.5482 20.6873 
v 97.7278 32.5482 5.64425 
v 67.6823 45.8748 6.24561 
v 85.6098 45.8748 -8.79739 
v 67.6823 32.5482 6.24561 
v 85.6098 32.5482 -8.79739 

vn 0.76378 0 -0.645669 
vn 0.76378 0 -0.645669 
vn 0.76378 0 -0.645669 
vn 0.76378 0 -0.645669 
vn 0 1 0 
vn 0 1 0 
vn 0 1 0 
vn 0 1 0 
vn 0.645669 0 0.76378 
vn 0.645669 0 0.76378 
vn 0.645669 0 0.76378 
vn 0.645669 0 0.76378 
vn -0.76378 0 0.645669 
vn -0.76378 0 0.645669 
vn -0.76378 0 0.645669 
vn -0.76378 0 0.645669 
vn 0 -1 0 
vn 0 -1 0 
vn 0 -1 0 
vn 0 -1 0 
vn -0.645669 0 -0.76378 
vn -0.645669 0 -0.76378 
vn -0.645669 0 -0.76378 
vn -0.645669 0 -0.76378 

vt 9.10653 -3.5 
vt 6.75 -3.5 
vt 9.10653 -5.16582 
vt 6.75 -5.16582 
vt 9.67535 -3.5 
vt 6.75 -3.5 
vt 9.67535 -5.85653 
vt 6.75 -5.85653 
vt 9.67535 -3.5 
vt 6.75 -3.5 
vt 9.67535 -5.16582 
vt 6.75 -5.16582 
vt 9.10653 -3.5 
vt 6.75 -3.5 
vt 9.10653 -5.16582 
vt 6.75 -5.16582 
vt 9.67535 -3.5 
vt 6.75 -3.5 
vt 9.67535 -5.85653 
vt 6.75 -5.85653 
vt 9.67535 -3.5 
vt 6.75 -3.5 
vt 9.67535 -5.16582 
vt 6.75 -5.16582 

usemtl Part24Mtl

f 745/745/745 746/746/746 747/747/747 
f 747/747/747 746/746/746 748/748/748 
f 749/749/749 750/750/750 751/751/751 
f 751/751/751 750/750/750 752/752/752 
f 753/753/753 754/754/754 755/755/755 
f 755/755/755 754/754/754 756/756/756 
f 757/757/757 758/758/758 759/759/759 
f 759/759/759 758/758/758 760/760/760 
f 761/761/761 762/762/762 763/763/763 
f 763/763/763 762/762/762 764/764/764 
f 765/765/765 766/766/766 767/767/767 
f 767/767/767 766/766/766 768/768/768 

g Part33

v 89.7427 42.9494 7.2528 
v 91.832 42.9494 9.74274 
v 89.7427 1.01947 7.2528 
v 91.832 1.01947 9.74274 
v 89.3421 42.9494 11.8321 
v 91.832 42.9494 9.74274 
v 87.2528 42.9494 9.34211 
v 89.7427 42.9494 7.2528 
v 91.832 42.9494 9.74274 
v 89.3421 42.9494 11.8321 
v 91.832 1.01947 9.74274 
v 89.3421 1.01947 11.8321 
v 89.3421 42.9494 11.8321 
v 87.2528 42.9494 9.34211 
v 89.3421 1.01947 11.8321 
v 87.2528 1.01947 9.34211 
v 87.2528 1.01947 9.34211 
v 89.7427 1.01947 7.2528 
v 89.3421 1.01947 11.8321 
v 91.832 1.01947 9.74274 
v 87.2528 42.9494 9.34211 
v 89.7427 42.9494 7.2528 
v 87.2528 1.01947 9.34211 
v 89.7427 1.01947 7.2528 

vn 0.76378 0 -0.645669 
vn 0.76378 0 -0.645669 
vn 0.76378 0 -0.645669 
vn 0.76378 0 -0.645669 
vn 0 1 0 
vn 0 1 0 
vn 0 1 0 
vn 0 1 0 
vn 0.645669 0 0.76378 
vn 0.645669 0 0.76378 
vn 0.645669 0 0.76378 
vn 0.645669 0 0.76378 
vn -0.76378 0 0.645669 
vn -0.76378 0 0.645669 
vn -0.76378 0 0.645669 
vn -0.76378 0 0.645669 
vn 0 -1 0 
vn 0 -1 0 
vn 0 -1 0 
vn 0 -1 0 
vn -0.645669 0 -0.76378 
vn -0.645669 0 -0.76378 
vn -0.645669 0 -0.76378 
vn -0.645669 0 -0.76378 

vt 0.906298 -3.25 
vt 0.5 -3.25 
vt 0.906298 -8.49125 
vt 0.5 -8.49125 
vt 0.906298 -3.25 
vt 0.5 -3.25 
vt 0.906298 -3.6563 
vt 0.5 -3.6563 
vt 0.906298 -3.25 
vt 0.5 -3.25 
vt 0.906298 -8.49125 
vt 0.5 -8.49125 
vt 0.906298 -3.25 
vt 0.5 -3.25 
vt 0.906298 -8.49125 
vt 0.5 -8.49125 
vt 0.906298 -3.25 
vt 0.5 -3.25 
vt 0.906298 -3.6563 
vt 0.5 -3.6563 
vt 0.906298 -3.25 
vt 0.5 -3.25 
vt 0.906298 -8.49125 
vt 0.5 -8.49125 

usemtl Part21Mtl

f 769/769/769 770/770/770 771/771/771 
f 771/771/771 770/770/770 772/772/772 
f 773/773/773 774/774/774 775/775/775 
f 775/775/775 774/774/774 776/776/776 
f 777/777/777 778/778/778 779/779/779 
f 779/779/779 778/778/778 780/780/780 
f 781/781/781 782/782/782 783/783/783 
f 783/783/783 782/782/782 784/784/784 
f 785/785/785 786/786/786 787/787/787 
f 787/787/787 786/786/786 788/788/788 
f 789/789/789 790/790/790 791/791/791 
f 791/791/791 790/790/790 792/792/792 

g Part34

v 86.8979 34.4984 2.85103 
v 99.8516 34.4984 18.2887 
v 86.8979 21.1719 2.85103 
v 99.8516 21.1719 18.2887 
v 88.3978 34.4984 27.8995 
v 99.8516 34.4984 18.2887 
v 75.4441 34.4984 12.4618 
v 86.8979 34.4984 2.85103 
v 99.8516 34.4984 18.2887 
v 88.3978 34.4984 27.8995 
v 99.8516 21.1719 18.2887 
v 88.3978 21.1719 27.8995 
v 88.3978 34.4984 27.8995 
v 75.4441 34.4984 12.4618 
v 88.3978 21.1719 27.8995 
v 75.4441 21.1719 12.4618 
v 75.4441 21.1719 12.4618 
v 86.8979 21.1719 2.85103 
v 88.3978 21.1719 27.8995 
v 99.8516 21.1719 18.2887 
v 75.4441 34.4984 12.4618 
v 86.8979 34.4984 2.85103 
v 75.4441 21.1719 12.4618 
v 86.8979 21.1719 2.85103 

vn 0.76378 0 -0.645669 
vn 0.76378 0 -0.645669 
vn 0.76378 0 -0.645669 
vn 0.76378 0 -0.645669 
vn 0 1 0 
vn 0 1 0 
vn 0 1 0 
vn 0 1 0 
vn 0.645669 0 0.76378 
vn 0.645669 0 0.76378 
vn 0.645669 0 0.76378 
vn 0.645669 0 0.76378 
vn -0.76378 0 0.645669 
vn -0.76378 0 0.645669 
vn -0.76378 0 0.645669 
vn -0.76378 0 0.645669 
vn 0 -1 0 
vn 0 -1 0 
vn 0 -1 0 
vn 0 -1 0 
vn -0.645669 0 -0.76378 
vn -0.645669 0 -0.76378 
vn -0.645669 0 -0.76378 
vn -0.645669 0 -0.76378 

vt 5.51905 -2.5 
vt 3 -2.5 
vt 5.51905 -4.16582 
vt 3 -4.16582 
vt 4.86897 -2.5 
vt 3 -2.5 
vt 4.86897 -5.01905 
vt 3 -5.01905 
vt 4.86897 -2.5 
vt 3 -2.5 
vt 4.86897 -4.16582 
vt 3 -4.16582 
vt 5.51905 -2.5 
vt 3 -2.5 
vt 5.51905 -4.16582 
vt 3 -4.16582 
vt 4.86897 -2.5 
vt 3 -2.5 
vt 4.86897 -5.01905 
vt 3 -5.01905 
vt 4.86897 -2.5 
vt 3 -2.5 
vt 4.86897 -4.16582 
vt 3 -4.16582 

usemtl Part24Mtl

f 793/793/793 794/794/794 795/795/795 
f 795/795/795 794/794/794 796/796/796 
f 797/797/797 798/798/798 799/799/799 
f 799/799/799 798/798/798 800/800/800 
f 801/801/801 802/802/802 803/803/803 
f 803/803/803 802/802/802 804/804/804 
f 805/805/805 806/806/806 807/807/807 
f 807/807/807 806/806/806 808/808/808 
f 809/809/809 810/810/810 811/811/811 
f 811/811/811 810/810/810 812/812/812 
f 813/813/813 814/814/814 815/815/815 
f 815/815/815 814/814/814 816/816/816 

g Part35

v 68.7915 12.0736 -66.781 
v 68.7915 12.0736 -65.2184 
v 68.7915 9.72934 -66.781 
v 68.7915 9.72934 -65.2184 
v 67.372 12.0736 -65.2184 
v 68.7915 12.0736 -65.2184 
v 67.372 12.0736 -66.781 
v 68.7915 12.0736 -66.781 
v 68.7915 12.0736 -65.2184 
v 67.372 12.0736 -65.2184 
v 68.7915 9.72934 -65.2184 
v 67.372 9.72934 -65.2184 
v 67.372 12.0736 -65.2184 
v 67.372 12.0736 -66.781 
v 67.372 9.72934 -65.2184 
v 67.372 9.72934 -66.781 
v 67.372 9.72934 -66.781 
v 68.7915 9.72934 -66.781 
v 67.372 9.72934 -65.2184 
v 68.7915 9.72934 -65.2184 
v 67.372 12.0736 -66.781 
v 68.7915 12.0736 -66.781 
v 67.372 9.72934 -66.781 
v 68.7915 9.72934 -66.781 

vn 1 0 0 
vn 1 0 0 
vn 1 0 0 
vn 1 0 0 
vn 0 1 0 
vn 0 1 0 
vn 0 1 0 
vn 0 1 0 
vn 0 0 1 
vn 0 0 1 
vn 0 0 1 
vn 0 0 1 
vn -1 0 0 
vn -1 0 0 
vn -1 0 0 
vn -1 0 0 
vn 0 -1 0 
vn 0 -1 0 
vn 0 -1 0 
vn 0 -1 0 
vn 0 0 -1 
vn 0 0 -1 
vn 0 0 -1 
vn 0 0 -1 

vt 2.19532 -1.25 
vt 2 -1.25 
vt 2.19532 -1.54303 
vt 2 -1.54303 
vt 2.17743 -1.25 
vt 2 -1.25 
vt 2.17743 -1.44532 
vt 2 -1.44532 
vt 2.17743 -1.25 
vt 2 -1.25 
vt 2.17743 -1.54303 
vt 2 -1.54303 
vt 2.19532 -1.25 
vt 2 -1.25 
vt 2.19532 -1.54303 
vt 2 -1.54303 
vt 2.17743 -1.25 
vt 2 -1.25 
vt 2.17743 -1.44532 
vt 2 -1.44532 
vt 2.17743 -1.25 
vt 2 -1.25 
vt 2.17743 -1.54303 
vt 2 -1.54303 

usemtl Part21Mtl

f 817/817/817 818/818/818 819/819/819 
f 819/819/819 818/818/818 820/820/820 
f 821/821/821 822/822/822 823/823/823 
f 823/823/823 822/822/822 824/824/824 
f 825/825/825 826/826/826 827/827/827 
f 827/827/827 826/826/826 828/828/828 
f 829/829/829 830/830/830 831/831/831 
f 831/831/831 830/830/830 832/832/832 
f 833/833/833 834/834/834 835/835/835 
f 835/835/835 834/834/834 836/836/836 
f 837/837/837 838/838/838 839/839/839 
f 839/839/839 838/838/838 840/840/840 

g Part36

v 68.7914 9.75074 -66.7811 
v 68.7914 9.75074 -65.2185 
v 68.7914 8.22727 -66.7811 
v 68.7914 8.22727 -65.2185 
v 63.6098 9.75074 -65.2185 
v 68.7914 9.75074 -65.2185 
v 63.6098 9.75074 -66.7811 
v 68.7914 9.75074 -66.7811 
v 68.7914 9.75074 -65.2185 
v 63.6098 9.75074 -65.2185 
v 68.7914 8.22727 -65.2185 
v 63.6098 8.22727 -65.2185 
v 63.6098 9.75074 -65.2185 
v 63.6098 9.75074 -66.7811 
v 63.6098 8.22727 -65.2185 
v 63.6098 8.22727 -66.7811 
v 63.6098 8.22727 -66.7811 
v 68.7914 8.22727 -66.7811 
v 63.6098 8.22727 -65.2185 
v 68.7914 8.22727 -65.2185 
v 63.6098 9.75074 -66.7811 
v 68.7914 9.75074 -66.7811 
v 63.6098 8.22727 -66.7811 
v 68.7914 8.22727 -66.7811 

vn 1 0 0 
vn 1 0 0 
vn 1 0 0 
vn 1 0 0 
vn 0 1 0 
vn 0 1 0 
vn 0 1 0 
vn 0 1 0 
vn 0 0 1 
vn 0 0 1 
vn 0 0 1 
vn 0 0 1 
vn -1 0 0 
vn -1 0 0 
vn -1 0 0 
vn -1 0 0 
vn 0 -1 0 
vn 0 -1 0 
vn 0 -1 0 
vn 0 -1 0 
vn 0 0 -1 
vn 0 0 -1 
vn 0 0 -1 
vn 0 0 -1 

vt 1.44532 -4.25 
vt 1.25 -4.25 
vt 1.44532 -4.44043 
vt 1.25 -4.44043 
vt 1.8977 -4.25 
vt 1.25 -4.25 
vt 1.8977 -4.44532 
vt 1.25 -4.44532 
vt 1.8977 -4.25 
vt 1.25 -4.25 
vt 1.8977 -4.44043 
vt 1.25 -4.44043 
vt 1.44532 -4.25 
vt 1.25 -4.25 
vt 1.44532 -4.44043 
vt 1.25 -4.44043 
vt 1.8977 -4.25 
vt 1.25 -4.25 
vt 1.8977 -4.44532 
vt 1.25 -4.44532 
vt 1.8977 -4.25 
vt 1.25 -4.25 
vt 1.8977 -4.44043 
vt 1.25 -4.44043 

usemtl Part21Mtl

f 841/841/841 842/842/842 843/843/843 
f 843/843/843 842/842/842 844/844/844 
f 845/845/845 846/846/846 847/847/847 
f 847/847/847 846/846/846 848/848/848 
f 849/849/849 850/850/850 851/851/851 
f 851/851/851 850/850/850 852/852/852 
f 853/853/853 854/854/854 855/855/855 
f 855/855/855 854/854/854 856/856/856 
f 857/857/857 858/858/858 859/859/859 
f 859/859/859 858/858/858 860/860/860 
f 861/861/861 862/862/862 863/863/863 
f 863/863/863 862/862/862 864/864/864 

g Part37

v 64.2557 3.42005 -67.2459 
v 64.2557 3.42005 -64.8607 
v 64.2557 0.0549968 -67.2459 
v 64.2557 0.0549968 -64.8607 
v 61.7225 3.42005 -64.8607 
v 64.2557 3.42005 -64.8607 
v 61.7225 3.42005 -67.2459 
v 64.2557 3.42005 -67.2459 
v 64.2557 3.42005 -64.8607 
v 61.7225 3.42005 -64.8607 
v 64.2557 0.0549968 -64.8607 
v 61.7225 0.0549968 -64.8607 
v 61.7225 3.42005 -64.8607 
v 61.7225 3.42005 -67.2459 
v 61.7225 0.0549968 -64.8607 
v 61.7225 0.0549968 -67.2459 
v 61.7225 0.0549968 -67.2459 
v 64.2557 0.0549968 -67.2459 
v 61.7225 0.0549968 -64.8607 
v 64.2557 0.0549968 -64.8607 
v 61.7225 3.42005 -67.2459 
v 64.2557 3.42005 -67.2459 
v 61.7225 0.0549968 -67.2459 
v 64.2557 0.0549968 -67.2459 

vn 1 0 0 
vn 1 0 0 
vn 1 0 0 
vn 1 0 0 
vn 0 1 0 
vn 0 1 0 
vn 0 1 0 
vn 0 1 0 
vn 0 0 1 
vn 0 0 1 
vn 0 0 1 
vn 0 0 1 
vn -1 0 0 
vn -1 0 0 
vn -1 0 0 
vn -1 0 0 
vn 0 -1 0 
vn 0 -1 0 
vn 0 -1 0 
vn 0 -1 0 
vn 0 0 -1 
vn 0 0 -1 
vn 0 0 -1 
vn 0 0 -1 

vt 2.79814 -6.5 
vt 2.5 -6.5 
vt 2.79814 -6.92063 
vt 2.5 -6.92063 
vt 2.81665 -6.5 
vt 2.5 -6.5 
vt 2.81665 -6.79814 
vt 2.5 -6.79814 
vt 2.81665 -6.5 
vt 2.5 -6.5 
vt 2.81665 -6.92063 
vt 2.5 -6.92063 
vt 2.79814 -6.5 
vt 2.5 -6.5 
vt 2.79814 -6.92063 
vt 2.5 -6.92063 
vt 2.81665 -6.5 
vt 2.5 -6.5 
vt 2.81665 -6.79814 
vt 2.5 -6.79814 
vt 2.81665 -6.5 
vt 2.5 -6.5 
vt 2.81665 -6.92063 
vt 2.5 -6.92063 

usemtl Part21Mtl

f 865/865/865 866/866/866 867/867/867 
f 867/867/867 866/866/866 868/868/868 
f 869/869/869 870/870/870 871/871/871 
f 871/871/871 870/870/870 872/872/872 
f 873/873/873 874/874/874 875/875/875 
f 875/875/875 874/874/874 876/876/876 
f 877/877/877 878/878/878 879/879/879 
f 879/879/879 878/878/878 880/880/880 
f 881/881/881 882/882/882 883/883/883 
f 883/883/883 882/882/882 884/884/884 
f 885/885/885 886/886/886 887/887/887 
f 887/887/887 886/886/886 888/888/888 

g Part38

v 69.44 17.587 -71.4688 
v 69.44 17.587 -62.4058 
v 69.44 11.1804 -71.4688 
v 69.44 11.1804 -62.4058 
v 59.1269 17.587 -62.4058 
v 69.44 17.587 -62.4058 
v 59.1269 17.587 -71.4688 
v 69.44 17.587 -71.4688 
v 69.44 17.587 -62.4058 
v 59.1269 17.587 -62.4058 
v 69.44 11.1804 -62.4058 
v 59.1269 11.1804 -62.4058 
v 59.1269 17.587 -62.4058 
v 59.1269 17.587 -71.4688 
v 59.1269 11.1804 -62.4058 
v 59.1269 11.1804 -71.4688 
v 59.1269 11.1804 -71.4688 
v 69.44 11.1804 -71.4688 
v 59.1269 11.1804 -62.4058 
v 69.44 11.1804 -62.4058 
v 59.1269 17.587 -71.4688 
v 69.44 17.587 -71.4688 
v 59.1269 11.1804 -71.4688 
v 69.44 11.1804 -71.4688 

vn 1 0 0 
vn 1 0 0 
vn 1 0 0 
vn 1 0 0 
vn 0 1 0 
vn 0 1 0 
vn 0 1 0 
vn 0 1 0 
vn 0 0 1 
vn 0 0 1 
vn 0 0 1 
vn 0 0 1 
vn -1 0 0 
vn -1 0 0 
vn -1 0 0 
vn -1 0 0 
vn 0 -1 0 
vn 0 -1 0 
vn 0 -1 0 
vn 0 -1 0 
vn 0 0 -1 
vn 0 0 -1 
vn 0 0 -1 
vn 0 0 -1 

vt 5.88288 -0.25 
vt 4.75 -0.25 
vt 5.88288 -1.05083 
vt 4.75 -1.05083 
vt 6.03914 -0.25 
vt 4.75 -0.25 
vt 6.03914 -1.38288 
vt 4.75 -1.38288 
vt 6.03914 -0.25 
vt 4.75 -0.25 
vt 6.03914 -1.05083 
vt 4.75 -1.05083 
vt 5.88288 -0.25 
vt 4.75 -0.25 
vt 5.88288 -1.05083 
vt 4.75 -1.05083 
vt 6.03914 -0.25 
vt 4.75 -0.25 
vt 6.03914 -1.38288 
vt 4.75 -1.38288 
vt 6.03914 -0.25 
vt 4.75 -0.25 
vt 6.03914 -1.05083 
vt 4.75 -1.05083 

usemtl Part24Mtl

f 889/889/889 890/890/890 891/891/891 
f 891/891/891 890/890/890 892/892/892 
f 893/893/893 894/894/894 895/895/895 
f 895/895/895 894/894/894 896/896/896 
f 897/897/897 898/898/898 899/899/899 
f 899/899/899 898/898/898 900/900/900 
f 901/901/901 902/902/902 903/903/903 
f 903/903/903 902/902/902 904/904/904 
f 905/905/905 906/906/906 907/907/907 
f 907/907/907 906/906/906 908/908/908 
f 909/909/909 910/910/910 911/911/911 
f 911/911/911 910/910/910 912/912/912 

g Part39

v 67.2524 22.2748 -73.969 
v 67.2524 22.2748 -64.9059 
v 67.2524 15.8681 -73.969 
v 67.2524 15.8681 -64.9059 
v 56.0017 22.2748 -64.9059 
v 67.2524 22.2748 -64.9059 
v 56.0017 22.2748 -73.969 
v 67.2524 22.2748 -73.969 
v 67.2524 22.2748 -64.9059 
v 56.0017 22.2748 -64.9059 
v 67.2524 15.8681 -64.9059 
v 56.0017 15.8681 -64.9059 
v 56.0017 22.2748 -64.9059 
v 56.0017 22.2748 -73.969 
v 56.0017 15.8681 -64.9059 
v 56.0017 15.8681 -73.969 
v 56.0017 15.8681 -73.969 
v 67.2524 15.8681 -73.969 
v 56.0017 15.8681 -64.9059 
v 67.2524 15.8681 -64.9059 
v 56.0017 22.2748 -73.969 
v 67.2524 22.2748 -73.969 
v 56.0017 15.8681 -73.969 
v 67.2524 15.8681 -73.969 

vn 1 0 0 
vn 1 0 0 
vn 1 0 0 
vn 1 0 0 
vn 0 1 0 
vn 0 1 0 
vn 0 1 0 
vn 0 1 0 
vn 0 0 1 
vn 0 0 1 
vn 0 0 1 
vn 0 0 1 
vn -1 0 0 
vn -1 0 0 
vn -1 0 0 
vn -1 0 0 
vn 0 -1 0 
vn 0 -1 0 
vn 0 -1 0 
vn 0 -1 0 
vn 0 0 -1 
vn 0 0 -1 
vn 0 0 -1 
vn 0 0 -1 

vt 4.88288 0.75 
vt 3.75 0.75 
vt 4.88288 -0.0508308 
vt 3.75 -0.0508308 
vt 5.15634 0.75 
vt 3.75 0.75 
vt 5.15634 -0.382882 
vt 3.75 -0.382882 
vt 5.15634 0.75 
vt 3.75 0.75 
vt 5.15634 -0.0508308 
vt 3.75 -0.0508308 
vt 4.88288 0.75 
vt 3.75 0.75 
vt 4.88288 -0.0508308 
vt 3.75 -0.0508308 
vt 5.15634 0.75 
vt 3.75 0.75 
vt 5.15634 -0.382882 
vt 3.75 -0.382882 
vt 5.15634 0.75 
vt 3.75 0.75 
vt 5.15634 -0.0508308 
vt 3.75 -0.0508308 

usemtl Part24Mtl

f 913/913/913 914/914/914 915/915/915 
f 915/915/915 914/914/914 916/916/916 
f 917/917/917 918/918/918 919/919/919 
f 919/919/919 918/918/918 920/920/920 
f 921/921/921 922/922/922 923/923/923 
f 923/923/923 922/922/922 924/924/924 
f 925/925/925 926/926/926 927/927/927 
f 927/927/927 926/926/926 928/928/928 
f 929/929/929 930/930/930 931/931/931 
f 931/931/931 930/930/930 932/932/932 
f 933/933/933 934/934/934 935/935/935 
f 935/935/935 934/934/934 936/936/936 

g Part40

v 63.8146 20.8684 -66.7811 
v 63.8146 20.8684 -65.2185 
v 63.8146 0.710956 -66.7811 
v 63.8146 0.710956 -65.2185 
v 62.252 20.8684 -65.2185 
v 63.8146 20.8684 -65.2185 
v 62.252 20.8684 -66.7811 
v 63.8146 20.8684 -66.7811 
v 63.8146 20.8684 -65.2185 
v 62.252 20.8684 -65.2185 
v 63.8146 0.710956 -65.2185 
v 62.252 0.710956 -65.2185 
v 62.252 20.8684 -65.2185 
v 62.252 20.8684 -66.7811 
v 62.252 0.710956 -65.2185 
v 62.252 0.710956 -66.7811 
v 62.252 0.710956 -66.7811 
v 63.8146 0.710956 -66.7811 
v 62.252 0.710956 -65.2185 
v 63.8146 0.710956 -65.2185 
v 62.252 20.8684 -66.7811 
v 63.8146 20.8684 -66.7811 
v 62.252 0.710956 -66.7811 
v 63.8146 0.710956 -66.7811 

vn 1 0 0 
vn 1 0 0 
vn 1 0 0 
vn 1 0 0 
vn 0 1 0 
vn 0 1 0 
vn 0 1 0 
vn 0 1 0 
vn 0 0 1 
vn 0 0 1 
vn 0 0 1 
vn 0 0 1 
vn -1 0 0 
vn -1 0 0 
vn -1 0 0 
vn -1 0 0 
vn 0 -1 0 
vn 0 -1 0 
vn 0 -1 0 
vn 0 -1 0 
vn 0 0 -1 
vn 0 0 -1 
vn 0 0 -1 
vn 0 0 -1 

vt 4.19532 -3.5 
vt 4 -3.5 
vt 4.19532 -6.01969 
vt 4 -6.01969 
vt 4.19532 -3.5 
vt 4 -3.5 
vt 4.19532 -3.69532 
vt 4 -3.69532 
vt 4.19532 -3.5 
vt 4 -3.5 
vt 4.19532 -6.01969 
vt 4 -6.01969 
vt 4.19532 -3.5 
vt 4 -3.5 
vt 4.19532 -6.01969 
vt 4 -6.01969 
vt 4.19532 -3.5 
vt 4 -3.5 
vt 4.19532 -3.69532 
vt 4 -3.69532 
vt 4.19532 -3.5 
vt 4 -3.5 
vt 4.19532 -6.01969 
vt 4 -6.01969 

usemtl Part21Mtl

f 937/937/937 938/938/938 939/939/939 
f 939/939/939 938/938/938 940/940/940 
f 941/941/941 942/942/942 943/943/943 
f 943/943/943 942/942/942 944/944/944 
f 945/945/945 946/946/946 947/947/947 
f 947/947/947 946/946/946 948/948/948 
f 949/949/949 950/950/950 951/951/951 
f 951/951/951 950/950/950 952/952/952 
f 953/953/953 954/954/954 955/955/955 
f 955/955/955 954/954/954 956/956/956 
f 957/957/957 958/958/958 959/959/959 
f 959/959/959 958/958/958 960/960/960 

g Part41

v 64.1272 16.8057 -69.2812 
v 64.1272 16.8057 -59.5931 
v 64.1272 10.3991 -69.2812 
v 64.1272 10.3991 -59.5931 
v 56.9392 16.8057 -59.5931 
v 64.1272 16.8057 -59.5931 
v 56.9392 16.8057 -69.2812 
v 64.1272 16.8057 -69.2812 
v 64.1272 16.8057 -59.5931 
v 56.9392 16.8057 -59.5931 
v 64.1272 10.3991 -59.5931 
v 56.9392 10.3991 -59.5931 
v 56.9392 16.8057 -59.5931 
v 56.9392 16.8057 -69.2812 
v 56.9392 10.3991 -59.5931 
v 56.9392 10.3991 -69.2812 
v 56.9392 10.3991 -69.2812 
v 64.1272 10.3991 -69.2812 
v 56.9392 10.3991 -59.5931 
v 64.1272 10.3991 -59.5931 
v 56.9392 16.8057 -69.2812 
v 64.1272 16.8057 -69.2812 
v 56.9392 10.3991 -69.2812 
v 64.1272 10.3991 -69.2812 

vn 1 0 0 
vn 1 0 0 
vn 1 0 0 
vn 1 0 0 
vn 0 1 0 
vn 0 1 0 
vn 0 1 0 
vn 0 1 0 
vn 0 0 1 
vn 0 0 1 
vn 0 0 1 
vn 0 0 1 
vn -1 0 0 
vn -1 0 0 
vn -1 0 0 
vn -1 0 0 
vn 0 -1 0 
vn 0 -1 0 
vn 0 -1 0 
vn 0 -1 0 
vn 0 0 -1 
vn 0 0 -1 
vn 0 0 -1 
vn 0 0 -1 

vt 3.21101 -1.25 
vt 2 -1.25 
vt 3.21101 -2.05083 
vt 2 -2.05083 
vt 2.89849 -1.25 
vt 2 -1.25 
vt 2.89849 -2.46101 
vt 2 -2.46101 
vt 2.89849 -1.25 
vt 2 -1.25 
vt 2.89849 -2.05083 
vt 2 -2.05083 
vt 3.21101 -1.25 
vt 2 -1.25 
vt 3.21101 -2.05083 
vt 2 -2.05083 
vt 2.89849 -1.25 
vt 2 -1.25 
vt 2.89849 -2.46101 
vt 2 -2.46101 
vt 2.89849 -1.25 
vt 2 -1.25 
vt 2.89849 -2.05083 
vt 2 -2.05083 

usemtl Part24Mtl

f 961/961/961 962/962/962 963/963/963 
f 963/963/963 962/962/962 964/964/964 
f 965/965/965 966/966/966 967/967/967 
f 967/967/967 966/966/966 968/968/968 
f 969/969/969 970/970/970 971/971/971 
f 971/971/971 970/970/970 972/972/972 
f 973/973/973 974/974/974 975/975/975 
f 975/975/975 974/974/974 976/976/976 
f 977/977/977 978/978/978 979/979/979 
f 979/979/979 978/978/978 980/980/980 
f 981/981/981 982/982/982 983/983/983 
f 983/983/983 982/982/982 984/984/984 

g Part42

v -113.974 26.8271 -69.6035 
v -112.244 26.8271 -68.1523 
v -113.974 25.0242 -69.6035 
v -112.244 25.0242 -68.1523 
v -113.667 26.8271 -66.4559 
v -112.244 26.8271 -68.1523 
v -115.397 26.8271 -67.9072 
v -113.974 26.8271 -69.6035 
v -112.244 26.8271 -68.1523 
v -113.667 26.8271 -66.4559 
v -112.244 25.0242 -68.1523 
v -113.667 25.0242 -66.4559 
v -113.667 26.8271 -66.4559 
v -115.397 26.8271 -67.9072 
v -113.667 25.0242 -66.4559 
v -115.397 25.0242 -67.9072 
v -115.397 25.0242 -67.9072 
v -113.974 25.0242 -69.6035 
v -113.667 25.0242 -66.4559 
v -112.244 25.0242 -68.1523 
v -115.397 26.8271 -67.9072 
v -113.974 26.8271 -69.6035 
v -115.397 25.0242 -67.9072 
v -113.974 25.0242 -69.6035 

vn 0.645669 0 -0.76378 
vn 0.645669 0 -0.76378 
vn 0.645669 0 -0.76378 
vn 0.645669 0 -0.76378 
vn 0 1 0 
vn 0 1 0 
vn 0 1 0 
vn 0 1 0 
vn 0.76378 0 0.645669 
vn 0.76378 0 0.645669 
vn 0.76378 0 0.645669 
vn 0.76378 0 0.645669 
vn -0.645669 0 0.76378 
vn -0.645669 0 0.76378 
vn -0.645669 0 0.76378 
vn -0.645669 0 0.76378 
vn 0 -1 0 
vn 0 -1 0 
vn 0 -1 0 
vn 0 -1 0 
vn -0.76378 0 -0.645669 
vn -0.76378 0 -0.645669 
vn -0.76378 0 -0.645669 
vn -0.76378 0 -0.645669 

vt 4.28222 -6.25 
vt 4 -6.25 
vt 4.28222 -6.47536 
vt 4 -6.47536 
vt 4.2768 -6.25 
vt 4 -6.25 
vt 4.2768 -6.53222 
vt 4 -6.53222 
vt 4.2768 -6.25 
vt 4 -6.25 
vt 4.2768 -6.47536 
vt 4 -6.47536 
vt 4.28222 -6.25 
vt 4 -6.25 
vt 4.28222 -6.47536 
vt 4 -6.47536 
vt 4.2768 -6.25 
vt 4 -6.25 
vt 4.2768 -6.53222 
vt 4 -6.53222 
vt 4.2768 -6.25 
vt 4 -6.25 
vt 4.2768 -6.47536 
vt 4 -6.47536 

usemtl Part1Mtl

f 985/985/985 986/986/986 987/987/987 
f 987/987/987 986/986/986 988/988/988 
f 989/989/989 990/990/990 991/991/991 
f 991/991/991 990/990/990 992/992/992 
f 993/993/993 994/994/994 995/995/995 
f 995/995/995 994/994/994 996/996/996 
f 997/997/997 998/998/998 999/999/999 
f 999/999/999 998/998/998 1000/1000/1000 
f 1001/1001/1001 1002/1002/1002 1003/1003/1003 
f 1003/1003/1003 1002/1002/1002 1004/1004/1004 
f 1005/1005/1005 1006/1006/1006 1007/1007/1007 
f 1007/1007/1007 1006/1006/1006 1008/1008/1008 

g Part43

v -113.974 25.0566 -69.6035 
v -112.244 25.0566 -68.1522 
v -113.974 22.8823 -69.6035 
v -112.244 22.8823 -68.1522 
v -115.797 25.0566 -63.9178 
v -112.244 25.0566 -68.1522 
v -117.527 25.0566 -65.3691 
v -113.974 25.0566 -69.6035 
v -112.244 25.0566 -68.1522 
v -115.797 25.0566 -63.9178 
v -112.244 22.8823 -68.1522 
v -115.797 22.8823 -63.9178 
v -115.797 25.0566 -63.9178 
v -117.527 25.0566 -65.3691 
v -115.797 22.8823 -63.9178 
v -117.527 22.8823 -65.3691 
v -117.527 22.8823 -65.3691 
v -113.974 22.8823 -69.6035 
v -115.797 22.8823 -63.9178 
v -112.244 22.8823 -68.1522 
v -117.527 25.0566 -65.3691 
v -113.974 25.0566 -69.6035 
v -117.527 22.8823 -65.3691 
v -113.974 22.8823 -69.6035 

vn 0.645669 0 -0.76378 
vn 0.645669 0 -0.76378 
vn 0.645669 0 -0.76378 
vn 0.645669 0 -0.76378 
vn 0 1 0 
vn 0 1 0 
vn 0 1 0 
vn 0 1 0 
vn 0.76378 0 0.645669 
vn 0.76378 0 0.645669 
vn 0.76378 0 0.645669 
vn 0.76378 0 0.645669 
vn -0.645669 0 0.76378 
vn -0.645669 0 0.76378 
vn -0.645669 0 0.76378 
vn -0.645669 0 0.76378 
vn 0 -1 0 
vn 0 -1 0 
vn 0 -1 0 
vn 0 -1 0 
vn -0.76378 0 -0.645669 
vn -0.76378 0 -0.645669 
vn -0.76378 0 -0.645669 
vn -0.76378 0 -0.645669 

vt 6.28222 -5.5 
vt 6 -5.5 
vt 6.28222 -5.77179 
vt 6 -5.77179 
vt 6.69096 -5.5 
vt 6 -5.5 
vt 6.69096 -5.78222 
vt 6 -5.78222 
vt 6.69096 -5.5 
vt 6 -5.5 
vt 6.69096 -5.77179 
vt 6 -5.77179 
vt 6.28222 -5.5 
vt 6 -5.5 
vt 6.28222 -5.77179 
vt 6 -5.77179 
vt 6.69096 -5.5 
vt 6 -5.5 
vt 6.69096 -5.78222 
vt 6 -5.78222 
vt 6.69096 -5.5 
vt 6 -5.5 
vt 6.69096 -5.77179 
vt 6 -5.77179 

usemtl Part1Mtl

f 1009/1009/1009 1010/1010/1010 1011/1011/1011 
f 1011/1011/1011 1010/1010/1010 1012/1012/1012 
f 1013/1013/1013 1014/1014/1014 1015/1015/1015 
f 1015/1015/1015 1014/1014/1014 1016/1016/1016 
f 1017/1017/1017 1018/1018/1018 1019/1019/1019 
f 1019/1019/1019 1018/1018/1018 1020/1020/1020 
f 1021/1021/1021 1022/1022/1022 1023/1023/1023 
f 1023/1023/1023 1022/1022/1022 1024/1024/1024 
f 1025/1025/1025 1026/1026/1026 1027/1027/1027 
f 1027/1027/1027 1026/1026/1026 1028/1028/1028 
f 1029/1029/1029 1030/1030/1030 1031/1031/1031 
f 1031/1031/1031 1030/1030/1030 1032/1032/1032 

g Part44

v -115.773 3.85803 -69.8358 
v -113.05 3.85803 -67.5514 
v -115.773 0.0550032 -69.8358 
v -113.05 0.0550032 -67.5514 
v -115.23 3.85803 -64.9543 
v -113.05 3.85803 -67.5514 
v -117.952 3.85803 -67.2387 
v -115.773 3.85803 -69.8358 
v -113.05 3.85803 -67.5514 
v -115.23 3.85803 -64.9543 
v -113.05 0.0550032 -67.5514 
v -115.23 0.0550032 -64.9543 
v -115.23 3.85803 -64.9543 
v -117.952 3.85803 -67.2387 
v -115.23 0.0550032 -64.9543 
v -117.952 0.0550032 -67.2387 
v -117.952 0.0550032 -67.2387 
v -115.773 0.0550032 -69.8358 
v -115.23 0.0550032 -64.9543 
v -113.05 0.0550032 -67.5514 
v -117.952 3.85803 -67.2387 
v -115.773 3.85803 -69.8358 
v -117.952 0.0550032 -67.2387 
v -115.773 0.0550032 -69.8358 

vn 0.645669 0 -0.76378 
vn 0.645669 0 -0.76378 
vn 0.645669 0 -0.76378 
vn 0.645669 0 -0.76378 
vn 0 1 0 
vn 0 1 0 
vn 0 1 0 
vn 0 1 0 
vn 0.76378 0 0.645669 
vn 0.76378 0 0.645669 
vn 0.76378 0 0.645669 
vn 0.76378 0 0.645669 
vn -0.645669 0 0.76378 
vn -0.645669 0 0.76378 
vn -0.645669 0 0.76378 
vn -0.645669 0 0.76378 
vn 0 -1 0 
vn 0 -1 0 
vn 0 -1 0 
vn 0 -1 0 
vn -0.76378 0 -0.645669 
vn -0.76378 0 -0.645669 
vn -0.76378 0 -0.645669 
vn -0.76378 0 -0.645669 

vt 6.69424 0.75 
vt 6.25 0.75 
vt 6.69424 0.274621 
vt 6.25 0.274621 
vt 6.67378 0.75 
vt 6.25 0.75 
vt 6.67378 0.305757 
vt 6.25 0.305757 
vt 6.67378 0.75 
vt 6.25 0.75 
vt 6.67378 0.274621 
vt 6.25 0.274621 
vt 6.69424 0.75 
vt 6.25 0.75 
vt 6.69424 0.274621 
vt 6.25 0.274621 
vt 6.67378 0.75 
vt 6.25 0.75 
vt 6.67378 0.305757 
vt 6.25 0.305757 
vt 6.67378 0.75 
vt 6.25 0.75 
vt 6.67378 0.274621 
vt 6.25 0.274621 

usemtl Part1Mtl

f 1033/1033/1033 1034/1034/1034 1035/1035/1035 
f 1035/1035/1035 1034/1034/1034 1036/1036/1036 
f 1037/1037/1037 1038/1038/1038 1039/1039/1039 
f 1039/1039/1039 1038/1038/1038 1040/1040/1040 
f 1041/1041/1041 1042/1042/1042 1043/1043/1043 
f 1043/1043/1043 1042/1042/1042 1044/1044/1044 
f 1045/1045/1045 1046/1046/1046 1047/1047/1047 
f 1047/1047/1047 1046/1046/1046 1048/1048/1048 
f 1049/1049/1049 1050/1050/1050 1051/1051/1051 
f 1051/1051/1051 1050/1050/1050 1052/1052/1052 
f 1053/1053/1053 1054/1054/1054 1055/1055/1055 
f 1055/1055/1055 1054/1054/1054 1056/1056/1056 

g Part45

v -115.656 18.7944 -69.0038 
v -113.926 18.7944 -67.5526 
v -115.656 0.0549984 -69.0038 
v -113.926 0.0549984 -67.5526 
v -115.377 18.7944 -65.823 
v -113.926 18.7944 -67.5526 
v -117.107 18.7944 -67.2743 
v -115.656 18.7944 -69.0038 
v -113.926 18.7944 -67.5526 
v -115.377 18.7944 -65.823 
v -113.926 0.0549984 -67.5526 
v -115.377 0.0549984 -65.823 
v -115.377 18.7944 -65.823 
v -117.107 18.7944 -67.2743 
v -115.377 0.0549984 -65.823 
v -117.107 0.0549984 -67.2743 
v -117.107 0.0549984 -67.2743 
v -115.656 0.0549984 -69.0038 
v -115.377 0.0549984 -65.823 
v -113.926 0.0549984 -67.5526 
v -117.107 18.7944 -67.2743 
v -115.656 18.7944 -69.0038 
v -117.107 0.0549984 -67.2743 
v -115.656 0.0549984 -69.0038 

vn 0.645669 0 -0.76378 
vn 0.645669 0 -0.76378 
vn 0.645669 0 -0.76378 
vn 0.645669 0 -0.76378 
vn 0 1 0 
vn 0 1 0 
vn 0 1 0 
vn 0 1 0 
vn 0.76378 0 0.645669 
vn 0.76378 0 0.645669 
vn 0.76378 0 0.645669 
vn 0.76378 0 0.645669 
vn -0.645669 0 0.76378 
vn -0.645669 0 0.76378 
vn -0.645669 0 0.76378 
vn -0.645669 0 0.76378 
vn 0 -1 0 
vn 0 -1 0 
vn 0 -1 0 
vn 0 -1 0 
vn -0.76378 0 -0.645669 
vn -0.76378 0 -0.645669 
vn -0.76378 0 -0.645669 
vn -0.76378 0 -0.645669 

vt 7.78222 -6.75 
vt 7.5 -6.75 
vt 7.78222 -9.09243 
vt 7.5 -9.09243 
vt 7.78222 -6.75 
vt 7.5 -6.75 
vt 7.78222 -7.03222 
vt 7.5 -7.03222 
vt 7.78222 -6.75 
vt 7.5 -6.75 
vt 7.78222 -9.09243 
vt 7.5 -9.09243 
vt 7.78222 -6.75 
vt 7.5 -6.75 
vt 7.78222 -9.09243 
vt 7.5 -9.09243 
vt 7.78222 -6.75 
vt 7.5 -6.75 
vt 7.78222 -7.03222 
vt 7.5 -7.03222 
vt 7.78222 -6.75 
vt 7.5 -6.75 
vt 7.78222 -9.09243 
vt 7.5 -9.09243 

usemtl Part1Mtl

f 1057/1057/1057 1058/1058/1058 1059/1059/1059 
f 1059/1059/1059 1058/1058/1058 1060/1060/1060 
f 1061/1061/1061 1062/1062/1062 1063/1063/1063 
f 1063/1063/1063 1062/1062/1062 1064/1064/1064 
f 1065/1065/1065 1066/1066/1066 1067/1067/1067 
f 1067/1067/1067 1066/1066/1066 1068/1068/1068 
f 1069/1069/1069 1070/1070/1070 1071/1071/1071 
f 1071/1071/1071 1070/1070/1070 1072/1072/1072 
f 1073/1073/1073 1074/1074/1074 1075/1075/1075 
f 1075/1075/1075 1074/1074/1074 1076/1076/1076 
f 1077/1077/1077 1078/1078/1078 1079/1079/1079 
f 1079/1079/1079 1078/1078/1078 1080/1080/1080 

g Part46

v -118.133 20.6007 -71.6718 
v -107.41 20.6007 -62.6739 
v -118.133 11.3438 -71.6718 
v -107.41 11.3438 -62.6739 
v -114.085 20.6007 -54.718 
v -107.41 20.6007 -62.6739 
v -124.809 20.6007 -63.7158 
v -118.133 20.6007 -71.6718 
v -107.41 20.6007 -62.6739 
v -114.085 20.6007 -54.718 
v -107.41 11.3438 -62.6739 
v -114.085 11.3438 -54.718 
v -114.085 20.6007 -54.718 
v -124.809 20.6007 -63.7158 
v -114.085 11.3438 -54.718 
v -124.809 11.3438 -63.7158 
v -124.809 11.3438 -63.7158 
v -118.133 11.3438 -71.6718 
v -114.085 11.3438 -54.718 
v -107.41 11.3438 -62.6739 
v -124.809 20.6007 -63.7158 
v -118.133 20.6007 -71.6718 
v -124.809 11.3438 -63.7158 
v -118.133 11.3438 -71.6718 

vn 0.645669 0 -0.76378 
vn 0.645669 0 -0.76378 
vn 0.645669 0 -0.76378 
vn 0.645669 0 -0.76378 
vn 0 1 0 
vn 0 1 0 
vn 0 1 0 
vn 0 1 0 
vn 0.76378 0 0.645669 
vn 0.76378 0 0.645669 
vn 0.76378 0 0.645669 
vn 0.76378 0 0.645669 
vn -0.645669 0 0.76378 
vn -0.645669 0 0.76378 
vn -0.645669 0 0.76378 
vn -0.645669 0 0.76378 
vn 0 -1 0 
vn 0 -1 0 
vn 0 -1 0 
vn 0 -1 0 
vn -0.76378 0 -0.645669 
vn -0.76378 0 -0.645669 
vn -0.76378 0 -0.645669 
vn -0.76378 0 -0.645669 

vt 5.24977 -0.25 
vt 3.5 -0.25 
vt 5.24977 -1.4071 
vt 3.5 -1.4071 
vt 4.79821 -0.25 
vt 3.5 -0.25 
vt 4.79821 -1.99977 
vt 3.5 -1.99977 
vt 4.79821 -0.25 
vt 3.5 -0.25 
vt 4.79821 -1.4071 
vt 3.5 -1.4071 
vt 5.24977 -0.25 
vt 3.5 -0.25 
vt 5.24977 -1.4071 
vt 3.5 -1.4071 
vt 4.79821 -0.25 
vt 3.5 -0.25 
vt 4.79821 -1.99977 
vt 3.5 -1.99977 
vt 4.79821 -0.25 
vt 3.5 -0.25 
vt 4.79821 -1.4071 
vt 3.5 -1.4071 

usemtl Part5Mtl

f 1081/1081/1081 1082/1082/1082 1083/1083/1083 
f 1083/1083/1083 1082/1082/1082 1084/1084/1084 
f 1085/1085/1085 1086/1086/1086 1087/1087/1087 
f 1087/1087/1087 1086/1086/1086 1088/1088/1088 
f 1089/1089/1089 1090/1090/1090 1091/1091/1091 
f 1091/1091/1091 1090/1090/1090 1092/1092/1092 
f 1093/1093/1093 1094/1094/1094 1095/1095/1095 
f 1095/1095/1095 1094/1094/1094 1096/1096/1096 
f 1097/1097/1097 1098/1098/1098 1099/1099/1099 
f 1099/1099/1099 1098/1098/1098 1100/1100/1100 
f 1101/1101/1101 1102/1102/1102 1103/1103/1103 
f 1103/1103/1103 1102/1102/1102 1104/1104/1104 

g Part47

v -115.62 21.7295 -79.584 
v -105.588 21.7295 -71.1667 
v -115.62 12.4727 -79.584 
v -105.588 12.4727 -71.1667 
v -115.167 21.7295 -59.7516 
v -105.588 21.7295 -71.1667 
v -125.198 21.7295 -68.169 
v -115.62 21.7295 -79.584 
v -105.588 21.7295 -71.1667 
v -115.167 21.7295 -59.7516 
v -105.588 12.4727 -71.1667 
v -115.167 12.4727 -59.7516 
v -115.167 21.7295 -59.7516 
v -125.198 21.7295 -68.169 
v -115.167 12.4727 -59.7516 
v -125.198 12.4727 -68.169 
v -125.198 12.4727 -68.169 
v -115.62 12.4727 -79.584 
v -115.167 12.4727 -59.7516 
v -105.588 12.4727 -71.1667 
v -125.198 21.7295 -68.169 
v -115.62 21.7295 -79.584 
v -125.198 12.4727 -68.169 
v -115.62 12.4727 -79.584 

vn 0.645669 0 -0.76378 
vn 0.645669 0 -0.76378 
vn 0.645669 0 -0.76378 
vn 0.645669 0 -0.76378 
vn 0 1 0 
vn 0 1 0 
vn 0 1 0 
vn 0 1 0 
vn 0.76378 0 0.645669 
vn 0.76378 0 0.645669 
vn 0.76378 0 0.645669 
vn 0.76378 0 0.645669 
vn -0.645669 0 0.76378 
vn -0.645669 0 0.76378 
vn -0.645669 0 0.76378 
vn -0.645669 0 0.76378 
vn 0 -1 0 
vn 0 -1 0 
vn 0 -1 0 
vn 0 -1 0 
vn -0.76378 0 -0.645669 
vn -0.76378 0 -0.645669 
vn -0.76378 0 -0.645669 
vn -0.76378 0 -0.645669 

vt 2.63688 -2.5 
vt 1 -2.5 
vt 2.63688 -3.6571 
vt 1 -3.6571 
vt 2.86265 -2.5 
vt 1 -2.5 
vt 2.86265 -4.13688 
vt 1 -4.13688 
vt 2.86265 -2.5 
vt 1 -2.5 
vt 2.86265 -3.6571 
vt 1 -3.6571 
vt 2.63688 -2.5 
vt 1 -2.5 
vt 2.63688 -3.6571 
vt 1 -3.6571 
vt 2.86265 -2.5 
vt 1 -2.5 
vt 2.86265 -4.13688 
vt 1 -4.13688 
vt 2.86265 -2.5 
vt 1 -2.5 
vt 2.86265 -3.6571 
vt 1 -3.6571 

usemtl Part5Mtl

f 1105/1105/1105 1106/1106/1106 1107/1107/1107 
f 1107/1107/1107 1106/1106/1106 1108/1108/1108 
f 1109/1109/1109 1110/1110/1110 1111/1111/1111 
f 1111/1111/1111 1110/1110/1110 1112/1112/1112 
f 1113/1113/1113 1114/1114/1114 1115/1115/1115 
f 1115/1115/1115 1114/1114/1114 1116/1116/1116 
f 1117/1117/1117 1118/1118/1118 1119/1119/1119 
f 1119/1119/1119 1118/1118/1118 1120/1120/1120 
f 1121/1121/1121 1122/1122/1122 1123/1123/1123 
f 1123/1123/1123 1122/1122/1122 1124/1124/1124 
f 1125/1125/1125 1126/1126/1126 1127/1127/1127 
f 1127/1127/1127 1126/1126/1126 1128/1128/1128 

g Part48

v -117.431 37.3081 -65.4831 
v -115.701 37.3081 -64.0318 
v -117.431 15.8593 -65.4831 
v -115.701 15.8593 -64.0318 
v -117.153 37.3081 -62.3023 
v -115.701 37.3081 -64.0318 
v -118.882 37.3081 -63.7535 
v -117.431 37.3081 -65.4831 
v -115.701 37.3081 -64.0318 
v -117.153 37.3081 -62.3023 
v -115.701 15.8593 -64.0318 
v -117.153 15.8593 -62.3023 
v -117.153 37.3081 -62.3023 
v -118.882 37.3081 -63.7535 
v -117.153 15.8593 -62.3023 
v -118.882 15.8593 -63.7535 
v -118.882 15.8593 -63.7535 
v -117.431 15.8593 -65.4831 
v -117.153 15.8593 -62.3023 
v -115.701 15.8593 -64.0318 
v -118.882 37.3081 -63.7535 
v -117.431 37.3081 -65.4831 
v -118.882 15.8593 -63.7535 
v -117.431 15.8593 -65.4831 

vn 0.645669 0 -0.76378 
vn 0.645669 0 -0.76378 
vn 0.645669 0 -0.76378 
vn 0.645669 0 -0.76378 
vn 0 1 0 
vn 0 1 0 
vn 0 1 0 
vn 0 1 0 
vn 0.76378 0 0.645669 
vn 0.76378 0 0.645669 
vn 0.76378 0 0.645669 
vn 0.76378 0 0.645669 
vn -0.645669 0 0.76378 
vn -0.645669 0 0.76378 
vn -0.645669 0 0.76378 
vn -0.645669 0 0.76378 
vn 0 -1 0 
vn 0 -1 0 
vn 0 -1 0 
vn 0 -1 0 
vn -0.76378 0 -0.645669 
vn -0.76378 0 -0.645669 
vn -0.76378 0 -0.645669 
vn -0.76378 0 -0.645669 

vt 7.53222 -3.5 
vt 7.25 -3.5 
vt 7.53222 -6.1811 
vt 7.25 -6.1811 
vt 7.53222 -3.5 
vt 7.25 -3.5 
vt 7.53222 -3.78222 
vt 7.25 -3.78222 
vt 7.53222 -3.5 
vt 7.25 -3.5 
vt 7.53222 -6.1811 
vt 7.25 -6.1811 
vt 7.53222 -3.5 
vt 7.25 -3.5 
vt 7.53222 -6.1811 
vt 7.25 -6.1811 
vt 7.53222 -3.5 
vt 7.25 -3.5 
vt 7.53222 -3.78222 
vt 7.25 -3.78222 
vt 7.53222 -3.5 
vt 7.25 -3.5 
vt 7.53222 -6.1811 
vt 7.25 -6.1811 

usemtl Part1Mtl

f 1129/1129/1129 1130/1130/1130 1131/1131/1131 
f 1131/1131/1131 1130/1130/1130 1132/1132/1132 
f 1133/1133/1133 1134/1134/1134 1135/1135/1135 
f 1135/1135/1135 1134/1134/1134 1136/1136/1136 
f 1137/1137/1137 1138/1138/1138 1139/1139/1139 
f 1139/1139/1139 1138/1138/1138 1140/1140/1140 
f 1141/1141/1141 1142/1142/1142 1143/1143/1143 
f 1143/1143/1143 1142/1142/1142 1144/1144/1144 
f 1145/1145/1145 1146/1146/1146 1147/1147/1147 
f 1147/1147/1147 1146/1146/1146 1148/1148/1148 
f 1149/1149/1149 1150/1150/1150 1151/1151/1151 
f 1151/1151/1151 1150/1150/1150 1152/1152/1152 

g Part49

v -115.854 41.5979 -78.6019 
v -106.515 41.5979 -70.7651 
v -115.854 34.5988 -78.6019 
v -106.515 34.5988 -70.7651 
v -114.352 41.5979 -61.4255 
v -106.515 41.5979 -70.7651 
v -123.691 41.5979 -69.2624 
v -115.854 41.5979 -78.6019 
v -106.515 41.5979 -70.7651 
v -114.352 41.5979 -61.4255 
v -106.515 34.5988 -70.7651 
v -114.352 34.5988 -61.4255 
v -114.352 41.5979 -61.4255 
v -123.691 41.5979 -69.2624 
v -114.352 34.5988 -61.4255 
v -123.691 34.5988 -69.2624 
v -123.691 34.5988 -69.2624 
v -115.854 34.5988 -78.6019 
v -114.352 34.5988 -61.4255 
v -106.515 34.5988 -70.7651 
v -123.691 41.5979 -69.2624 
v -115.854 41.5979 -78.6019 
v -123.691 34.5988 -69.2624 
v -115.854 34.5988 -78.6019 

vn 0.645669 0 -0.76378 
vn 0.645669 0 -0.76378 
vn 0.645669 0 -0.76378 
vn 0.645669 0 -0.76378 
vn 0 1 0 
vn 0 1 0 
vn 0 1 0 
vn 0 1 0 
vn 0.76378 0 0.645669 
vn 0.76378 0 0.645669 
vn 0.76378 0 0.645669 
vn 0.76378 0 0.645669 
vn -0.645669 0 0.76378 
vn -0.645669 0 0.76378 
vn -0.645669 0 0.76378 
vn -0.645669 0 0.76378 
vn 0 -1 0 
vn 0 -1 0 
vn 0 -1 0 
vn 0 -1 0 
vn -0.76378 0 -0.645669 
vn -0.76378 0 -0.645669 
vn -0.76378 0 -0.645669 
vn -0.76378 0 -0.645669 

vt 7.52399 -6.25 
vt 6 -6.25 
vt 7.52399 -7.12488 
vt 6 -7.12488 
vt 7.52399 -6.25 
vt 6 -6.25 
vt 7.52399 -7.77399 
vt 6 -7.77399 
vt 7.52399 -6.25 
vt 6 -6.25 
vt 7.52399 -7.12488 
vt 6 -7.12488 
vt 7.52399 -6.25 
vt 6 -6.25 
vt 7.52399 -7.12488 
vt 6 -7.12488 
vt 7.52399 -6.25 
vt 6 -6.25 
vt 7.52399 -7.77399 
vt 6 -7.77399 
vt 7.52399 -6.25 
vt 6 -6.25 
vt 7.52399 -7.12488 
vt 6 -7.12488 

usemtl Part5Mtl

f 1153/1153/1153 1154/1154/1154 1155/1155/1155 
f 1155/1155/1155 1154/1154/1154 1156/1156/1156 
f 1157/1157/1157 1158/1158/1158 1159/1159/1159 
f 1159/1159/1159 1158/1158/1158 1160/1160/1160 
f 1161/1161/1161 1162/1162/1162 1163/1163/1163 
f 1163/1163/1163 1162/1162/1162 1164/1164/1164 
f 1165/1165/1165 1166/1166/1166 1167/1167/1167 
f 1167/1167/1167 1166/1166/1166 1168/1168/1168 
f 1169/1169/1169 1170/1170/1170 1171/1171/1171 
f 1171/1171/1171 1170/1170/1170 1172/1172/1172 
f 1173/1173/1173 1174/1174/1174 1175/1175/1175 
f 1175/1175/1175 1174/1174/1174 1176/1176/1176 

g Part50

v -117.306 33.4699 -76.8724 
v -109.696 33.4699 -70.4868 
v -117.306 26.4708 -76.8724 
v -109.696 26.4708 -70.4868 
v -118.403 33.4699 -60.1095 
v -109.696 33.4699 -70.4868 
v -126.013 33.4699 -66.4951 
v -117.306 33.4699 -76.8724 
v -109.696 33.4699 -70.4868 
v -118.403 33.4699 -60.1095 
v -109.696 26.4708 -70.4868 
v -118.403 26.4708 -60.1095 
v -118.403 33.4699 -60.1095 
v -126.013 33.4699 -66.4951 
v -118.403 26.4708 -60.1095 
v -126.013 26.4708 -66.4951 
v -126.013 26.4708 -66.4951 
v -117.306 26.4708 -76.8724 
v -118.403 26.4708 -60.1095 
v -109.696 26.4708 -70.4868 
v -126.013 33.4699 -66.4951 
v -117.306 33.4699 -76.8724 
v -126.013 26.4708 -66.4951 
v -117.306 26.4708 -76.8724 

vn 0.645669 0 -0.76378 
vn 0.645669 0 -0.76378 
vn 0.645669 0 -0.76378 
vn 0.645669 0 -0.76378 
vn 0 1 0 
vn 0 1 0 
vn 0 1 0 
vn 0 1 0 
vn 0.76378 0 0.645669 
vn 0.76378 0 0.645669 
vn 0.76378 0 0.645669 
vn 0.76378 0 0.645669 
vn -0.645669 0 0.76378 
vn -0.645669 0 0.76378 
vn -0.645669 0 0.76378 
vn -0.645669 0 0.76378 
vn 0 -1 0 
vn 0 -1 0 
vn 0 -1 0 
vn 0 -1 0 
vn -0.76378 0 -0.645669 
vn -0.76378 0 -0.645669 
vn -0.76378 0 -0.645669 
vn -0.76378 0 -0.645669 

vt 5.24177 -2.25 
vt 4 -2.25 
vt 5.24177 -3.12488 
vt 4 -3.12488 
vt 5.69332 -2.25 
vt 4 -2.25 
vt 5.69332 -3.49177 
vt 4 -3.49177 
vt 5.69332 -2.25 
vt 4 -2.25 
vt 5.69332 -3.12488 
vt 4 -3.12488 
vt 5.24177 -2.25 
vt 4 -2.25 
vt 5.24177 -3.12488 
vt 4 -3.12488 
vt 5.69332 -2.25 
vt 4 -2.25 
vt 5.69332 -3.49177 
vt 4 -3.49177 
vt 5.69332 -2.25 
vt 4 -2.25 
vt 5.69332 -3.12488 
vt 4 -3.12488 

usemtl Part5Mtl

f 1177/1177/1177 1178/1178/1178 1179/1179/1179 
f 1179/1179/1179 1178/1178/1178 1180/1180/1180 
f 1181/1181/1181 1182/1182/1182 1183/1183/1183 
f 1183/1183/1183 1182/1182/1182 1184/1184/1184 
f 1185/1185/1185 1186/1186/1186 1187/1187/1187 
f 1187/1187/1187 1186/1186/1186 1188/1188/1188 
f 1189/1189/1189 1190/1190/1190 1191/1191/1191 
f 1191/1191/1191 1190/1190/1190 1192/1192/1192 
f 1193/1193/1193 1194/1194/1194 1195/1195/1195 
f 1195/1195/1195 1194/1194/1194 1196/1196/1196 
f 1197/1197/1197 1198/1198/1198 1199/1199/1199 
f 1199/1199/1199 1198/1198/1198 1200/1200/1200 

g Part51

v -116.972 37.9854 -73.0554 
v -107.632 37.9854 -65.2186 
v -116.972 29.6317 -73.0554 
v -107.632 29.6317 -65.2186 
v -118.081 37.9854 -52.7658 
v -107.632 37.9854 -65.2186 
v -127.421 37.9854 -60.6027 
v -116.972 37.9854 -73.0554 
v -107.632 37.9854 -65.2186 
v -118.081 37.9854 -52.7658 
v -107.632 29.6317 -65.2186 
v -118.081 29.6317 -52.7658 
v -118.081 37.9854 -52.7658 
v -127.421 37.9854 -60.6027 
v -118.081 29.6317 -52.7658 
v -127.421 29.6317 -60.6027 
v -127.421 29.6317 -60.6027 
v -116.972 29.6317 -73.0554 
v -118.081 29.6317 -52.7658 
v -107.632 29.6317 -65.2186 
v -127.421 37.9854 -60.6027 
v -116.972 37.9854 -73.0554 
v -127.421 29.6317 -60.6027 
v -116.972 29.6317 -73.0554 

vn 0.645669 0 -0.76378 
vn 0.645669 0 -0.76378 
vn 0.645669 0 -0.76378 
vn 0.645669 0 -0.76378 
vn 0 1 0 
vn 0 1 0 
vn 0 1 0 
vn 0 1 0 
vn 0.76378 0 0.645669 
vn 0.76378 0 0.645669 
vn 0.76378 0 0.645669 
vn 0.76378 0 0.645669 
vn -0.645669 0 0.76378 
vn -0.645669 0 0.76378 
vn -0.645669 0 0.76378 
vn -0.645669 0 0.76378 
vn 0 -1 0 
vn 0 -1 0 
vn 0 -1 0 
vn 0 -1 0 
vn -0.76378 0 -0.645669 
vn -0.76378 0 -0.645669 
vn -0.76378 0 -0.645669 
vn -0.76378 0 -0.645669 

vt 4.77399 -6.5 
vt 3.25 -6.5 
vt 4.77399 -7.54422 
vt 3.25 -7.54422 
vt 5.28199 -6.5 
vt 3.25 -6.5 
vt 5.28199 -8.02399 
vt 3.25 -8.02399 
vt 5.28199 -6.5 
vt 3.25 -6.5 
vt 5.28199 -7.54422 
vt 3.25 -7.54422 
vt 4.77399 -6.5 
vt 3.25 -6.5 
vt 4.77399 -7.54422 
vt 3.25 -7.54422 
vt 5.28199 -6.5 
vt 3.25 -6.5 
vt 5.28199 -8.02399 
vt 3.25 -8.02399 
vt 5.28199 -6.5 
vt 3.25 -6.5 
vt 5.28199 -7.54422 
vt 3.25 -7.54422 

usemtl Part5Mtl

f 1201/1201/1201 1202/1202/1202 1203/1203/1203 
f 1203/1203/1203 1202/1202/1202 1204/1204/1204 
f 1205/1205/1205 1206/1206/1206 1207/1207/1207 
f 1207/1207/1207 1206/1206/1206 1208/1208/1208 
f 1209/1209/1209 1210/1210/1210 1211/1211/1211 
f 1211/1211/1211 1210/1210/1210 1212/1212/1212 
f 1213/1213/1213 1214/1214/1214 1215/1215/1215 
f 1215/1215/1215 1214/1214/1214 1216/1216/1216 
f 1217/1217/1217 1218/1218/1218 1219/1219/1219 
f 1219/1219/1219 1218/1218/1218 1220/1220/1220 
f 1221/1221/1221 1222/1222/1222 1223/1223/1223 
f 1223/1223/1223 1222/1222/1222 1224/1224/1224 

g Part52

v -74.7359 18.3573 69.2272 
v -75.5076 18.3573 70.5639 
v -74.7359 17.1248 69.2272 
v -75.5076 17.1248 70.5639 
v -76.8187 18.3573 69.807 
v -75.5076 18.3573 70.5639 
v -76.0469 18.3573 68.4703 
v -74.7359 18.3573 69.2272 
v -75.5076 18.3573 70.5639 
v -76.8187 18.3573 69.807 
v -75.5076 17.1248 70.5639 
v -76.8187 17.1248 69.807 
v -76.8187 18.3573 69.807 
v -76.0469 18.3573 68.4703 
v -76.8187 17.1248 69.807 
v -76.0469 17.1248 68.4703 
v -76.0469 17.1248 68.4703 
v -74.7359 17.1248 69.2272 
v -76.8187 17.1248 69.807 
v -75.5076 17.1248 70.5639 
v -76.0469 18.3573 68.4703 
v -74.7359 18.3573 69.2272 
v -76.0469 17.1248 68.4703 
v -74.7359 17.1248 69.2272 

vn 0.866142 0 0.503937 
vn 0.866142 0 0.503937 
vn 0.866142 0 0.503937 
vn 0.866142 0 0.503937 
vn 0 1 0 
vn 0 1 0 
vn 0 1 0 
vn 0 1 0 
vn -0.496063 0 0.866142 
vn -0.496063 0 0.866142 
vn -0.496063 0 0.866142 
vn -0.496063 0 0.866142 
vn -0.866142 0 -0.496063 
vn -0.866142 0 -0.496063 
vn -0.866142 0 -0.496063 
vn -0.866142 0 -0.496063 
vn 0 -1 0 
vn 0 -1 0 
vn 0 -1 0 
vn 0 -1 0 
vn 0.503937 0 -0.866142 
vn 0.503937 0 -0.866142 
vn 0.503937 0 -0.866142 
vn 0.503937 0 -0.866142 

vt 7.69293 -4.25 
vt 7.5 -4.25 
vt 7.69293 -4.40406 
vt 7.5 -4.40406 
vt 7.68923 -4.25 
vt 7.5 -4.25 
vt 7.68923 -4.44293 
vt 7.5 -4.44293 
vt 7.68923 -4.25 
vt 7.5 -4.25 
vt 7.68923 -4.40406 
vt 7.5 -4.40406 
vt 7.69293 -4.25 
vt 7.5 -4.25 
vt 7.69293 -4.40406 
vt 7.5 -4.40406 
vt 7.68923 -4.25 
vt 7.5 -4.25 
vt 7.68923 -4.44293 
vt 7.5 -4.44293 
vt 7.68923 -4.25 
vt 7.5 -4.25 
vt 7.68923 -4.40406 
vt 7.5 -4.40406 

usemtl Part1Mtl

f 1225/1225/1225 1226/1226/1226 1227/1227/1227 
f 1227/1227/1227 1226/1226/1226 1228/1228/1228 
f 1229/1229/1229 1230/1230/1230 1231/1231/1231 
f 1231/1231/1231 1230/1230/1230 1232/1232/1232 
f 1233/1233/1233 1234/1234/1234 1235/1235/1235 
f 1235/1235/1235 1234/1234/1234 1236/1236/1236 
f 1237/1237/1237 1238/1238/1238 1239/1239/1239 
f 1239/1239/1239 1238/1238/1238 1240/1240/1240 
f 1241/1241/1241 1242/1242/1242 1243/1243/1243 
f 1243/1243/1243 1242/1242/1242 1244/1244/1244 
f 1245/1245/1245 1246/1246/1246 1247/1247/1247 
f 1247/1247/1247 1246/1246/1246 1248/1248/1248 

g Part53

v -74.7359 17.1469 69.2272 
v -75.5076 17.1469 70.5639 
v -74.7359 15.6605 69.2272 
v -75.5076 15.6605 70.5639 
v -78.7803 17.1469 68.6744 
v -75.5076 17.1469 70.5639 
v -78.0085 17.1469 67.3378 
v -74.7359 17.1469 69.2272 
v -75.5076 17.1469 70.5639 
v -78.7803 17.1469 68.6744 
v -75.5076 15.6605 70.5639 
v -78.7803 15.6605 68.6744 
v -78.7803 17.1469 68.6744 
v -78.0085 17.1469 67.3378 
v -78.7803 15.6605 68.6744 
v -78.0085 15.6605 67.3378 
v -78.0085 15.6605 67.3378 
v -74.7359 15.6605 69.2272 
v -78.7803 15.6605 68.6744 
v -75.5076 15.6605 70.5639 
v -78.0085 17.1469 67.3378 
v -74.7359 17.1469 69.2272 
v -78.0085 15.6605 67.3378 
v -74.7359 15.6605 69.2272 

vn 0.866142 0 0.503937 
vn 0.866142 0 0.503937 
vn 0.866142 0 0.503937 
vn 0.866142 0 0.503937 
vn 0 1 0 
vn 0 1 0 
vn 0 1 0 
vn 0 1 0 
vn -0.496063 0 0.866142 
vn -0.496063 0 0.866142 
vn -0.496063 0 0.866142 
vn -0.496063 0 0.866142 
vn -0.866142 0 -0.496063 
vn -0.866142 0 -0.496063 
vn -0.866142 0 -0.496063 
vn -0.866142 0 -0.496063 
vn 0 -1 0 
vn 0 -1 0 
vn 0 -1 0 
vn 0 -1 0 
vn 0.503937 0 -0.866142 
vn 0.503937 0 -0.866142 
vn 0.503937 0 -0.866142 
vn 0.503937 0 -0.866142 

vt 0.942935 -3 
vt 0.75 -3 
vt 0.942935 -3.1858 
vt 0.75 -3.1858 
vt 1.22236 -3 
vt 0.75 -3 
vt 1.22236 -3.19293 
vt 0.75 -3.19293 
vt 1.22236 -3 
vt 0.75 -3 
vt 1.22236 -3.1858 
vt 0.75 -3.1858 
vt 0.942935 -3 
vt 0.75 -3 
vt 0.942935 -3.1858 
vt 0.75 -3.1858 
vt 1.22236 -3 
vt 0.75 -3 
vt 1.22236 -3.19293 
vt 0.75 -3.19293 
vt 1.22236 -3 
vt 0.75 -3 
vt 1.22236 -3.1858 
vt 0.75 -3.1858 

usemtl Part1Mtl

f 1249/1249/1249 1250/1250/1250 1251/1251/1251 
f 1251/1251/1251 1250/1250/1250 1252/1252/1252 
f 1253/1253/1253 1254/1254/1254 1255/1255/1255 
f 1255/1255/1255 1254/1254/1254 1256/1256/1256 
f 1257/1257/1257 1258/1258/1258 1259/1259/1259 
f 1259/1259/1259 1258/1258/1258 1260/1260/1260 
f 1261/1261/1261 1262/1262/1262 1263/1263/1263 
f 1263/1263/1263 1262/1262/1262 1264/1264/1264 
f 1265/1265/1265 1266/1266/1266 1267/1267/1267 
f 1267/1267/1267 1266/1266/1266 1268/1268/1268 
f 1269/1269/1269 1270/1270/1270 1271/1271/1271 
f 1271/1271/1271 1270/1270/1270 1272/1272/1272 

g Part54

v -74.7931 2.65487 67.9882 
v -76.0079 2.65487 70.0923 
v -74.7931 0.0549994 67.9882 
v -76.0079 0.0549994 70.0923 
v -78.0151 2.65487 68.9335 
v -76.0079 2.65487 70.0923 
v -76.8003 2.65487 66.8294 
v -74.7931 2.65487 67.9882 
v -76.0079 2.65487 70.0923 
v -78.0151 2.65487 68.9335 
v -76.0079 0.0549994 70.0923 
v -78.0151 0.0549994 68.9335 
v -78.0151 2.65487 68.9335 
v -76.8003 2.65487 66.8294 
v -78.0151 0.0549994 68.9335 
v -76.8003 0.0549994 66.8294 
v -76.8003 0.0549994 66.8294 
v -74.7931 0.0549994 67.9882 
v -78.0151 0.0549994 68.9335 
v -76.0079 0.0549994 70.0923 
v -76.8003 2.65487 66.8294 
v -74.7931 2.65487 67.9882 
v -76.8003 0.0549994 66.8294 
v -74.7931 0.0549994 67.9882 

vn 0.866142 0 0.503937 
vn 0.866142 0 0.503937 
vn 0.866142 0 0.503937 
vn 0.866142 0 0.503937 
vn 0 1 0 
vn 0 1 0 
vn 0 1 0 
vn 0 1 0 
vn -0.496063 0 0.866142 
vn -0.496063 0 0.866142 
vn -0.496063 0 0.866142 
vn -0.496063 0 0.866142 
vn -0.866142 0 -0.496063 
vn -0.866142 0 -0.496063 
vn -0.866142 0 -0.496063 
vn -0.866142 0 -0.496063 
vn 0 -1 0 
vn 0 -1 0 
vn 0 -1 0 
vn 0 -1 0 
vn 0.503937 0 -0.866142 
vn 0.503937 0 -0.866142 
vn 0.503937 0 -0.866142 
vn 0.503937 0 -0.866142 

vt 7.0537 -3 
vt 6.75 -3 
vt 7.0537 -3.32498 
vt 6.75 -3.32498 
vt 7.03971 -3 
vt 6.75 -3 
vt 7.03971 -3.3037 
vt 6.75 -3.3037 
vt 7.03971 -3 
vt 6.75 -3 
vt 7.03971 -3.32498 
vt 6.75 -3.32498 
vt 7.0537 -3 
vt 6.75 -3 
vt 7.0537 -3.32498 
vt 6.75 -3.32498 
vt 7.03971 -3 
vt 6.75 -3 
vt 7.03971 -3.3037 
vt 6.75 -3.3037 
vt 7.03971 -3 
vt 6.75 -3 
vt 7.03971 -3.32498 
vt 6.75 -3.32498 

usemtl Part1Mtl

f 1273/1273/1273 1274/1274/1274 1275/1275/1275 
f 1275/1275/1275 1274/1274/1274 1276/1276/1276 
f 1277/1277/1277 1278/1278/1278 1279/1279/1279 
f 1279/1279/1279 1278/1278/1278 1280/1280/1280 
f 1281/1281/1281 1282/1282/1282 1283/1283/1283 
f 1283/1283/1283 1282/1282/1282 1284/1284/1284 
f 1285/1285/1285 1286/1286/1286 1287/1287/1287 
f 1287/1287/1287 1286/1286/1286 1288/1288/1288 
f 1289/1289/1289 1290/1290/1290 1291/1291/1291 
f 1291/1291/1291 1290/1290/1290 1292/1292/1292 
f 1293/1293/1293 1294/1294/1294 1295/1295/1295 
f 1295/1295/1295 1294/1294/1294 1296/1296/1296 

g Part55

v -75.3393 12.8659 68.1659 
v -76.1111 12.8659 69.5026 
v -75.3393 0.0549974 68.1659 
v -76.1111 0.0549974 69.5026 
v -77.4478 12.8659 68.7309 
v -76.1111 12.8659 69.5026 
v -76.676 12.8659 67.3942 
v -75.3393 12.8659 68.1659 
v -76.1111 12.8659 69.5026 
v -77.4478 12.8659 68.7309 
v -76.1111 0.0549974 69.5026 
v -77.4478 0.0549974 68.7309 
v -77.4478 12.8659 68.7309 
v -76.676 12.8659 67.3942 
v -77.4478 0.0549974 68.7309 
v -76.676 0.0549974 67.3942 
v -76.676 0.0549974 67.3942 
v -75.3393 0.0549974 68.1659 
v -77.4478 0.0549974 68.7309 
v -76.1111 0.0549974 69.5026 
v -76.676 12.8659 67.3942 
v -75.3393 12.8659 68.1659 
v -76.676 0.0549974 67.3942 
v -75.3393 0.0549974 68.1659 

vn 0.866142 0 0.503937 
vn 0.866142 0 0.503937 
vn 0.866142 0 0.503937 
vn 0.866142 0 0.503937 
vn 0 1 0 
vn 0 1 0 
vn 0 1 0 
vn 0 1 0 
vn -0.496063 0 0.866142 
vn -0.496063 0 0.866142 
vn -0.496063 0 0.866142 
vn -0.496063 0 0.866142 
vn -0.866142 0 -0.496063 
vn -0.866142 0 -0.496063 
vn -0.866142 0 -0.496063 
vn -0.866142 0 -0.496063 
vn 0 -1 0 
vn 0 -1 0 
vn 0 -1 0 
vn 0 -1 0 
vn 0.503937 0 -0.866142 
vn 0.503937 0 -0.866142 
vn 0.503937 0 -0.866142 
vn 0.503937 0 -0.866142 

vt 6.69293 -4.5 
vt 6.5 -4.5 
vt 6.69293 -6.10136 
vt 6.5 -6.10136 
vt 6.69293 -4.5 
vt 6.5 -4.5 
vt 6.69293 -4.69293 
vt 6.5 -4.69293 
vt 6.69293 -4.5 
vt 6.5 -4.5 
vt 6.69293 -6.10136 
vt 6.5 -6.10136 
vt 6.69293 -4.5 
vt 6.5 -4.5 
vt 6.69293 -6.10136 
vt 6.5 -6.10136 
vt 6.69293 -4.5 
vt 6.5 -4.5 
vt 6.69293 -4.69293 
vt 6.5 -4.69293 
vt 6.69293 -4.5 
vt 6.5 -4.5 
vt 6.69293 -6.10136 
vt 6.5 -6.10136 

usemtl Part1Mtl

f 1297/1297/1297 1298/1298/1298 1299/1299/1299 
f 1299/1299/1299 1298/1298/1298 1300/1300/1300 
f 1301/1301/1301 1302/1302/1302 1303/1303/1303 
f 1303/1303/1303 1302/1302/1302 1304/1304/1304 
f 1305/1305/1305 1306/1306/1306 1307/1307/1307 
f 1307/1307/1307 1306/1306/1306 1308/1308/1308 
f 1309/1309/1309 1310/1310/1310 1311/1311/1311 
f 1311/1311/1311 1310/1310/1310 1312/1312/1312 
f 1313/1313/1313 1314/1314/1314 1315/1315/1315 
f 1315/1315/1315 1314/1314/1314 1316/1316/1316 
f 1317/1317/1317 1318/1318/1318 1319/1319/1319 
f 1319/1319/1319 1318/1318/1318 1320/1320/1320 

g Part56

v -73.8372 14.1007 66.1815 
v -78.622 14.1007 74.469 
v -73.8372 7.77239 66.1815 
v -78.622 7.77239 74.469 
v -84.7708 14.1007 70.919 
v -78.622 14.1007 74.469 
v -79.986 14.1007 62.6315 
v -73.8372 14.1007 66.1815 
v -78.622 14.1007 74.469 
v -84.7708 14.1007 70.919 
v -78.622 7.77239 74.469 
v -84.7708 7.77239 70.919 
v -84.7708 14.1007 70.919 
v -79.986 14.1007 62.6315 
v -84.7708 7.77239 70.919 
v -79.986 7.77239 62.6315 
v -79.986 7.77239 62.6315 
v -73.8372 7.77239 66.1815 
v -84.7708 7.77239 70.919 
v -78.622 7.77239 74.469 
v -79.986 14.1007 62.6315 
v -73.8372 14.1007 66.1815 
v -79.986 7.77239 62.6315 
v -73.8372 7.77239 66.1815 

vn 0.866142 0 0.503937 
vn 0.866142 0 0.503937 
vn 0.866142 0 0.503937 
vn 0.866142 0 0.503937 
vn 0 1 0 
vn 0 1 0 
vn 0 1 0 
vn 0 1 0 
vn -0.496063 0 0.866142 
vn -0.496063 0 0.866142 
vn -0.496063 0 0.866142 
vn -0.496063 0 0.866142 
vn -0.866142 0 -0.496063 
vn -0.866142 0 -0.496063 
vn -0.866142 0 -0.496063 
vn -0.866142 0 -0.496063 
vn 0 -1 0 
vn 0 -1 0 
vn 0 -1 0 
vn 0 -1 0 
vn 0.503937 0 -0.866142 
vn 0.503937 0 -0.866142 
vn 0.503937 0 -0.866142 
vn 0.503937 0 -0.866142 

vt 4.9462 -0.25 
vt 3.75 -0.25 
vt 4.9462 -1.04103 
vt 3.75 -1.04103 
vt 4.6375 -0.25 
vt 3.75 -0.25 
vt 4.6375 -1.4462 
vt 3.75 -1.4462 
vt 4.6375 -0.25 
vt 3.75 -0.25 
vt 4.6375 -1.04103 
vt 3.75 -1.04103 
vt 4.9462 -0.25 
vt 3.75 -0.25 
vt 4.9462 -1.04103 
vt 3.75 -1.04103 
vt 4.6375 -0.25 
vt 3.75 -0.25 
vt 4.6375 -1.4462 
vt 3.75 -1.4462 
vt 4.6375 -0.25 
vt 3.75 -0.25 
vt 4.6375 -1.04103 
vt 3.75 -1.04103 

usemtl Part5Mtl

f 1321/1321/1321 1322/1322/1322 1323/1323/1323 
f 1323/1323/1323 1322/1322/1322 1324/1324/1324 
f 1325/1325/1325 1326/1326/1326 1327/1327/1327 
f 1327/1327/1327 1326/1326/1326 1328/1328/1328 
f 1329/1329/1329 1330/1330/1330 1331/1331/1331 
f 1331/1331/1331 1330/1330/1330 1332/1332/1332 
f 1333/1333/1333 1334/1334/1334 1335/1335/1335 
f 1335/1335/1335 1334/1334/1334 1336/1336/1336 
f 1337/1337/1337 1338/1338/1338 1339/1339/1339 
f 1339/1339/1339 1338/1338/1338 1340/1340/1340 
f 1341/1341/1341 1342/1342/1342 1343/1343/1343 
f 1343/1343/1343 1342/1342/1342 1344/1344/1344 

g Part57

v -68.212 14.8724 66.9341 
v -72.6881 14.8724 74.6869 
v -68.212 8.54413 66.9341 
v -72.6881 8.54413 74.6869 
v -81.5103 14.8724 69.5934 
v -72.6881 14.8724 74.6869 
v -77.0342 14.8724 61.8406 
v -68.212 14.8724 66.9341 
v -72.6881 14.8724 74.6869 
v -81.5103 14.8724 69.5934 
v -72.6881 8.54413 74.6869 
v -81.5103 8.54413 69.5934 
v -81.5103 14.8724 69.5934 
v -77.0342 14.8724 61.8406 
v -81.5103 8.54413 69.5934 
v -77.0342 8.54413 61.8406 
v -77.0342 8.54413 61.8406 
v -68.212 8.54413 66.9341 
v -81.5103 8.54413 69.5934 
v -72.6881 8.54413 74.6869 
v -77.0342 14.8724 61.8406 
v -68.212 14.8724 66.9341 
v -77.0342 8.54413 61.8406 
v -68.212 8.54413 66.9341 

vn 0.866142 0 0.503937 
vn 0.866142 0 0.503937 
vn 0.866142 0 0.503937 
vn 0.866142 0 0.503937 
vn 0 1 0 
vn 0 1 0 
vn 0 1 0 
vn 0 1 0 
vn -0.496063 0 0.866142 
vn -0.496063 0 0.866142 
vn -0.496063 0 0.866142 
vn -0.496063 0 0.866142 
vn -0.866142 0 -0.496063 
vn -0.866142 0 -0.496063 
vn -0.866142 0 -0.496063 
vn -0.866142 0 -0.496063 
vn 0 -1 0 
vn 0 -1 0 
vn 0 -1 0 
vn 0 -1 0 
vn 0.503937 0 -0.866142 
vn 0.503937 0 -0.866142 
vn 0.503937 0 -0.866142 
vn 0.503937 0 -0.866142 

vt 6.86902 1 
vt 5.75 1 
vt 6.86902 0.208967 
vt 5.75 0.208967 
vt 7.02337 1 
vt 5.75 1 
vt 7.02337 -0.119022 
vt 5.75 -0.119022 
vt 7.02337 1 
vt 5.75 1 
vt 7.02337 0.208967 
vt 5.75 0.208967 
vt 6.86902 1 
vt 5.75 1 
vt 6.86902 0.208967 
vt 5.75 0.208967 
vt 7.02337 1 
vt 5.75 1 
vt 7.02337 -0.119022 
vt 5.75 -0.119022 
vt 7.02337 1 
vt 5.75 1 
vt 7.02337 0.208967 
vt 5.75 0.208967 

usemtl Part5Mtl

f 1345/1345/1345 1346/1346/1346 1347/1347/1347 
f 1347/1347/1347 1346/1346/1346 1348/1348/1348 
f 1349/1349/1349 1350/1350/1350 1351/1351/1351 
f 1351/1351/1351 1350/1350/1350 1352/1352/1352 
f 1353/1353/1353 1354/1354/1354 1355/1355/1355 
f 1355/1355/1355 1354/1354/1354 1356/1356/1356 
f 1357/1357/1357 1358/1358/1358 1359/1359/1359 
f 1359/1359/1359 1358/1358/1358 1360/1360/1360 
f 1361/1361/1361 1362/1362/1362 1363/1363/1363 
f 1363/1363/1363 1362/1362/1362 1364/1364/1364 
f 1365/1365/1365 1366/1366/1366 1367/1367/1367 
f 1367/1367/1367 1366/1366/1366 1368/1368/1368 

g Part58

v -77.9204 25.5224 67.3886 
v -78.6922 25.5224 68.7253 
v -77.9204 10.8593 67.3886 
v -78.6922 10.8593 68.7253 
v -80.0288 25.5224 67.9536 
v -78.6922 25.5224 68.7253 
v -79.2571 25.5224 66.6169 
v -77.9204 25.5224 67.3886 
v -78.6922 25.5224 68.7253 
v -80.0288 25.5224 67.9536 
v -78.6922 10.8593 68.7253 
v -80.0288 10.8593 67.9536 
v -80.0288 25.5224 67.9536 
v -79.2571 25.5224 66.6169 
v -80.0288 10.8593 67.9536 
v -79.2571 10.8593 66.6169 
v -79.2571 10.8593 66.6169 
v -77.9204 10.8593 67.3886 
v -80.0288 10.8593 67.9536 
v -78.6922 10.8593 68.7253 
v -79.2571 25.5224 66.6169 
v -77.9204 25.5224 67.3886 
v -79.2571 10.8593 66.6169 
v -77.9204 10.8593 67.3886 

vn 0.866142 0 0.503937 
vn 0.866142 0 0.503937 
vn 0.866142 0 0.503937 
vn 0.866142 0 0.503937 
vn 0 1 0 
vn 0 1 0 
vn 0 1 0 
vn 0 1 0 
vn -0.496063 0 0.866142 
vn -0.496063 0 0.866142 
vn -0.496063 0 0.866142 
vn -0.496063 0 0.866142 
vn -0.866142 0 -0.496063 
vn -0.866142 0 -0.496063 
vn -0.866142 0 -0.496063 
vn -0.866142 0 -0.496063 
vn 0 -1 0 
vn 0 -1 0 
vn 0 -1 0 
vn 0 -1 0 
vn 0.503937 0 -0.866142 
vn 0.503937 0 -0.866142 
vn 0.503937 0 -0.866142 
vn 0.503937 0 -0.866142 

vt 1.44293 -1.5 
vt 1.25 -1.5 
vt 1.44293 -3.33288 
vt 1.25 -3.33288 
vt 1.44293 -1.5 
vt 1.25 -1.5 
vt 1.44293 -1.69293 
vt 1.25 -1.69293 
vt 1.44293 -1.5 
vt 1.25 -1.5 
vt 1.44293 -3.33288 
vt 1.25 -3.33288 
vt 1.44293 -1.5 
vt 1.25 -1.5 
vt 1.44293 -3.33288 
vt 1.25 -3.33288 
vt 1.44293 -1.5 
vt 1.25 -1.5 
vt 1.44293 -1.69293 
vt 1.25 -1.69293 
vt 1.44293 -1.5 
vt 1.25 -1.5 
vt 1.44293 -3.33288 
vt 1.25 -3.33288 

usemtl Part1Mtl

f 1369/1369/1369 1370/1370/1370 1371/1371/1371 
f 1371/1371/1371 1370/1370/1370 1372/1372/1372 
f 1373/1373/1373 1374/1374/1374 1375/1375/1375 
f 1375/1375/1375 1374/1374/1374 1376/1376/1376 
f 1377/1377/1377 1378/1378/1378 1379/1379/1379 
f 1379/1379/1379 1378/1378/1378 1380/1380/1380 
f 1381/1381/1381 1382/1382/1382 1383/1383/1383 
f 1383/1383/1383 1382/1382/1382 1384/1384/1384 
f 1385/1385/1385 1386/1386/1386 1387/1387/1387 
f 1387/1387/1387 1386/1386/1386 1388/1388/1388 
f 1389/1389/1389 1390/1390/1390 1391/1391/1391 
f 1391/1391/1391 1390/1390/1390 1392/1392/1392 

g Part59

v -68.901 28.455 66.8927 
v -73.0684 28.455 74.1109 
v -68.901 23.6702 66.8927 
v -73.0684 23.6702 74.1109 
v -80.2866 28.455 69.9435 
v -73.0684 28.455 74.1109 
v -76.1192 28.455 62.7253 
v -68.901 28.455 66.8927 
v -73.0684 28.455 74.1109 
v -80.2866 28.455 69.9435 
v -73.0684 23.6702 74.1109 
v -80.2866 23.6702 69.9435 
v -80.2866 28.455 69.9435 
v -76.1192 28.455 62.7253 
v -80.2866 23.6702 69.9435 
v -76.1192 23.6702 62.7253 
v -76.1192 23.6702 62.7253 
v -68.901 23.6702 66.8927 
v -80.2866 23.6702 69.9435 
v -73.0684 23.6702 74.1109 
v -76.1192 28.455 62.7253 
v -68.901 28.455 66.8927 
v -76.1192 23.6702 62.7253 
v -68.901 23.6702 66.8927 

vn 0.866142 0 0.503937 
vn 0.866142 0 0.503937 
vn 0.866142 0 0.503937 
vn 0.866142 0 0.503937 
vn 0 1 0 
vn 0 1 0 
vn 0 1 0 
vn 0 1 0 
vn -0.496063 0 0.866142 
vn -0.496063 0 0.866142 
vn -0.496063 0 0.866142 
vn -0.496063 0 0.866142 
vn -0.866142 0 -0.496063 
vn -0.866142 0 -0.496063 
vn -0.866142 0 -0.496063 
vn -0.866142 0 -0.496063 
vn 0 -1 0 
vn 0 -1 0 
vn 0 -1 0 
vn 0 -1 0 
vn 0.503937 0 -0.866142 
vn 0.503937 0 -0.866142 
vn 0.503937 0 -0.866142 
vn 0.503937 0 -0.866142 

vt 3.29185 -1.25 
vt 2.25 -1.25 
vt 3.29185 -1.8481 
vt 2.25 -1.8481 
vt 3.29185 -1.25 
vt 2.25 -1.25 
vt 3.29185 -2.29185 
vt 2.25 -2.29185 
vt 3.29185 -1.25 
vt 2.25 -1.25 
vt 3.29185 -1.8481 
vt 2.25 -1.8481 
vt 3.29185 -1.25 
vt 2.25 -1.25 
vt 3.29185 -1.8481 
vt 2.25 -1.8481 
vt 3.29185 -1.25 
vt 2.25 -1.25 
vt 3.29185 -2.29185 
vt 2.25 -2.29185 
vt 3.29185 -1.25 
vt 2.25 -1.25 
vt 3.29185 -1.8481 
vt 2.25 -1.8481 

usemtl Part5Mtl

f 1393/1393/1393 1394/1394/1394 1395/1395/1395 
f 1395/1395/1395 1394/1394/1394 1396/1396/1396 
f 1397/1397/1397 1398/1398/1398 1399/1399/1399 
f 1399/1399/1399 1398/1398/1398 1400/1400/1400 
f 1401/1401/1401 1402/1402/1402 1403/1403/1403 
f 1403/1403/1403 1402/1402/1402 1404/1404/1404 
f 1405/1405/1405 1406/1406/1406 1407/1407/1407 
f 1407/1407/1407 1406/1406/1406 1408/1408/1408 
f 1409/1409/1409 1410/1410/1410 1411/1411/1411 
f 1411/1411/1411 1410/1410/1410 1412/1412/1412 
f 1413/1413/1413 1414/1414/1414 1415/1415/1415 
f 1415/1415/1415 1414/1414/1414 1416/1416/1416 

g Part60

v -70.2377 22.8985 66.121 
v -73.6334 22.8985 72.0024 
v -70.2377 18.1137 66.121 
v -73.6334 18.1137 72.0024 
v -81.6535 22.8985 67.372 
v -73.6334 22.8985 72.0024 
v -78.2579 22.8985 61.4906 
v -70.2377 22.8985 66.121 
v -73.6334 22.8985 72.0024 
v -81.6535 22.8985 67.372 
v -73.6334 18.1137 72.0024 
v -81.6535 18.1137 67.372 
v -81.6535 22.8985 67.372 
v -78.2579 22.8985 61.4906 
v -81.6535 18.1137 67.372 
v -78.2579 18.1137 61.4906 
v -78.2579 18.1137 61.4906 
v -70.2377 18.1137 66.121 
v -81.6535 18.1137 67.372 
v -73.6334 18.1137 72.0024 
v -78.2579 22.8985 61.4906 
v -70.2377 22.8985 66.121 
v -78.2579 18.1137 61.4906 
v -70.2377 18.1137 66.121 

vn 0.866142 0 0.503937 
vn 0.866142 0 0.503937 
vn 0.866142 0 0.503937 
vn 0.866142 0 0.503937 
vn 0 1 0 
vn 0 1 0 
vn 0 1 0 
vn 0 1 0 
vn -0.496063 0 0.866142 
vn -0.496063 0 0.866142 
vn -0.496063 0 0.866142 
vn -0.496063 0 0.866142 
vn -0.866142 0 -0.496063 
vn -0.866142 0 -0.496063 
vn -0.866142 0 -0.496063 
vn -0.866142 0 -0.496063 
vn 0 -1 0 
vn 0 -1 0 
vn 0 -1 0 
vn 0 -1 0 
vn 0.503937 0 -0.866142 
vn 0.503937 0 -0.866142 
vn 0.503937 0 -0.866142 
vn 0.503937 0 -0.866142 

vt 1.34891 -1.5 
vt 0.5 -1.5 
vt 1.34891 -2.0981 
vt 0.5 -2.0981 
vt 1.65761 -1.5 
vt 0.5 -1.5 
vt 1.65761 -2.34891 
vt 0.5 -2.34891 
vt 1.65761 -1.5 
vt 0.5 -1.5 
vt 1.65761 -2.0981 
vt 0.5 -2.0981 
vt 1.34891 -1.5 
vt 0.5 -1.5 
vt 1.34891 -2.0981 
vt 0.5 -2.0981 
vt 1.65761 -1.5 
vt 0.5 -1.5 
vt 1.65761 -2.34891 
vt 0.5 -2.34891 
vt 1.65761 -1.5 
vt 0.5 -1.5 
vt 1.65761 -2.0981 
vt 0.5 -2.0981 

usemtl Part5Mtl

f 1417/1417/1417 1418/1418/1418 1419/1419/1419 
f 1419/1419/1419 1418/1418/1418 1420/1420/1420 
f 1421/1421/1421 1422/1422/1422 1423/1423/1423 
f 1423/1423/1423 1422/1422/1422 1424/1424/1424 
f 1425/1425/1425 1426/1426/1426 1427/1427/1427 
f 1427/1427/1427 1426/1426/1426 1428/1428/1428 
f 1429/1429/1429 1430/1430/1430 1431/1431/1431 
f 1431/1431/1431 1430/1430/1430 1432/1432/1432 
f 1433/1433/1433 1434/1434/1434 1435/1435/1435 
f 1435/1435/1435 1434/1434/1434 1436/1436/1436 
f 1437/1437/1437 1438/1438/1438 1439/1439/1439 
f 1439/1439/1439 1438/1438/1438 1440/1440/1440 

g Part61

v -72.7679 25.9854 66.7989 
v -76.9352 25.9854 74.017 
v -72.7679 20.2746 66.7989 
v -76.9352 20.2746 74.017 
v -86.5594 25.9854 68.4605 
v -76.9352 25.9854 74.017 
v -82.392 25.9854 61.2424 
v -72.7679 25.9854 66.7989 
v -76.9352 25.9854 74.017 
v -86.5594 25.9854 68.4605 
v -76.9352 20.2746 74.017 
v -86.5594 20.2746 68.4605 
v -86.5594 25.9854 68.4605 
v -82.392 25.9854 61.2424 
v -86.5594 20.2746 68.4605 
v -82.392 20.2746 61.2424 
v -82.392 20.2746 61.2424 
v -72.7679 20.2746 66.7989 
v -86.5594 20.2746 68.4605 
v -76.9352 20.2746 74.017 
v -82.392 25.9854 61.2424 
v -72.7679 25.9854 66.7989 
v -82.392 20.2746 61.2424 
v -72.7679 20.2746 66.7989 

vn 0.866142 0 0.503937 
vn 0.866142 0 0.503937 
vn 0.866142 0 0.503937 
vn 0.866142 0 0.503937 
vn 0 1 0 
vn 0 1 0 
vn 0 1 0 
vn 0 1 0 
vn -0.496063 0 0.866142 
vn -0.496063 0 0.866142 
vn -0.496063 0 0.866142 
vn -0.496063 0 0.866142 
vn -0.866142 0 -0.496063 
vn -0.866142 0 -0.496063 
vn -0.866142 0 -0.496063 
vn -0.866142 0 -0.496063 
vn 0 -1 0 
vn 0 -1 0 
vn 0 -1 0 
vn 0 -1 0 
vn 0.503937 0 -0.866142 
vn 0.503937 0 -0.866142 
vn 0.503937 0 -0.866142 
vn 0.503937 0 -0.866142 

vt 7.04185 -6 
vt 6 -6 
vt 7.04185 -6.71386 
vt 6 -6.71386 
vt 7.38913 -6 
vt 6 -6 
vt 7.38913 -7.04185 
vt 6 -7.04185 
vt 7.38913 -6 
vt 6 -6 
vt 7.38913 -6.71386 
vt 6 -6.71386 
vt 7.04185 -6 
vt 6 -6 
vt 7.04185 -6.71386 
vt 6 -6.71386 
vt 7.38913 -6 
vt 6 -6 
vt 7.38913 -7.04185 
vt 6 -7.04185 
vt 7.38913 -6 
vt 6 -6 
vt 7.38913 -6.71386 
vt 6 -6.71386 

usemtl Part5Mtl

f 1441/1441/1441 1442/1442/1442 1443/1443/1443 
f 1443/1443/1443 1442/1442/1442 1444/1444/1444 
f 1445/1445/1445 1446/1446/1446 1447/1447/1447 
f 1447/1447/1447 1446/1446/1446 1448/1448/1448 
f 1449/1449/1449 1450/1450/1450 1451/1451/1451 
f 1451/1451/1451 1450/1450/1450 1452/1452/1452 
f 1453/1453/1453 1454/1454/1454 1455/1455/1455 
f 1455/1455/1455 1454/1454/1454 1456/1456/1456 
f 1457/1457/1457 1458/1458/1458 1459/1459/1459 
f 1459/1459/1459 1458/1458/1458 1460/1460/1460 
f 1461/1461/1461 1462/1462/1462 1463/1463/1463 
f 1463/1463/1463 1462/1462/1462 1464/1464/1464 

g Part62

v -48.6006 16.4239 66.3855 
v -47.9104 16.4239 67.581 
v -48.6006 15.3216 66.3855 
v -47.9104 15.3216 67.581 
v -49.0829 16.4239 68.258 
v -47.9104 16.4239 67.581 
v -49.7731 16.4239 67.0625 
v -48.6006 16.4239 66.3855 
v -47.9104 16.4239 67.581 
v -49.0829 16.4239 68.258 
v -47.9104 15.3216 67.581 
v -49.0829 15.3216 68.258 
v -49.0829 16.4239 68.258 
v -49.7731 16.4239 67.0625 
v -49.0829 15.3216 68.258 
v -49.7731 15.3216 67.0625 
v -49.7731 15.3216 67.0625 
v -48.6006 15.3216 66.3855 
v -49.0829 15.3216 68.258 
v -47.9104 15.3216 67.581 
v -49.7731 16.4239 67.0625 
v -48.6006 16.4239 66.3855 
v -49.7731 15.3216 67.0625 
v -48.6006 15.3216 66.3855 

vn 0.866142 0 -0.496063 
vn 0.866142 0 -0.496063 
vn 0.866142 0 -0.496063 
vn 0.866142 0 -0.496063 
vn 0 1 0 
vn 0 1 0 
vn 0 1 0 
vn 0 1 0 
vn 0.503937 0 0.866142 
vn 0.503937 0 0.866142 
vn 0.503937 0 0.866142 
vn 0.503937 0 0.866142 
vn -0.866142 0 0.503937 
vn -0.866142 0 0.503937 
vn -0.866142 0 0.503937 
vn -0.866142 0 0.503937 
vn 0 -1 0 
vn 0 -1 0 
vn 0 -1 0 
vn 0 -1 0 
vn -0.496063 0 -0.866142 
vn -0.496063 0 -0.866142 
vn -0.496063 0 -0.866142 
vn -0.496063 0 -0.866142 

vt 1.92255 -6.5 
vt 1.75 -6.5 
vt 1.92255 -6.63779 
vt 1.75 -6.63779 
vt 1.91924 -6.5 
vt 1.75 -6.5 
vt 1.91924 -6.67255 
vt 1.75 -6.67255 
vt 1.91924 -6.5 
vt 1.75 -6.5 
vt 1.91924 -6.63779 
vt 1.75 -6.63779 
vt 1.92255 -6.5 
vt 1.75 -6.5 
vt 1.92255 -6.63779 
vt 1.75 -6.63779 
vt 1.91924 -6.5 
vt 1.75 -6.5 
vt 1.91924 -6.67255 
vt 1.75 -6.67255 
vt 1.91924 -6.5 
vt 1.75 -6.5 
vt 1.91924 -6.63779 
vt 1.75 -6.63779 

usemtl Part1Mtl

f 1465/1465/1465 1466/1466/1466 1467/1467/1467 
f 1467/1467/1467 1466/1466/1466 1468/1468/1468 
f 1469/1469/1469 1470/1470/1470 1471/1471/1471 
f 1471/1471/1471 1470/1470/1470 1472/1472/1472 
f 1473/1473/1473 1474/1474/1474 1475/1475/1475 
f 1475/1475/1475 1474/1474/1474 1476/1476/1476 
f 1477/1477/1477 1478/1478/1478 1479/1479/1479 
f 1479/1479/1479 1478/1478/1478 1480/1480/1480 
f 1481/1481/1481 1482/1482/1482 1483/1483/1483 
f 1483/1483/1483 1482/1482/1482 1484/1484/1484 
f 1485/1485/1485 1486/1486/1486 1487/1487/1487 
f 1487/1487/1487 1486/1486/1486 1488/1488/1488 

g Part63

v -48.6006 15.3414 66.3855 
v -47.9104 15.3414 67.581 
v -48.6006 14.012 66.3855 
v -47.9104 14.012 67.581 
v -50.8373 15.3414 69.2709 
v -47.9104 15.3414 67.581 
v -51.5275 15.3414 68.0754 
v -48.6006 15.3414 66.3855 
v -47.9104 15.3414 67.581 
v -50.8373 15.3414 69.2709 
v -47.9104 14.012 67.581 
v -50.8373 14.012 69.2709 
v -50.8373 15.3414 69.2709 
v -51.5275 15.3414 68.0754 
v -50.8373 14.012 69.2709 
v -51.5275 14.012 68.0754 
v -51.5275 14.012 68.0754 
v -48.6006 14.012 66.3855 
v -50.8373 14.012 69.2709 
v -47.9104 14.012 67.581 
v -51.5275 15.3414 68.0754 
v -48.6006 15.3414 66.3855 
v -51.5275 14.012 68.0754 
v -48.6006 14.012 66.3855 

vn 0.866142 0 -0.496063 
vn 0.866142 0 -0.496063 
vn 0.866142 0 -0.496063 
vn 0.866142 0 -0.496063 
vn 0 1 0 
vn 0 1 0 
vn 0 1 0 
vn 0 1 0 
vn 0.503937 0 0.866142 
vn 0.503937 0 0.866142 
vn 0.503937 0 0.866142 
vn 0.503937 0 0.866142 
vn -0.866142 0 0.503937 
vn -0.866142 0 0.503937 
vn -0.866142 0 0.503937 
vn -0.866142 0 0.503937 
vn 0 -1 0 
vn 0 -1 0 
vn 0 -1 0 
vn 0 -1 0 
vn -0.496063 0 -0.866142 
vn -0.496063 0 -0.866142 
vn -0.496063 0 -0.866142 
vn -0.496063 0 -0.866142 

vt 6.92255 -5 
vt 6.75 -5 
vt 6.92255 -5.16618 
vt 6.75 -5.16618 
vt 7.17246 -5 
vt 6.75 -5 
vt 7.17246 -5.17255 
vt 6.75 -5.17255 
vt 7.17246 -5 
vt 6.75 -5 
vt 7.17246 -5.16618 
vt 6.75 -5.16618 
vt 6.92255 -5 
vt 6.75 -5 
vt 6.92255 -5.16618 
vt 6.75 -5.16618 
vt 7.17246 -5 
vt 6.75 -5 
vt 7.17246 -5.17255 
vt 6.75 -5.17255 
vt 7.17246 -5 
vt 6.75 -5 
vt 7.17246 -5.16618 
vt 6.75 -5.16618 

usemtl Part1Mtl

f 1489/1489/1489 1490/1490/1490 1491/1491/1491 
f 1491/1491/1491 1490/1490/1490 1492/1492/1492 
f 1493/1493/1493 1494/1494/1494 1495/1495/1495 
f 1495/1495/1495 1494/1494/1494 1496/1496/1496 
f 1497/1497/1497 1498/1498/1498 1499/1499/1499 
f 1499/1499/1499 1498/1498/1498 1500/1500/1500 
f 1501/1501/1501 1502/1502/1502 1503/1503/1503 
f 1503/1503/1503 1502/1502/1502 1504/1504/1504 
f 1505/1505/1505 1506/1506/1506 1507/1507/1507 
f 1507/1507/1507 1506/1506/1506 1508/1508/1508 
f 1509/1509/1509 1510/1510/1510 1511/1511/1511 
f 1511/1511/1511 1510/1510/1510 1512/1512/1512 

g Part64

v -49.5858 2.38024 65.8758 
v -48.4994 2.38024 67.7576 
v -49.5858 0.0549988 65.8758 
v -48.4994 0.0549988 67.7576 
v -50.2945 2.38024 68.794 
v -48.4994 2.38024 67.7576 
v -51.381 2.38024 66.9122 
v -49.5858 2.38024 65.8758 
v -48.4994 2.38024 67.7576 
v -50.2945 2.38024 68.794 
v -48.4994 0.0549988 67.7576 
v -50.2945 0.0549988 68.794 
v -50.2945 2.38024 68.794 
v -51.381 2.38024 66.9122 
v -50.2945 0.0549988 68.794 
v -51.381 0.0549988 66.9122 
v -51.381 0.0549988 66.9122 
v -49.5858 0.0549988 65.8758 
v -50.2945 0.0549988 68.794 
v -48.4994 0.0549988 67.7576 
v -51.381 2.38024 66.9122 
v -49.5858 2.38024 65.8758 
v -51.381 0.0549988 66.9122 
v -49.5858 0.0549988 65.8758 

vn 0.866142 0 -0.496063 
vn 0.866142 0 -0.496063 
vn 0.866142 0 -0.496063 
vn 0.866142 0 -0.496063 
vn 0 1 0 
vn 0 1 0 
vn 0 1 0 
vn 0 1 0 
vn 0.503937 0 0.866142 
vn 0.503937 0 0.866142 
vn 0.503937 0 0.866142 
vn 0.503937 0 0.866142 
vn -0.866142 0 0.503937 
vn -0.866142 0 0.503937 
vn -0.866142 0 0.503937 
vn -0.866142 0 0.503937 
vn 0 -1 0 
vn 0 -1 0 
vn 0 -1 0 
vn 0 -1 0 
vn -0.496063 0 -0.866142 
vn -0.496063 0 -0.866142 
vn -0.496063 0 -0.866142 
vn -0.496063 0 -0.866142 

vt 4.02162 -2.5 
vt 3.75 -2.5 
vt 4.02162 -2.79065 
vt 3.75 -2.79065 
vt 4.00911 -2.5 
vt 3.75 -2.5 
vt 4.00911 -2.77162 
vt 3.75 -2.77162 
vt 4.00911 -2.5 
vt 3.75 -2.5 
vt 4.00911 -2.79065 
vt 3.75 -2.79065 
vt 4.02162 -2.5 
vt 3.75 -2.5 
vt 4.02162 -2.79065 
vt 3.75 -2.79065 
vt 4.00911 -2.5 
vt 3.75 -2.5 
vt 4.00911 -2.77162 
vt 3.75 -2.77162 
vt 4.00911 -2.5 
vt 3.75 -2.5 
vt 4.00911 -2.79065 
vt 3.75 -2.79065 

usemtl Part1Mtl

f 1513/1513/1513 1514/1514/1514 1515/1515/1515 
f 1515/1515/1515 1514/1514/1514 1516/1516/1516 
f 1517/1517/1517 1518/1518/1518 1519/1519/1519 
f 1519/1519/1519 1518/1518/1518 1520/1520/1520 
f 1521/1521/1521 1522/1522/1522 1523/1523/1523 
f 1523/1523/1523 1522/1522/1522 1524/1524/1524 
f 1525/1525/1525 1526/1526/1526 1527/1527/1527 
f 1527/1527/1527 1526/1526/1526 1528/1528/1528 
f 1529/1529/1529 1530/1530/1530 1531/1531/1531 
f 1531/1531/1531 1530/1530/1530 1532/1532/1532 
f 1533/1533/1533 1534/1534/1534 1535/1535/1535 
f 1535/1535/1535 1534/1534/1534 1536/1536/1536 

g Part65

v -49.6924 11.5126 66.3783 
v -49.0022 11.5126 67.5738 
v -49.6924 0.0549955 66.3783 
v -49.0022 0.0549955 67.5738 
v -50.1977 11.5126 68.264 
v -49.0022 11.5126 67.5738 
v -50.8879 11.5126 67.0685 
v -49.6924 11.5126 66.3783 
v -49.0022 11.5126 67.5738 
v -50.1977 11.5126 68.264 
v -49.0022 0.0549955 67.5738 
v -50.1977 0.0549955 68.264 
v -50.1977 11.5126 68.264 
v -50.8879 11.5126 67.0685 
v -50.1977 0.0549955 68.264 
v -50.8879 0.0549955 67.0685 
v -50.8879 0.0549955 67.0685 
v -49.6924 0.0549955 66.3783 
v -50.1977 0.0549955 68.264 
v -49.0022 0.0549955 67.5738 
v -50.8879 11.5126 67.0685 
v -49.6924 11.5126 66.3783 
v -50.8879 0.0549955 67.0685 
v -49.6924 0.0549955 66.3783 

vn 0.866142 0 -0.496063 
vn 0.866142 0 -0.496063 
vn 0.866142 0 -0.496063 
vn 0.866142 0 -0.496063 
vn 0 1 0 
vn 0 1 0 
vn 0 1 0 
vn 0 1 0 
vn 0.503937 0 0.866142 
vn 0.503937 0 0.866142 
vn 0.503937 0 0.866142 
vn 0.503937 0 0.866142 
vn -0.866142 0 0.503937 
vn -0.866142 0 0.503937 
vn -0.866142 0 0.503937 
vn -0.866142 0 0.503937 
vn 0 -1 0 
vn 0 -1 0 
vn 0 -1 0 
vn 0 -1 0 
vn -0.496063 0 -0.866142 
vn -0.496063 0 -0.866142 
vn -0.496063 0 -0.866142 
vn -0.496063 0 -0.866142 

vt 5.67255 -1.5 
vt 5.5 -1.5 
vt 5.67255 -2.9322 
vt 5.5 -2.9322 
vt 5.67255 -1.5 
vt 5.5 -1.5 
vt 5.67255 -1.67255 
vt 5.5 -1.67255 
vt 5.67255 -1.5 
vt 5.5 -1.5 
vt 5.67255 -2.9322 
vt 5.5 -2.9322 
vt 5.67255 -1.5 
vt 5.5 -1.5 
vt 5.67255 -2.9322 
vt 5.5 -2.9322 
vt 5.67255 -1.5 
vt 5.5 -1.5 
vt 5.67255 -1.67255 
vt 5.5 -1.67255 
vt 5.67255 -1.5 
vt 5.5 -1.5 
vt 5.67255 -2.9322 
vt 5.5 -2.9322 

usemtl Part1Mtl

f 1537/1537/1537 1538/1538/1538 1539/1539/1539 
f 1539/1539/1539 1538/1538/1538 1540/1540/1540 
f 1541/1541/1541 1542/1542/1542 1543/1543/1543 
f 1543/1543/1543 1542/1542/1542 1544/1544/1544 
f 1545/1545/1545 1546/1546/1546 1547/1547/1547 
f 1547/1547/1547 1546/1546/1546 1548/1548/1548 
f 1549/1549/1549 1550/1550/1550 1551/1551/1551 
f 1551/1551/1551 1550/1550/1550 1552/1552/1552 
f 1553/1553/1553 1554/1554/1554 1555/1555/1555 
f 1555/1555/1555 1554/1554/1554 1556/1556/1556 
f 1557/1557/1557 1558/1558/1558 1559/1559/1559 
f 1559/1559/1559 1558/1558/1558 1560/1560/1560 

g Part66

v -50.5577 12.617 64.3275 
v -46.2784 12.617 71.7395 
v -50.5577 6.95717 64.3275 
v -46.2784 6.95717 71.7395 
v -51.7776 12.617 74.9145 
v -46.2784 12.617 71.7395 
v -56.057 12.617 67.5025 
v -50.5577 12.617 64.3275 
v -46.2784 12.617 71.7395 
v -51.7776 12.617 74.9145 
v -46.2784 6.95717 71.7395 
v -51.7776 6.95717 74.9145 
v -51.7776 12.617 74.9145 
v -56.057 12.617 67.5025 
v -51.7776 6.95717 74.9145 
v -56.057 6.95717 67.5025 
v -56.057 6.95717 67.5025 
v -50.5577 6.95717 64.3275 
v -51.7776 6.95717 74.9145 
v -46.2784 6.95717 71.7395 
v -56.057 12.617 67.5025 
v -50.5577 12.617 64.3275 
v -56.057 6.95717 67.5025 
v -50.5577 6.95717 64.3275 

vn 0.866142 0 -0.496063 
vn 0.866142 0 -0.496063 
vn 0.866142 0 -0.496063 
vn 0.866142 0 -0.496063 
vn 0 1 0 
vn 0 1 0 
vn 0 1 0 
vn 0 1 0 
vn 0.503937 0 0.866142 
vn 0.503937 0 0.866142 
vn 0.503937 0 0.866142 
vn 0.503937 0 0.866142 
vn -0.866142 0 0.503937 
vn -0.866142 0 0.503937 
vn -0.866142 0 0.503937 
vn -0.866142 0 0.503937 
vn 0 -1 0 
vn 0 -1 0 
vn 0 -1 0 
vn 0 -1 0 
vn -0.496063 0 -0.866142 
vn -0.496063 0 -0.866142 
vn -0.496063 0 -0.866142 
vn -0.496063 0 -0.866142 

vt 2.81984 -3.25 
vt 1.75 -3.25 
vt 2.81984 -3.95747 
vt 1.75 -3.95747 
vt 2.54375 -3.25 
vt 1.75 -3.25 
vt 2.54375 -4.31984 
vt 1.75 -4.31984 
vt 2.54375 -3.25 
vt 1.75 -3.25 
vt 2.54375 -3.95747 
vt 1.75 -3.95747 
vt 2.81984 -3.25 
vt 1.75 -3.25 
vt 2.81984 -3.95747 
vt 1.75 -3.95747 
vt 2.54375 -3.25 
vt 1.75 -3.25 
vt 2.54375 -4.31984 
vt 1.75 -4.31984 
vt 2.54375 -3.25 
vt 1.75 -3.25 
vt 2.54375 -3.95747 
vt 1.75 -3.95747 

usemtl Part5Mtl

f 1561/1561/1561 1562/1562/1562 1563/1563/1563 
f 1563/1563/1563 1562/1562/1562 1564/1564/1564 
f 1565/1565/1565 1566/1566/1566 1567/1567/1567 
f 1567/1567/1567 1566/1566/1566 1568/1568/1568 
f 1569/1569/1569 1570/1570/1570 1571/1571/1571 
f 1571/1571/1571 1570/1570/1570 1572/1572/1572 
f 1573/1573/1573 1574/1574/1574 1575/1575/1575 
f 1575/1575/1575 1574/1574/1574 1576/1576/1576 
f 1577/1577/1577 1578/1578/1578 1579/1579/1579 
f 1579/1579/1579 1578/1578/1578 1580/1580/1580 
f 1581/1581/1581 1582/1582/1582 1583/1583/1583 
f 1583/1583/1583 1582/1582/1582 1584/1584/1584 

g Part67

v -47.4593 13.3072 60.3071 
v -43.4561 13.3072 67.2409 
v -47.4593 7.64739 60.3071 
v -43.4561 7.64739 67.2409 
v -51.3463 13.3072 71.7963 
v -43.4561 13.3072 67.2409 
v -55.3496 13.3072 64.8625 
v -47.4593 13.3072 60.3071 
v -43.4561 13.3072 67.2409 
v -51.3463 13.3072 71.7963 
v -43.4561 7.64739 67.2409 
v -51.3463 7.64739 71.7963 
v -51.3463 13.3072 71.7963 
v -55.3496 13.3072 64.8625 
v -51.3463 7.64739 71.7963 
v -55.3496 7.64739 64.8625 
v -55.3496 7.64739 64.8625 
v -47.4593 7.64739 60.3071 
v -51.3463 7.64739 71.7963 
v -43.4561 7.64739 67.2409 
v -55.3496 13.3072 64.8625 
v -47.4593 13.3072 60.3071 
v -55.3496 7.64739 64.8625 
v -47.4593 7.64739 60.3071 

vn 0.866142 0 -0.496063 
vn 0.866142 0 -0.496063 
vn 0.866142 0 -0.496063 
vn 0.866142 0 -0.496063 
vn 0 1 0 
vn 0 1 0 
vn 0 1 0 
vn 0 1 0 
vn 0.503937 0 0.866142 
vn 0.503937 0 0.866142 
vn 0.503937 0 0.866142 
vn 0.503937 0 0.866142 
vn -0.866142 0 0.503937 
vn -0.866142 0 0.503937 
vn -0.866142 0 0.503937 
vn -0.866142 0 0.503937 
vn 0 -1 0 
vn 0 -1 0 
vn 0 -1 0 
vn 0 -1 0 
vn -0.496063 0 -0.866142 
vn -0.496063 0 -0.866142 
vn -0.496063 0 -0.866142 
vn -0.496063 0 -0.866142 

vt 8.25082 -2 
vt 7.25 -2 
vt 8.25082 -2.70747 
vt 7.25 -2.70747 
vt 8.38886 -2 
vt 7.25 -2 
vt 8.38886 -3.00082 
vt 7.25 -3.00082 
vt 8.38886 -2 
vt 7.25 -2 
vt 8.38886 -2.70747 
vt 7.25 -2.70747 
vt 8.25082 -2 
vt 7.25 -2 
vt 8.25082 -2.70747 
vt 7.25 -2.70747 
vt 8.38886 -2 
vt 7.25 -2 
vt 8.38886 -3.00082 
vt 7.25 -3.00082 
vt 8.38886 -2 
vt 7.25 -2 
vt 8.38886 -2.70747 
vt 7.25 -2.70747 

usemtl Part5Mtl

f 1585/1585/1585 1586/1586/1586 1587/1587/1587 
f 1587/1587/1587 1586/1586/1586 1588/1588/1588 
f 1589/1589/1589 1590/1590/1590 1591/1591/1591 
f 1591/1591/1591 1590/1590/1590 1592/1592/1592 
f 1593/1593/1593 1594/1594/1594 1595/1595/1595 
f 1595/1595/1595 1594/1594/1594 1596/1596/1596 
f 1597/1597/1597 1598/1598/1598 1599/1599/1599 
f 1599/1599/1599 1598/1598/1598 1600/1600/1600 
f 1601/1601/1601 1602/1602/1602 1603/1603/1603 
f 1603/1603/1603 1602/1602/1602 1604/1604/1604 
f 1605/1605/1605 1606/1606/1606 1607/1607/1607 
f 1607/1607/1607 1606/1606/1606 1608/1608/1608 

g Part68

v -51.4487 22.8322 68.0299 
v -50.7585 22.8322 69.2254 
v -51.4487 9.71804 68.0299 
v -50.7585 9.71804 69.2254 
v -51.954 22.8322 69.9156 
v -50.7585 22.8322 69.2254 
v -52.6442 22.8322 68.7201 
v -51.4487 22.8322 68.0299 
v -50.7585 22.8322 69.2254 
v -51.954 22.8322 69.9156 
v -50.7585 9.71804 69.2254 
v -51.954 9.71804 69.9156 
v -51.954 22.8322 69.9156 
v -52.6442 22.8322 68.7201 
v -51.954 9.71804 69.9156 
v -52.6442 9.71804 68.7201 
v -52.6442 9.71804 68.7201 
v -51.4487 9.71804 68.0299 
v -51.954 9.71804 69.9156 
v -50.7585 9.71804 69.2254 
v -52.6442 22.8322 68.7201 
v -51.4487 22.8322 68.0299 
v -52.6442 9.71804 68.7201 
v -51.4487 9.71804 68.0299 

vn 0.866142 0 -0.496063 
vn 0.866142 0 -0.496063 
vn 0.866142 0 -0.496063 
vn 0.866142 0 -0.496063 
vn 0 1 0 
vn 0 1 0 
vn 0 1 0 
vn 0 1 0 
vn 0.503937 0 0.866142 
vn 0.503937 0 0.866142 
vn 0.503937 0 0.866142 
vn 0.503937 0 0.866142 
vn -0.866142 0 0.503937 
vn -0.866142 0 0.503937 
vn -0.866142 0 0.503937 
vn -0.866142 0 0.503937 
vn 0 -1 0 
vn 0 -1 0 
vn 0 -1 0 
vn 0 -1 0 
vn -0.496063 0 -0.866142 
vn -0.496063 0 -0.866142 
vn -0.496063 0 -0.866142 
vn -0.496063 0 -0.866142 

vt 4.67255 0 
vt 4.5 0 
vt 4.67255 -1.63927 
vt 4.5 -1.63927 
vt 4.67255 0 
vt 4.5 0 
vt 4.67255 -0.172554 
vt 4.5 -0.172554 
vt 4.67255 0 
vt 4.5 0 
vt 4.67255 -1.63927 
vt 4.5 -1.63927 
vt 4.67255 0 
vt 4.5 0 
vt 4.67255 -1.63927 
vt 4.5 -1.63927 
vt 4.67255 0 
vt 4.5 0 
vt 4.67255 -0.172554 
vt 4.5 -0.172554 
vt 4.67255 0 
vt 4.5 0 
vt 4.67255 -1.63927 
vt 4.5 -1.63927 

usemtl Part1Mtl

f 1609/1609/1609 1610/1610/1610 1611/1611/1611 
f 1611/1611/1611 1610/1610/1610 1612/1612/1612 
f 1613/1613/1613 1614/1614/1614 1615/1615/1615 
f 1615/1615/1615 1614/1614/1614 1616/1616/1616 
f 1617/1617/1617 1618/1618/1618 1619/1619/1619 
f 1619/1619/1619 1618/1618/1618 1620/1620/1620 
f 1621/1621/1621 1622/1622/1622 1623/1623/1623 
f 1623/1623/1623 1622/1622/1622 1624/1624/1624 
f 1625/1625/1625 1626/1626/1626 1627/1627/1627 
f 1627/1627/1627 1626/1626/1626 1628/1628/1628 
f 1629/1629/1629 1630/1630/1630 1631/1631/1631 
f 1631/1631/1631 1630/1630/1630 1632/1632/1632 

g Part69

v -47.7995 25.455 60.8222 
v -44.0723 25.455 67.2779 
v -47.7995 21.1757 60.8222 
v -44.0723 21.1757 67.2779 
v -50.528 25.455 71.0051 
v -44.0723 25.455 67.2779 
v -54.2551 25.455 64.5494 
v -47.7995 25.455 60.8222 
v -44.0723 25.455 67.2779 
v -50.528 25.455 71.0051 
v -44.0723 21.1757 67.2779 
v -50.528 21.1757 71.0051 
v -50.528 25.455 71.0051 
v -54.2551 25.455 64.5494 
v -50.528 21.1757 71.0051 
v -54.2551 21.1757 64.5494 
v -54.2551 21.1757 64.5494 
v -47.7995 21.1757 60.8222 
v -50.528 21.1757 71.0051 
v -44.0723 21.1757 67.2779 
v -54.2551 25.455 64.5494 
v -47.7995 25.455 60.8222 
v -54.2551 21.1757 64.5494 
v -47.7995 21.1757 60.8222 

vn 0.866142 0 -0.496063 
vn 0.866142 0 -0.496063 
vn 0.866142 0 -0.496063 
vn 0.866142 0 -0.496063 
vn 0 1 0 
vn 0 1 0 
vn 0 1 0 
vn 0 1 0 
vn 0.503937 0 0.866142 
vn 0.503937 0 0.866142 
vn 0.503937 0 0.866142 
vn 0.503937 0 0.866142 
vn -0.866142 0 0.503937 
vn -0.866142 0 0.503937 
vn -0.866142 0 0.503937 
vn -0.866142 0 0.503937 
vn 0 -1 0 
vn 0 -1 0 
vn 0 -1 0 
vn 0 -1 0 
vn -0.496063 0 -0.866142 
vn -0.496063 0 -0.866142 
vn -0.496063 0 -0.866142 
vn -0.496063 0 -0.866142 

vt 1.43179 -3 
vt 0.5 -3 
vt 1.43179 -3.53492 
vt 0.5 -3.53492 
vt 1.43179 -3 
vt 0.5 -3 
vt 1.43179 -3.93179 
vt 0.5 -3.93179 
vt 1.43179 -3 
vt 0.5 -3 
vt 1.43179 -3.53492 
vt 0.5 -3.53492 
vt 1.43179 -3 
vt 0.5 -3 
vt 1.43179 -3.53492 
vt 0.5 -3.53492 
vt 1.43179 -3 
vt 0.5 -3 
vt 1.43179 -3.93179 
vt 0.5 -3.93179 
vt 1.43179 -3 
vt 0.5 -3 
vt 1.43179 -3.53492 
vt 0.5 -3.53492 

usemtl Part5Mtl

f 1633/1633/1633 1634/1634/1634 1635/1635/1635 
f 1635/1635/1635 1634/1634/1634 1636/1636/1636 
f 1637/1637/1637 1638/1638/1638 1639/1639/1639 
f 1639/1639/1639 1638/1638/1638 1640/1640/1640 
f 1641/1641/1641 1642/1642/1642 1643/1643/1643 
f 1643/1643/1643 1642/1642/1642 1644/1644/1644 
f 1645/1645/1645 1646/1646/1646 1647/1647/1647 
f 1647/1647/1647 1646/1646/1646 1648/1648/1648 
f 1649/1649/1649 1650/1650/1650 1651/1651/1651 
f 1651/1651/1651 1650/1650/1650 1652/1652/1652 
f 1653/1653/1653 1654/1654/1654 1655/1655/1655 
f 1655/1655/1655 1654/1654/1654 1656/1656/1656 

g Part70

v -48.995 20.4854 61.5124 
v -45.958 20.4854 66.7726 
v -48.995 16.2061 61.5124 
v -45.958 16.2061 66.7726 
v -53.131 20.4854 70.9139 
v -45.958 20.4854 66.7726 
v -56.1679 20.4854 65.6537 
v -48.995 20.4854 61.5124 
v -45.958 20.4854 66.7726 
v -53.131 20.4854 70.9139 
v -45.958 16.2061 66.7726 
v -53.131 16.2061 70.9139 
v -53.131 20.4854 70.9139 
v -56.1679 20.4854 65.6537 
v -53.131 16.2061 70.9139 
v -56.1679 16.2061 65.6537 
v -56.1679 16.2061 65.6537 
v -48.995 16.2061 61.5124 
v -53.131 16.2061 70.9139 
v -45.958 16.2061 66.7726 
v -56.1679 20.4854 65.6537 
v -48.995 20.4854 61.5124 
v -56.1679 16.2061 65.6537 
v -48.995 16.2061 61.5124 

vn 0.866142 0 -0.496063 
vn 0.866142 0 -0.496063 
vn 0.866142 0 -0.496063 
vn 0.866142 0 -0.496063 
vn 0 1 0 
vn 0 1 0 
vn 0 1 0 
vn 0 1 0 
vn 0.503937 0 0.866142 
vn 0.503937 0 0.866142 
vn 0.503937 0 0.866142 
vn 0.503937 0 0.866142 
vn -0.866142 0 0.503937 
vn -0.866142 0 0.503937 
vn -0.866142 0 0.503937 
vn -0.866142 0 0.503937 
vn 0 -1 0 
vn 0 -1 0 
vn 0 -1 0 
vn 0 -1 0 
vn -0.496063 0 -0.866142 
vn -0.496063 0 -0.866142 
vn -0.496063 0 -0.866142 
vn -0.496063 0 -0.866142 

vt 2.50924 -5 
vt 1.75 -5 
vt 2.50924 -5.53492 
vt 1.75 -5.53492 
vt 2.78533 -5 
vt 1.75 -5 
vt 2.78533 -5.75924 
vt 1.75 -5.75924 
vt 2.78533 -5 
vt 1.75 -5 
vt 2.78533 -5.53492 
vt 1.75 -5.53492 
vt 2.50924 -5 
vt 1.75 -5 
vt 2.50924 -5.53492 
vt 1.75 -5.53492 
vt 2.78533 -5 
vt 1.75 -5 
vt 2.78533 -5.75924 
vt 1.75 -5.75924 
vt 2.78533 -5 
vt 1.75 -5 
vt 2.78533 -5.53492 
vt 1.75 -5.53492 

usemtl Part5Mtl

f 1657/1657/1657 1658/1658/1658 1659/1659/1659 
f 1659/1659/1659 1658/1658/1658 1660/1660/1660 
f 1661/1661/1661 1662/1662/1662 1663/1663/1663 
f 1663/1663/1663 1662/1662/1662 1664/1664/1664 
f 1665/1665/1665 1666/1666/1666 1667/1667/1667 
f 1667/1667/1667 1666/1666/1666 1668/1668/1668 
f 1669/1669/1669 1670/1670/1670 1671/1671/1671 
f 1671/1671/1671 1670/1670/1670 1672/1672/1672 
f 1673/1673/1673 1674/1674/1674 1675/1675/1675 
f 1675/1675/1675 1674/1674/1674 1676/1676/1676 
f 1677/1677/1677 1678/1678/1678 1679/1679/1679 
f 1679/1679/1679 1678/1678/1678 1680/1680/1680 

g Part71

v -49.6013 23.2463 63.7753 
v -45.8741 23.2463 70.231 
v -49.6013 18.1387 63.7753 
v -45.8741 18.1387 70.231 
v -54.4817 23.2463 75.2005 
v -45.8741 23.2463 70.231 
v -58.2088 23.2463 68.7449 
v -49.6013 23.2463 63.7753 
v -45.8741 23.2463 70.231 
v -54.4817 23.2463 75.2005 
v -45.8741 18.1387 70.231 
v -54.4817 18.1387 75.2005 
v -54.4817 23.2463 75.2005 
v -58.2088 23.2463 68.7449 
v -54.4817 18.1387 75.2005 
v -58.2088 18.1387 68.7449 
v -58.2088 18.1387 68.7449 
v -49.6013 18.1387 63.7753 
v -54.4817 18.1387 75.2005 
v -45.8741 18.1387 70.231 
v -58.2088 23.2463 68.7449 
v -49.6013 23.2463 63.7753 
v -58.2088 18.1387 68.7449 
v -49.6013 18.1387 63.7753 

vn 0.866142 0 -0.496063 
vn 0.866142 0 -0.496063 
vn 0.866142 0 -0.496063 
vn 0.866142 0 -0.496063 
vn 0 1 0 
vn 0 1 0 
vn 0 1 0 
vn 0 1 0 
vn 0.503937 0 0.866142 
vn 0.503937 0 0.866142 
vn 0.503937 0 0.866142 
vn 0.503937 0 0.866142 
vn -0.866142 0 0.503937 
vn -0.866142 0 0.503937 
vn -0.866142 0 0.503937 
vn -0.866142 0 0.503937 
vn 0 -1 0 
vn 0 -1 0 
vn 0 -1 0 
vn 0 -1 0 
vn -0.496063 0 -0.866142 
vn -0.496063 0 -0.866142 
vn -0.496063 0 -0.866142 
vn -0.496063 0 -0.866142 

vt 8.43179 1 
vt 7.5 1 
vt 8.43179 0.361549 
vt 7.5 0.361549 
vt 8.74239 1 
vt 7.5 1 
vt 8.74239 0.0682066 
vt 7.5 0.0682066 
vt 8.74239 1 
vt 7.5 1 
vt 8.74239 0.361549 
vt 7.5 0.361549 
vt 8.43179 1 
vt 7.5 1 
vt 8.43179 0.361549 
vt 7.5 0.361549 
vt 8.74239 1 
vt 7.5 1 
vt 8.74239 0.0682066 
vt 7.5 0.0682066 
vt 8.74239 1 
vt 7.5 1 
vt 8.74239 0.361549 
vt 7.5 0.361549 

usemtl Part5Mtl

f 1681/1681/1681 1682/1682/1682 1683/1683/1683 
f 1683/1683/1683 1682/1682/1682 1684/1684/1684 
f 1685/1685/1685 1686/1686/1686 1687/1687/1687 
f 1687/1687/1687 1686/1686/1686 1688/1688/1688 
f 1689/1689/1689 1690/1690/1690 1691/1691/1691 
f 1691/1691/1691 1690/1690/1690 1692/1692/1692 
f 1693/1693/1693 1694/1694/1694 1695/1695/1695 
f 1695/1695/1695 1694/1694/1694 1696/1696/1696 
f 1697/1697/1697 1698/1698/1698 1699/1699/1699 
f 1699/1699/1699 1698/1698/1698 1700/1700/1700 
f 1701/1701/1701 1702/1702/1702 1703/1703/1703 
f 1703/1703/1703 1702/1702/1702 1704/1704/1704 

g Part72

v -54.209 31.8906 8.24288 
v -52.1524 31.8906 9.96863 
v -54.209 29.7467 8.24288 
v -52.1524 29.7467 9.96863 
v -53.845 31.8906 11.9858 
v -52.1524 31.8906 9.96863 
v -55.9016 31.8906 10.2601 
v -54.209 31.8906 8.24288 
v -52.1524 31.8906 9.96863 
v -53.845 31.8906 11.9858 
v -52.1524 29.7467 9.96863 
v -53.845 29.7467 11.9858 
v -53.845 31.8906 11.9858 
v -55.9016 31.8906 10.2601 
v -53.845 29.7467 11.9858 
v -55.9016 29.7467 10.2601 
v -55.9016 29.7467 10.2601 
v -54.209 29.7467 8.24288 
v -53.845 29.7467 11.9858 
v -52.1524 29.7467 9.96863 
v -55.9016 31.8906 10.2601 
v -54.209 31.8906 8.24288 
v -55.9016 29.7467 10.2601 
v -54.209 29.7467 8.24288 

vn 0.645669 0 -0.76378 
vn 0.645669 0 -0.76378 
vn 0.645669 0 -0.76378 
vn 0.645669 0 -0.76378 
vn 0 1 0 
vn 0 1 0 
vn 0 1 0 
vn 0 1 0 
vn 0.76378 0 0.645669 
vn 0.76378 0 0.645669 
vn 0.76378 0 0.645669 
vn 0.76378 0 0.645669 
vn -0.645669 0 0.76378 
vn -0.645669 0 0.76378 
vn -0.645669 0 0.76378 
vn -0.645669 0 0.76378 
vn 0 -1 0 
vn 0 -1 0 
vn 0 -1 0 
vn 0 -1 0 
vn -0.76378 0 -0.645669 
vn -0.76378 0 -0.645669 
vn -0.76378 0 -0.645669 
vn -0.76378 0 -0.645669 

vt 3.5856 0.5 
vt 3.25 0.5 
vt 3.5856 0.232016 
vt 3.25 0.232016 
vt 3.57916 0.5 
vt 3.25 0.5 
vt 3.57916 0.164402 
vt 3.25 0.164402 
vt 3.57916 0.5 
vt 3.25 0.5 
vt 3.57916 0.232016 
vt 3.25 0.232016 
vt 3.5856 0.5 
vt 3.25 0.5 
vt 3.5856 0.232016 
vt 3.25 0.232016 
vt 3.57916 0.5 
vt 3.25 0.5 
vt 3.57916 0.164402 
vt 3.25 0.164402 
vt 3.57916 0.5 
vt 3.25 0.5 
vt 3.57916 0.232016 
vt 3.25 0.232016 

usemtl Part1Mtl

f 1705/1705/1705 1706/1706/1706 1707/1707/1707 
f 1707/1707/1707 1706/1706/1706 1708/1708/1708 
f 1709/1709/1709 1710/1710/1710 1711/1711/1711 
f 1711/1711/1711 1710/1710/1710 1712/1712/1712 
f 1713/1713/1713 1714/1714/1714 1715/1715/1715 
f 1715/1715/1715 1714/1714/1714 1716/1716/1716 
f 1717/1717/1717 1718/1718/1718 1719/1719/1719 
f 1719/1719/1719 1718/1718/1718 1720/1720/1720 
f 1721/1721/1721 1722/1722/1722 1723/1723/1723 
f 1723/1723/1723 1722/1722/1722 1724/1724/1724 
f 1725/1725/1725 1726/1726/1726 1727/1727/1727 
f 1727/1727/1727 1726/1726/1726 1728/1728/1728 

g Part73

v -54.209 29.7853 8.24291 
v -52.1523 29.7853 9.96865 
v -54.209 27.1997 8.24291 
v -52.1523 27.1997 9.96865 
v -56.3775 29.7853 15.004 
v -52.1523 29.7853 9.96865 
v -58.4341 29.7853 13.2782 
v -54.209 29.7853 8.24291 
v -52.1523 29.7853 9.96865 
v -56.3775 29.7853 15.004 
v -52.1523 27.1997 9.96865 
v -56.3775 27.1997 15.004 
v -56.3775 29.7853 15.004 
v -58.4341 29.7853 13.2782 
v -56.3775 27.1997 15.004 
v -58.4341 27.1997 13.2782 
v -58.4341 27.1997 13.2782 
v -54.209 27.1997 8.24291 
v -56.3775 27.1997 15.004 
v -52.1523 27.1997 9.96865 
v -58.4341 29.7853 13.2782 
v -54.209 29.7853 8.24291 
v -58.4341 27.1997 13.2782 
v -54.209 27.1997 8.24291 

vn 0.645669 0 -0.76378 
vn 0.645669 0 -0.76378 
vn 0.645669 0 -0.76378 
vn 0.645669 0 -0.76378 
vn 0 1 0 
vn 0 1 0 
vn 0 1 0 
vn 0 1 0 
vn 0.76378 0 0.645669 
vn 0.76378 0 0.645669 
vn 0.76378 0 0.645669 
vn 0.76378 0 0.645669 
vn -0.645669 0 0.76378 
vn -0.645669 0 0.76378 
vn -0.645669 0 0.76378 
vn -0.645669 0 0.76378 
vn 0 -1 0 
vn 0 -1 0 
vn 0 -1 0 
vn 0 -1 0 
vn -0.76378 0 -0.645669 
vn -0.76378 0 -0.645669 
vn -0.76378 0 -0.645669 
vn -0.76378 0 -0.645669 

vt 5.5856 0.5 
vt 5.25 0.5 
vt 5.5856 0.176804 
vt 5.25 0.176804 
vt 6.07164 0.5 
vt 5.25 0.5 
vt 6.07164 0.164402 
vt 5.25 0.164402 
vt 6.07164 0.5 
vt 5.25 0.5 
vt 6.07164 0.176804 
vt 5.25 0.176804 
vt 5.5856 0.5 
vt 5.25 0.5 
vt 5.5856 0.176804 
vt 5.25 0.176804 
vt 6.07164 0.5 
vt 5.25 0.5 
vt 6.07164 0.164402 
vt 5.25 0.164402 
vt 6.07164 0.5 
vt 5.25 0.5 
vt 6.07164 0.176804 
vt 5.25 0.176804 

usemtl Part1Mtl

f 1729/1729/1729 1730/1730/1730 1731/1731/1731 
f 1731/1731/1731 1730/1730/1730 1732/1732/1732 
f 1733/1733/1733 1734/1734/1734 1735/1735/1735 
f 1735/1735/1735 1734/1734/1734 1736/1736/1736 
f 1737/1737/1737 1738/1738/1738 1739/1739/1739 
f 1739/1739/1739 1738/1738/1738 1740/1740/1740 
f 1741/1741/1741 1742/1742/1742 1743/1743/1743 
f 1743/1743/1743 1742/1742/1742 1744/1744/1744 
f 1745/1745/1745 1746/1746/1746 1747/1747/1747 
f 1747/1747/1747 1746/1746/1746 1748/1748/1748 
f 1749/1749/1749 1750/1750/1750 1751/1751/1751 
f 1751/1751/1751 1750/1750/1750 1752/1752/1752 

g Part74

v -56.3487 4.57731 7.96668 
v -53.1113 4.57731 10.6832 
v -56.3487 0.0550013 7.96668 
v -53.1113 0.0550013 10.6832 
v -55.7027 4.57731 13.7714 
v -53.1113 4.57731 10.6832 
v -58.9401 4.57731 11.0549 
v -56.3487 4.57731 7.96668 
v -53.1113 4.57731 10.6832 
v -55.7027 4.57731 13.7714 
v -53.1113 0.0550013 10.6832 
v -55.7027 0.0550013 13.7714 
v -55.7027 4.57731 13.7714 
v -58.9401 4.57731 11.0549 
v -55.7027 0.0550013 13.7714 
v -58.9401 0.0550013 11.0549 
v -58.9401 0.0550013 11.0549 
v -56.3487 0.0550013 7.96668 
v -55.7027 0.0550013 13.7714 
v -53.1113 0.0550013 10.6832 
v -58.9401 4.57731 11.0549 
v -56.3487 4.57731 7.96668 
v -58.9401 0.0550013 11.0549 
v -56.3487 0.0550013 7.96668 

vn 0.645669 0 -0.76378 
vn 0.645669 0 -0.76378 
vn 0.645669 0 -0.76378 
vn 0.645669 0 -0.76378 
vn 0 1 0 
vn 0 1 0 
vn 0 1 0 
vn 0 1 0 
vn 0.76378 0 0.645669 
vn 0.76378 0 0.645669 
vn 0.76378 0 0.645669 
vn 0.76378 0 0.645669 
vn -0.645669 0 0.76378 
vn -0.645669 0 0.76378 
vn -0.645669 0 0.76378 
vn -0.645669 0 0.76378 
vn 0 -1 0 
vn 0 -1 0 
vn 0 -1 0 
vn 0 -1 0 
vn -0.76378 0 -0.645669 
vn -0.76378 0 -0.645669 
vn -0.76378 0 -0.645669 
vn -0.76378 0 -0.645669 

vt 7.02826 -0.5 
vt 6.5 -0.5 
vt 7.02826 -1.06529 
vt 6.5 -1.06529 
vt 7.00393 -0.5 
vt 6.5 -0.5 
vt 7.00393 -1.02826 
vt 6.5 -1.02826 
vt 7.00393 -0.5 
vt 6.5 -0.5 
vt 7.00393 -1.06529 
vt 6.5 -1.06529 
vt 7.02826 -0.5 
vt 6.5 -0.5 
vt 7.02826 -1.06529 
vt 6.5 -1.06529 
vt 7.00393 -0.5 
vt 6.5 -0.5 
vt 7.00393 -1.02826 
vt 6.5 -1.02826 
vt 7.00393 -0.5 
vt 6.5 -0.5 
vt 7.00393 -1.06529 
vt 6.5 -1.06529 

usemtl Part1Mtl

f 1753/1753/1753 1754/1754/1754 1755/1755/1755 
f 1755/1755/1755 1754/1754/1754 1756/1756/1756 
f 1757/1757/1757 1758/1758/1758 1759/1759/1759 
f 1759/1759/1759 1758/1758/1758 1760/1760/1760 
f 1761/1761/1761 1762/1762/1762 1763/1763/1763 
f 1763/1763/1763 1762/1762/1762 1764/1764/1764 
f 1765/1765/1765 1766/1766/1766 1767/1767/1767 
f 1767/1767/1767 1766/1766/1766 1768/1768/1768 
f 1769/1769/1769 1770/1770/1770 1771/1771/1771 
f 1771/1771/1771 1770/1770/1770 1772/1772/1772 
f 1773/1773/1773 1774/1774/1774 1775/1775/1775 
f 1775/1775/1775 1774/1774/1774 1776/1776/1776 

g Part75

v -56.2093 22.3387 8.956 
v -54.1526 22.3387 10.6817 
v -56.2093 0.0549974 8.956 
v -54.1526 0.0549974 10.6817 
v -55.8784 22.3387 12.7384 
v -54.1526 22.3387 10.6817 
v -57.935 22.3387 11.0127 
v -56.2093 22.3387 8.956 
v -54.1526 22.3387 10.6817 
v -55.8784 22.3387 12.7384 
v -54.1526 0.0549974 10.6817 
v -55.8784 0.0549974 12.7384 
v -55.8784 22.3387 12.7384 
v -57.935 22.3387 11.0127 
v -55.8784 0.0549974 12.7384 
v -57.935 0.0549974 11.0127 
v -57.935 0.0549974 11.0127 
v -56.2093 0.0549974 8.956 
v -55.8784 0.0549974 12.7384 
v -54.1526 0.0549974 10.6817 
v -57.935 22.3387 11.0127 
v -56.2093 22.3387 8.956 
v -57.935 0.0549974 11.0127 
v -56.2093 0.0549974 8.956 

vn 0.645669 0 -0.76378 
vn 0.645669 0 -0.76378 
vn 0.645669 0 -0.76378 
vn 0.645669 0 -0.76378 
vn 0 1 0 
vn 0 1 0 
vn 0 1 0 
vn 0 1 0 
vn 0.76378 0 0.645669 
vn 0.76378 0 0.645669 
vn 0.76378 0 0.645669 
vn 0.76378 0 0.645669 
vn -0.645669 0 0.76378 
vn -0.645669 0 0.76378 
vn -0.645669 0 0.76378 
vn -0.645669 0 0.76378 
vn 0 -1 0 
vn 0 -1 0 
vn 0 -1 0 
vn 0 -1 0 
vn -0.76378 0 -0.645669 
vn -0.76378 0 -0.645669 
vn -0.76378 0 -0.645669 
vn -0.76378 0 -0.645669 

vt 6.3356 -6.75 
vt 6 -6.75 
vt 6.3356 -9.53546 
vt 6 -9.53546 
vt 6.3356 -6.75 
vt 6 -6.75 
vt 6.3356 -7.0856 
vt 6 -7.0856 
vt 6.3356 -6.75 
vt 6 -6.75 
vt 6.3356 -9.53546 
vt 6 -9.53546 
vt 6.3356 -6.75 
vt 6 -6.75 
vt 6.3356 -9.53546 
vt 6 -9.53546 
vt 6.3356 -6.75 
vt 6 -6.75 
vt 6.3356 -7.0856 
vt 6 -7.0856 
vt 6.3356 -6.75 
vt 6 -6.75 
vt 6.3356 -9.53546 
vt 6 -9.53546 

usemtl Part1Mtl

f 1777/1777/1777 1778/1778/1778 1779/1779/1779 
f 1779/1779/1779 1778/1778/1778 1780/1780/1780 
f 1781/1781/1781 1782/1782/1782 1783/1783/1783 
f 1783/1783/1783 1782/1782/1782 1784/1784/1784 
f 1785/1785/1785 1786/1786/1786 1787/1787/1787 
f 1787/1787/1787 1786/1786/1786 1788/1788/1788 
f 1789/1789/1789 1790/1790/1790 1791/1791/1791 
f 1791/1791/1791 1790/1790/1790 1792/1792/1792 
f 1793/1793/1793 1794/1794/1794 1795/1795/1795 
f 1795/1795/1795 1794/1794/1794 1796/1796/1796 
f 1797/1797/1797 1798/1798/1798 1799/1799/1799 
f 1799/1799/1799 1798/1798/1798 1800/1800/1800 

g Part76

v -59.1548 24.4865 5.78349 
v -46.4035 24.4865 16.4831 
v -59.1548 13.4789 5.78349 
v -46.4035 13.4789 16.4831 
v -54.3419 24.4865 25.9438 
v -46.4035 24.4865 16.4831 
v -67.0932 24.4865 15.2441 
v -59.1548 24.4865 5.78349 
v -46.4035 24.4865 16.4831 
v -54.3419 24.4865 25.9438 
v -46.4035 13.4789 16.4831 
v -54.3419 13.4789 25.9438 
v -54.3419 24.4865 25.9438 
v -67.0932 24.4865 15.2441 
v -54.3419 13.4789 25.9438 
v -67.0932 13.4789 15.2441 
v -67.0932 13.4789 15.2441 
v -59.1548 13.4789 5.78349 
v -54.3419 13.4789 25.9438 
v -46.4035 13.4789 16.4831 
v -67.0932 24.4865 15.2441 
v -59.1548 24.4865 5.78349 
v -67.0932 13.4789 15.2441 
v -59.1548 13.4789 5.78349 

vn 0.645669 0 -0.76378 
vn 0.645669 0 -0.76378 
vn 0.645669 0 -0.76378 
vn 0.645669 0 -0.76378 
vn 0 1 0 
vn 0 1 0 
vn 0 1 0 
vn 0 1 0 
vn 0.76378 0 0.645669 
vn 0.76378 0 0.645669 
vn 0.76378 0 0.645669 
vn 0.76378 0 0.645669 
vn -0.645669 0 0.76378 
vn -0.645669 0 0.76378 
vn -0.645669 0 0.76378 
vn -0.645669 0 0.76378 
vn 0 -1 0 
vn 0 -1 0 
vn 0 -1 0 
vn 0 -1 0 
vn -0.76378 0 -0.645669 
vn -0.76378 0 -0.645669 
vn -0.76378 0 -0.645669 
vn -0.76378 0 -0.645669 

vt 6.08071 -3.75 
vt 4 -3.75 
vt 6.08071 -5.12595 
vt 4 -5.12595 
vt 5.54375 -3.75 
vt 4 -3.75 
vt 5.54375 -5.83071 
vt 4 -5.83071 
vt 5.54375 -3.75 
vt 4 -3.75 
vt 5.54375 -5.12595 
vt 4 -5.12595 
vt 6.08071 -3.75 
vt 4 -3.75 
vt 6.08071 -5.12595 
vt 4 -5.12595 
vt 5.54375 -3.75 
vt 4 -3.75 
vt 5.54375 -5.83071 
vt 4 -5.83071 
vt 5.54375 -3.75 
vt 4 -3.75 
vt 5.54375 -5.12595 
vt 4 -5.12595 

usemtl Part5Mtl

f 1801/1801/1801 1802/1802/1802 1803/1803/1803 
f 1803/1803/1803 1802/1802/1802 1804/1804/1804 
f 1805/1805/1805 1806/1806/1806 1807/1807/1807 
f 1807/1807/1807 1806/1806/1806 1808/1808/1808 
f 1809/1809/1809 1810/1810/1810 1811/1811/1811 
f 1811/1811/1811 1810/1810/1810 1812/1812/1812 
f 1813/1813/1813 1814/1814/1814 1815/1815/1815 
f 1815/1815/1815 1814/1814/1814 1816/1816/1816 
f 1817/1817/1817 1818/1818/1818 1819/1819/1819 
f 1819/1819/1819 1818/1818/1818 1820/1820/1820 
f 1821/1821/1821 1822/1822/1822 1823/1823/1823 
f 1823/1823/1823 1822/1822/1822 1824/1824/1824 

g Part77

v -56.1666 25.8289 -3.62523 
v -44.238 25.8289 6.38409 
v -56.1666 14.8213 -3.62523 
v -44.238 14.8213 6.38409 
v -55.6279 25.8289 19.9581 
v -44.238 25.8289 6.38409 
v -67.5565 25.8289 9.94874 
v -56.1666 25.8289 -3.62523 
v -44.238 25.8289 6.38409 
v -55.6279 25.8289 19.9581 
v -44.238 14.8213 6.38409 
v -55.6279 14.8213 19.9581 
v -55.6279 25.8289 19.9581 
v -67.5565 25.8289 9.94874 
v -55.6279 14.8213 19.9581 
v -67.5565 14.8213 9.94874 
v -67.5565 14.8213 9.94874 
v -56.1666 14.8213 -3.62523 
v -55.6279 14.8213 19.9581 
v -44.238 14.8213 6.38409 
v -67.5565 25.8289 9.94874 
v -56.1666 25.8289 -3.62523 
v -67.5565 14.8213 9.94874 
v -56.1666 14.8213 -3.62523 

vn 0.645669 0 -0.76378 
vn 0.645669 0 -0.76378 
vn 0.645669 0 -0.76378 
vn 0.645669 0 -0.76378 
vn 0 1 0 
vn 0 1 0 
vn 0 1 0 
vn 0 1 0 
vn 0.76378 0 0.645669 
vn 0.76378 0 0.645669 
vn 0.76378 0 0.645669 
vn 0.76378 0 0.645669 
vn -0.645669 0 0.76378 
vn -0.645669 0 0.76378 
vn -0.645669 0 0.76378 
vn -0.645669 0 0.76378 
vn 0 -1 0 
vn 0 -1 0 
vn 0 -1 0 
vn 0 -1 0 
vn -0.76378 0 -0.645669 
vn -0.76378 0 -0.645669 
vn -0.76378 0 -0.645669 
vn -0.76378 0 -0.645669 

vt 3.19647 -5.25 
vt 1.25 -5.25 
vt 3.19647 -6.62595 
vt 1.25 -6.62595 
vt 3.46495 -5.25 
vt 1.25 -5.25 
vt 3.46495 -7.19647 
vt 1.25 -7.19647 
vt 3.46495 -5.25 
vt 1.25 -5.25 
vt 3.46495 -6.62595 
vt 1.25 -6.62595 
vt 3.19647 -5.25 
vt 1.25 -5.25 
vt 3.19647 -6.62595 
vt 1.25 -6.62595 
vt 3.46495 -5.25 
vt 1.25 -5.25 
vt 3.46495 -7.19647 
vt 1.25 -7.19647 
vt 3.46495 -5.25 
vt 1.25 -5.25 
vt 3.46495 -6.62595 
vt 1.25 -6.62595 

usemtl Part5Mtl

f 1825/1825/1825 1826/1826/1826 1827/1827/1827 
f 1827/1827/1827 1826/1826/1826 1828/1828/1828 
f 1829/1829/1829 1830/1830/1830 1831/1831/1831 
f 1831/1831/1831 1830/1830/1830 1832/1832/1832 
f 1833/1833/1833 1834/1834/1834 1835/1835/1835 
f 1835/1835/1835 1834/1834/1834 1836/1836/1836 
f 1837/1837/1837 1838/1838/1838 1839/1839/1839 
f 1839/1839/1839 1838/1838/1838 1840/1840/1840 
f 1841/1841/1841 1842/1842/1842 1843/1843/1843 
f 1843/1843/1843 1842/1842/1842 1844/1844/1844 
f 1845/1845/1845 1846/1846/1846 1847/1847/1847 
f 1847/1847/1847 1846/1846/1846 1848/1848/1848 

g Part78

v -58.3204 44.3539 13.1427 
v -56.2637 44.3539 14.8684 
v -58.3204 18.8485 13.1427 
v -56.2637 18.8485 14.8684 
v -57.9895 44.3539 16.9251 
v -56.2637 44.3539 14.8684 
v -60.0461 44.3539 15.1993 
v -58.3204 44.3539 13.1427 
v -56.2637 44.3539 14.8684 
v -57.9895 44.3539 16.9251 
v -56.2637 18.8485 14.8684 
v -57.9895 18.8485 16.9251 
v -57.9895 44.3539 16.9251 
v -60.0461 44.3539 15.1993 
v -57.9895 18.8485 16.9251 
v -60.0461 18.8485 15.1993 
v -60.0461 18.8485 15.1993 
v -58.3204 18.8485 13.1427 
v -57.9895 18.8485 16.9251 
v -56.2637 18.8485 14.8684 
v -60.0461 44.3539 15.1993 
v -58.3204 44.3539 13.1427 
v -60.0461 18.8485 15.1993 
v -58.3204 18.8485 13.1427 

vn 0.645669 0 -0.76378 
vn 0.645669 0 -0.76378 
vn 0.645669 0 -0.76378 
vn 0.645669 0 -0.76378 
vn 0 1 0 
vn 0 1 0 
vn 0 1 0 
vn 0 1 0 
vn 0.76378 0 0.645669 
vn 0.76378 0 0.645669 
vn 0.76378 0 0.645669 
vn 0.76378 0 0.645669 
vn -0.645669 0 0.76378 
vn -0.645669 0 0.76378 
vn -0.645669 0 0.76378 
vn -0.645669 0 0.76378 
vn 0 -1 0 
vn 0 -1 0 
vn 0 -1 0 
vn 0 -1 0 
vn -0.76378 0 -0.645669 
vn -0.76378 0 -0.645669 
vn -0.76378 0 -0.645669 
vn -0.76378 0 -0.645669 

vt 2.8356 -4.5 
vt 2.5 -4.5 
vt 2.8356 -7.68818 
vt 2.5 -7.68818 
vt 2.8356 -4.5 
vt 2.5 -4.5 
vt 2.8356 -4.8356 
vt 2.5 -4.8356 
vt 2.8356 -4.5 
vt 2.5 -4.5 
vt 2.8356 -7.68818 
vt 2.5 -7.68818 
vt 2.8356 -4.5 
vt 2.5 -4.5 
vt 2.8356 -7.68818 
vt 2.5 -7.68818 
vt 2.8356 -4.5 
vt 2.5 -4.5 
vt 2.8356 -4.8356 
vt 2.5 -4.8356 
vt 2.8356 -4.5 
vt 2.5 -4.5 
vt 2.8356 -7.68818 
vt 2.5 -7.68818 

usemtl Part1Mtl

f 1849/1849/1849 1850/1850/1850 1851/1851/1851 
f 1851/1851/1851 1850/1850/1850 1852/1852/1852 
f 1853/1853/1853 1854/1854/1854 1855/1855/1855 
f 1855/1855/1855 1854/1854/1854 1856/1856/1856 
f 1857/1857/1857 1858/1858/1858 1859/1859/1859 
f 1859/1859/1859 1858/1858/1858 1860/1860/1860 
f 1861/1861/1861 1862/1862/1862 1863/1863/1863 
f 1863/1863/1863 1862/1862/1862 1864/1864/1864 
f 1865/1865/1865 1866/1866/1866 1867/1867/1867 
f 1867/1867/1867 1866/1866/1866 1868/1868/1868 
f 1869/1869/1869 1870/1870/1870 1871/1871/1871 
f 1871/1871/1871 1870/1870/1870 1872/1872/1872 

g Part79

v -56.4456 49.455 -2.45741 
v -45.3396 49.455 6.86161 
v -56.4456 41.1322 -2.45741 
v -45.3396 41.1322 6.86161 
v -54.6586 49.455 17.9676 
v -45.3396 49.455 6.86161 
v -65.7646 49.455 8.64856 
v -56.4456 49.455 -2.45741 
v -45.3396 49.455 6.86161 
v -54.6586 49.455 17.9676 
v -45.3396 41.1322 6.86161 
v -54.6586 41.1322 17.9676 
v -54.6586 49.455 17.9676 
v -65.7646 49.455 8.64856 
v -54.6586 41.1322 17.9676 
v -65.7646 41.1322 8.64856 
v -65.7646 41.1322 8.64856 
v -56.4456 41.1322 -2.45741 
v -54.6586 41.1322 17.9676 
v -45.3396 41.1322 6.86161 
v -65.7646 49.455 8.64856 
v -56.4456 49.455 -2.45741 
v -65.7646 41.1322 8.64856 
v -56.4456 41.1322 -2.45741 

vn 0.645669 0 -0.76378 
vn 0.645669 0 -0.76378 
vn 0.645669 0 -0.76378 
vn 0.645669 0 -0.76378 
vn 0 1 0 
vn 0 1 0 
vn 0 1 0 
vn 0 1 0 
vn 0.76378 0 0.645669 
vn 0.76378 0 0.645669 
vn 0.76378 0 0.645669 
vn 0.76378 0 0.645669 
vn -0.645669 0 0.76378 
vn -0.645669 0 0.76378 
vn -0.645669 0 0.76378 
vn -0.645669 0 0.76378 
vn 0 -1 0 
vn 0 -1 0 
vn 0 -1 0 
vn 0 -1 0 
vn -0.76378 0 -0.645669 
vn -0.76378 0 -0.645669 
vn -0.76378 0 -0.645669 
vn -0.76378 0 -0.645669 

vt 8.81223 0 
vt 7 0 
vt 8.81223 -1.04035 
vt 7 -1.04035 
vt 8.81223 0 
vt 7 0 
vt 8.81223 -1.81223 
vt 7 -1.81223 
vt 8.81223 0 
vt 7 0 
vt 8.81223 -1.04035 
vt 7 -1.04035 
vt 8.81223 0 
vt 7 0 
vt 8.81223 -1.04035 
vt 7 -1.04035 
vt 8.81223 0 
vt 7 0 
vt 8.81223 -1.81223 
vt 7 -1.81223 
vt 8.81223 0 
vt 7 0 
vt 8.81223 -1.04035 
vt 7 -1.04035 

usemtl Part5Mtl

f 1873/1873/1873 1874/1874/1874 1875/1875/1875 
f 1875/1875/1875 1874/1874/1874 1876/1876/1876 
f 1877/1877/1877 1878/1878/1878 1879/1879/1879 
f 1879/1879/1879 1878/1878/1878 1880/1880/1880 
f 1881/1881/1881 1882/1882/1882 1883/1883/1883 
f 1883/1883/1883 1882/1882/1882 1884/1884/1884 
f 1885/1885/1885 1886/1886/1886 1887/1887/1887 
f 1887/1887/1887 1886/1886/1886 1888/1888/1888 
f 1889/1889/1889 1890/1890/1890 1891/1891/1891 
f 1891/1891/1891 1890/1890/1890 1892/1892/1892 
f 1893/1893/1893 1894/1894/1894 1895/1895/1895 
f 1895/1895/1895 1894/1894/1894 1896/1896/1896 

g Part80

v -58.1713 39.7898 -0.400749 
v -49.122 39.7898 7.19253 
v -58.1713 31.467 -0.400749 
v -49.122 31.467 7.19253 
v -59.4765 39.7898 19.5325 
v -49.122 39.7898 7.19253 
v -68.5258 39.7898 11.9392 
v -58.1713 39.7898 -0.400749 
v -49.122 39.7898 7.19253 
v -59.4765 39.7898 19.5325 
v -49.122 31.467 7.19253 
v -59.4765 31.467 19.5325 
v -59.4765 39.7898 19.5325 
v -68.5258 39.7898 11.9392 
v -59.4765 31.467 19.5325 
v -68.5258 31.467 11.9392 
v -68.5258 31.467 11.9392 
v -58.1713 31.467 -0.400749 
v -59.4765 31.467 19.5325 
v -49.122 31.467 7.19253 
v -68.5258 39.7898 11.9392 
v -58.1713 39.7898 -0.400749 
v -68.5258 31.467 11.9392 
v -58.1713 31.467 -0.400749 

vn 0.645669 0 -0.76378 
vn 0.645669 0 -0.76378 
vn 0.645669 0 -0.76378 
vn 0.645669 0 -0.76378 
vn 0 1 0 
vn 0 1 0 
vn 0 1 0 
vn 0 1 0 
vn 0.76378 0 0.645669 
vn 0.76378 0 0.645669 
vn 0.76378 0 0.645669 
vn 0.76378 0 0.645669 
vn -0.645669 0 0.76378 
vn -0.645669 0 0.76378 
vn -0.645669 0 0.76378 
vn -0.645669 0 0.76378 
vn 0 -1 0 
vn 0 -1 0 
vn 0 -1 0 
vn 0 -1 0 
vn -0.76378 0 -0.645669 
vn -0.76378 0 -0.645669 
vn -0.76378 0 -0.645669 
vn -0.76378 0 -0.645669 

vt 1.72663 -3 
vt 0.25 -3 
vt 1.72663 -4.04035 
vt 0.25 -4.04035 
vt 2.26359 -3 
vt 0.25 -3 
vt 2.26359 -4.47663 
vt 0.25 -4.47663 
vt 2.26359 -3 
vt 0.25 -3 
vt 2.26359 -4.04035 
vt 0.25 -4.04035 
vt 1.72663 -3 
vt 0.25 -3 
vt 1.72663 -4.04035 
vt 0.25 -4.04035 
vt 2.26359 -3 
vt 0.25 -3 
vt 2.26359 -4.47663 
vt 0.25 -4.47663 
vt 2.26359 -3 
vt 0.25 -3 
vt 2.26359 -4.04035 
vt 0.25 -4.04035 

usemtl Part5Mtl

f 1897/1897/1897 1898/1898/1898 1899/1899/1899 
f 1899/1899/1899 1898/1898/1898 1900/1900/1900 
f 1901/1901/1901 1902/1902/1902 1903/1903/1903 
f 1903/1903/1903 1902/1902/1902 1904/1904/1904 
f 1905/1905/1905 1906/1906/1906 1907/1907/1907 
f 1907/1907/1907 1906/1906/1906 1908/1908/1908 
f 1909/1909/1909 1910/1910/1910 1911/1911/1911 
f 1911/1911/1911 1910/1910/1910 1912/1912/1912 
f 1913/1913/1913 1914/1914/1914 1915/1915/1915 
f 1915/1915/1915 1914/1914/1914 1916/1916/1916 
f 1917/1917/1917 1918/1918/1918 1919/1919/1919 
f 1919/1919/1919 1918/1918/1918 1920/1920/1920 

g Part81

v -57.7742 45.1593 4.13814 
v -46.6683 45.1593 13.4572 
v -57.7742 35.2256 4.13814 
v -46.6683 35.2256 13.4572 
v -59.0936 45.1593 28.2651 
v -46.6683 45.1593 13.4572 
v -70.1996 45.1593 18.9461 
v -57.7742 45.1593 4.13814 
v -46.6683 45.1593 13.4572 
v -59.0936 45.1593 28.2651 
v -46.6683 35.2256 13.4572 
v -59.0936 35.2256 28.2651 
v -59.0936 45.1593 28.2651 
v -70.1996 45.1593 18.9461 
v -59.0936 35.2256 28.2651 
v -70.1996 35.2256 18.9461 
v -70.1996 35.2256 18.9461 
v -57.7742 35.2256 4.13814 
v -59.0936 35.2256 28.2651 
v -46.6683 35.2256 13.4572 
v -70.1996 45.1593 18.9461 
v -57.7742 45.1593 4.13814 
v -70.1996 35.2256 18.9461 
v -57.7742 35.2256 4.13814 

vn 0.645669 0 -0.76378 
vn 0.645669 0 -0.76378 
vn 0.645669 0 -0.76378 
vn 0.645669 0 -0.76378 
vn 0 1 0 
vn 0 1 0 
vn 0 1 0 
vn 0 1 0 
vn 0.76378 0 0.645669 
vn 0.76378 0 0.645669 
vn 0.76378 0 0.645669 
vn 0.76378 0 0.645669 
vn -0.645669 0 0.76378 
vn -0.645669 0 0.76378 
vn -0.645669 0 0.76378 
vn -0.645669 0 0.76378 
vn 0 -1 0 
vn 0 -1 0 
vn 0 -1 0 
vn 0 -1 0 
vn -0.76378 0 -0.645669 
vn -0.76378 0 -0.645669 
vn -0.76378 0 -0.645669 
vn -0.76378 0 -0.645669 

vt 5.81223 -1.75 
vt 4 -1.75 
vt 5.81223 -2.99171 
vt 4 -2.99171 
vt 6.4163 -1.75 
vt 4 -1.75 
vt 6.4163 -3.56223 
vt 4 -3.56223 
vt 6.4163 -1.75 
vt 4 -1.75 
vt 6.4163 -2.99171 
vt 4 -2.99171 
vt 5.81223 -1.75 
vt 4 -1.75 
vt 5.81223 -2.99171 
vt 4 -2.99171 
vt 6.4163 -1.75 
vt 4 -1.75 
vt 6.4163 -3.56223 
vt 4 -3.56223 
vt 6.4163 -1.75 
vt 4 -1.75 
vt 6.4163 -2.99171 
vt 4 -2.99171 

usemtl Part5Mtl

f 1921/1921/1921 1922/1922/1922 1923/1923/1923 
f 1923/1923/1923 1922/1922/1922 1924/1924/1924 
f 1925/1925/1925 1926/1926/1926 1927/1927/1927 
f 1927/1927/1927 1926/1926/1926 1928/1928/1928 
f 1929/1929/1929 1930/1930/1930 1931/1931/1931 
f 1931/1931/1931 1930/1930/1930 1932/1932/1932 
f 1933/1933/1933 1934/1934/1934 1935/1935/1935 
f 1935/1935/1935 1934/1934/1934 1936/1936/1936 
f 1937/1937/1937 1938/1938/1938 1939/1939/1939 
f 1939/1939/1939 1938/1938/1938 1940/1940/1940 
f 1941/1941/1941 1942/1942/1942 1943/1943/1943 
f 1943/1943/1943 1942/1942/1942 1944/1944/1944 

g Part82

v 7.657 52.1129 7.25026 
v 10.2965 52.1129 9.46508 
v 7.657 49.3614 7.25026 
v 10.2965 49.3614 9.46508 
v 8.12421 52.1129 12.0539 
v 10.2965 52.1129 9.46508 
v 5.48469 52.1129 9.83911 
v 7.657 52.1129 7.25026 
v 10.2965 52.1129 9.46508 
v 8.12421 52.1129 12.0539 
v 10.2965 49.3614 9.46508 
v 8.12421 49.3614 12.0539 
v 8.12421 52.1129 12.0539 
v 5.48469 52.1129 9.83911 
v 8.12421 49.3614 12.0539 
v 5.48469 49.3614 9.83911 
v 5.48469 49.3614 9.83911 
v 7.657 49.3614 7.25026 
v 8.12421 49.3614 12.0539 
v 10.2965 49.3614 9.46508 
v 5.48469 52.1129 9.83911 
v 7.657 52.1129 7.25026 
v 5.48469 49.3614 9.83911 
v 7.657 49.3614 7.25026 

vn 0.645669 0 -0.76378 
vn 0.645669 0 -0.76378 
vn 0.645669 0 -0.76378 
vn 0.645669 0 -0.76378 
vn 0 1 0 
vn 0 1 0 
vn 0 1 0 
vn 0 1 0 
vn 0.76378 0 0.645669 
vn 0.76378 0 0.645669 
vn 0.76378 0 0.645669 
vn 0.76378 0 0.645669 
vn -0.645669 0 0.76378 
vn -0.645669 0 0.76378 
vn -0.645669 0 0.76378 
vn -0.645669 0 0.76378 
vn 0 -1 0 
vn 0 -1 0 
vn 0 -1 0 
vn 0 -1 0 
vn -0.76378 0 -0.645669 
vn -0.76378 0 -0.645669 
vn -0.76378 0 -0.645669 
vn -0.76378 0 -0.645669 

vt 5.68071 -6 
vt 5.25 -6 
vt 5.68071 -6.34393 
vt 5.25 -6.34393 
vt 5.67244 -6 
vt 5.25 -6 
vt 5.67244 -6.43071 
vt 5.25 -6.43071 
vt 5.67244 -6 
vt 5.25 -6 
vt 5.67244 -6.34393 
vt 5.25 -6.34393 
vt 5.68071 -6 
vt 5.25 -6 
vt 5.68071 -6.34393 
vt 5.25 -6.34393 
vt 5.67244 -6 
vt 5.25 -6 
vt 5.67244 -6.43071 
vt 5.25 -6.43071 
vt 5.67244 -6 
vt 5.25 -6 
vt 5.67244 -6.34393 
vt 5.25 -6.34393 

usemtl Part1Mtl

f 1945/1945/1945 1946/1946/1946 1947/1947/1947 
f 1947/1947/1947 1946/1946/1946 1948/1948/1948 
f 1949/1949/1949 1950/1950/1950 1951/1951/1951 
f 1951/1951/1951 1950/1950/1950 1952/1952/1952 
f 1953/1953/1953 1954/1954/1954 1955/1955/1955 
f 1955/1955/1955 1954/1954/1954 1956/1956/1956 
f 1957/1957/1957 1958/1958/1958 1959/1959/1959 
f 1959/1959/1959 1958/1958/1958 1960/1960/1960 
f 1961/1961/1961 1962/1962/1962 1963/1963/1963 
f 1963/1963/1963 1962/1962/1962 1964/1964/1964 
f 1965/1965/1965 1966/1966/1966 1967/1967/1967 
f 1967/1967/1967 1966/1966/1966 1968/1968/1968 

g Part83

v 7.65703 49.4108 7.2503 
v 10.2966 49.4108 9.46512 
v 7.65703 46.0925 7.2503 
v 10.2966 46.0925 9.46512 
v 4.87401 49.4108 15.9275 
v 10.2966 49.4108 9.46512 
v 2.23449 49.4108 13.7126 
v 7.65703 49.4108 7.2503 
v 10.2966 49.4108 9.46512 
v 4.87401 49.4108 15.9275 
v 10.2966 46.0925 9.46512 
v 4.87401 46.0925 15.9275 
v 4.87401 49.4108 15.9275 
v 2.23449 49.4108 13.7126 
v 4.87401 46.0925 15.9275 
v 2.23449 46.0925 13.7126 
v 2.23449 46.0925 13.7126 
v 7.65703 46.0925 7.2503 
v 4.87401 46.0925 15.9275 
v 10.2966 46.0925 9.46512 
v 2.23449 49.4108 13.7126 
v 7.65703 49.4108 7.2503 
v 2.23449 46.0925 13.7126 
v 7.65703 46.0925 7.2503 

vn 0.645669 0 -0.76378 
vn 0.645669 0 -0.76378 
vn 0.645669 0 -0.76378 
vn 0.645669 0 -0.76378 
vn 0 1 0 
vn 0 1 0 
vn 0 1 0 
vn 0 1 0 
vn 0.76378 0 0.645669 
vn 0.76378 0 0.645669 
vn 0.76378 0 0.645669 
vn 0.76378 0 0.645669 
vn -0.645669 0 0.76378 
vn -0.645669 0 0.76378 
vn -0.645669 0 0.76378 
vn -0.645669 0 0.76378 
vn 0 -1 0 
vn 0 -1 0 
vn 0 -1 0 
vn 0 -1 0 
vn -0.76378 0 -0.645669 
vn -0.76378 0 -0.645669 
vn -0.76378 0 -0.645669 
vn -0.76378 0 -0.645669 

vt 5.68071 -4.25 
vt 5.25 -4.25 
vt 5.68071 -4.66479 
vt 5.25 -4.66479 
vt 6.3045 -4.25 
vt 5.25 -4.25 
vt 6.3045 -4.68071 
vt 5.25 -4.68071 
vt 6.3045 -4.25 
vt 5.25 -4.25 
vt 6.3045 -4.66479 
vt 5.25 -4.66479 
vt 5.68071 -4.25 
vt 5.25 -4.25 
vt 5.68071 -4.66479 
vt 5.25 -4.66479 
vt 6.3045 -4.25 
vt 5.25 -4.25 
vt 6.3045 -4.68071 
vt 5.25 -4.68071 
vt 6.3045 -4.25 
vt 5.25 -4.25 
vt 6.3045 -4.66479 
vt 5.25 -4.66479 

usemtl Part1Mtl

f 1969/1969/1969 1970/1970/1970 1971/1971/1971 
f 1971/1971/1971 1970/1970/1970 1972/1972/1972 
f 1973/1973/1973 1974/1974/1974 1975/1975/1975 
f 1975/1975/1975 1974/1974/1974 1976/1976/1976 
f 1977/1977/1977 1978/1978/1978 1979/1979/1979 
f 1979/1979/1979 1978/1978/1978 1980/1980/1980 
f 1981/1981/1981 1982/1982/1982 1983/1983/1983 
f 1983/1983/1983 1982/1982/1982 1984/1984/1984 
f 1985/1985/1985 1986/1986/1986 1987/1987/1987 
f 1987/1987/1987 1986/1986/1986 1988/1988/1988 
f 1989/1989/1989 1990/1990/1990 1991/1991/1991 
f 1991/1991/1991 1990/1990/1990 1992/1992/1992 

g Part84

v 4.91094 17.0589 6.89578 
v 9.06581 17.0589 10.3821 
v 4.91094 11.255 6.89578 
v 9.06581 11.255 10.3821 
v 5.74006 17.0589 14.3456 
v 9.06581 17.0589 10.3821 
v 1.58519 17.0589 10.8593 
v 4.91094 17.0589 6.89578 
v 9.06581 17.0589 10.3821 
v 5.74006 17.0589 14.3456 
v 9.06581 11.255 10.3821 
v 5.74006 11.255 14.3456 
v 5.74006 17.0589 14.3456 
v 1.58519 17.0589 10.8593 
v 5.74006 11.255 14.3456 
v 1.58519 11.255 10.8593 
v 1.58519 11.255 10.8593 
v 4.91094 11.255 6.89578 
v 5.74006 11.255 14.3456 
v 9.06581 11.255 10.3821 
v 1.58519 17.0589 10.8593 
v 4.91094 17.0589 6.89578 
v 1.58519 11.255 10.8593 
v 4.91094 11.255 6.89578 

vn 0.645669 0 -0.76378 
vn 0.645669 0 -0.76378 
vn 0.645669 0 -0.76378 
vn 0.645669 0 -0.76378 
vn 0 1 0 
vn 0 1 0 
vn 0 1 0 
vn 0 1 0 
vn 0.76378 0 0.645669 
vn 0.76378 0 0.645669 
vn 0.76378 0 0.645669 
vn 0.76378 0 0.645669 
vn -0.645669 0 0.76378 
vn -0.645669 0 0.76378 
vn -0.645669 0 0.76378 
vn -0.645669 0 0.76378 
vn 0 -1 0 
vn 0 -1 0 
vn 0 -1 0 
vn 0 -1 0 
vn -0.76378 0 -0.645669 
vn -0.76378 0 -0.645669 
vn -0.76378 0 -0.645669 
vn -0.76378 0 -0.645669 

vt 2.17797 -6.25 
vt 1.5 -6.25 
vt 2.17797 -6.97549 
vt 1.5 -6.97549 
vt 2.14674 -6.25 
vt 1.5 -6.25 
vt 2.14674 -6.92797 
vt 1.5 -6.92797 
vt 2.14674 -6.25 
vt 1.5 -6.25 
vt 2.14674 -6.97549 
vt 1.5 -6.97549 
vt 2.17797 -6.25 
vt 1.5 -6.25 
vt 2.17797 -6.97549 
vt 1.5 -6.97549 
vt 2.14674 -6.25 
vt 1.5 -6.25 
vt 2.14674 -6.92797 
vt 1.5 -6.92797 
vt 2.14674 -6.25 
vt 1.5 -6.25 
vt 2.14674 -6.97549 
vt 1.5 -6.97549 

usemtl Part1Mtl

f 1993/1993/1993 1994/1994/1994 1995/1995/1995 
f 1995/1995/1995 1994/1994/1994 1996/1996/1996 
f 1997/1997/1997 1998/1998/1998 1999/1999/1999 
f 1999/1999/1999 1998/1998/1998 2000/2000/2000 
f 2001/2001/2001 2002/2002/2002 2003/2003/2003 
f 2003/2003/2003 2002/2002/2002 2004/2004/2004 
f 2005/2005/2005 2006/2006/2006 2007/2007/2007 
f 2007/2007/2007 2006/2006/2006 2008/2008/2008 
f 2009/2009/2009 2010/2010/2010 2011/2011/2011 
f 2011/2011/2011 2010/2010/2010 2012/2012/2012 
f 2013/2013/2013 2014/2014/2014 2015/2015/2015 
f 2015/2015/2015 2014/2014/2014 2016/2016/2016 

g Part85

v 5.08987 39.8539 8.16548 
v 7.72939 39.8539 10.3803 
v 5.08987 11.255 8.16548 
v 7.72939 11.255 10.3803 
v 5.51457 39.8539 13.0198 
v 7.72939 39.8539 10.3803 
v 2.87505 39.8539 10.805 
v 5.08987 39.8539 8.16548 
v 7.72939 39.8539 10.3803 
v 5.51457 39.8539 13.0198 
v 7.72939 11.255 10.3803 
v 5.51457 11.255 13.0198 
v 5.51457 39.8539 13.0198 
v 2.87505 39.8539 10.805 
v 5.51457 11.255 13.0198 
v 2.87505 11.255 10.805 
v 2.87505 11.255 10.805 
v 5.08987 11.255 8.16548 
v 5.51457 11.255 13.0198 
v 7.72939 11.255 10.3803 
v 2.87505 39.8539 10.805 
v 5.08987 39.8539 8.16548 
v 2.87505 11.255 10.805 
v 5.08987 11.255 8.16548 

vn 0.645669 0 -0.76378 
vn 0.645669 0 -0.76378 
vn 0.645669 0 -0.76378 
vn 0.645669 0 -0.76378 
vn 0 1 0 
vn 0 1 0 
vn 0 1 0 
vn 0 1 0 
vn 0.76378 0 0.645669 
vn 0.76378 0 0.645669 
vn 0.76378 0 0.645669 
vn 0.76378 0 0.645669 
vn -0.645669 0 0.76378 
vn -0.645669 0 0.76378 
vn -0.645669 0 0.76378 
vn -0.645669 0 0.76378 
vn 0 -1 0 
vn 0 -1 0 
vn 0 -1 0 
vn 0 -1 0 
vn -0.76378 0 -0.645669 
vn -0.76378 0 -0.645669 
vn -0.76378 0 -0.645669 
vn -0.76378 0 -0.645669 

vt 7.93071 -2.25 
vt 7.5 -2.25 
vt 7.93071 -5.82486 
vt 7.5 -5.82486 
vt 7.93071 -2.25 
vt 7.5 -2.25 
vt 7.93071 -2.68071 
vt 7.5 -2.68071 
vt 7.93071 -2.25 
vt 7.5 -2.25 
vt 7.93071 -5.82486 
vt 7.5 -5.82486 
vt 7.93071 -2.25 
vt 7.5 -2.25 
vt 7.93071 -5.82486 
vt 7.5 -5.82486 
vt 7.93071 -2.25 
vt 7.5 -2.25 
vt 7.93071 -2.68071 
vt 7.5 -2.68071 
vt 7.93071 -2.25 
vt 7.5 -2.25 
vt 7.93071 -5.82486 
vt 7.5 -5.82486 

usemtl Part1Mtl

f 2017/2017/2017 2018/2018/2018 2019/2019/2019 
f 2019/2019/2019 2018/2018/2018 2020/2020/2020 
f 2021/2021/2021 2022/2022/2022 2023/2023/2023 
f 2023/2023/2023 2022/2022/2022 2024/2024/2024 
f 2025/2025/2025 2026/2026/2026 2027/2027/2027 
f 2027/2027/2027 2026/2026/2026 2028/2028/2028 
f 2029/2029/2029 2030/2030/2030 2031/2031/2031 
f 2031/2031/2031 2030/2030/2030 2032/2032/2032 
f 2033/2033/2033 2034/2034/2034 2035/2035/2035 
f 2035/2035/2035 2034/2034/2034 2036/2036/2036 
f 2037/2037/2037 2038/2038/2038 2039/2039/2039 
f 2039/2039/2039 2038/2038/2038 2040/2040/2040 

g Part86

v 1.30958 42.6104 4.09388 
v 17.6746 42.6104 17.8258 
v 1.30958 28.4833 4.09388 
v 17.6746 28.4833 17.8258 
v 7.48644 42.6104 29.9676 
v 17.6746 42.6104 17.8258 
v -8.8786 42.6104 16.2357 
v 1.30958 42.6104 4.09388 
v 17.6746 42.6104 17.8258 
v 7.48644 42.6104 29.9676 
v 17.6746 28.4833 17.8258 
v 7.48644 28.4833 29.9676 
v 7.48644 42.6104 29.9676 
v -8.8786 42.6104 16.2357 
v 7.48644 28.4833 29.9676 
v -8.8786 28.4833 16.2357 
v -8.8786 28.4833 16.2357 
v 1.30958 28.4833 4.09388 
v 7.48644 28.4833 29.9676 
v 17.6746 28.4833 17.8258 
v -8.8786 42.6104 16.2357 
v 1.30958 42.6104 4.09388 
v -8.8786 28.4833 16.2357 
v 1.30958 28.4833 4.09388 

vn 0.645669 0 -0.76378 
vn 0.645669 0 -0.76378 
vn 0.645669 0 -0.76378 
vn 0.645669 0 -0.76378 
vn 0 1 0 
vn 0 1 0 
vn 0 1 0 
vn 0 1 0 
vn 0.76378 0 0.645669 
vn 0.76378 0 0.645669 
vn 0.76378 0 0.645669 
vn 0.76378 0 0.645669 
vn -0.645669 0 0.76378 
vn -0.645669 0 0.76378 
vn -0.645669 0 0.76378 
vn -0.645669 0 0.76378 
vn 0 -1 0 
vn 0 -1 0 
vn 0 -1 0 
vn 0 -1 0 
vn -0.76378 0 -0.645669 
vn -0.76378 0 -0.645669 
vn -0.76378 0 -0.645669 
vn -0.76378 0 -0.645669 

vt 2.92038 0.5 
vt 0.25 0.5 
vt 2.92038 -1.2659 
vt 0.25 -1.2659 
vt 2.23125 0.5 
vt 0.25 0.5 
vt 2.23125 -2.17038 
vt 0.25 -2.17038 
vt 2.23125 0.5 
vt 0.25 0.5 
vt 2.23125 -1.2659 
vt 0.25 -1.2659 
vt 2.92038 0.5 
vt 0.25 0.5 
vt 2.92038 -1.2659 
vt 0.25 -1.2659 
vt 2.23125 0.5 
vt 0.25 0.5 
vt 2.23125 -2.17038 
vt 0.25 -2.17038 
vt 2.23125 0.5 
vt 0.25 0.5 
vt 2.23125 -1.2659 
vt 0.25 -1.2659 

usemtl Part5Mtl

f 2041/2041/2041 2042/2042/2042 2043/2043/2043 
f 2043/2043/2043 2042/2042/2042 2044/2044/2044 
f 2045/2045/2045 2046/2046/2046 2047/2047/2047 
f 2047/2047/2047 2046/2046/2046 2048/2048/2048 
f 2049/2049/2049 2050/2050/2050 2051/2051/2051 
f 2051/2051/2051 2050/2050/2050 2052/2052/2052 
f 2053/2053/2053 2054/2054/2054 2055/2055/2055 
f 2055/2055/2055 2054/2054/2054 2056/2056/2056 
f 2057/2057/2057 2058/2058/2058 2059/2059/2059 
f 2059/2059/2059 2058/2058/2058 2060/2060/2060 
f 2061/2061/2061 2062/2062/2062 2063/2063/2063 
f 2063/2063/2063 2062/2062/2062 2064/2064/2064 

g Part87

v 5.14465 44.3333 -7.98129 
v 20.4539 44.3333 4.86468 
v 5.14465 30.2061 -7.98129 
v 20.4539 30.2061 4.86468 
v 5.83606 44.3333 22.2855 
v 20.4539 44.3333 4.86468 
v -9.47317 44.3333 9.43956 
v 5.14465 44.3333 -7.98129 
v 20.4539 44.3333 4.86468 
v 5.83606 44.3333 22.2855 
v 20.4539 30.2061 4.86468 
v 5.83606 30.2061 22.2855 
v 5.83606 44.3333 22.2855 
v -9.47317 44.3333 9.43956 
v 5.83606 30.2061 22.2855 
v -9.47317 30.2061 9.43956 
v -9.47317 30.2061 9.43956 
v 5.14465 30.2061 -7.98129 
v 5.83606 30.2061 22.2855 
v 20.4539 30.2061 4.86468 
v -9.47317 44.3333 9.43956 
v 5.14465 44.3333 -7.98129 
v -9.47317 30.2061 9.43956 
v 5.14465 30.2061 -7.98129 

vn 0.645669 0 -0.76378 
vn 0.645669 0 -0.76378 
vn 0.645669 0 -0.76378 
vn 0.645669 0 -0.76378 
vn 0 1 0 
vn 0 1 0 
vn 0 1 0 
vn 0 1 0 
vn 0.76378 0 0.645669 
vn 0.76378 0 0.645669 
vn 0.76378 0 0.645669 
vn 0.76378 0 0.645669 
vn -0.645669 0 0.76378 
vn -0.645669 0 0.76378 
vn -0.645669 0 0.76378 
vn -0.645669 0 0.76378 
vn 0 -1 0 
vn 0 -1 0 
vn 0 -1 0 
vn 0 -1 0 
vn -0.76378 0 -0.645669 
vn -0.76378 0 -0.645669 
vn -0.76378 0 -0.645669 
vn -0.76378 0 -0.645669 

vt 9.4981 -6.75 
vt 7 -6.75 
vt 9.4981 -8.5159 
vt 7 -8.5159 
vt 9.84266 -6.75 
vt 7 -6.75 
vt 9.84266 -9.2481 
vt 7 -9.2481 
vt 9.84266 -6.75 
vt 7 -6.75 
vt 9.84266 -8.5159 
vt 7 -8.5159 
vt 9.4981 -6.75 
vt 7 -6.75 
vt 9.4981 -8.5159 
vt 7 -8.5159 
vt 9.84266 -6.75 
vt 7 -6.75 
vt 9.84266 -9.2481 
vt 7 -9.2481 
vt 9.84266 -6.75 
vt 7 -6.75 
vt 9.84266 -8.5159 
vt 7 -8.5159 

usemtl Part5Mtl

f 2065/2065/2065 2066/2066/2066 2067/2067/2067 
f 2067/2067/2067 2066/2066/2066 2068/2068/2068 
f 2069/2069/2069 2070/2070/2070 2071/2071/2071 
f 2071/2071/2071 2070/2070/2070 2072/2072/2072 
f 2073/2073/2073 2074/2074/2074 2075/2075/2075 
f 2075/2075/2075 2074/2074/2074 2076/2076/2076 
f 2077/2077/2077 2078/2078/2078 2079/2079/2079 
f 2079/2079/2079 2078/2078/2078 2080/2080/2080 
f 2081/2081/2081 2082/2082/2082 2083/2083/2083 
f 2083/2083/2083 2082/2082/2082 2084/2084/2084 
f 2085/2085/2085 2086/2086/2086 2087/2087/2087 
f 2087/2087/2087 2086/2086/2086 2088/2088/2088 

g Part88

v 2.38048 68.1083 13.5386 
v 5.02 68.1083 15.7535 
v 2.38048 35.3746 13.5386 
v 5.02 35.3746 15.7535 
v 2.80518 68.1083 18.393 
v 5.02 68.1083 15.7535 
v 0.165656 68.1083 16.1782 
v 2.38048 68.1083 13.5386 
v 5.02 68.1083 15.7535 
v 2.80518 68.1083 18.393 
v 5.02 35.3746 15.7535 
v 2.80518 35.3746 18.393 
v 2.80518 68.1083 18.393 
v 0.165656 68.1083 16.1782 
v 2.80518 35.3746 18.393 
v 0.165656 35.3746 16.1782 
v 0.165656 35.3746 16.1782 
v 2.38048 35.3746 13.5386 
v 2.80518 35.3746 18.393 
v 5.02 35.3746 15.7535 
v 0.165656 68.1083 16.1782 
v 2.38048 68.1083 13.5386 
v 0.165656 35.3746 16.1782 
v 2.38048 35.3746 13.5386 

vn 0.645669 0 -0.76378 
vn 0.645669 0 -0.76378 
vn 0.645669 0 -0.76378 
vn 0.645669 0 -0.76378 
vn 0 1 0 
vn 0 1 0 
vn 0 1 0 
vn 0 1 0 
vn 0.76378 0 0.645669 
vn 0.76378 0 0.645669 
vn 0.76378 0 0.645669 
vn 0.76378 0 0.645669 
vn -0.645669 0 0.76378 
vn -0.645669 0 0.76378 
vn -0.645669 0 0.76378 
vn -0.645669 0 0.76378 
vn 0 -1 0 
vn 0 -1 0 
vn 0 -1 0 
vn 0 -1 0 
vn -0.76378 0 -0.645669 
vn -0.76378 0 -0.645669 
vn -0.76378 0 -0.645669 
vn -0.76378 0 -0.645669 

vt 2.43071 -2.25 
vt 2 -2.25 
vt 2.43071 -6.34171 
vt 2 -6.34171 
vt 2.43071 -2.25 
vt 2 -2.25 
vt 2.43071 -2.68071 
vt 2 -2.68071 
vt 2.43071 -2.25 
vt 2 -2.25 
vt 2.43071 -6.34171 
vt 2 -6.34171 
vt 2.43071 -2.25 
vt 2 -2.25 
vt 2.43071 -6.34171 
vt 2 -6.34171 
vt 2.43071 -2.25 
vt 2 -2.25 
vt 2.43071 -2.68071 
vt 2 -2.68071 
vt 2.43071 -2.25 
vt 2 -2.25 
vt 2.43071 -6.34171 
vt 2 -6.34171 

usemtl Part1Mtl

f 2089/2089/2089 2090/2090/2090 2091/2091/2091 
f 2091/2091/2091 2090/2090/2090 2092/2092/2092 
f 2093/2093/2093 2094/2094/2094 2095/2095/2095 
f 2095/2095/2095 2094/2094/2094 2096/2096/2096 
f 2097/2097/2097 2098/2098/2098 2099/2099/2099 
f 2099/2099/2099 2098/2098/2098 2100/2100/2100 
f 2101/2101/2101 2102/2102/2102 2103/2103/2103 
f 2103/2103/2103 2102/2102/2102 2104/2104/2104 
f 2105/2105/2105 2106/2106/2106 2107/2107/2107 
f 2107/2107/2107 2106/2106/2106 2108/2108/2108 
f 2109/2109/2109 2110/2110/2110 2111/2111/2111 
f 2111/2111/2111 2110/2110/2110 2112/2112/2112 

g Part89

v 4.78662 74.655 -6.48251 
v 19.04 74.655 5.47753 
v 4.78662 63.9735 -6.48251 
v 19.04 63.9735 5.47753 
v 7.08 74.655 19.7309 
v 19.04 74.655 5.47753 
v -7.17342 74.655 7.77091 
v 4.78662 74.655 -6.48251 
v 19.04 74.655 5.47753 
v 7.08 74.655 19.7309 
v 19.04 63.9735 5.47753 
v 7.08 63.9735 19.7309 
v 7.08 74.655 19.7309 
v -7.17342 74.655 7.77091 
v 7.08 63.9735 19.7309 
v -7.17342 63.9735 7.77091 
v -7.17342 63.9735 7.77091 
v 4.78662 63.9735 -6.48251 
v 7.08 63.9735 19.7309 
v 19.04 63.9735 5.47753 
v -7.17342 74.655 7.77091 
v 4.78662 74.655 -6.48251 
v -7.17342 63.9735 7.77091 
v 4.78662 63.9735 -6.48251 

vn 0.645669 0 -0.76378 
vn 0.645669 0 -0.76378 
vn 0.645669 0 -0.76378 
vn 0.645669 0 -0.76378 
vn 0 1 0 
vn 0 1 0 
vn 0 1 0 
vn 0 1 0 
vn 0.76378 0 0.645669 
vn 0.76378 0 0.645669 
vn 0.76378 0 0.645669 
vn 0.76378 0 0.645669 
vn -0.645669 0 0.76378 
vn -0.645669 0 0.76378 
vn -0.645669 0 0.76378 
vn -0.645669 0 0.76378 
vn 0 -1 0 
vn 0 -1 0 
vn 0 -1 0 
vn 0 -1 0 
vn -0.76378 0 -0.645669 
vn -0.76378 0 -0.645669 
vn -0.76378 0 -0.645669 
vn -0.76378 0 -0.645669 

vt 7.82581 1 
vt 5.5 1 
vt 7.82581 -0.335191 
vt 5.5 -0.335191 
vt 7.82581 1 
vt 5.5 1 
vt 7.82581 -1.32581 
vt 5.5 -1.32581 
vt 7.82581 1 
vt 5.5 1 
vt 7.82581 -0.335191 
vt 5.5 -0.335191 
vt 7.82581 1 
vt 5.5 1 
vt 7.82581 -0.335191 
vt 5.5 -0.335191 
vt 7.82581 1 
vt 5.5 1 
vt 7.82581 -1.32581 
vt 5.5 -1.32581 
vt 7.82581 1 
vt 5.5 1 
vt 7.82581 -0.335191 
vt 5.5 -0.335191 

usemtl Part5Mtl

f 2113/2113/2113 2114/2114/2114 2115/2115/2115 
f 2115/2115/2115 2114/2114/2114 2116/2116/2116 
f 2117/2117/2117 2118/2118/2118 2119/2119/2119 
f 2119/2119/2119 2118/2118/2118 2120/2120/2120 
f 2121/2121/2121 2122/2122/2122 2123/2123/2123 
f 2123/2123/2123 2122/2122/2122 2124/2124/2124 
f 2125/2125/2125 2126/2126/2126 2127/2127/2127 
f 2127/2127/2127 2126/2126/2126 2128/2128/2128 
f 2129/2129/2129 2130/2130/2130 2131/2131/2131 
f 2131/2131/2131 2130/2130/2130 2132/2132/2132 
f 2133/2133/2133 2134/2134/2134 2135/2135/2135 
f 2135/2135/2135 2134/2134/2134 2136/2136/2136 

g Part90

v 2.57179 62.2506 -3.84298 
v 14.1857 62.2506 5.90224 
v 2.57179 51.5691 -3.84298 
v 14.1857 51.5691 5.90224 
v 0.896759 62.2506 21.7394 
v 14.1857 62.2506 5.90224 
v -10.7171 62.2506 11.9942 
v 2.57179 62.2506 -3.84298 
v 14.1857 62.2506 5.90224 
v 0.896759 62.2506 21.7394 
v 14.1857 51.5691 5.90224 
v 0.896759 51.5691 21.7394 
v 0.896759 62.2506 21.7394 
v -10.7171 62.2506 11.9942 
v 0.896759 51.5691 21.7394 
v -10.7171 51.5691 11.9942 
v -10.7171 51.5691 11.9942 
v 2.57179 51.5691 -3.84298 
v 0.896759 51.5691 21.7394 
v 14.1857 51.5691 5.90224 
v -10.7171 62.2506 11.9942 
v 2.57179 62.2506 -3.84298 
v -10.7171 51.5691 11.9942 
v 2.57179 51.5691 -3.84298 

vn 0.645669 0 -0.76378 
vn 0.645669 0 -0.76378 
vn 0.645669 0 -0.76378 
vn 0.645669 0 -0.76378 
vn 0 1 0 
vn 0 1 0 
vn 0 1 0 
vn 0 1 0 
vn 0.76378 0 0.645669 
vn 0.76378 0 0.645669 
vn 0.76378 0 0.645669 
vn 0.76378 0 0.645669 
vn -0.645669 0 0.76378 
vn -0.645669 0 0.76378 
vn -0.645669 0 0.76378 
vn -0.645669 0 0.76378 
vn 0 -1 0 
vn 0 -1 0 
vn 0 -1 0 
vn 0 -1 0 
vn -0.76378 0 -0.645669 
vn -0.76378 0 -0.645669 
vn -0.76378 0 -0.645669 
vn -0.76378 0 -0.645669 

vt 6.64511 -4.25 
vt 4.75 -4.25 
vt 6.64511 -5.58519 
vt 4.75 -5.58519 
vt 7.33424 -4.25 
vt 4.75 -4.25 
vt 7.33424 -6.14511 
vt 4.75 -6.14511 
vt 7.33424 -4.25 
vt 4.75 -4.25 
vt 7.33424 -5.58519 
vt 4.75 -5.58519 
vt 6.64511 -4.25 
vt 4.75 -4.25 
vt 6.64511 -5.58519 
vt 4.75 -5.58519 
vt 7.33424 -4.25 
vt 4.75 -4.25 
vt 7.33424 -6.14511 
vt 4.75 -6.14511 
vt 7.33424 -4.25 
vt 4.75 -4.25 
vt 7.33424 -5.58519 
vt 4.75 -5.58519 

usemtl Part5Mtl

f 2137/2137/2137 2138/2138/2138 2139/2139/2139 
f 2139/2139/2139 2138/2138/2138 2140/2140/2140 
f 2141/2141/2141 2142/2142/2142 2143/2143/2143 
f 2143/2143/2143 2142/2142/2142 2144/2144/2144 
f 2145/2145/2145 2146/2146/2146 2147/2147/2147 
f 2147/2147/2147 2146/2146/2146 2148/2148/2148 
f 2149/2149/2149 2150/2150/2150 2151/2151/2151 
f 2151/2151/2151 2150/2150/2150 2152/2152/2152 
f 2153/2153/2153 2154/2154/2154 2155/2155/2155 
f 2155/2155/2155 2154/2154/2154 2156/2156/2156 
f 2157/2157/2157 2158/2158/2158 2159/2159/2159 
f 2159/2159/2159 2158/2158/2158 2160/2160/2160 

g Part91

v 3.08142 69.142 1.98224 
v 17.3348 69.142 13.9423 
v 3.08142 56.393 1.98224 
v 17.3348 56.393 13.9423 
v 1.38812 69.142 32.9468 
v 17.3348 69.142 13.9423 
v -12.8653 69.142 20.9868 
v 3.08142 69.142 1.98224 
v 17.3348 69.142 13.9423 
v 1.38812 69.142 32.9468 
v 17.3348 56.393 13.9423 
v 1.38812 56.393 32.9468 
v 1.38812 69.142 32.9468 
v -12.8653 69.142 20.9868 
v 1.38812 56.393 32.9468 
v -12.8653 56.393 20.9868 
v -12.8653 56.393 20.9868 
v 3.08142 56.393 1.98224 
v 1.38812 56.393 32.9468 
v 17.3348 56.393 13.9423 
v -12.8653 69.142 20.9868 
v 3.08142 69.142 1.98224 
v -12.8653 56.393 20.9868 
v 3.08142 56.393 1.98224 

vn 0.645669 0 -0.76378 
vn 0.645669 0 -0.76378 
vn 0.645669 0 -0.76378 
vn 0.645669 0 -0.76378 
vn 0 1 0 
vn 0 1 0 
vn 0 1 0 
vn 0 1 0 
vn 0.76378 0 0.645669 
vn 0.76378 0 0.645669 
vn 0.76378 0 0.645669 
vn 0.76378 0 0.645669 
vn -0.645669 0 0.76378 
vn -0.645669 0 0.76378 
vn -0.645669 0 0.76378 
vn -0.645669 0 0.76378 
vn 0 -1 0 
vn 0 -1 0 
vn 0 -1 0 
vn 0 -1 0 
vn -0.76378 0 -0.645669 
vn -0.76378 0 -0.645669 
vn -0.76378 0 -0.645669 
vn -0.76378 0 -0.645669 

vt 7.07581 -6.5 
vt 4.75 -6.5 
vt 7.07581 -8.09361 
vt 4.75 -8.09361 
vt 7.85109 -6.5 
vt 4.75 -6.5 
vt 7.85109 -8.82582 
vt 4.75 -8.82582 
vt 7.85109 -6.5 
vt 4.75 -6.5 
vt 7.85109 -8.09361 
vt 4.75 -8.09361 
vt 7.07581 -6.5 
vt 4.75 -6.5 
vt 7.07581 -8.09361 
vt 4.75 -8.09361 
vt 7.85109 -6.5 
vt 4.75 -6.5 
vt 7.85109 -8.82582 
vt 4.75 -8.82582 
vt 7.85109 -6.5 
vt 4.75 -6.5 
vt 7.85109 -8.09361 
vt 4.75 -8.09361 

usemtl Part5Mtl

f 2161/2161/2161 2162/2162/2162 2163/2163/2163 
f 2163/2163/2163 2162/2162/2162 2164/2164/2164 
f 2165/2165/2165 2166/2166/2166 2167/2167/2167 
f 2167/2167/2167 2166/2166/2166 2168/2168/2168 
f 2169/2169/2169 2170/2170/2170 2171/2171/2171 
f 2171/2171/2171 2170/2170/2170 2172/2172/2172 
f 2173/2173/2173 2174/2174/2174 2175/2175/2175 
f 2175/2175/2175 2174/2174/2174 2176/2176/2176 
f 2177/2177/2177 2178/2178/2178 2179/2179/2179 
f 2179/2179/2179 2178/2178/2178 2180/2180/2180 
f 2181/2181/2181 2182/2182/2182 2183/2183/2183 
f 2183/2183/2183 2182/2182/2182 2184/2184/2184 

g Part92

v -39.4287 13.2017 70.6521 
v -39.4287 13.2017 71.7608 
v -39.4287 12.3164 70.6521 
v -39.4287 12.3164 71.7608 
v -40.5161 13.2017 71.7608 
v -39.4287 13.2017 71.7608 
v -40.5161 13.2017 70.6521 
v -39.4287 13.2017 70.6521 
v -39.4287 13.2017 71.7608 
v -40.5161 13.2017 71.7608 
v -39.4287 12.3164 71.7608 
v -40.5161 12.3164 71.7608 
v -40.5161 13.2017 71.7608 
v -40.5161 13.2017 70.6521 
v -40.5161 12.3164 71.7608 
v -40.5161 12.3164 70.6521 
v -40.5161 12.3164 70.6521 
v -39.4287 12.3164 70.6521 
v -40.5161 12.3164 71.7608 
v -39.4287 12.3164 71.7608 
v -40.5161 13.2017 70.6521 
v -39.4287 13.2017 70.6521 
v -40.5161 12.3164 70.6521 
v -39.4287 12.3164 70.6521 

vn 1 0 0 
vn 1 0 0 
vn 1 0 0 
vn 1 0 0 
vn 0 1 0 
vn 0 1 0 
vn 0 1 0 
vn 0 1 0 
vn 0 0 1 
vn 0 0 1 
vn 0 0 1 
vn 0 0 1 
vn -1 0 0 
vn -1 0 0 
vn -1 0 0 
vn -1 0 0 
vn 0 -1 0 
vn 0 -1 0 
vn 0 -1 0 
vn 0 -1 0 
vn 0 0 -1 
vn 0 0 -1 
vn 0 0 -1 
vn 0 0 -1 

vt 3.63859 -2.5 
vt 3.5 -2.5 
vt 3.63859 -2.61067 
vt 3.5 -2.61067 
vt 3.63593 -2.5 
vt 3.5 -2.5 
vt 3.63593 -2.63859 
vt 3.5 -2.63859 
vt 3.63593 -2.5 
vt 3.5 -2.5 
vt 3.63593 -2.61067 
vt 3.5 -2.61067 
vt 3.63859 -2.5 
vt 3.5 -2.5 
vt 3.63859 -2.61067 
vt 3.5 -2.61067 
vt 3.63593 -2.5 
vt 3.5 -2.5 
vt 3.63593 -2.63859 
vt 3.5 -2.63859 
vt 3.63593 -2.5 
vt 3.5 -2.5 
vt 3.63593 -2.61067 
vt 3.5 -2.61067 

usemtl Part1Mtl

f 2185/2185/2185 2186/2186/2186 2187/2187/2187 
f 2187/2187/2187 2186/2186/2186 2188/2188/2188 
f 2189/2189/2189 2190/2190/2190 2191/2191/2191 
f 2191/2191/2191 2190/2190/2190 2192/2192/2192 
f 2193/2193/2193 2194/2194/2194 2195/2195/2195 
f 2195/2195/2195 2194/2194/2194 2196/2196/2196 
f 2197/2197/2197 2198/2198/2198 2199/2199/2199 
f 2199/2199/2199 2198/2198/2198 2200/2200/2200 
f 2201/2201/2201 2202/2202/2202 2203/2203/2203 
f 2203/2203/2203 2202/2202/2202 2204/2204/2204 
f 2205/2205/2205 2206/2206/2206 2207/2207/2207 
f 2207/2207/2207 2206/2206/2206 2208/2208/2208 

g Part93

v -39.4287 12.3323 70.6521 
v -39.4287 12.3323 71.7608 
v -39.4287 11.2646 70.6521 
v -39.4287 11.2646 71.7608 
v -42.1431 12.3323 71.7608 
v -39.4287 12.3323 71.7608 
v -42.1431 12.3323 70.6521 
v -39.4287 12.3323 70.6521 
v -39.4287 12.3323 71.7608 
v -42.1431 12.3323 71.7608 
v -39.4287 11.2646 71.7608 
v -42.1431 11.2646 71.7608 
v -42.1431 12.3323 71.7608 
v -42.1431 12.3323 70.6521 
v -42.1431 11.2646 71.7608 
v -42.1431 11.2646 70.6521 
v -42.1431 11.2646 70.6521 
v -39.4287 11.2646 70.6521 
v -42.1431 11.2646 71.7608 
v -39.4287 11.2646 71.7608 
v -42.1431 12.3323 70.6521 
v -39.4287 12.3323 70.6521 
v -42.1431 11.2646 70.6521 
v -39.4287 11.2646 70.6521 

vn 1 0 0 
vn 1 0 0 
vn 1 0 0 
vn 1 0 0 
vn 0 1 0 
vn 0 1 0 
vn 0 1 0 
vn 0 1 0 
vn 0 0 1 
vn 0 0 1 
vn 0 0 1 
vn 0 0 1 
vn -1 0 0 
vn -1 0 0 
vn -1 0 0 
vn -1 0 0 
vn 0 -1 0 
vn 0 -1 0 
vn 0 -1 0 
vn 0 -1 0 
vn 0 0 -1 
vn 0 0 -1 
vn 0 0 -1 
vn 0 0 -1 

vt 4.13859 -1 
vt 4 -1 
vt 4.13859 -1.13347 
vt 4 -1.13347 
vt 4.3393 -1 
vt 4 -1 
vt 4.3393 -1.13859 
vt 4 -1.13859 
vt 4.3393 -1 
vt 4 -1 
vt 4.3393 -1.13347 
vt 4 -1.13347 
vt 4.13859 -1 
vt 4 -1 
vt 4.13859 -1.13347 
vt 4 -1.13347 
vt 4.3393 -1 
vt 4 -1 
vt 4.3393 -1.13859 
vt 4 -1.13859 
vt 4.3393 -1 
vt 4 -1 
vt 4.3393 -1.13347 
vt 4 -1.13347 

usemtl Part1Mtl

f 2209/2209/2209 2210/2210/2210 2211/2211/2211 
f 2211/2211/2211 2210/2210/2210 2212/2212/2212 
f 2213/2213/2213 2214/2214/2214 2215/2215/2215 
f 2215/2215/2215 2214/2214/2214 2216/2216/2216 
f 2217/2217/2217 2218/2218/2218 2219/2219/2219 
f 2219/2219/2219 2218/2218/2218 2220/2220/2220 
f 2221/2221/2221 2222/2222/2222 2223/2223/2223 
f 2223/2223/2223 2222/2222/2222 2224/2224/2224 
f 2225/2225/2225 2226/2226/2226 2227/2227/2227 
f 2227/2227/2227 2226/2226/2226 2228/2228/2228 
f 2229/2229/2229 2230/2230/2230 2231/2231/2231 
f 2231/2231/2231 2230/2230/2230 2232/2232/2232 

g Part94

v -39.9092 1.92251 69.9019 
v -39.9092 1.92251 71.6471 
v -39.9092 0.0549978 69.9019 
v -39.9092 0.0549978 71.6471 
v -41.5741 1.92251 71.6471 
v -39.9092 1.92251 71.6471 
v -41.5741 1.92251 69.9019 
v -39.9092 1.92251 69.9019 
v -39.9092 1.92251 71.6471 
v -41.5741 1.92251 71.6471 
v -39.9092 0.0549978 71.6471 
v -41.5741 0.0549978 71.6471 
v -41.5741 1.92251 71.6471 
v -41.5741 1.92251 69.9019 
v -41.5741 0.0549978 71.6471 
v -41.5741 0.0549978 69.9019 
v -41.5741 0.0549978 69.9019 
v -39.9092 0.0549978 69.9019 
v -41.5741 0.0549978 71.6471 
v -39.9092 0.0549978 71.6471 
v -41.5741 1.92251 69.9019 
v -39.9092 1.92251 69.9019 
v -41.5741 0.0549978 69.9019 
v -39.9092 0.0549978 69.9019 

vn 1 0 0 
vn 1 0 0 
vn 1 0 0 
vn 1 0 0 
vn 0 1 0 
vn 0 1 0 
vn 0 1 0 
vn 0 1 0 
vn 0 0 1 
vn 0 0 1 
vn 0 0 1 
vn 0 0 1 
vn -1 0 0 
vn -1 0 0 
vn -1 0 0 
vn -1 0 0 
vn 0 -1 0 
vn 0 -1 0 
vn 0 -1 0 
vn 0 -1 0 
vn 0 0 -1 
vn 0 0 -1 
vn 0 0 -1 
vn 0 0 -1 

vt 0.71815 -6.25 
vt 0.5 -6.25 
vt 0.71815 -6.48344 
vt 0.5 -6.48344 
vt 0.7081 -6.25 
vt 0.5 -6.25 
vt 0.7081 -6.46815 
vt 0.5 -6.46815 
vt 0.7081 -6.25 
vt 0.5 -6.25 
vt 0.7081 -6.48344 
vt 0.5 -6.48344 
vt 0.71815 -6.25 
vt 0.5 -6.25 
vt 0.71815 -6.48344 
vt 0.5 -6.48344 
vt 0.7081 -6.25 
vt 0.5 -6.25 
vt 0.7081 -6.46815 
vt 0.5 -6.46815 
vt 0.7081 -6.25 
vt 0.5 -6.25 
vt 0.7081 -6.48344 
vt 0.5 -6.48344 

usemtl Part1Mtl

f 2233/2233/2233 2234/2234/2234 2235/2235/2235 
f 2235/2235/2235 2234/2234/2234 2236/2236/2236 
f 2237/2237/2237 2238/2238/2238 2239/2239/2239 
f 2239/2239/2239 2238/2238/2238 2240/2240/2240 
f 2241/2241/2241 2242/2242/2242 2243/2243/2243 
f 2243/2243/2243 2242/2242/2242 2244/2244/2244 
f 2245/2245/2245 2246/2246/2246 2247/2247/2247 
f 2247/2247/2247 2246/2246/2246 2248/2248/2248 
f 2249/2249/2249 2250/2250/2250 2251/2251/2251 
f 2251/2251/2251 2250/2250/2250 2252/2252/2252 
f 2253/2253/2253 2254/2254/2254 2255/2255/2255 
f 2255/2255/2255 2254/2254/2254 2256/2256/2256 

g Part95

v -40.1852 9.25717 70.2086 
v -40.1852 9.25717 71.3173 
v -40.1852 0.0549974 70.2086 
v -40.1852 0.0549974 71.3173 
v -41.2939 9.25717 71.3173 
v -40.1852 9.25717 71.3173 
v -41.2939 9.25717 70.2086 
v -40.1852 9.25717 70.2086 
v -40.1852 9.25717 71.3173 
v -41.2939 9.25717 71.3173 
v -40.1852 0.0549974 71.3173 
v -41.2939 0.0549974 71.3173 
v -41.2939 9.25717 71.3173 
v -41.2939 9.25717 70.2086 
v -41.2939 0.0549974 71.3173 
v -41.2939 0.0549974 70.2086 
v -41.2939 0.0549974 70.2086 
v -40.1852 0.0549974 70.2086 
v -41.2939 0.0549974 71.3173 
v -40.1852 0.0549974 71.3173 
v -41.2939 9.25717 70.2086 
v -40.1852 9.25717 70.2086 
v -41.2939 0.0549974 70.2086 
v -40.1852 0.0549974 70.2086 

vn 1 0 0 
vn 1 0 0 
vn 1 0 0 
vn 1 0 0 
vn 0 1 0 
vn 0 1 0 
vn 0 1 0 
vn 0 1 0 
vn 0 0 1 
vn 0 0 1 
vn 0 0 1 
vn 0 0 1 
vn -1 0 0 
vn -1 0 0 
vn -1 0 0 
vn -1 0 0 
vn 0 -1 0 
vn 0 -1 0 
vn 0 -1 0 
vn 0 -1 0 
vn 0 0 -1 
vn 0 0 -1 
vn 0 0 -1 
vn 0 0 -1 

vt 7.13859 -3.75 
vt 7 -3.75 
vt 7.13859 -4.90027 
vt 7 -4.90027 
vt 7.13859 -3.75 
vt 7 -3.75 
vt 7.13859 -3.88859 
vt 7 -3.88859 
vt 7.13859 -3.75 
vt 7 -3.75 
vt 7.13859 -4.90027 
vt 7 -4.90027 
vt 7.13859 -3.75 
vt 7 -3.75 
vt 7.13859 -4.90027 
vt 7 -4.90027 
vt 7.13859 -3.75 
vt 7 -3.75 
vt 7.13859 -3.88859 
vt 7 -3.88859 
vt 7.13859 -3.75 
vt 7 -3.75 
vt 7.13859 -4.90027 
vt 7 -4.90027 

usemtl Part1Mtl

f 2257/2257/2257 2258/2258/2258 2259/2259/2259 
f 2259/2259/2259 2258/2258/2258 2260/2260/2260 
f 2261/2261/2261 2262/2262/2262 2263/2263/2263 
f 2263/2263/2263 2262/2262/2262 2264/2264/2264 
f 2265/2265/2265 2266/2266/2266 2267/2267/2267 
f 2267/2267/2267 2266/2266/2266 2268/2268/2268 
f 2269/2269/2269 2270/2270/2270 2271/2271/2271 
f 2271/2271/2271 2270/2270/2270 2272/2272/2272 
f 2273/2273/2273 2274/2274/2274 2275/2275/2275 
f 2275/2275/2275 2274/2274/2274 2276/2276/2276 
f 2277/2277/2277 2278/2278/2278 2279/2279/2279 
f 2279/2279/2279 2278/2278/2278 2280/2280/2280 

g Part96

v -39.9635 10.1441 68.4347 
v -39.9635 10.1441 75.3086 
v -39.9635 5.59848 68.4347 
v -39.9635 5.59848 75.3086 
v -45.0635 10.1441 75.3086 
v -39.9635 10.1441 75.3086 
v -45.0635 10.1441 68.4347 
v -39.9635 10.1441 68.4347 
v -39.9635 10.1441 75.3086 
v -45.0635 10.1441 75.3086 
v -39.9635 5.59848 75.3086 
v -45.0635 5.59848 75.3086 
v -45.0635 10.1441 75.3086 
v -45.0635 10.1441 68.4347 
v -45.0635 5.59848 75.3086 
v -45.0635 5.59848 68.4347 
v -45.0635 5.59848 68.4347 
v -39.9635 5.59848 68.4347 
v -45.0635 5.59848 75.3086 
v -39.9635 5.59848 75.3086 
v -45.0635 10.1441 68.4347 
v -39.9635 10.1441 68.4347 
v -45.0635 5.59848 68.4347 
v -39.9635 5.59848 68.4347 

vn 1 0 0 
vn 1 0 0 
vn 1 0 0 
vn 1 0 0 
vn 0 1 0 
vn 0 1 0 
vn 0 1 0 
vn 0 1 0 
vn 0 0 1 
vn 0 0 1 
vn 0 0 1 
vn 0 0 1 
vn -1 0 0 
vn -1 0 0 
vn -1 0 0 
vn -1 0 0 
vn 0 -1 0 
vn 0 -1 0 
vn 0 -1 0 
vn 0 -1 0 
vn 0 0 -1 
vn 0 0 -1 
vn 0 0 -1 
vn 0 0 -1 

vt 1.85924 -3.5 
vt 1 -3.5 
vt 1.85924 -4.06821 
vt 1 -4.06821 
vt 1.6375 -3.5 
vt 1 -3.5 
vt 1.6375 -4.35924 
vt 1 -4.35924 
vt 1.6375 -3.5 
vt 1 -3.5 
vt 1.6375 -4.06821 
vt 1 -4.06821 
vt 1.85924 -3.5 
vt 1 -3.5 
vt 1.85924 -4.06821 
vt 1 -4.06821 
vt 1.6375 -3.5 
vt 1 -3.5 
vt 1.6375 -4.35924 
vt 1 -4.35924 
vt 1.6375 -3.5 
vt 1 -3.5 
vt 1.6375 -4.06821 
vt 1 -4.06821 

usemtl Part5Mtl

f 2281/2281/2281 2282/2282/2282 2283/2283/2283 
f 2283/2283/2283 2282/2282/2282 2284/2284/2284 
f 2285/2285/2285 2286/2286/2286 2287/2287/2287 
f 2287/2287/2287 2286/2286/2286 2288/2288/2288 
f 2289/2289/2289 2290/2290/2290 2291/2291/2291 
f 2291/2291/2291 2290/2290/2290 2292/2292/2292 
f 2293/2293/2293 2294/2294/2294 2295/2295/2295 
f 2295/2295/2295 2294/2294/2294 2296/2296/2296 
f 2297/2297/2297 2298/2298/2298 2299/2299/2299 
f 2299/2299/2299 2298/2298/2298 2300/2300/2300 
f 2301/2301/2301 2302/2302/2302 2303/2303/2303 
f 2303/2303/2303 2302/2302/2302 2304/2304/2304 

g Part97

v -36.1939 10.6985 66.8825 
v -36.1939 10.6985 73.313 
v -36.1939 6.15282 66.8825 
v -36.1939 6.15282 73.313 
v -43.5113 10.6985 73.313 
v -36.1939 10.6985 73.313 
v -43.5113 10.6985 66.8825 
v -36.1939 10.6985 66.8825 
v -36.1939 10.6985 73.313 
v -43.5113 10.6985 73.313 
v -36.1939 6.15282 73.313 
v -43.5113 6.15282 73.313 
v -43.5113 10.6985 73.313 
v -43.5113 10.6985 66.8825 
v -43.5113 6.15282 73.313 
v -43.5113 6.15282 66.8825 
v -43.5113 6.15282 66.8825 
v -36.1939 6.15282 66.8825 
v -43.5113 6.15282 73.313 
v -36.1939 6.15282 73.313 
v -43.5113 10.6985 66.8825 
v -36.1939 10.6985 66.8825 
v -43.5113 6.15282 66.8825 
v -36.1939 6.15282 66.8825 

vn 1 0 0 
vn 1 0 0 
vn 1 0 0 
vn 1 0 0 
vn 0 1 0 
vn 0 1 0 
vn 0 1 0 
vn 0 1 0 
vn 0 0 1 
vn 0 0 1 
vn 0 0 1 
vn 0 0 1 
vn -1 0 0 
vn -1 0 0 
vn -1 0 0 
vn -1 0 0 
vn 0 -1 0 
vn 0 -1 0 
vn 0 -1 0 
vn 0 -1 0 
vn 0 0 -1 
vn 0 0 -1 
vn 0 0 -1 
vn 0 0 -1 

vt 0.803804 -3 
vt 0 -3 
vt 0.803804 -3.56821 
vt 0 -3.56821 
vt 0.914674 -3 
vt 0 -3 
vt 0.914674 -3.8038 
vt 0 -3.8038 
vt 0.914674 -3 
vt 0 -3 
vt 0.914674 -3.56821 
vt 0 -3.56821 
vt 0.803804 -3 
vt 0 -3 
vt 0.803804 -3.56821 
vt 0 -3.56821 
vt 0.914674 -3 
vt 0 -3 
vt 0.914674 -3.8038 
vt 0 -3.8038 
vt 0.914674 -3 
vt 0 -3 
vt 0.914674 -3.56821 
vt 0 -3.56821 

usemtl Part5Mtl

f 2305/2305/2305 2306/2306/2306 2307/2307/2307 
f 2307/2307/2307 2306/2306/2306 2308/2308/2308 
f 2309/2309/2309 2310/2310/2310 2311/2311/2311 
f 2311/2311/2311 2310/2310/2310 2312/2312/2312 
f 2313/2313/2313 2314/2314/2314 2315/2315/2315 
f 2315/2315/2315 2314/2314/2314 2316/2316/2316 
f 2317/2317/2317 2318/2318/2318 2319/2319/2319 
f 2319/2319/2319 2318/2318/2318 2320/2320/2320 
f 2321/2321/2321 2322/2322/2322 2323/2323/2323 
f 2323/2323/2323 2322/2322/2322 2324/2324/2324 
f 2325/2325/2325 2326/2326/2326 2327/2327/2327 
f 2327/2327/2327 2326/2326/2326 2328/2328/2328 

g Part98

v -42.07 18.3485 70.6521 
v -42.07 18.3485 71.7608 
v -42.07 7.81587 70.6521 
v -42.07 7.81587 71.7608 
v -43.1787 18.3485 71.7608 
v -42.07 18.3485 71.7608 
v -43.1787 18.3485 70.6521 
v -42.07 18.3485 70.6521 
v -42.07 18.3485 71.7608 
v -43.1787 18.3485 71.7608 
v -42.07 7.81587 71.7608 
v -43.1787 7.81587 71.7608 
v -43.1787 18.3485 71.7608 
v -43.1787 18.3485 70.6521 
v -43.1787 7.81587 71.7608 
v -43.1787 7.81587 70.6521 
v -43.1787 7.81587 70.6521 
v -42.07 7.81587 70.6521 
v -43.1787 7.81587 71.7608 
v -42.07 7.81587 71.7608 
v -43.1787 18.3485 70.6521 
v -42.07 18.3485 70.6521 
v -43.1787 7.81587 70.6521 
v -42.07 7.81587 70.6521 

vn 1 0 0 
vn 1 0 0 
vn 1 0 0 
vn 1 0 0 
vn 0 1 0 
vn 0 1 0 
vn 0 1 0 
vn 0 1 0 
vn 0 0 1 
vn 0 0 1 
vn 0 0 1 
vn 0 0 1 
vn -1 0 0 
vn -1 0 0 
vn -1 0 0 
vn -1 0 0 
vn 0 -1 0 
vn 0 -1 0 
vn 0 -1 0 
vn 0 -1 0 
vn 0 0 -1 
vn 0 0 -1 
vn 0 0 -1 
vn 0 0 -1 

vt 1.13859 -3.5 
vt 1 -3.5 
vt 1.13859 -4.81658 
vt 1 -4.81658 
vt 1.13859 -3.5 
vt 1 -3.5 
vt 1.13859 -3.63859 
vt 1 -3.63859 
vt 1.13859 -3.5 
vt 1 -3.5 
vt 1.13859 -4.81658 
vt 1 -4.81658 
vt 1.13859 -3.5 
vt 1 -3.5 
vt 1.13859 -4.81658 
vt 1 -4.81658 
vt 1.13859 -3.5 
vt 1 -3.5 
vt 1.13859 -3.63859 
vt 1 -3.63859 
vt 1.13859 -3.5 
vt 1 -3.5 
vt 1.13859 -4.81658 
vt 1 -4.81658 

usemtl Part1Mtl

f 2329/2329/2329 2330/2330/2330 2331/2331/2331 
f 2331/2331/2331 2330/2330/2330 2332/2332/2332 
f 2333/2333/2333 2334/2334/2334 2335/2335/2335 
f 2335/2335/2335 2334/2334/2334 2336/2336/2336 
f 2337/2337/2337 2338/2338/2338 2339/2339/2339 
f 2339/2339/2339 2338/2338/2338 2340/2340/2340 
f 2341/2341/2341 2342/2342/2342 2343/2343/2343 
f 2343/2343/2343 2342/2342/2342 2344/2344/2344 
f 2345/2345/2345 2346/2346/2346 2347/2347/2347 
f 2347/2347/2347 2346/2346/2346 2348/2348/2348 
f 2349/2349/2349 2350/2350/2350 2351/2351/2351 
f 2351/2351/2351 2350/2350/2350 2352/2352/2352 

g Part99

v -36.6374 20.455 67.1043 
v -36.6374 20.455 73.0912 
v -36.6374 17.018 67.1043 
v -36.6374 17.018 73.0912 
v -42.6243 20.455 73.0912 
v -36.6374 20.455 73.0912 
v -42.6243 20.455 67.1043 
v -36.6374 20.455 67.1043 
v -36.6374 20.455 73.0912 
v -42.6243 20.455 73.0912 
v -36.6374 17.018 73.0912 
v -42.6243 17.018 73.0912 
v -42.6243 20.455 73.0912 
v -42.6243 20.455 67.1043 
v -42.6243 17.018 73.0912 
v -42.6243 17.018 67.1043 
v -42.6243 17.018 67.1043 
v -36.6374 17.018 67.1043 
v -42.6243 17.018 73.0912 
v -36.6374 17.018 73.0912 
v -42.6243 20.455 67.1043 
v -36.6374 20.455 67.1043 
v -42.6243 17.018 67.1043 
v -36.6374 17.018 67.1043 

vn 1 0 0 
vn 1 0 0 
vn 1 0 0 
vn 1 0 0 
vn 0 1 0 
vn 0 1 0 
vn 0 1 0 
vn 0 1 0 
vn 0 0 1 
vn 0 0 1 
vn 0 0 1 
vn 0 0 1 
vn -1 0 0 
vn -1 0 0 
vn -1 0 0 
vn -1 0 0 
vn 0 -1 0 
vn 0 -1 0 
vn 0 -1 0 
vn 0 -1 0 
vn 0 0 -1 
vn 0 0 -1 
vn 0 0 -1 
vn 0 0 -1 

vt 3.99837 -0.25 
vt 3.25 -0.25 
vt 3.99837 -0.67962 
vt 3.25 -0.67962 
vt 3.99837 -0.25 
vt 3.25 -0.25 
vt 3.99837 -0.998369 
vt 3.25 -0.998369 
vt 3.99837 -0.25 
vt 3.25 -0.25 
vt 3.99837 -0.67962 
vt 3.25 -0.67962 
vt 3.99837 -0.25 
vt 3.25 -0.25 
vt 3.99837 -0.67962 
vt 3.25 -0.67962 
vt 3.99837 -0.25 
vt 3.25 -0.25 
vt 3.99837 -0.998369 
vt 3.25 -0.998369 
vt 3.99837 -0.25 
vt 3.25 -0.25 
vt 3.99837 -0.67962 
vt 3.25 -0.67962 

usemtl Part5Mtl

f 2353/2353/2353 2354/2354/2354 2355/2355/2355 
f 2355/2355/2355 2354/2354/2354 2356/2356/2356 
f 2357/2357/2357 2358/2358/2358 2359/2359/2359 
f 2359/2359/2359 2358/2358/2358 2360/2360/2360 
f 2361/2361/2361 2362/2362/2362 2363/2363/2363 
f 2363/2363/2363 2362/2362/2362 2364/2364/2364 
f 2365/2365/2365 2366/2366/2366 2367/2367/2367 
f 2367/2367/2367 2366/2366/2366 2368/2368/2368 
f 2369/2369/2369 2370/2370/2370 2371/2371/2371 
f 2371/2371/2371 2370/2370/2370 2372/2372/2372 
f 2373/2373/2373 2374/2374/2374 2375/2375/2375 
f 2375/2375/2375 2374/2374/2374 2376/2376/2376 

g Part100

v -37.7461 16.4637 67.1043 
v -37.7461 16.4637 71.9825 
v -37.7461 13.0267 67.1043 
v -37.7461 13.0267 71.9825 
v -44.3983 16.4637 71.9825 
v -37.7461 16.4637 71.9825 
v -44.3983 16.4637 67.1043 
v -37.7461 16.4637 67.1043 
v -37.7461 16.4637 71.9825 
v -44.3983 16.4637 71.9825 
v -37.7461 13.0267 71.9825 
v -44.3983 13.0267 71.9825 
v -44.3983 16.4637 71.9825 
v -44.3983 16.4637 67.1043 
v -44.3983 13.0267 71.9825 
v -44.3983 13.0267 67.1043 
v -44.3983 13.0267 67.1043 
v -37.7461 13.0267 67.1043 
v -44.3983 13.0267 71.9825 
v -37.7461 13.0267 71.9825 
v -44.3983 16.4637 67.1043 
v -37.7461 16.4637 67.1043 
v -44.3983 13.0267 67.1043 
v -37.7461 13.0267 67.1043 

vn 1 0 0 
vn 1 0 0 
vn 1 0 0 
vn 1 0 0 
vn 0 1 0 
vn 0 1 0 
vn 0 1 0 
vn 0 1 0 
vn 0 0 1 
vn 0 0 1 
vn 0 0 1 
vn 0 0 1 
vn -1 0 0 
vn -1 0 0 
vn -1 0 0 
vn -1 0 0 
vn 0 -1 0 
vn 0 -1 0 
vn 0 -1 0 
vn 0 -1 0 
vn 0 0 -1 
vn 0 0 -1 
vn 0 0 -1 
vn 0 0 -1 

vt 4.10978 0.75 
vt 3.5 0.75 
vt 4.10978 0.32038 
vt 3.5 0.32038 
vt 4.33152 0.75 
vt 3.5 0.75 
vt 4.33152 0.140217 
vt 3.5 0.140217 
vt 4.33152 0.75 
vt 3.5 0.75 
vt 4.33152 0.32038 
vt 3.5 0.32038 
vt 4.10978 0.75 
vt 3.5 0.75 
vt 4.10978 0.32038 
vt 3.5 0.32038 
vt 4.33152 0.75 
vt 3.5 0.75 
vt 4.33152 0.140217 
vt 3.5 0.140217 
vt 4.33152 0.75 
vt 3.5 0.75 
vt 4.33152 0.32038 
vt 3.5 0.32038 

usemtl Part5Mtl

f 2377/2377/2377 2378/2378/2378 2379/2379/2379 
f 2379/2379/2379 2378/2378/2378 2380/2380/2380 
f 2381/2381/2381 2382/2382/2382 2383/2383/2383 
f 2383/2383/2383 2382/2382/2382 2384/2384/2384 
f 2385/2385/2385 2386/2386/2386 2387/2387/2387 
f 2387/2387/2387 2386/2386/2386 2388/2388/2388 
f 2389/2389/2389 2390/2390/2390 2391/2391/2391 
f 2391/2391/2391 2390/2390/2390 2392/2392/2392 
f 2393/2393/2393 2394/2394/2394 2395/2395/2395 
f 2395/2395/2395 2394/2394/2394 2396/2396/2396 
f 2397/2397/2397 2398/2398/2398 2399/2399/2399 
f 2399/2399/2399 2398/2398/2398 2400/2400/2400 

g Part101

v -39.0765 18.6811 68.4347 
v -39.0765 18.6811 74.4217 
v -39.0765 14.5789 68.4347 
v -39.0765 14.5789 74.4217 
v -47.0591 18.6811 74.4217 
v -39.0765 18.6811 74.4217 
v -47.0591 18.6811 68.4347 
v -39.0765 18.6811 68.4347 
v -39.0765 18.6811 74.4217 
v -47.0591 18.6811 74.4217 
v -39.0765 14.5789 74.4217 
v -47.0591 14.5789 74.4217 
v -47.0591 18.6811 74.4217 
v -47.0591 18.6811 68.4347 
v -47.0591 14.5789 74.4217 
v -47.0591 14.5789 68.4347 
v -47.0591 14.5789 68.4347 
v -39.0765 14.5789 68.4347 
v -47.0591 14.5789 74.4217 
v -39.0765 14.5789 74.4217 
v -47.0591 18.6811 68.4347 
v -39.0765 18.6811 68.4347 
v -47.0591 14.5789 68.4347 
v -39.0765 14.5789 68.4347 

vn 1 0 0 
vn 1 0 0 
vn 1 0 0 
vn 1 0 0 
vn 0 1 0 
vn 0 1 0 
vn 0 1 0 
vn 0 1 0 
vn 0 0 1 
vn 0 0 1 
vn 0 0 1 
vn 0 0 1 
vn -1 0 0 
vn -1 0 0 
vn -1 0 0 
vn -1 0 0 
vn 0 -1 0 
vn 0 -1 0 
vn 0 -1 0 
vn 0 -1 0 
vn 0 0 -1 
vn 0 0 -1 
vn 0 0 -1 
vn 0 0 -1 

vt 1.49837 0.25 
vt 0.75 0.25 
vt 1.49837 -0.262772 
vt 0.75 -0.262772 
vt 1.74783 0.25 
vt 0.75 0.25 
vt 1.74783 -0.498369 
vt 0.75 -0.498369 
vt 1.74783 0.25 
vt 0.75 0.25 
vt 1.74783 -0.262772 
vt 0.75 -0.262772 
vt 1.49837 0.25 
vt 0.75 0.25 
vt 1.49837 -0.262772 
vt 0.75 -0.262772 
vt 1.74783 0.25 
vt 0.75 0.25 
vt 1.74783 -0.498369 
vt 0.75 -0.498369 
vt 1.74783 0.25 
vt 0.75 0.25 
vt 1.74783 -0.262772 
vt 0.75 -0.262772 

usemtl Part5Mtl

f 2401/2401/2401 2402/2402/2402 2403/2403/2403 
f 2403/2403/2403 2402/2402/2402 2404/2404/2404 
f 2405/2405/2405 2406/2406/2406 2407/2407/2407 
f 2407/2407/2407 2406/2406/2406 2408/2408/2408 
f 2409/2409/2409 2410/2410/2410 2411/2411/2411 
f 2411/2411/2411 2410/2410/2410 2412/2412/2412 
f 2413/2413/2413 2414/2414/2414 2415/2415/2415 
f 2415/2415/2415 2414/2414/2414 2416/2416/2416 
f 2417/2417/2417 2418/2418/2418 2419/2419/2419 
f 2419/2419/2419 2418/2418/2418 2420/2420/2420 
f 2421/2421/2421 2422/2422/2422 2423/2423/2423 
f 2423/2423/2423 2422/2422/2422 2424/2424/2424 

g Part102

v 20.6821 7.68435 38.7096 
v 30.5812 7.68435 38.7096 
v 20.6821 -2.445 38.7096 
v 30.5812 -2.445 38.7096 
v 30.5812 7.68435 47.9181 
v 30.5812 7.68435 38.7096 
v 20.6821 7.68435 47.9181 
v 20.6821 7.68435 38.7096 
v 30.5812 7.68435 38.7096 
v 30.5812 7.68435 47.9181 
v 30.5812 -2.445 38.7096 
v 30.5812 -2.445 47.9181 
v 30.5812 7.68435 47.9181 
v 20.6821 7.68435 47.9181 
v 30.5812 -2.445 47.9181 
v 20.6821 -2.445 47.9181 
v 20.6821 -2.445 47.9181 
v 20.6821 -2.445 38.7096 
v 30.5812 -2.445 47.9181 
v 30.5812 -2.445 38.7096 
v 20.6821 7.68435 47.9181 
v 20.6821 7.68435 38.7096 
v 20.6821 -2.445 47.9181 
v 20.6821 -2.445 38.7096 

vn 0 0 -1 
vn 0 0 -1 
vn 0 0 -1 
vn 0 0 -1 
vn 0 1 0 
vn 0 1 0 
vn 0 1 0 
vn 0 1 0 
vn 1 0 0 
vn 1 0 0 
vn 1 0 0 
vn 1 0 0 
vn 0 0 1 
vn 0 0 1 
vn 0 0 1 
vn 0 0 1 
vn 0 -1 0 
vn 0 -1 0 
vn 0 -1 0 
vn 0 -1 0 
vn -1 0 0 
vn -1 0 0 
vn -1 0 0 
vn -1 0 0 

vt 7.48739 -0.75 
vt 6.25 -0.75 
vt 7.48739 -2.01617 
vt 6.25 -2.01617 
vt 7.40106 -0.75 
vt 6.25 -0.75 
vt 7.40106 -1.98739 
vt 6.25 -1.98739 
vt 7.40106 -0.75 
vt 6.25 -0.75 
vt 7.40106 -2.01617 
vt 6.25 -2.01617 
vt 7.48739 -0.75 
vt 6.25 -0.75 
vt 7.48739 -2.01617 
vt 6.25 -2.01617 
vt 7.40106 -0.75 
vt 6.25 -0.75 
vt 7.40106 -1.98739 
vt 6.25 -1.98739 
vt 7.40106 -0.75 
vt 6.25 -0.75 
vt 7.40106 -2.01617 
vt 6.25 -2.01617 

usemtl Part102Mtl

f 2425/2425/2425 2426/2426/2426 2427/2427/2427 
f 2427/2427/2427 2426/2426/2426 2428/2428/2428 
f 2429/2429/2429 2430/2430/2430 2431/2431/2431 
f 2431/2431/2431 2430/2430/2430 2432/2432/2432 
f 2433/2433/2433 2434/2434/2434 2435/2435/2435 
f 2435/2435/2435 2434/2434/2434 2436/2436/2436 
f 2437/2437/2437 2438/2438/2438 2439/2439/2439 
f 2439/2439/2439 2438/2438/2438 2440/2440/2440 
f 2441/2441/2441 2442/2442/2442 2443/2443/2443 
f 2443/2443/2443 2442/2442/2442 2444/2444/2444 
f 2445/2445/2445 2446/2446/2446 2447/2447/2447 
f 2447/2447/2447 2446/2446/2446 2448/2448/2448 

g Part103

v 19.7612 8.37499 38.0189 
v 31.2719 8.37499 38.0189 
v 19.7612 6.76351 38.0189 
v 31.2719 6.76351 38.0189 
v 31.2719 8.37499 48.8389 
v 31.2719 8.37499 38.0189 
v 19.7612 8.37499 48.8389 
v 19.7612 8.37499 38.0189 
v 31.2719 8.37499 38.0189 
v 31.2719 8.37499 48.8389 
v 31.2719 6.76351 38.0189 
v 31.2719 6.76351 48.8389 
v 31.2719 8.37499 48.8389 
v 19.7612 8.37499 48.8389 
v 31.2719 6.76351 48.8389 
v 19.7612 6.76351 48.8389 
v 19.7612 6.76351 48.8389 
v 19.7612 6.76351 38.0189 
v 31.2719 6.76351 48.8389 
v 31.2719 6.76351 38.0189 
v 19.7612 8.37499 48.8389 
v 19.7612 8.37499 38.0189 
v 19.7612 6.76351 48.8389 
v 19.7612 6.76351 38.0189 

vn 0 0 -1 
vn 0 0 -1 
vn 0 0 -1 
vn 0 0 -1 
vn 0 1 0 
vn 0 1 0 
vn 0 1 0 
vn 0 1 0 
vn 1 0 0 
vn 1 0 0 
vn 1 0 0 
vn 1 0 0 
vn 0 0 1 
vn 0 0 1 
vn 0 0 1 
vn 0 0 1 
vn 0 -1 0 
vn 0 -1 0 
vn 0 -1 0 
vn 0 -1 0 
vn -1 0 0 
vn -1 0 0 
vn -1 0 0 
vn -1 0 0 

vt 7.68883 -6.5 
vt 6.25 -6.5 
vt 7.68883 -6.70144 
vt 6.25 -6.70144 
vt 7.6025 -6.5 
vt 6.25 -6.5 
vt 7.6025 -7.93883 
vt 6.25 -7.93883 
vt 7.6025 -6.5 
vt 6.25 -6.5 
vt 7.6025 -6.70144 
vt 6.25 -6.70144 
vt 7.68883 -6.5 
vt 6.25 -6.5 
vt 7.68883 -6.70144 
vt 6.25 -6.70144 
vt 7.6025 -6.5 
vt 6.25 -6.5 
vt 7.6025 -7.93883 
vt 6.25 -7.93883 
vt 7.6025 -6.5 
vt 6.25 -6.5 
vt 7.6025 -6.70144 
vt 6.25 -6.70144 

usemtl Part103Mtl

f 2449/2449/2449 2450/2450/2450 2451/2451/2451 
f 2451/2451/2451 2450/2450/2450 2452/2452/2452 
f 2453/2453/2453 2454/2454/2454 2455/2455/2455 
f 2455/2455/2455 2454/2454/2454 2456/2456/2456 
f 2457/2457/2457 2458/2458/2458 2459/2459/2459 
f 2459/2459/2459 2458/2458/2458 2460/2460/2460 
f 2461/2461/2461 2462/2462/2462 2463/2463/2463 
f 2463/2463/2463 2462/2462/2462 2464/2464/2464 
f 2465/2465/2465 2466/2466/2466 2467/2467/2467 
f 2467/2467/2467 2466/2466/2466 2468/2468/2468 
f 2469/2469/2469 2470/2470/2470 2471/2471/2471 
f 2471/2471/2471 2470/2470/2470 2472/2472/2472 

g Part104

v 74.3629 14.5807 -76.6068 
v 97.0705 14.5807 -76.6068 
v 74.3629 -8.655 -76.6068 
v 97.0705 -8.655 -76.6068 
v 97.0705 14.5807 -55.4834 
v 97.0705 14.5807 -76.6068 
v 74.3629 14.5807 -55.4834 
v 74.3629 14.5807 -76.6068 
v 97.0705 14.5807 -76.6068 
v 97.0705 14.5807 -55.4834 
v 97.0705 -8.655 -76.6068 
v 97.0705 -8.655 -55.4834 
v 97.0705 14.5807 -55.4834 
v 74.3629 14.5807 -55.4834 
v 97.0705 -8.655 -55.4834 
v 74.3629 -8.655 -55.4834 
v 74.3629 -8.655 -55.4834 
v 74.3629 -8.655 -76.6068 
v 97.0705 -8.655 -55.4834 
v 97.0705 -8.655 -76.6068 
v 74.3629 14.5807 -55.4834 
v 74.3629 14.5807 -76.6068 
v 74.3629 -8.655 -55.4834 
v 74.3629 -8.655 -76.6068 

vn 0 0 -1 
vn 0 0 -1 
vn 0 0 -1 
vn 0 0 -1 
vn 0 1 0 
vn 0 1 0 
vn 0 1 0 
vn 0 1 0 
vn 1 0 0 
vn 1 0 0 
vn 1 0 0 
vn 1 0 0 
vn 0 0 1 
vn 0 0 1 
vn 0 0 1 
vn 0 0 1 
vn 0 -1 0 
vn 0 -1 0 
vn 0 -1 0 
vn 0 -1 0 
vn -1 0 0 
vn -1 0 0 
vn -1 0 0 
vn -1 0 0 

vt 6.33846 -6.75 
vt 3.5 -6.75 
vt 6.33846 -9.65447 
vt 3.5 -9.65447 
vt 6.14042 -6.75 
vt 3.5 -6.75 
vt 6.14042 -9.58846 
vt 3.5 -9.58846 
vt 6.14042 -6.75 
vt 3.5 -6.75 
vt 6.14042 -9.65447 
vt 3.5 -9.65447 
vt 6.33846 -6.75 
vt 3.5 -6.75 
vt 6.33846 -9.65447 
vt 3.5 -9.65447 
vt 6.14042 -6.75 
vt 3.5 -6.75 
vt 6.14042 -9.58846 
vt 3.5 -9.58846 
vt 6.14042 -6.75 
vt 3.5 -6.75 
vt 6.14042 -9.65447 
vt 3.5 -9.65447 

usemtl Part102Mtl

f 2473/2473/2473 2474/2474/2474 2475/2475/2475 
f 2475/2475/2475 2474/2474/2474 2476/2476/2476 
f 2477/2477/2477 2478/2478/2478 2479/2479/2479 
f 2479/2479/2479 2478/2478/2478 2480/2480/2480 
f 2481/2481/2481 2482/2482/2482 2483/2483/2483 
f 2483/2483/2483 2482/2482/2482 2484/2484/2484 
f 2485/2485/2485 2486/2486/2486 2487/2487/2487 
f 2487/2487/2487 2486/2486/2486 2488/2488/2488 
f 2489/2489/2489 2490/2490/2490 2491/2491/2491 
f 2491/2491/2491 2490/2490/2490 2492/2492/2492 
f 2493/2493/2493 2494/2494/2494 2495/2495/2495 
f 2495/2495/2495 2494/2494/2494 2496/2496/2496 

g Part105

v 72.2506 16.165 -78.1911 
v 98.6548 16.165 -78.1911 
v 72.2506 12.4684 -78.1911 
v 98.6548 12.4684 -78.1911 
v 98.6548 16.165 -53.3711 
v 98.6548 16.165 -78.1911 
v 72.2506 16.165 -53.3711 
v 72.2506 16.165 -78.1911 
v 98.6548 16.165 -78.1911 
v 98.6548 16.165 -53.3711 
v 98.6548 12.4684 -78.1911 
v 98.6548 12.4684 -53.3711 
v 98.6548 16.165 -53.3711 
v 72.2506 16.165 -53.3711 
v 98.6548 12.4684 -53.3711 
v 72.2506 12.4684 -53.3711 
v 72.2506 12.4684 -53.3711 
v 72.2506 12.4684 -78.1911 
v 98.6548 12.4684 -53.3711 
v 98.6548 12.4684 -78.1911 
v 72.2506 16.165 -53.3711 
v 72.2506 16.165 -78.1911 
v 72.2506 12.4684 -53.3711 
v 72.2506 12.4684 -78.1911 

vn 0 0 -1 
vn 0 0 -1 
vn 0 0 -1 
vn 0 0 -1 
vn 0 1 0 
vn 0 1 0 
vn 0 1 0 
vn 0 1 0 
vn 1 0 0 
vn 1 0 0 
vn 1 0 0 
vn 1 0 0 
vn 0 0 1 
vn 0 0 1 
vn 0 0 1 
vn 0 0 1 
vn 0 -1 0 
vn 0 -1 0 
vn 0 -1 0 
vn 0 -1 0 
vn -1 0 0 
vn -1 0 0 
vn -1 0 0 
vn -1 0 0 

vt 8.05053 -0.5 
vt 4.75 -0.5 
vt 8.05053 -0.962074 
vt 4.75 -0.962074 
vt 7.8525 -0.5 
vt 4.75 -0.5 
vt 7.8525 -3.80053 
vt 4.75 -3.80053 
vt 7.8525 -0.5 
vt 4.75 -0.5 
vt 7.8525 -0.962074 
vt 4.75 -0.962074 
vt 8.05053 -0.5 
vt 4.75 -0.5 
vt 8.05053 -0.962074 
vt 4.75 -0.962074 
vt 7.8525 -0.5 
vt 4.75 -0.5 
vt 7.8525 -3.80053 
vt 4.75 -3.80053 
vt 7.8525 -0.5 
vt 4.75 -0.5 
vt 7.8525 -0.962074 
vt 4.75 -0.962074 

usemtl Part103Mtl

f 2497/2497/2497 2498/2498/2498 2499/2499/2499 
f 2499/2499/2499 2498/2498/2498 2500/2500/2500 
f 2501/2501/2501 2502/2502/2502 2503/2503/2503 
f 2503/2503/2503 2502/2502/2502 2504/2504/2504 
f 2505/2505/2505 2506/2506/2506 2507/2507/2507 
f 2507/2507/2507 2506/2506/2506 2508/2508/2508 
f 2509/2509/2509 2510/2510/2510 2511/2511/2511 
f 2511/2511/2511 2510/2510/2510 2512/2512/2512 
f 2513/2513/2513 2514/2514/2514 2515/2515/2515 
f 2515/2515/2515 2514/2514/2514 2516/2516/2516 
f 2517/2517/2517 2518/2518/2518 2519/2519/2519 
f 2519/2519/2519 2518/2518/2518 2520/2520/2520 

g Part106

v -122.264 4.91883 31.019 
v -114.579 4.91883 31.019 
v -122.264 -2.945 31.019 
v -114.579 -2.945 31.019 
v -114.579 4.91883 38.1679 
v -114.579 4.91883 31.019 
v -122.264 4.91883 38.1679 
v -122.264 4.91883 31.019 
v -114.579 4.91883 31.019 
v -114.579 4.91883 38.1679 
v -114.579 -2.945 31.019 
v -114.579 -2.945 38.1679 
v -114.579 4.91883 38.1679 
v -122.264 4.91883 38.1679 
v -114.579 -2.945 38.1679 
v -122.264 -2.945 38.1679 
v -122.264 -2.945 38.1679 
v -122.264 -2.945 31.019 
v -114.579 -2.945 38.1679 
v -114.579 -2.945 31.019 
v -122.264 4.91883 38.1679 
v -122.264 4.91883 31.019 
v -122.264 -2.945 38.1679 
v -122.264 -2.945 31.019 

vn 0 0 -1 
vn 0 0 -1 
vn 0 0 -1 
vn 0 0 -1 
vn 0 1 0 
vn 0 1 0 
vn 0 1 0 
vn 0 1 0 
vn 1 0 0 
vn 1 0 0 
vn 1 0 0 
vn 1 0 0 
vn 0 0 1 
vn 0 0 1 
vn 0 0 1 
vn 0 0 1 
vn 0 -1 0 
vn 0 -1 0 
vn 0 -1 0 
vn 0 -1 0 
vn -1 0 0 
vn -1 0 0 
vn -1 0 0 
vn -1 0 0 

vt 3.96064 -4.75 
vt 3 -4.75 
vt 3.96064 -5.73298 
vt 3 -5.73298 
vt 3.89362 -4.75 
vt 3 -4.75 
vt 3.89362 -5.71064 
vt 3 -5.71064 
vt 3.89362 -4.75 
vt 3 -4.75 
vt 3.89362 -5.73298 
vt 3 -5.73298 
vt 3.96064 -4.75 
vt 3 -4.75 
vt 3.96064 -5.73298 
vt 3 -5.73298 
vt 3.89362 -4.75 
vt 3 -4.75 
vt 3.89362 -5.71064 
vt 3 -5.71064 
vt 3.89362 -4.75 
vt 3 -4.75 
vt 3.89362 -5.73298 
vt 3 -5.73298 

usemtl Part102Mtl

f 2521/2521/2521 2522/2522/2522 2523/2523/2523 
f 2523/2523/2523 2522/2522/2522 2524/2524/2524 
f 2525/2525/2525 2526/2526/2526 2527/2527/2527 
f 2527/2527/2527 2526/2526/2526 2528/2528/2528 
f 2529/2529/2529 2530/2530/2530 2531/2531/2531 
f 2531/2531/2531 2530/2530/2530 2532/2532/2532 
f 2533/2533/2533 2534/2534/2534 2535/2535/2535 
f 2535/2535/2535 2534/2534/2534 2536/2536/2536 
f 2537/2537/2537 2538/2538/2538 2539/2539/2539 
f 2539/2539/2539 2538/2538/2538 2540/2540/2540 
f 2541/2541/2541 2542/2542/2542 2543/2543/2543 
f 2543/2543/2543 2542/2542/2542 2544/2544/2544 

g Part107

v -122.979 5.455 30.4828 
v -114.043 5.455 30.4828 
v -122.979 4.20394 30.4828 
v -114.043 4.20394 30.4828 
v -114.043 5.455 38.8828 
v -114.043 5.455 30.4828 
v -122.979 5.455 38.8828 
v -122.979 5.455 30.4828 
v -114.043 5.455 30.4828 
v -114.043 5.455 38.8828 
v -114.043 4.20394 30.4828 
v -114.043 4.20394 38.8828 
v -114.043 5.455 38.8828 
v -122.979 5.455 38.8828 
v -114.043 4.20394 38.8828 
v -122.979 4.20394 38.8828 
v -122.979 4.20394 38.8828 
v -122.979 4.20394 30.4828 
v -114.043 4.20394 38.8828 
v -114.043 4.20394 30.4828 
v -122.979 5.455 38.8828 
v -122.979 5.455 30.4828 
v -122.979 4.20394 38.8828 
v -122.979 4.20394 30.4828 

vn 0 0 -1 
vn 0 0 -1 
vn 0 0 -1 
vn 0 0 -1 
vn 0 1 0 
vn 0 1 0 
vn 0 1 0 
vn 0 1 0 
vn 1 0 0 
vn 1 0 0 
vn 1 0 0 
vn 1 0 0 
vn 0 0 1 
vn 0 0 1 
vn 0 0 1 
vn 0 0 1 
vn 0 -1 0 
vn 0 -1 0 
vn 0 -1 0 
vn 0 -1 0 
vn -1 0 0 
vn -1 0 0 
vn -1 0 0 
vn -1 0 0 

vt 4.36702 -3 
vt 3.25 -3 
vt 4.36702 -3.15638 
vt 3.25 -3.15638 
vt 4.3 -3 
vt 3.25 -3 
vt 4.3 -4.11702 
vt 3.25 -4.11702 
vt 4.3 -3 
vt 3.25 -3 
vt 4.3 -3.15638 
vt 3.25 -3.15638 
vt 4.36702 -3 
vt 3.25 -3 
vt 4.36702 -3.15638 
vt 3.25 -3.15638 
vt 4.3 -3 
vt 3.25 -3 
vt 4.3 -4.11702 
vt 3.25 -4.11702 
vt 4.3 -3 
vt 3.25 -3 
vt 4.3 -3.15638 
vt 3.25 -3.15638 

usemtl Part103Mtl

f 2545/2545/2545 2546/2546/2546 2547/2547/2547 
f 2547/2547/2547 2546/2546/2546 2548/2548/2548 
f 2549/2549/2549 2550/2550/2550 2551/2551/2551 
f 2551/2551/2551 2550/2550/2550 2552/2552/2552 
f 2553/2553/2553 2554/2554/2554 2555/2555/2555 
f 2555/2555/2555 2554/2554/2554 2556/2556/2556 
f 2557/2557/2557 2558/2558/2558 2559/2559/2559 
f 2559/2559/2559 2558/2558/2558 2560/2560/2560 
f 2561/2561/2561 2562/2562/2562 2563/2563/2563 
f 2563/2563/2563 2562/2562/2562 2564/2564/2564 
f 2565/2565/2565 2566/2566/2566 2567/2567/2567 
f 2567/2567/2567 2566/2566/2566 2568/2568/2568 

g Part108

v -15.6243 3.74883 -44.0749 
v -5.35921 3.74883 -44.0749 
v -15.6243 -6.75501 -44.0749 
v -5.35921 -6.75501 -44.0749 
v -5.35921 3.74883 -34.5259 
v -5.35921 3.74883 -44.0749 
v -15.6243 3.74883 -34.5259 
v -15.6243 3.74883 -44.0749 
v -5.35921 3.74883 -44.0749 
v -5.35921 3.74883 -34.5259 
v -5.35921 -6.75501 -44.0749 
v -5.35921 -6.75501 -34.5259 
v -5.35921 3.74883 -34.5259 
v -15.6243 3.74883 -34.5259 
v -5.35921 -6.75501 -34.5259 
v -15.6243 -6.75501 -34.5259 
v -15.6243 -6.75501 -34.5259 
v -15.6243 -6.75501 -44.0749 
v -5.35921 -6.75501 -34.5259 
v -5.35921 -6.75501 -44.0749 
v -15.6243 3.74883 -34.5259 
v -15.6243 3.74883 -44.0749 
v -15.6243 -6.75501 -34.5259 
v -15.6243 -6.75501 -44.0749 

vn 0 0 -1 
vn 0 0 -1 
vn 0 0 -1 
vn 0 0 -1 
vn 0 1 0 
vn 0 1 0 
vn 0 1 0 
vn 0 1 0 
vn 1 0 0 
vn 1 0 0 
vn 1 0 0 
vn 1 0 0 
vn 0 0 1 
vn 0 0 1 
vn 0 0 1 
vn 0 0 1 
vn 0 -1 0 
vn 0 -1 0 
vn 0 -1 0 
vn 0 -1 0 
vn -1 0 0 
vn -1 0 0 
vn -1 0 0 
vn -1 0 0 

vt 8.28314 -0.5 
vt 7 -0.5 
vt 8.28314 -1.81298 
vt 7 -1.81298 
vt 8.19362 -0.5 
vt 7 -0.5 
vt 8.19362 -1.78314 
vt 7 -1.78314 
vt 8.19362 -0.5 
vt 7 -0.5 
vt 8.19362 -1.81298 
vt 7 -1.81298 
vt 8.28314 -0.5 
vt 7 -0.5 
vt 8.28314 -1.81298 
vt 7 -1.81298 
vt 8.19362 -0.5 
vt 7 -0.5 
vt 8.19362 -1.78314 
vt 7 -1.78314 
vt 8.19362 -0.5 
vt 7 -0.5 
vt 8.19362 -1.81298 
vt 7 -1.81298 

usemtl Part102Mtl

f 2569/2569/2569 2570/2570/2570 2571/2571/2571 
f 2571/2571/2571 2570/2570/2570 2572/2572/2572 
f 2573/2573/2573 2574/2574/2574 2575/2575/2575 
f 2575/2575/2575 2574/2574/2574 2576/2576/2576 
f 2577/2577/2577 2578/2578/2578 2579/2579/2579 
f 2579/2579/2579 2578/2578/2578 2580/2580/2580 
f 2581/2581/2581 2582/2582/2582 2583/2583/2583 
f 2583/2583/2583 2582/2582/2582 2584/2584/2584 
f 2585/2585/2585 2586/2586/2586 2587/2587/2587 
f 2587/2587/2587 2586/2586/2586 2588/2588/2588 
f 2589/2589/2589 2590/2590/2590 2591/2591/2591 
f 2591/2591/2591 2590/2590/2590 2592/2592/2592 

g Part109

v -16.5792 4.465 -44.7911 
v -4.64303 4.465 -44.7911 
v -16.5792 2.79394 -44.7911 
v -4.64303 2.79394 -44.7911 
v -4.64303 4.465 -33.5711 
v -4.64303 4.465 -44.7911 
v -16.5792 4.465 -33.5711 
v -16.5792 4.465 -44.7911 
v -4.64303 4.465 -44.7911 
v -4.64303 4.465 -33.5711 
v -4.64303 2.79394 -44.7911 
v -4.64303 2.79394 -33.5711 
v -4.64303 4.465 -33.5711 
v -16.5792 4.465 -33.5711 
v -4.64303 2.79394 -33.5711 
v -16.5792 2.79394 -33.5711 
v -16.5792 2.79394 -33.5711 
v -16.5792 2.79394 -44.7911 
v -4.64303 2.79394 -33.5711 
v -4.64303 2.79394 -44.7911 
v -16.5792 4.465 -33.5711 
v -16.5792 4.465 -44.7911 
v -16.5792 2.79394 -33.5711 
v -16.5792 2.79394 -44.7911 

vn 0 0 -1 
vn 0 0 -1 
vn 0 0 -1 
vn 0 0 -1 
vn 0 1 0 
vn 0 1 0 
vn 0 1 0 
vn 0 1 0 
vn 1 0 0 
vn 1 0 0 
vn 1 0 0 
vn 1 0 0 
vn 0 0 1 
vn 0 0 1 
vn 0 0 1 
vn 0 0 1 
vn 0 -1 0 
vn 0 -1 0 
vn 0 -1 0 
vn 0 -1 0 
vn -1 0 0 
vn -1 0 0 
vn -1 0 0 
vn -1 0 0 

vt 7.99202 -3 
vt 6.5 -3 
vt 7.99202 -3.20888 
vt 6.5 -3.20888 
vt 7.9025 -3 
vt 6.5 -3 
vt 7.9025 -4.49202 
vt 6.5 -4.49202 
vt 7.9025 -3 
vt 6.5 -3 
vt 7.9025 -3.20888 
vt 6.5 -3.20888 
vt 7.99202 -3 
vt 6.5 -3 
vt 7.99202 -3.20888 
vt 6.5 -3.20888 
vt 7.9025 -3 
vt 6.5 -3 
vt 7.9025 -4.49202 
vt 6.5 -4.49202 
vt 7.9025 -3 
vt 6.5 -3 
vt 7.9025 -3.20888 
vt 6.5 -3.20888 

usemtl Part103Mtl

f 2593/2593/2593 2594/2594/2594 2595/2595/2595 
f 2595/2595/2595 2594/2594/2594 2596/2596/2596 
f 2597/2597/2597 2598/2598/2598 2599/2599/2599 
f 2599/2599/2599 2598/2598/2598 2600/2600/2600 
f 2601/2601/2601 2602/2602/2602 2603/2603/2603 
f 2603/2603/2603 2602/2602/2602 2604/2604/2604 
f 2605/2605/2605 2606/2606/2606 2607/2607/2607 
f 2607/2607/2607 2606/2606/2606 2608/2608/2608 
f 2609/2609/2609 2610/2610/2610 2611/2611/2611 
f 2611/2611/2611 2610/2610/2610 2612/2612/2612 
f 2613/2613/2613 2614/2614/2614 2615/2615/2615 
f 2615/2615/2615 2614/2614/2614 2616/2616/2616 

g Part110

v -15.8643 8.51883 -40.8449 
v -8.17921 8.51883 -40.8449 
v -15.8643 0.654996 -40.8449 
v -8.17921 0.654996 -40.8449 
v -8.17921 8.51883 -33.6959 
v -8.17921 8.51883 -40.8449 
v -15.8643 8.51883 -33.6959 
v -15.8643 8.51883 -40.8449 
v -8.17921 8.51883 -40.8449 
v -8.17921 8.51883 -33.6959 
v -8.17921 0.654996 -40.8449 
v -8.17921 0.654996 -33.6959 
v -8.17921 8.51883 -33.6959 
v -15.8643 8.51883 -33.6959 
v -8.17921 0.654996 -33.6959 
v -15.8643 0.654996 -33.6959 
v -15.8643 0.654996 -33.6959 
v -15.8643 0.654996 -40.8449 
v -8.17921 0.654996 -33.6959 
v -8.17921 0.654996 -40.8449 
v -15.8643 8.51883 -33.6959 
v -15.8643 8.51883 -40.8449 
v -15.8643 0.654996 -33.6959 
v -15.8643 0.654996 -40.8449 

vn 0 0 -1 
vn 0 0 -1 
vn 0 0 -1 
vn 0 0 -1 
vn 0 1 0 
vn 0 1 0 
vn 0 1 0 
vn 0 1 0 
vn 1 0 0 
vn 1 0 0 
vn 1 0 0 
vn 1 0 0 
vn 0 0 1 
vn 0 0 1 
vn 0 0 1 
vn 0 0 1 
vn 0 -1 0 
vn 0 -1 0 
vn 0 -1 0 
vn 0 -1 0 
vn -1 0 0 
vn -1 0 0 
vn -1 0 0 
vn -1 0 0 

vt 2.96064 -3.25 
vt 2 -3.25 
vt 2.96064 -4.23298 
vt 2 -4.23298 
vt 2.89362 -3.25 
vt 2 -3.25 
vt 2.89362 -4.21064 
vt 2 -4.21064 
vt 2.89362 -3.25 
vt 2 -3.25 
vt 2.89362 -4.23298 
vt 2 -4.23298 
vt 2.96064 -3.25 
vt 2 -3.25 
vt 2.96064 -4.23298 
vt 2 -4.23298 
vt 2.89362 -3.25 
vt 2 -3.25 
vt 2.89362 -4.21064 
vt 2 -4.21064 
vt 2.89362 -3.25 
vt 2 -3.25 
vt 2.89362 -4.23298 
vt 2 -4.23298 

usemtl Part102Mtl

f 2617/2617/2617 2618/2618/2618 2619/2619/2619 
f 2619/2619/2619 2618/2618/2618 2620/2620/2620 
f 2621/2621/2621 2622/2622/2622 2623/2623/2623 
f 2623/2623/2623 2622/2622/2622 2624/2624/2624 
f 2625/2625/2625 2626/2626/2626 2627/2627/2627 
f 2627/2627/2627 2626/2626/2626 2628/2628/2628 
f 2629/2629/2629 2630/2630/2630 2631/2631/2631 
f 2631/2631/2631 2630/2630/2630 2632/2632/2632 
f 2633/2633/2633 2634/2634/2634 2635/2635/2635 
f 2635/2635/2635 2634/2634/2634 2636/2636/2636 
f 2637/2637/2637 2638/2638/2638 2639/2639/2639 
f 2639/2639/2639 2638/2638/2638 2640/2640/2640 

g Part111

v -16.5792 9.055 -41.3811 
v -7.64303 9.055 -41.3811 
v -16.5792 7.80394 -41.3811 
v -7.64303 7.80394 -41.3811 
v -7.64303 9.055 -32.9811 
v -7.64303 9.055 -41.3811 
v -16.5792 9.055 -32.9811 
v -16.5792 9.055 -41.3811 
v -7.64303 9.055 -41.3811 
v -7.64303 9.055 -32.9811 
v -7.64303 7.80394 -41.3811 
v -7.64303 7.80394 -32.9811 
v -7.64303 9.055 -32.9811 
v -16.5792 9.055 -32.9811 
v -7.64303 7.80394 -32.9811 
v -16.5792 7.80394 -32.9811 
v -16.5792 7.80394 -32.9811 
v -16.5792 7.80394 -41.3811 
v -7.64303 7.80394 -32.9811 
v -7.64303 7.80394 -41.3811 
v -16.5792 9.055 -32.9811 
v -16.5792 9.055 -41.3811 
v -16.5792 7.80394 -32.9811 
v -16.5792 7.80394 -41.3811 

vn 0 0 -1 
vn 0 0 -1 
vn 0 0 -1 
vn 0 0 -1 
vn 0 1 0 
vn 0 1 0 
vn 0 1 0 
vn 0 1 0 
vn 1 0 0 
vn 1 0 0 
vn 1 0 0 
vn 1 0 0 
vn 0 0 1 
vn 0 0 1 
vn 0 0 1 
vn 0 0 1 
vn 0 -1 0 
vn 0 -1 0 
vn 0 -1 0 
vn 0 -1 0 
vn -1 0 0 
vn -1 0 0 
vn -1 0 0 
vn -1 0 0 

vt 2.36702 -2.5 
vt 1.25 -2.5 
vt 2.36702 -2.65638 
vt 1.25 -2.65638 
vt 2.3 -2.5 
vt 1.25 -2.5 
vt 2.3 -3.61702 
vt 1.25 -3.61702 
vt 2.3 -2.5 
vt 1.25 -2.5 
vt 2.3 -2.65638 
vt 1.25 -2.65638 
vt 2.36702 -2.5 
vt 1.25 -2.5 
vt 2.36702 -2.65638 
vt 1.25 -2.65638 
vt 2.3 -2.5 
vt 1.25 -2.5 
vt 2.3 -3.61702 
vt 1.25 -3.61702 
vt 2.3 -2.5 
vt 1.25 -2.5 
vt 2.3 -2.65638 
vt 1.25 -2.65638 

usemtl Part103Mtl

f 2641/2641/2641 2642/2642/2642 2643/2643/2643 
f 2643/2643/2643 2642/2642/2642 2644/2644/2644 
f 2645/2645/2645 2646/2646/2646 2647/2647/2647 
f 2647/2647/2647 2646/2646/2646 2648/2648/2648 
f 2649/2649/2649 2650/2650/2650 2651/2651/2651 
f 2651/2651/2651 2650/2650/2650 2652/2652/2652 
f 2653/2653/2653 2654/2654/2654 2655/2655/2655 
f 2655/2655/2655 2654/2654/2654 2656/2656/2656 
f 2657/2657/2657 2658/2658/2658 2659/2659/2659 
f 2659/2659/2659 2658/2658/2658 2660/2660/2660 
f 2661/2661/2661 2662/2662/2662 2663/2663/2663 
f 2663/2663/2663 2662/2662/2662 2664/2664/2664 

g Part112

v -16.8004 4.76989 13.1551 
v -9.11535 4.76989 13.1551 
v -16.8004 -3.09394 13.1551 
v -9.11535 -3.09394 13.1551 
v -9.11535 4.76989 20.3041 
v -9.11535 4.76989 13.1551 
v -16.8004 4.76989 20.3041 
v -16.8004 4.76989 13.1551 
v -9.11535 4.76989 13.1551 
v -9.11535 4.76989 20.3041 
v -9.11535 -3.09394 13.1551 
v -9.11535 -3.09394 20.3041 
v -9.11535 4.76989 20.3041 
v -16.8004 4.76989 20.3041 
v -9.11535 -3.09394 20.3041 
v -16.8004 -3.09394 20.3041 
v -16.8004 -3.09394 20.3041 
v -16.8004 -3.09394 13.1551 
v -9.11535 -3.09394 20.3041 
v -9.11535 -3.09394 13.1551 
v -16.8004 4.76989 20.3041 
v -16.8004 4.76989 13.1551 
v -16.8004 -3.09394 20.3041 
v -16.8004 -3.09394 13.1551 

vn 0 0 -1 
vn 0 0 -1 
vn 0 0 -1 
vn 0 0 -1 
vn 0 1 0 
vn 0 1 0 
vn 0 1 0 
vn 0 1 0 
vn 1 0 0 
vn 1 0 0 
vn 1 0 0 
vn 1 0 0 
vn 0 0 1 
vn 0 0 1 
vn 0 0 1 
vn 0 0 1 
vn 0 -1 0 
vn 0 -1 0 
vn 0 -1 0 
vn 0 -1 0 
vn -1 0 0 
vn -1 0 0 
vn -1 0 0 
vn -1 0 0 

vt 7.46064 -6.75 
vt 6.5 -6.75 
vt 7.46064 -7.73298 
vt 6.5 -7.73298 
vt 7.39362 -6.75 
vt 6.5 -6.75 
vt 7.39362 -7.71064 
vt 6.5 -7.71064 
vt 7.39362 -6.75 
vt 6.5 -6.75 
vt 7.39362 -7.73298 
vt 6.5 -7.73298 
vt 7.46064 -6.75 
vt 6.5 -6.75 
vt 7.46064 -7.73298 
vt 6.5 -7.73298 
vt 7.39362 -6.75 
vt 6.5 -6.75 
vt 7.39362 -7.71064 
vt 6.5 -7.71064 
vt 7.39362 -6.75 
vt 6.5 -6.75 
vt 7.39362 -7.73298 
vt 6.5 -7.73298 

usemtl Part102Mtl

f 2665/2665/2665 2666/2666/2666 2667/2667/2667 
f 2667/2667/2667 2666/2666/2666 2668/2668/2668 
f 2669/2669/2669 2670/2670/2670 2671/2671/2671 
f 2671/2671/2671 2670/2670/2670 2672/2672/2672 
f 2673/2673/2673 2674/2674/2674 2675/2675/2675 
f 2675/2675/2675 2674/2674/2674 2676/2676/2676 
f 2677/2677/2677 2678/2678/2678 2679/2679/2679 
f 2679/2679/2679 2678/2678/2678 2680/2680/2680 
f 2681/2681/2681 2682/2682/2682 2683/2683/2683 
f 2683/2683/2683 2682/2682/2682 2684/2684/2684 
f 2685/2685/2685 2686/2686/2686 2687/2687/2687 
f 2687/2687/2687 2686/2686/2686 2688/2688/2688 

g Part113

v -17.5153 5.30606 12.6189 
v -8.57917 5.30606 12.6189 
v -17.5153 4.055 12.6189 
v -8.57917 4.055 12.6189 
v -8.57917 5.30606 21.0189 
v -8.57917 5.30606 12.6189 
v -17.5153 5.30606 21.0189 
v -17.5153 5.30606 12.6189 
v -8.57917 5.30606 12.6189 
v -8.57917 5.30606 21.0189 
v -8.57917 4.055 12.6189 
v -8.57917 4.055 21.0189 
v -8.57917 5.30606 21.0189 
v -17.5153 5.30606 21.0189 
v -8.57917 4.055 21.0189 
v -17.5153 4.055 21.0189 
v -17.5153 4.055 21.0189 
v -17.5153 4.055 12.6189 
v -8.57917 4.055 21.0189 
v -8.57917 4.055 12.6189 
v -17.5153 5.30606 21.0189 
v -17.5153 5.30606 12.6189 
v -17.5153 4.055 21.0189 
v -17.5153 4.055 12.6189 

vn 0 0 -1 
vn 0 0 -1 
vn 0 0 -1 
vn 0 0 -1 
vn 0 1 0 
vn 0 1 0 
vn 0 1 0 
vn 0 1 0 
vn 1 0 0 
vn 1 0 0 
vn 1 0 0 
vn 1 0 0 
vn 0 0 1 
vn 0 0 1 
vn 0 0 1 
vn 0 0 1 
vn 0 -1 0 
vn 0 -1 0 
vn 0 -1 0 
vn 0 -1 0 
vn -1 0 0 
vn -1 0 0 
vn -1 0 0 
vn -1 0 0 

vt 4.11702 -5.75 
vt 3 -5.75 
vt 4.11702 -5.90638 
vt 3 -5.90638 
vt 4.05 -5.75 
vt 3 -5.75 
vt 4.05 -6.86702 
vt 3 -6.86702 
vt 4.05 -5.75 
vt 3 -5.75 
vt 4.05 -5.90638 
vt 3 -5.90638 
vt 4.11702 -5.75 
vt 3 -5.75 
vt 4.11702 -5.90638 
vt 3 -5.90638 
vt 4.05 -5.75 
vt 3 -5.75 
vt 4.05 -6.86702 
vt 3 -6.86702 
vt 4.05 -5.75 
vt 3 -5.75 
vt 4.05 -5.90638 
vt 3 -5.90638 

usemtl Part103Mtl

f 2689/2689/2689 2690/2690/2690 2691/2691/2691 
f 2691/2691/2691 2690/2690/2690 2692/2692/2692 
f 2693/2693/2693 2694/2694/2694 2695/2695/2695 
f 2695/2695/2695 2694/2694/2694 2696/2696/2696 
f 2697/2697/2697 2698/2698/2698 2699/2699/2699 
f 2699/2699/2699 2698/2698/2698 2700/2700/2700 
f 2701/2701/2701 2702/2702/2702 2703/2703/2703 
f 2703/2703/2703 2702/2702/2702 2704/2704/2704 
f 2705/2705/2705 2706/2706/2706 2707/2707/2707 
f 2707/2707/2707 2706/2706/2706 2708/2708/2708 
f 2709/2709/2709 2710/2710/2710 2711/2711/2711 
f 2711/2711/2711 2710/2710/2710 2712/2712/2712 

g Part114

v -20.8005 5.76989 -4.84488 
v -13.1154 5.76989 -4.84488 
v -20.8005 -2.09394 -4.84488 
v -13.1154 -2.09394 -4.84488 
v -13.1154 5.76989 2.30406 
v -13.1154 5.76989 -4.84488 
v -20.8005 5.76989 2.30406 
v -20.8005 5.76989 -4.84488 
v -13.1154 5.76989 -4.84488 
v -13.1154 5.76989 2.30406 
v -13.1154 -2.09394 -4.84488 
v -13.1154 -2.09394 2.30406 
v -13.1154 5.76989 2.30406 
v -20.8005 5.76989 2.30406 
v -13.1154 -2.09394 2.30406 
v -20.8005 -2.09394 2.30406 
v -20.8005 -2.09394 2.30406 
v -20.8005 -2.09394 -4.84488 
v -13.1154 -2.09394 2.30406 
v -13.1154 -2.09394 -4.84488 
v -20.8005 5.76989 2.30406 
v -20.8005 5.76989 -4.84488 
v -20.8005 -2.09394 2.30406 
v -20.8005 -2.09394 -4.84488 

vn 0 0 -1 
vn 0 0 -1 
vn 0 0 -1 
vn 0 0 -1 
vn 0 1 0 
vn 0 1 0 
vn 0 1 0 
vn 0 1 0 
vn 1 0 0 
vn 1 0 0 
vn 1 0 0 
vn 1 0 0 
vn 0 0 1 
vn 0 0 1 
vn 0 0 1 
vn 0 0 1 
vn 0 -1 0 
vn 0 -1 0 
vn 0 -1 0 
vn 0 -1 0 
vn -1 0 0 
vn -1 0 0 
vn -1 0 0 
vn -1 0 0 

vt 8.71064 -6 
vt 7.75 -6 
vt 8.71064 -6.98298 
vt 7.75 -6.98298 
vt 8.64362 -6 
vt 7.75 -6 
vt 8.64362 -6.96064 
vt 7.75 -6.96064 
vt 8.64362 -6 
vt 7.75 -6 
vt 8.64362 -6.98298 
vt 7.75 -6.98298 
vt 8.71064 -6 
vt 7.75 -6 
vt 8.71064 -6.98298 
vt 7.75 -6.98298 
vt 8.64362 -6 
vt 7.75 -6 
vt 8.64362 -6.96064 
vt 7.75 -6.96064 
vt 8.64362 -6 
vt 7.75 -6 
vt 8.64362 -6.98298 
vt 7.75 -6.98298 

usemtl Part102Mtl

f 2713/2713/2713 2714/2714/2714 2715/2715/2715 
f 2715/2715/2715 2714/2714/2714 2716/2716/2716 
f 2717/2717/2717 2718/2718/2718 2719/2719/2719 
f 2719/2719/2719 2718/2718/2718 2720/2720/2720 
f 2721/2721/2721 2722/2722/2722 2723/2723/2723 
f 2723/2723/2723 2722/2722/2722 2724/2724/2724 
f 2725/2725/2725 2726/2726/2726 2727/2727/2727 
f 2727/2727/2727 2726/2726/2726 2728/2728/2728 
f 2729/2729/2729 2730/2730/2730 2731/2731/2731 
f 2731/2731/2731 2730/2730/2730 2732/2732/2732 
f 2733/2733/2733 2734/2734/2734 2735/2735/2735 
f 2735/2735/2735 2734/2734/2734 2736/2736/2736 

g Part115

v -21.5153 6.30606 -5.38106 
v -12.5792 6.30606 -5.38106 
v -21.5153 5.055 -5.38106 
v -12.5792 5.055 -5.38106 
v -12.5792 6.30606 3.01894 
v -12.5792 6.30606 -5.38106 
v -21.5153 6.30606 3.01894 
v -21.5153 6.30606 -5.38106 
v -12.5792 6.30606 -5.38106 
v -12.5792 6.30606 3.01894 
v -12.5792 5.055 -5.38106 
v -12.5792 5.055 3.01894 
v -12.5792 6.30606 3.01894 
v -21.5153 6.30606 3.01894 
v -12.5792 5.055 3.01894 
v -21.5153 5.055 3.01894 
v -21.5153 5.055 3.01894 
v -21.5153 5.055 -5.38106 
v -12.5792 5.055 3.01894 
v -12.5792 5.055 -5.38106 
v -21.5153 6.30606 3.01894 
v -21.5153 6.30606 -5.38106 
v -21.5153 5.055 3.01894 
v -21.5153 5.055 -5.38106 

vn 0 0 -1 
vn 0 0 -1 
vn 0 0 -1 
vn 0 0 -1 
vn 0 1 0 
vn 0 1 0 
vn 0 1 0 
vn 0 1 0 
vn 1 0 0 
vn 1 0 0 
vn 1 0 0 
vn 1 0 0 
vn 0 0 1 
vn 0 0 1 
vn 0 0 1 
vn 0 0 1 
vn 0 -1 0 
vn 0 -1 0 
vn 0 -1 0 
vn 0 -1 0 
vn -1 0 0 
vn -1 0 0 
vn -1 0 0 
vn -1 0 0 

vt 2.86702 -1.25 
vt 1.75 -1.25 
vt 2.86702 -1.40638 
vt 1.75 -1.40638 
vt 2.8 -1.25 
vt 1.75 -1.25 
vt 2.8 -2.36702 
vt 1.75 -2.36702 
vt 2.8 -1.25 
vt 1.75 -1.25 
vt 2.8 -1.40638 
vt 1.75 -1.40638 
vt 2.86702 -1.25 
vt 1.75 -1.25 
vt 2.86702 -1.40638 
vt 1.75 -1.40638 
vt 2.8 -1.25 
vt 1.75 -1.25 
vt 2.8 -2.36702 
vt 1.75 -2.36702 
vt 2.8 -1.25 
vt 1.75 -1.25 
vt 2.8 -1.40638 
vt 1.75 -1.40638 

usemtl Part103Mtl

f 2737/2737/2737 2738/2738/2738 2739/2739/2739 
f 2739/2739/2739 2738/2738/2738 2740/2740/2740 
f 2741/2741/2741 2742/2742/2742 2743/2743/2743 
f 2743/2743/2743 2742/2742/2742 2744/2744/2744 
f 2745/2745/2745 2746/2746/2746 2747/2747/2747 
f 2747/2747/2747 2746/2746/2746 2748/2748/2748 
f 2749/2749/2749 2750/2750/2750 2751/2751/2751 
f 2751/2751/2751 2750/2750/2750 2752/2752/2752 
f 2753/2753/2753 2754/2754/2754 2755/2755/2755 
f 2755/2755/2755 2754/2754/2754 2756/2756/2756 
f 2757/2757/2757 2758/2758/2758 2759/2759/2759 
f 2759/2759/2759 2758/2758/2758 2760/2760/2760 

g Part116

v -95.6104 2.42675 14.6624 
v -95.7547 2.3366 15.0244 
v -95.8572 0.232819 14.0176 
v -96.0015 0.142668 14.3796 
v -96.1253 2.41591 14.8964 
v -95.7547 2.3366 15.0244 
v -95.981 2.50606 14.5344 
v -95.6104 2.42675 14.6624 
v -95.7547 2.3366 15.0244 
v -96.1253 2.41591 14.8964 
v -96.0015 0.142668 14.3796 
v -96.3721 0.221976 14.2517 
v -96.1253 2.41591 14.8964 
v -95.981 2.50606 14.5344 
v -96.3721 0.221976 14.2517 
v -96.2278 0.312127 13.8897 
v -96.2278 0.312127 13.8897 
v -95.8572 0.232819 14.0176 
v -96.3721 0.221976 14.2517 
v -96.0015 0.142668 14.3796 
v -95.981 2.50606 14.5344 
v -95.6104 2.42675 14.6624 
v -96.2278 0.312127 13.8897 
v -95.8572 0.232819 14.0176 

vn 0.929134 -0.19685 0.322835 
vn 0.929134 -0.19685 0.322835 
vn 0.929134 -0.19685 0.322835 
vn 0.929134 -0.19685 0.322835 
vn 0.110236 0.952756 0.283465 
vn 0.110236 0.952756 0.283465 
vn 0.110236 0.952756 0.283465 
vn 0.110236 0.952756 0.283465 
vn -0.362205 -0.228346 0.905512 
vn -0.362205 -0.228346 0.905512 
vn -0.362205 -0.228346 0.905512 
vn -0.362205 -0.228346 0.905512 
vn -0.929134 0.19685 -0.322835 
vn -0.929134 0.19685 -0.322835 
vn -0.929134 0.19685 -0.322835 
vn -0.929134 0.19685 -0.322835 
vn -0.110236 -0.952756 -0.283465 
vn -0.110236 -0.952756 -0.283465 
vn -0.110236 -0.952756 -0.283465 
vn -0.110236 -0.952756 -0.283465 
vn 0.362205 0.228346 -0.905512 
vn 0.362205 0.228346 -0.905512 
vn 0.362205 0.228346 -0.905512 
vn 0.362205 0.228346 -0.905512 

vt 4.05 -3.75 
vt 4 -3.75 
vt 4.05 -4.0375 
vt 4 -4.0375 
vt 4.05 -3.75 
vt 4 -3.75 
vt 4.05 -3.8 
vt 4 -3.8 
vt 4.05 -3.75 
vt 4 -3.75 
vt 4.05 -4.0375 
vt 4 -4.0375 
vt 4.05 -3.75 
vt 4 -3.75 
vt 4.05 -4.0375 
vt 4 -4.0375 
vt 4.05 -3.75 
vt 4 -3.75 
vt 4.05 -3.8 
vt 4 -3.8 
vt 4.05 -3.75 
vt 4 -3.75 
vt 4.05 -4.0375 
vt 4 -4.0375 

usemtl Part116Mtl

f 2761/2761/2761 2762/2762/2762 2763/2763/2763 
f 2763/2763/2763 2762/2762/2762 2764/2764/2764 
f 2765/2765/2765 2766/2766/2766 2767/2767/2767 
f 2767/2767/2767 2766/2766/2766 2768/2768/2768 
f 2769/2769/2769 2770/2770/2770 2771/2771/2771 
f 2771/2771/2771 2770/2770/2770 2772/2772/2772 
f 2773/2773/2773 2774/2774/2774 2775/2775/2775 
f 2775/2775/2775 2774/2774/2774 2776/2776/2776 
f 2777/2777/2777 2778/2778/2778 2779/2779/2779 
f 2779/2779/2779 2778/2778/2778 2780/2780/2780 
f 2781/2781/2781 2782/2782/2782 2783/2783/2783 
f 2783/2783/2783 2782/2782/2782 2784/2784/2784 

g Part117

v -95.1205 1.68726 13.6276 
v -95.3016 1.75254 13.9783 
v -95.5917 0.0549974 13.6882 
v -95.7728 0.120282 14.0388 
v -95.6405 1.84329 13.7863 
v -95.3016 1.75254 13.9783 
v -95.4594 1.778 13.4357 
v -95.1205 1.68726 13.6276 
v -95.3016 1.75254 13.9783 
v -95.6405 1.84329 13.7863 
v -95.7728 0.120282 14.0388 
v -96.1118 0.211027 13.8468 
v -95.6405 1.84329 13.7863 
v -95.4594 1.778 13.4357 
v -96.1118 0.211027 13.8468 
v -95.9307 0.145742 13.4962 
v -95.9307 0.145742 13.4962 
v -95.5917 0.0549974 13.6882 
v -96.1118 0.211027 13.8468 
v -95.7728 0.120282 14.0388 
v -95.4594 1.778 13.4357 
v -95.1205 1.68726 13.6276 
v -95.9307 0.145742 13.4962 
v -95.5917 0.0549974 13.6882 

vn 0.850394 -0.228346 0.480315 
vn 0.850394 -0.228346 0.480315 
vn 0.850394 -0.228346 0.480315 
vn 0.850394 -0.228346 0.480315 
vn 0.275591 0.96063 -0.0393701 
vn 0.275591 0.96063 -0.0393701 
vn 0.275591 0.96063 -0.0393701 
vn 0.275591 0.96063 -0.0393701 
vn -0.448819 0.165354 0.874016 
vn -0.448819 0.165354 0.874016 
vn -0.448819 0.165354 0.874016 
vn -0.448819 0.165354 0.874016 
vn -0.850394 0.228346 -0.480315 
vn -0.850394 0.228346 -0.480315 
vn -0.850394 0.228346 -0.480315 
vn -0.850394 0.228346 -0.480315 
vn -0.275591 -0.96063 0.0393701 
vn -0.275591 -0.96063 0.0393701 
vn -0.275591 -0.96063 0.0393701 
vn -0.275591 -0.96063 0.0393701 
vn 0.448819 -0.165354 -0.874016 
vn 0.448819 -0.165354 -0.874016 
vn 0.448819 -0.165354 -0.874016 
vn 0.448819 -0.165354 -0.874016 

vt 7.05 -0.75 
vt 7 -0.75 
vt 7.05 -0.9625 
vt 7 -0.9625 
vt 7.05 -0.75 
vt 7 -0.75 
vt 7.05 -0.8 
vt 7 -0.8 
vt 7.05 -0.75 
vt 7 -0.75 
vt 7.05 -0.9625 
vt 7 -0.9625 
vt 7.05 -0.75 
vt 7 -0.75 
vt 7.05 -0.9625 
vt 7 -0.9625 
vt 7.05 -0.75 
vt 7 -0.75 
vt 7.05 -0.8 
vt 7 -0.8 
vt 7.05 -0.75 
vt 7 -0.75 
vt 7.05 -0.9625 
vt 7 -0.9625 

usemtl Part117Mtl

f 2785/2785/2785 2786/2786/2786 2787/2787/2787 
f 2787/2787/2787 2786/2786/2786 2788/2788/2788 
f 2789/2789/2789 2790/2790/2790 2791/2791/2791 
f 2791/2791/2791 2790/2790/2790 2792/2792/2792 
f 2793/2793/2793 2794/2794/2794 2795/2795/2795 
f 2795/2795/2795 2794/2794/2794 2796/2796/2796 
f 2797/2797/2797 2798/2798/2798 2799/2799/2799 
f 2799/2799/2799 2798/2798/2798 2800/2800/2800 
f 2801/2801/2801 2802/2802/2802 2803/2803/2803 
f 2803/2803/2803 2802/2802/2802 2804/2804/2804 
f 2805/2805/2805 2806/2806/2806 2807/2807/2807 
f 2807/2807/2807 2806/2806/2806 2808/2808/2808 

g Part118

v -95.2508 1.67534 14.1918 
v -95.4416 1.66268 14.5432 
v -95.7849 0.0990755 13.8451 
v -95.9756 0.0864166 14.1965 
v -95.7699 1.81196 14.3703 
v -95.4416 1.66268 14.5432 
v -95.5792 1.82462 14.0189 
v -95.2508 1.67534 14.1918 
v -95.4416 1.66268 14.5432 
v -95.7699 1.81196 14.3703 
v -95.9756 0.0864166 14.1965 
v -96.304 0.235692 14.0236 
v -95.7699 1.81196 14.3703 
v -95.5792 1.82462 14.0189 
v -96.304 0.235692 14.0236 
v -96.1132 0.248351 13.6722 
v -96.1132 0.248351 13.6722 
v -95.7849 0.0990755 13.8451 
v -96.304 0.235692 14.0236 
v -95.9756 0.0864166 14.1965 
v -95.5792 1.82462 14.0189 
v -95.2508 1.67534 14.1918 
v -96.1132 0.248351 13.6722 
v -95.7849 0.0990755 13.8451 

vn 0.818898 -0.370079 0.433071 
vn 0.818898 -0.370079 0.433071 
vn 0.818898 -0.370079 0.433071 
vn 0.818898 -0.370079 0.433071 
vn 0.314961 0.929134 0.204724 
vn 0.314961 0.929134 0.204724 
vn 0.314961 0.929134 0.204724 
vn 0.314961 0.929134 0.204724 
vn -0.480315 -0.0314961 0.88189 
vn -0.480315 -0.0314961 0.88189 
vn -0.480315 -0.0314961 0.88189 
vn -0.480315 -0.0314961 0.88189 
vn -0.818898 0.370079 -0.433071 
vn -0.818898 0.370079 -0.433071 
vn -0.818898 0.370079 -0.433071 
vn -0.818898 0.370079 -0.433071 
vn -0.314961 -0.929134 -0.204724 
vn -0.314961 -0.929134 -0.204724 
vn -0.314961 -0.929134 -0.204724 
vn -0.314961 -0.929134 -0.204724 
vn 0.480315 0.0314961 -0.88189 
vn 0.480315 0.0314961 -0.88189 
vn 0.480315 0.0314961 -0.88189 
vn 0.480315 0.0314961 -0.88189 

vt 2.05 -4.75 
vt 2 -4.75 
vt 2.05 -4.9625 
vt 2 -4.9625 
vt 2.05 -4.75 
vt 2 -4.75 
vt 2.05 -4.8 
vt 2 -4.8 
vt 2.05 -4.75 
vt 2 -4.75 
vt 2.05 -4.9625 
vt 2 -4.9625 
vt 2.05 -4.75 
vt 2 -4.75 
vt 2.05 -4.9625 
vt 2 -4.9625 
vt 2.05 -4.75 
vt 2 -4.75 
vt 2.05 -4.8 
vt 2 -4.8 
vt 2.05 -4.75 
vt 2 -4.75 
vt 2.05 -4.9625 
vt 2 -4.9625 

usemtl Part118Mtl

f 2809/2809/2809 2810/2810/2810 2811/2811/2811 
f 2811/2811/2811 2810/2810/2810 2812/2812/2812 
f 2813/2813/2813 2814/2814/2814 2815/2815/2815 
f 2815/2815/2815 2814/2814/2814 2816/2816/2816 
f 2817/2817/2817 2818/2818/2818 2819/2819/2819 
f 2819/2819/2819 2818/2818/2818 2820/2820/2820 
f 2821/2821/2821 2822/2822/2822 2823/2823/2823 
f 2823/2823/2823 2822/2822/2822 2824/2824/2824 
f 2825/2825/2825 2826/2826/2826 2827/2827/2827 
f 2827/2827/2827 2826/2826/2826 2828/2828/2828 
f 2829/2829/2829 2830/2830/2830 2831/2831/2831 
f 2831/2831/2831 2830/2830/2830 2832/2832/2832 

g Part119

v -95.948 2.48482 13.7797 
v -95.948 2.48482 14.1797 
v -95.948 0.184824 13.7797 
v -95.948 0.184824 14.1797 
v -96.348 2.48482 14.1797 
v -95.948 2.48482 14.1797 
v -96.348 2.48482 13.7797 
v -95.948 2.48482 13.7797 
v -95.948 2.48482 14.1797 
v -96.348 2.48482 14.1797 
v -95.948 0.184824 14.1797 
v -96.348 0.184824 14.1797 
v -96.348 2.48482 14.1797 
v -96.348 2.48482 13.7797 
v -96.348 0.184824 14.1797 
v -96.348 0.184824 13.7797 
v -96.348 0.184824 13.7797 
v -95.948 0.184824 13.7797 
v -96.348 0.184824 14.1797 
v -95.948 0.184824 14.1797 
v -96.348 2.48482 13.7797 
v -95.948 2.48482 13.7797 
v -96.348 0.184824 13.7797 
v -95.948 0.184824 13.7797 

vn 1 0 0 
vn 1 0 0 
vn 1 0 0 
vn 1 0 0 
vn 0 1 0 
vn 0 1 0 
vn 0 1 0 
vn 0 1 0 
vn 0 0 1 
vn 0 0 1 
vn 0 0 1 
vn 0 0 1 
vn -1 0 0 
vn -1 0 0 
vn -1 0 0 
vn -1 0 0 
vn 0 -1 0 
vn 0 -1 0 
vn 0 -1 0 
vn 0 -1 0 
vn 0 0 -1 
vn 0 0 -1 
vn 0 0 -1 
vn 0 0 -1 

vt 1.05 -5.5 
vt 1 -5.5 
vt 1.05 -5.7875 
vt 1 -5.7875 
vt 1.05 -5.5 
vt 1 -5.5 
vt 1.05 -5.55 
vt 1 -5.55 
vt 1.05 -5.5 
vt 1 -5.5 
vt 1.05 -5.7875 
vt 1 -5.7875 
vt 1.05 -5.5 
vt 1 -5.5 
vt 1.05 -5.7875 
vt 1 -5.7875 
vt 1.05 -5.5 
vt 1 -5.5 
vt 1.05 -5.55 
vt 1 -5.55 
vt 1.05 -5.5 
vt 1 -5.5 
vt 1.05 -5.7875 
vt 1 -5.7875 

usemtl Part118Mtl

f 2833/2833/2833 2834/2834/2834 2835/2835/2835 
f 2835/2835/2835 2834/2834/2834 2836/2836/2836 
f 2837/2837/2837 2838/2838/2838 2839/2839/2839 
f 2839/2839/2839 2838/2838/2838 2840/2840/2840 
f 2841/2841/2841 2842/2842/2842 2843/2843/2843 
f 2843/2843/2843 2842/2842/2842 2844/2844/2844 
f 2845/2845/2845 2846/2846/2846 2847/2847/2847 
f 2847/2847/2847 2846/2846/2846 2848/2848/2848 
f 2849/2849/2849 2850/2850/2850 2851/2851/2851 
f 2851/2851/2851 2850/2850/2850 2852/2852/2852 
f 2853/2853/2853 2854/2854/2854 2855/2855/2855 
f 2855/2855/2855 2854/2854/2854 2856/2856/2856 

g Part120

v -101.798 1.70187 15.0276 
v -101.448 1.76715 15.2087 
v -101.738 0.0696077 15.4989 
v -101.387 0.134892 15.68 
v -101.64 1.8579 15.5477 
v -101.448 1.76715 15.2087 
v -101.99 1.79261 15.3666 
v -101.798 1.70187 15.0276 
v -101.448 1.76715 15.2087 
v -101.64 1.8579 15.5477 
v -101.387 0.134892 15.68 
v -101.579 0.225637 16.0189 
v -101.64 1.8579 15.5477 
v -101.99 1.79261 15.3666 
v -101.579 0.225637 16.0189 
v -101.93 0.160352 15.8378 
v -101.93 0.160352 15.8378 
v -101.738 0.0696077 15.4989 
v -101.579 0.225637 16.0189 
v -101.387 0.134892 15.68 
v -101.99 1.79261 15.3666 
v -101.798 1.70187 15.0276 
v -101.93 0.160352 15.8378 
v -101.738 0.0696077 15.4989 

vn 0.480315 -0.228346 -0.850394 
vn 0.480315 -0.228346 -0.850394 
vn 0.480315 -0.228346 -0.850394 
vn 0.480315 -0.228346 -0.850394 
vn -0.0393701 0.96063 -0.275591 
vn -0.0393701 0.96063 -0.275591 
vn -0.0393701 0.96063 -0.275591 
vn -0.0393701 0.96063 -0.275591 
vn 0.874016 0.165354 0.448819 
vn 0.874016 0.165354 0.448819 
vn 0.874016 0.165354 0.448819 
vn 0.874016 0.165354 0.448819 
vn -0.480315 0.228346 0.850394 
vn -0.480315 0.228346 0.850394 
vn -0.480315 0.228346 0.850394 
vn -0.480315 0.228346 0.850394 
vn 0.0393701 -0.96063 0.275591 
vn 0.0393701 -0.96063 0.275591 
vn 0.0393701 -0.96063 0.275591 
vn 0.0393701 -0.96063 0.275591 
vn -0.874016 -0.165354 -0.448819 
vn -0.874016 -0.165354 -0.448819 
vn -0.874016 -0.165354 -0.448819 
vn -0.874016 -0.165354 -0.448819 

vt 0.3 -1 
vt 0.25 -1 
vt 0.3 -1.2125 
vt 0.25 -1.2125 
vt 0.3 -1 
vt 0.25 -1 
vt 0.3 -1.05 
vt 0.25 -1.05 
vt 0.3 -1 
vt 0.25 -1 
vt 0.3 -1.2125 
vt 0.25 -1.2125 
vt 0.3 -1 
vt 0.25 -1 
vt 0.3 -1.2125 
vt 0.25 -1.2125 
vt 0.3 -1 
vt 0.25 -1 
vt 0.3 -1.05 
vt 0.25 -1.05 
vt 0.3 -1 
vt 0.25 -1 
vt 0.3 -1.2125 
vt 0.25 -1.2125 

usemtl Part118Mtl

f 2857/2857/2857 2858/2858/2858 2859/2859/2859 
f 2859/2859/2859 2858/2858/2858 2860/2860/2860 
f 2861/2861/2861 2862/2862/2862 2863/2863/2863 
f 2863/2863/2863 2862/2862/2862 2864/2864/2864 
f 2865/2865/2865 2866/2866/2866 2867/2867/2867 
f 2867/2867/2867 2866/2866/2866 2868/2868/2868 
f 2869/2869/2869 2870/2870/2870 2871/2871/2871 
f 2871/2871/2871 2870/2870/2870 2872/2872/2872 
f 2873/2873/2873 2874/2874/2874 2875/2875/2875 
f 2875/2875/2875 2874/2874/2874 2876/2876/2876 
f 2877/2877/2877 2878/2878/2878 2879/2879/2879 
f 2879/2879/2879 2878/2878/2878 2880/2880/2880 

g Part121

v -101.16 1.64392 14.9429 
v -100.809 1.63126 15.1337 
v -101.507 0.0676541 15.477 
v -101.155 0.0549952 15.6677 
v -100.981 1.78054 15.462 
v -100.809 1.63126 15.1337 
v -101.333 1.7932 15.2713 
v -101.16 1.64392 14.9429 
v -100.809 1.63126 15.1337 
v -100.981 1.78054 15.462 
v -101.155 0.0549952 15.6677 
v -101.328 0.204271 15.9961 
v -100.981 1.78054 15.462 
v -101.333 1.7932 15.2713 
v -101.328 0.204271 15.9961 
v -101.679 0.21693 15.8053 
v -101.679 0.21693 15.8053 
v -101.507 0.0676541 15.477 
v -101.328 0.204271 15.9961 
v -101.155 0.0549952 15.6677 
v -101.333 1.7932 15.2713 
v -101.16 1.64392 14.9429 
v -101.679 0.21693 15.8053 
v -101.507 0.0676541 15.477 

vn 0.433071 -0.370079 -0.818898 
vn 0.433071 -0.370079 -0.818898 
vn 0.433071 -0.370079 -0.818898 
vn 0.433071 -0.370079 -0.818898 
vn 0.204724 0.929134 -0.314961 
vn 0.204724 0.929134 -0.314961 
vn 0.204724 0.929134 -0.314961 
vn 0.204724 0.929134 -0.314961 
vn 0.88189 -0.0314961 0.480315 
vn 0.88189 -0.0314961 0.480315 
vn 0.88189 -0.0314961 0.480315 
vn 0.88189 -0.0314961 0.480315 
vn -0.433071 0.370079 0.818898 
vn -0.433071 0.370079 0.818898 
vn -0.433071 0.370079 0.818898 
vn -0.433071 0.370079 0.818898 
vn -0.204724 -0.929134 0.314961 
vn -0.204724 -0.929134 0.314961 
vn -0.204724 -0.929134 0.314961 
vn -0.204724 -0.929134 0.314961 
vn -0.88189 0.0314961 -0.480315 
vn -0.88189 0.0314961 -0.480315 
vn -0.88189 0.0314961 -0.480315 
vn -0.88189 0.0314961 -0.480315 

vt 2.05 -0.5 
vt 2 -0.5 
vt 2.05 -0.7125 
vt 2 -0.7125 
vt 2.05 -0.5 
vt 2 -0.5 
vt 2.05 -0.55 
vt 2 -0.55 
vt 2.05 -0.5 
vt 2 -0.5 
vt 2.05 -0.7125 
vt 2 -0.7125 
vt 2.05 -0.5 
vt 2 -0.5 
vt 2.05 -0.7125 
vt 2 -0.7125 
vt 2.05 -0.5 
vt 2 -0.5 
vt 2.05 -0.55 
vt 2 -0.55 
vt 2.05 -0.5 
vt 2 -0.5 
vt 2.05 -0.7125 
vt 2 -0.7125 

usemtl Part118Mtl

f 2881/2881/2881 2882/2882/2882 2883/2883/2883 
f 2883/2883/2883 2882/2882/2882 2884/2884/2884 
f 2885/2885/2885 2886/2886/2886 2887/2887/2887 
f 2887/2887/2887 2886/2886/2886 2888/2888/2888 
f 2889/2889/2889 2890/2890/2890 2891/2891/2891 
f 2891/2891/2891 2890/2890/2890 2892/2892/2892 
f 2893/2893/2893 2894/2894/2894 2895/2895/2895 
f 2895/2895/2895 2894/2894/2894 2896/2896/2896 
f 2897/2897/2897 2898/2898/2898 2899/2899/2899 
f 2899/2899/2899 2898/2898/2898 2900/2900/2900 
f 2901/2901/2901 2902/2902/2902 2903/2903/2903 
f 2903/2903/2903 2902/2902/2902 2904/2904/2904 

g Part122

v -101.572 2.4534 15.6401 
v -101.172 2.4534 15.6401 
v -101.572 0.153405 15.6401 
v -101.172 0.153405 15.6401 
v -101.172 2.4534 16.0401 
v -101.172 2.4534 15.6401 
v -101.572 2.4534 16.0401 
v -101.572 2.4534 15.6401 
v -101.172 2.4534 15.6401 
v -101.172 2.4534 16.0401 
v -101.172 0.153405 15.6401 
v -101.172 0.153405 16.0401 
v -101.172 2.4534 16.0401 
v -101.572 2.4534 16.0401 
v -101.172 0.153405 16.0401 
v -101.572 0.153405 16.0401 
v -101.572 0.153405 16.0401 
v -101.572 0.153405 15.6401 
v -101.172 0.153405 16.0401 
v -101.172 0.153405 15.6401 
v -101.572 2.4534 16.0401 
v -101.572 2.4534 15.6401 
v -101.572 0.153405 16.0401 
v -101.572 0.153405 15.6401 

vn 0 0 -1 
vn 0 0 -1 
vn 0 0 -1 
vn 0 0 -1 
vn 0 1 0 
vn 0 1 0 
vn 0 1 0 
vn 0 1 0 
vn 1 0 0 
vn 1 0 0 
vn 1 0 0 
vn 1 0 0 
vn 0 0 1 
vn 0 0 1 
vn 0 0 1 
vn 0 0 1 
vn 0 -1 0 
vn 0 -1 0 
vn 0 -1 0 
vn 0 -1 0 
vn -1 0 0 
vn -1 0 0 
vn -1 0 0 
vn -1 0 0 

vt 2.3 -5.5 
vt 2.25 -5.5 
vt 2.3 -5.7875 
vt 2.25 -5.7875 
vt 2.3 -5.5 
vt 2.25 -5.5 
vt 2.3 -5.55 
vt 2.25 -5.55 
vt 2.3 -5.5 
vt 2.25 -5.5 
vt 2.3 -5.7875 
vt 2.25 -5.7875 
vt 2.3 -5.5 
vt 2.25 -5.5 
vt 2.3 -5.7875 
vt 2.25 -5.7875 
vt 2.3 -5.5 
vt 2.25 -5.5 
vt 2.3 -5.55 
vt 2.25 -5.55 
vt 2.3 -5.5 
vt 2.25 -5.5 
vt 2.3 -5.7875 
vt 2.25 -5.7875 

usemtl Part122Mtl

f 2905/2905/2905 2906/2906/2906 2907/2907/2907 
f 2907/2907/2907 2906/2906/2906 2908/2908/2908 
f 2909/2909/2909 2910/2910/2910 2911/2911/2911 
f 2911/2911/2911 2910/2910/2910 2912/2912/2912 
f 2913/2913/2913 2914/2914/2914 2915/2915/2915 
f 2915/2915/2915 2914/2914/2914 2916/2916/2916 
f 2917/2917/2917 2918/2918/2918 2919/2919/2919 
f 2919/2919/2919 2918/2918/2918 2920/2920/2920 
f 2921/2921/2921 2922/2922/2922 2923/2923/2923 
f 2923/2923/2923 2922/2922/2922 2924/2924/2924 
f 2925/2925/2925 2926/2926/2926 2927/2927/2927 
f 2927/2927/2927 2926/2926/2926 2928/2928/2928 

g Part123

v -101.819 1.7729 17.7432 
v -101.518 1.77135 17.4799 
v -102.277 0.218519 17.2288 
v -101.976 0.216969 16.9656 
v -101.278 1.60938 17.7557 
v -101.518 1.77135 17.4799 
v -101.579 1.61093 18.0189 
v -101.819 1.7729 17.7432 
v -101.518 1.77135 17.4799 
v -101.278 1.60938 17.7557 
v -101.976 0.216969 16.9656 
v -101.736 0.0549983 17.2414 
v -101.278 1.60938 17.7557 
v -101.579 1.61093 18.0189 
v -101.736 0.0549983 17.2414 
v -102.037 0.0565485 17.5046 
v -102.037 0.0565485 17.5046 
v -102.277 0.218519 17.2288 
v -101.736 0.0549983 17.2414 
v -101.976 0.216969 16.9656 
v -101.579 1.61093 18.0189 
v -101.819 1.7729 17.7432 
v -102.037 0.0565485 17.5046 
v -102.277 0.218519 17.2288 

vn -0.598425 0.401575 -0.692913 
vn -0.598425 0.401575 -0.692913 
vn -0.598425 0.401575 -0.692913 
vn -0.598425 0.401575 -0.692913 
vn 0.267717 0.913386 0.299213 
vn 0.267717 0.913386 0.299213 
vn 0.267717 0.913386 0.299213 
vn 0.267717 0.913386 0.299213 
vn 0.755906 0 -0.661417 
vn 0.755906 0 -0.661417 
vn 0.755906 0 -0.661417 
vn 0.755906 0 -0.661417 
vn 0.598425 -0.401575 0.692913 
vn 0.598425 -0.401575 0.692913 
vn 0.598425 -0.401575 0.692913 
vn 0.598425 -0.401575 0.692913 
vn -0.267717 -0.913386 -0.299213 
vn -0.267717 -0.913386 -0.299213 
vn -0.267717 -0.913386 -0.299213 
vn -0.267717 -0.913386 -0.299213 
vn -0.755906 0 0.661417 
vn -0.755906 0 0.661417 
vn -0.755906 0 0.661417 
vn -0.755906 0 0.661417 

vt 4.55 0 
vt 4.5 0 
vt 4.55 -0.2125 
vt 4.5 -0.2125 
vt 4.55 0 
vt 4.5 0 
vt 4.55 -0.05 
vt 4.5 -0.05 
vt 4.55 0 
vt 4.5 0 
vt 4.55 -0.2125 
vt 4.5 -0.2125 
vt 4.55 0 
vt 4.5 0 
vt 4.55 -0.2125 
vt 4.5 -0.2125 
vt 4.55 0 
vt 4.5 0 
vt 4.55 -0.05 
vt 4.5 -0.05 
vt 4.55 0 
vt 4.5 0 
vt 4.55 -0.2125 
vt 4.5 -0.2125 

usemtl Part123Mtl

f 2929/2929/2929 2930/2930/2930 2931/2931/2931 
f 2931/2931/2931 2930/2930/2930 2932/2932/2932 
f 2933/2933/2933 2934/2934/2934 2935/2935/2935 
f 2935/2935/2935 2934/2934/2934 2936/2936/2936 
f 2937/2937/2937 2938/2938/2938 2939/2939/2939 
f 2939/2939/2939 2938/2938/2938 2940/2940/2940 
f 2941/2941/2941 2942/2942/2942 2943/2943/2943 
f 2943/2943/2943 2942/2942/2942 2944/2944/2944 
f 2945/2945/2945 2946/2946/2946 2947/2947/2947 
f 2947/2947/2947 2946/2946/2946 2948/2948/2948 
f 2949/2949/2949 2950/2950/2950 2951/2951/2951 
f 2951/2951/2951 2950/2950/2950 2952/2952/2952 

g Part124

v -102.61 1.7967 16.6653 
v -102.26 1.86199 16.8464 
v -102.55 0.164443 17.1366 
v -102.199 0.229728 17.3176 
v -102.452 1.95273 17.1854 
v -102.26 1.86199 16.8464 
v -102.802 1.88745 17.0043 
v -102.61 1.7967 16.6653 
v -102.26 1.86199 16.8464 
v -102.452 1.95273 17.1854 
v -102.199 0.229728 17.3176 
v -102.391 0.320472 17.6566 
v -102.452 1.95273 17.1854 
v -102.802 1.88745 17.0043 
v -102.391 0.320472 17.6566 
v -102.742 0.255187 17.4755 
v -102.742 0.255187 17.4755 
v -102.55 0.164443 17.1366 
v -102.391 0.320472 17.6566 
v -102.199 0.229728 17.3176 
v -102.802 1.88745 17.0043 
v -102.61 1.7967 16.6653 
v -102.742 0.255187 17.4755 
v -102.55 0.164443 17.1366 

vn 0.480315 -0.228346 -0.850394 
vn 0.480315 -0.228346 -0.850394 
vn 0.480315 -0.228346 -0.850394 
vn 0.480315 -0.228346 -0.850394 
vn -0.0393701 0.96063 -0.275591 
vn -0.0393701 0.96063 -0.275591 
vn -0.0393701 0.96063 -0.275591 
vn -0.0393701 0.96063 -0.275591 
vn 0.874016 0.165354 0.448819 
vn 0.874016 0.165354 0.448819 
vn 0.874016 0.165354 0.448819 
vn 0.874016 0.165354 0.448819 
vn -0.480315 0.228346 0.850394 
vn -0.480315 0.228346 0.850394 
vn -0.480315 0.228346 0.850394 
vn -0.480315 0.228346 0.850394 
vn 0.0393701 -0.96063 0.275591 
vn 0.0393701 -0.96063 0.275591 
vn 0.0393701 -0.96063 0.275591 
vn 0.0393701 -0.96063 0.275591 
vn -0.874016 -0.165354 -0.448819 
vn -0.874016 -0.165354 -0.448819 
vn -0.874016 -0.165354 -0.448819 
vn -0.874016 -0.165354 -0.448819 

vt 4.8 -2 
vt 4.75 -2 
vt 4.8 -2.2125 
vt 4.75 -2.2125 
vt 4.8 -2 
vt 4.75 -2 
vt 4.8 -2.05 
vt 4.75 -2.05 
vt 4.8 -2 
vt 4.75 -2 
vt 4.8 -2.2125 
vt 4.75 -2.2125 
vt 4.8 -2 
vt 4.75 -2 
vt 4.8 -2.2125 
vt 4.75 -2.2125 
vt 4.8 -2 
vt 4.75 -2 
vt 4.8 -2.05 
vt 4.75 -2.05 
vt 4.8 -2 
vt 4.75 -2 
vt 4.8 -2.2125 
vt 4.75 -2.2125 

usemtl Part118Mtl

f 2953/2953/2953 2954/2954/2954 2955/2955/2955 
f 2955/2955/2955 2954/2954/2954 2956/2956/2956 
f 2957/2957/2957 2958/2958/2958 2959/2959/2959 
f 2959/2959/2959 2958/2958/2958 2960/2960/2960 
f 2961/2961/2961 2962/2962/2962 2963/2963/2963 
f 2963/2963/2963 2962/2962/2962 2964/2964/2964 
f 2965/2965/2965 2966/2966/2966 2967/2967/2967 
f 2967/2967/2967 2966/2966/2966 2968/2968/2968 
f 2969/2969/2969 2970/2970/2970 2971/2971/2971 
f 2971/2971/2971 2970/2970/2970 2972/2972/2972 
f 2973/2973/2973 2974/2974/2974 2975/2975/2975 
f 2975/2975/2975 2974/2974/2974 2976/2976/2976 

g Part125

v -101.972 1.73876 16.5806 
v -101.621 1.7261 16.7713 
v -102.319 0.162495 17.1146 
v -101.967 0.149836 17.3054 
v -101.794 1.87538 17.0997 
v -101.621 1.7261 16.7713 
v -102.145 1.88804 16.909 
v -101.972 1.73876 16.5806 
v -101.621 1.7261 16.7713 
v -101.794 1.87538 17.0997 
v -101.967 0.149836 17.3054 
v -102.14 0.299112 17.6338 
v -101.794 1.87538 17.0997 
v -102.145 1.88804 16.909 
v -102.14 0.299112 17.6338 
v -102.492 0.311771 17.443 
v -102.492 0.311771 17.443 
v -102.319 0.162495 17.1146 
v -102.14 0.299112 17.6338 
v -101.967 0.149836 17.3054 
v -102.145 1.88804 16.909 
v -101.972 1.73876 16.5806 
v -102.492 0.311771 17.443 
v -102.319 0.162495 17.1146 

vn 0.433071 -0.370079 -0.818898 
vn 0.433071 -0.370079 -0.818898 
vn 0.433071 -0.370079 -0.818898 
vn 0.433071 -0.370079 -0.818898 
vn 0.204724 0.929134 -0.314961 
vn 0.204724 0.929134 -0.314961 
vn 0.204724 0.929134 -0.314961 
vn 0.204724 0.929134 -0.314961 
vn 0.88189 -0.0314961 0.480315 
vn 0.88189 -0.0314961 0.480315 
vn 0.88189 -0.0314961 0.480315 
vn 0.88189 -0.0314961 0.480315 
vn -0.433071 0.370079 0.818898 
vn -0.433071 0.370079 0.818898 
vn -0.433071 0.370079 0.818898 
vn -0.433071 0.370079 0.818898 
vn -0.204724 -0.929134 0.314961 
vn -0.204724 -0.929134 0.314961 
vn -0.204724 -0.929134 0.314961 
vn -0.204724 -0.929134 0.314961 
vn -0.88189 0.0314961 -0.480315 
vn -0.88189 0.0314961 -0.480315 
vn -0.88189 0.0314961 -0.480315 
vn -0.88189 0.0314961 -0.480315 

vt 3.3 -0.5 
vt 3.25 -0.5 
vt 3.3 -0.7125 
vt 3.25 -0.7125 
vt 3.3 -0.5 
vt 3.25 -0.5 
vt 3.3 -0.55 
vt 3.25 -0.55 
vt 3.3 -0.5 
vt 3.25 -0.5 
vt 3.3 -0.7125 
vt 3.25 -0.7125 
vt 3.3 -0.5 
vt 3.25 -0.5 
vt 3.3 -0.7125 
vt 3.25 -0.7125 
vt 3.3 -0.5 
vt 3.25 -0.5 
vt 3.3 -0.55 
vt 3.25 -0.55 
vt 3.3 -0.5 
vt 3.25 -0.5 
vt 3.3 -0.7125 
vt 3.25 -0.7125 

usemtl Part118Mtl

f 2977/2977/2977 2978/2978/2978 2979/2979/2979 
f 2979/2979/2979 2978/2978/2978 2980/2980/2980 
f 2981/2981/2981 2982/2982/2982 2983/2983/2983 
f 2983/2983/2983 2982/2982/2982 2984/2984/2984 
f 2985/2985/2985 2986/2986/2986 2987/2987/2987 
f 2987/2987/2987 2986/2986/2986 2988/2988/2988 
f 2989/2989/2989 2990/2990/2990 2991/2991/2991 
f 2991/2991/2991 2990/2990/2990 2992/2992/2992 
f 2993/2993/2993 2994/2994/2994 2995/2995/2995 
f 2995/2995/2995 2994/2994/2994 2996/2996/2996 
f 2997/2997/2997 2998/2998/2998 2999/2999/2999 
f 2999/2999/2999 2998/2998/2998 3000/3000/3000 

g Part126

v -102.384 2.54824 17.2778 
v -101.984 2.54824 17.2778 
v -102.384 0.248242 17.2778 
v -101.984 0.248242 17.2778 
v -101.984 2.54824 17.6778 
v -101.984 2.54824 17.2778 
v -102.384 2.54824 17.6778 
v -102.384 2.54824 17.2778 
v -101.984 2.54824 17.2778 
v -101.984 2.54824 17.6778 
v -101.984 0.248242 17.2778 
v -101.984 0.248242 17.6778 
v -101.984 2.54824 17.6778 
v -102.384 2.54824 17.6778 
v -101.984 0.248242 17.6778 
v -102.384 0.248242 17.6778 
v -102.384 0.248242 17.6778 
v -102.384 0.248242 17.2778 
v -101.984 0.248242 17.6778 
v -101.984 0.248242 17.2778 
v -102.384 2.54824 17.6778 
v -102.384 2.54824 17.2778 
v -102.384 0.248242 17.6778 
v -102.384 0.248242 17.2778 

vn 0 0 -1 
vn 0 0 -1 
vn 0 0 -1 
vn 0 0 -1 
vn 0 1 0 
vn 0 1 0 
vn 0 1 0 
vn 0 1 0 
vn 1 0 0 
vn 1 0 0 
vn 1 0 0 
vn 1 0 0 
vn 0 0 1 
vn 0 0 1 
vn 0 0 1 
vn 0 0 1 
vn 0 -1 0 
vn 0 -1 0 
vn 0 -1 0 
vn 0 -1 0 
vn -1 0 0 
vn -1 0 0 
vn -1 0 0 
vn -1 0 0 

vt 5.05 -1.25 
vt 5 -1.25 
vt 5.05 -1.5375 
vt 5 -1.5375 
vt 5.05 -1.25 
vt 5 -1.25 
vt 5.05 -1.3 
vt 5 -1.3 
vt 5.05 -1.25 
vt 5 -1.25 
vt 5.05 -1.5375 
vt 5 -1.5375 
vt 5.05 -1.25 
vt 5 -1.25 
vt 5.05 -1.5375 
vt 5 -1.5375 
vt 5.05 -1.25 
vt 5 -1.25 
vt 5.05 -1.3 
vt 5 -1.3 
vt 5.05 -1.25 
vt 5 -1.25 
vt 5.05 -1.5375 
vt 5 -1.5375 

usemtl Part118Mtl

f 3001/3001/3001 3002/3002/3002 3003/3003/3003 
f 3003/3003/3003 3002/3002/3002 3004/3004/3004 
f 3005/3005/3005 3006/3006/3006 3007/3007/3007 
f 3007/3007/3007 3006/3006/3006 3008/3008/3008 
f 3009/3009/3009 3010/3010/3010 3011/3011/3011 
f 3011/3011/3011 3010/3010/3010 3012/3012/3012 
f 3013/3013/3013 3014/3014/3014 3015/3015/3015 
f 3015/3015/3015 3014/3014/3014 3016/3016/3016 
f 3017/3017/3017 3018/3018/3018 3019/3019/3019 
f 3019/3019/3019 3018/3018/3018 3020/3020/3020 
f 3021/3021/3021 3022/3022/3022 3023/3023/3023 
f 3023/3023/3023 3022/3022/3022 3024/3024/3024 

g Part127

v -99.6104 2.42675 17.6624 
v -99.7547 2.3366 18.0244 
v -99.8572 0.232819 17.0176 
v -100.002 0.142668 17.3796 
v -100.125 2.41591 17.8964 
v -99.7547 2.3366 18.0244 
v -99.981 2.50606 17.5344 
v -99.6104 2.42675 17.6624 
v -99.7547 2.3366 18.0244 
v -100.125 2.41591 17.8964 
v -100.002 0.142668 17.3796 
v -100.372 0.221976 17.2517 
v -100.125 2.41591 17.8964 
v -99.981 2.50606 17.5344 
v -100.372 0.221976 17.2517 
v -100.228 0.312127 16.8897 
v -100.228 0.312127 16.8897 
v -99.8572 0.232819 17.0176 
v -100.372 0.221976 17.2517 
v -100.002 0.142668 17.3796 
v -99.981 2.50606 17.5344 
v -99.6104 2.42675 17.6624 
v -100.228 0.312127 16.8897 
v -99.8572 0.232819 17.0176 

vn 0.929134 -0.19685 0.322835 
vn 0.929134 -0.19685 0.322835 
vn 0.929134 -0.19685 0.322835 
vn 0.929134 -0.19685 0.322835 
vn 0.110236 0.952756 0.283465 
vn 0.110236 0.952756 0.283465 
vn 0.110236 0.952756 0.283465 
vn 0.110236 0.952756 0.283465 
vn -0.362205 -0.228346 0.905512 
vn -0.362205 -0.228346 0.905512 
vn -0.362205 -0.228346 0.905512 
vn -0.362205 -0.228346 0.905512 
vn -0.929134 0.19685 -0.322835 
vn -0.929134 0.19685 -0.322835 
vn -0.929134 0.19685 -0.322835 
vn -0.929134 0.19685 -0.322835 
vn -0.110236 -0.952756 -0.283465 
vn -0.110236 -0.952756 -0.283465 
vn -0.110236 -0.952756 -0.283465 
vn -0.110236 -0.952756 -0.283465 
vn 0.362205 0.228346 -0.905512 
vn 0.362205 0.228346 -0.905512 
vn 0.362205 0.228346 -0.905512 
vn 0.362205 0.228346 -0.905512 

vt 1.05 0.5 
vt 1 0.5 
vt 1.05 0.2125 
vt 1 0.2125 
vt 1.05 0.5 
vt 1 0.5 
vt 1.05 0.45 
vt 1 0.45 
vt 1.05 0.5 
vt 1 0.5 
vt 1.05 0.2125 
vt 1 0.2125 
vt 1.05 0.5 
vt 1 0.5 
vt 1.05 0.2125 
vt 1 0.2125 
vt 1.05 0.5 
vt 1 0.5 
vt 1.05 0.45 
vt 1 0.45 
vt 1.05 0.5 
vt 1 0.5 
vt 1.05 0.2125 
vt 1 0.2125 

usemtl Part116Mtl

f 3025/3025/3025 3026/3026/3026 3027/3027/3027 
f 3027/3027/3027 3026/3026/3026 3028/3028/3028 
f 3029/3029/3029 3030/3030/3030 3031/3031/3031 
f 3031/3031/3031 3030/3030/3030 3032/3032/3032 
f 3033/3033/3033 3034/3034/3034 3035/3035/3035 
f 3035/3035/3035 3034/3034/3034 3036/3036/3036 
f 3037/3037/3037 3038/3038/3038 3039/3039/3039 
f 3039/3039/3039 3038/3038/3038 3040/3040/3040 
f 3041/3041/3041 3042/3042/3042 3043/3043/3043 
f 3043/3043/3043 3042/3042/3042 3044/3044/3044 
f 3045/3045/3045 3046/3046/3046 3047/3047/3047 
f 3047/3047/3047 3046/3046/3046 3048/3048/3048 

g Part128

v -99.1205 1.68726 16.6276 
v -99.3016 1.75254 16.9783 
v -99.5917 0.0549974 16.6882 
v -99.7728 0.120282 17.0388 
v -99.6405 1.84329 16.7863 
v -99.3016 1.75254 16.9783 
v -99.4594 1.778 16.4357 
v -99.1205 1.68726 16.6276 
v -99.3016 1.75254 16.9783 
v -99.6405 1.84329 16.7863 
v -99.7728 0.120282 17.0388 
v -100.112 0.211027 16.8468 
v -99.6405 1.84329 16.7863 
v -99.4594 1.778 16.4357 
v -100.112 0.211027 16.8468 
v -99.9307 0.145742 16.4962 
v -99.9307 0.145742 16.4962 
v -99.5917 0.0549974 16.6882 
v -100.112 0.211027 16.8468 
v -99.7728 0.120282 17.0388 
v -99.4594 1.778 16.4357 
v -99.1205 1.68726 16.6276 
v -99.9307 0.145742 16.4962 
v -99.5917 0.0549974 16.6882 

vn 0.850394 -0.228346 0.480315 
vn 0.850394 -0.228346 0.480315 
vn 0.850394 -0.228346 0.480315 
vn 0.850394 -0.228346 0.480315 
vn 0.275591 0.96063 -0.0393701 
vn 0.275591 0.96063 -0.0393701 
vn 0.275591 0.96063 -0.0393701 
vn 0.275591 0.96063 -0.0393701 
vn -0.448819 0.165354 0.874016 
vn -0.448819 0.165354 0.874016 
vn -0.448819 0.165354 0.874016 
vn -0.448819 0.165354 0.874016 
vn -0.850394 0.228346 -0.480315 
vn -0.850394 0.228346 -0.480315 
vn -0.850394 0.228346 -0.480315 
vn -0.850394 0.228346 -0.480315 
vn -0.275591 -0.96063 0.0393701 
vn -0.275591 -0.96063 0.0393701 
vn -0.275591 -0.96063 0.0393701 
vn -0.275591 -0.96063 0.0393701 
vn 0.448819 -0.165354 -0.874016 
vn 0.448819 -0.165354 -0.874016 
vn 0.448819 -0.165354 -0.874016 
vn 0.448819 -0.165354 -0.874016 

vt 7.05 -1.75 
vt 7 -1.75 
vt 7.05 -1.9625 
vt 7 -1.9625 
vt 7.05 -1.75 
vt 7 -1.75 
vt 7.05 -1.8 
vt 7 -1.8 
vt 7.05 -1.75 
vt 7 -1.75 
vt 7.05 -1.9625 
vt 7 -1.9625 
vt 7.05 -1.75 
vt 7 -1.75 
vt 7.05 -1.9625 
vt 7 -1.9625 
vt 7.05 -1.75 
vt 7 -1.75 
vt 7.05 -1.8 
vt 7 -1.8 
vt 7.05 -1.75 
vt 7 -1.75 
vt 7.05 -1.9625 
vt 7 -1.9625 

usemtl Part117Mtl

f 3049/3049/3049 3050/3050/3050 3051/3051/3051 
f 3051/3051/3051 3050/3050/3050 3052/3052/3052 
f 3053/3053/3053 3054/3054/3054 3055/3055/3055 
f 3055/3055/3055 3054/3054/3054 3056/3056/3056 
f 3057/3057/3057 3058/3058/3058 3059/3059/3059 
f 3059/3059/3059 3058/3058/3058 3060/3060/3060 
f 3061/3061/3061 3062/3062/3062 3063/3063/3063 
f 3063/3063/3063 3062/3062/3062 3064/3064/3064 
f 3065/3065/3065 3066/3066/3066 3067/3067/3067 
f 3067/3067/3067 3066/3066/3066 3068/3068/3068 
f 3069/3069/3069 3070/3070/3070 3071/3071/3071 
f 3071/3071/3071 3070/3070/3070 3072/3072/3072 

g Part129

v -99.2508 1.67534 17.1918 
v -99.4416 1.66268 17.5432 
v -99.7849 0.0990755 16.8451 
v -99.9756 0.0864166 17.1965 
v -99.7699 1.81196 17.3703 
v -99.4416 1.66268 17.5432 
v -99.5792 1.82462 17.0189 
v -99.2508 1.67534 17.1918 
v -99.4416 1.66268 17.5432 
v -99.7699 1.81196 17.3703 
v -99.9756 0.0864166 17.1965 
v -100.304 0.235692 17.0236 
v -99.7699 1.81196 17.3703 
v -99.5792 1.82462 17.0189 
v -100.304 0.235692 17.0236 
v -100.113 0.248351 16.6722 
v -100.113 0.248351 16.6722 
v -99.7849 0.0990755 16.8451 
v -100.304 0.235692 17.0236 
v -99.9756 0.0864166 17.1965 
v -99.5792 1.82462 17.0189 
v -99.2508 1.67534 17.1918 
v -100.113 0.248351 16.6722 
v -99.7849 0.0990755 16.8451 

vn 0.818898 -0.370079 0.433071 
vn 0.818898 -0.370079 0.433071 
vn 0.818898 -0.370079 0.433071 
vn 0.818898 -0.370079 0.433071 
vn 0.314961 0.929134 0.204724 
vn 0.314961 0.929134 0.204724 
vn 0.314961 0.929134 0.204724 
vn 0.314961 0.929134 0.204724 
vn -0.480315 -0.0314961 0.88189 
vn -0.480315 -0.0314961 0.88189 
vn -0.480315 -0.0314961 0.88189 
vn -0.480315 -0.0314961 0.88189 
vn -0.818898 0.370079 -0.433071 
vn -0.818898 0.370079 -0.433071 
vn -0.818898 0.370079 -0.433071 
vn -0.818898 0.370079 -0.433071 
vn -0.314961 -0.929134 -0.204724 
vn -0.314961 -0.929134 -0.204724 
vn -0.314961 -0.929134 -0.204724 
vn -0.314961 -0.929134 -0.204724 
vn 0.480315 0.0314961 -0.88189 
vn 0.480315 0.0314961 -0.88189 
vn 0.480315 0.0314961 -0.88189 
vn 0.480315 0.0314961 -0.88189 

vt 2.55 0.5 
vt 2.5 0.5 
vt 2.55 0.2875 
vt 2.5 0.2875 
vt 2.55 0.5 
vt 2.5 0.5 
vt 2.55 0.45 
vt 2.5 0.45 
vt 2.55 0.5 
vt 2.5 0.5 
vt 2.55 0.2875 
vt 2.5 0.2875 
vt 2.55 0.5 
vt 2.5 0.5 
vt 2.55 0.2875 
vt 2.5 0.2875 
vt 2.55 0.5 
vt 2.5 0.5 
vt 2.55 0.45 
vt 2.5 0.45 
vt 2.55 0.5 
vt 2.5 0.5 
vt 2.55 0.2875 
vt 2.5 0.2875 

usemtl Part118Mtl

f 3073/3073/3073 3074/3074/3074 3075/3075/3075 
f 3075/3075/3075 3074/3074/3074 3076/3076/3076 
f 3077/3077/3077 3078/3078/3078 3079/3079/3079 
f 3079/3079/3079 3078/3078/3078 3080/3080/3080 
f 3081/3081/3081 3082/3082/3082 3083/3083/3083 
f 3083/3083/3083 3082/3082/3082 3084/3084/3084 
f 3085/3085/3085 3086/3086/3086 3087/3087/3087 
f 3087/3087/3087 3086/3086/3086 3088/3088/3088 
f 3089/3089/3089 3090/3090/3090 3091/3091/3091 
f 3091/3091/3091 3090/3090/3090 3092/3092/3092 
f 3093/3093/3093 3094/3094/3094 3095/3095/3095 
f 3095/3095/3095 3094/3094/3094 3096/3096/3096 

g Part130

v -99.948 2.48482 16.7797 
v -99.948 2.48482 17.1797 
v -99.948 0.184824 16.7797 
v -99.948 0.184824 17.1797 
v -100.348 2.48482 17.1797 
v -99.948 2.48482 17.1797 
v -100.348 2.48482 16.7797 
v -99.948 2.48482 16.7797 
v -99.948 2.48482 17.1797 
v -100.348 2.48482 17.1797 
v -99.948 0.184824 17.1797 
v -100.348 0.184824 17.1797 
v -100.348 2.48482 17.1797 
v -100.348 2.48482 16.7797 
v -100.348 0.184824 17.1797 
v -100.348 0.184824 16.7797 
v -100.348 0.184824 16.7797 
v -99.948 0.184824 16.7797 
v -100.348 0.184824 17.1797 
v -99.948 0.184824 17.1797 
v -100.348 2.48482 16.7797 
v -99.948 2.48482 16.7797 
v -100.348 0.184824 16.7797 
v -99.948 0.184824 16.7797 

vn 1 0 0 
vn 1 0 0 
vn 1 0 0 
vn 1 0 0 
vn 0 1 0 
vn 0 1 0 
vn 0 1 0 
vn 0 1 0 
vn 0 0 1 
vn 0 0 1 
vn 0 0 1 
vn 0 0 1 
vn -1 0 0 
vn -1 0 0 
vn -1 0 0 
vn -1 0 0 
vn 0 -1 0 
vn 0 -1 0 
vn 0 -1 0 
vn 0 -1 0 
vn 0 0 -1 
vn 0 0 -1 
vn 0 0 -1 
vn 0 0 -1 

vt 4.3 -6 
vt 4.25 -6 
vt 4.3 -6.2875 
vt 4.25 -6.2875 
vt 4.3 -6 
vt 4.25 -6 
vt 4.3 -6.05 
vt 4.25 -6.05 
vt 4.3 -6 
vt 4.25 -6 
vt 4.3 -6.2875 
vt 4.25 -6.2875 
vt 4.3 -6 
vt 4.25 -6 
vt 4.3 -6.2875 
vt 4.25 -6.2875 
vt 4.3 -6 
vt 4.25 -6 
vt 4.3 -6.05 
vt 4.25 -6.05 
vt 4.3 -6 
vt 4.25 -6 
vt 4.3 -6.2875 
vt 4.25 -6.2875 

usemtl Part118Mtl

f 3097/3097/3097 3098/3098/3098 3099/3099/3099 
f 3099/3099/3099 3098/3098/3098 3100/3100/3100 
f 3101/3101/3101 3102/3102/3102 3103/3103/3103 
f 3103/3103/3103 3102/3102/3102 3104/3104/3104 
f 3105/3105/3105 3106/3106/3106 3107/3107/3107 
f 3107/3107/3107 3106/3106/3106 3108/3108/3108 
f 3109/3109/3109 3110/3110/3110 3111/3111/3111 
f 3111/3111/3111 3110/3110/3110 3112/3112/3112 
f 3113/3113/3113 3114/3114/3114 3115/3115/3115 
f 3115/3115/3115 3114/3114/3114 3116/3116/3116 
f 3117/3117/3117 3118/3118/3118 3119/3119/3119 
f 3119/3119/3119 3118/3118/3118 3120/3120/3120 

g Part131

v -65.7984 1.70187 -27.9724 
v -65.4477 1.76715 -27.7913 
v -65.7378 0.0696077 -27.5011 
v -65.3872 0.134892 -27.32 
v -65.6397 1.8579 -27.4523 
v -65.4477 1.76715 -27.7913 
v -65.9904 1.79261 -27.6334 
v -65.7984 1.70187 -27.9724 
v -65.4477 1.76715 -27.7913 
v -65.6397 1.8579 -27.4523 
v -65.3872 0.134892 -27.32 
v -65.5792 0.225637 -26.9811 
v -65.6397 1.8579 -27.4523 
v -65.9904 1.79261 -27.6334 
v -65.5792 0.225637 -26.9811 
v -65.9298 0.160352 -27.1622 
v -65.9298 0.160352 -27.1622 
v -65.7378 0.0696077 -27.5011 
v -65.5792 0.225637 -26.9811 
v -65.3872 0.134892 -27.32 
v -65.9904 1.79261 -27.6334 
v -65.7984 1.70187 -27.9724 
v -65.9298 0.160352 -27.1622 
v -65.7378 0.0696077 -27.5011 

vn 0.480315 -0.228346 -0.850394 
vn 0.480315 -0.228346 -0.850394 
vn 0.480315 -0.228346 -0.850394 
vn 0.480315 -0.228346 -0.850394 
vn -0.0393701 0.96063 -0.275591 
vn -0.0393701 0.96063 -0.275591 
vn -0.0393701 0.96063 -0.275591 
vn -0.0393701 0.96063 -0.275591 
vn 0.874016 0.165354 0.448819 
vn 0.874016 0.165354 0.448819 
vn 0.874016 0.165354 0.448819 
vn 0.874016 0.165354 0.448819 
vn -0.480315 0.228346 0.850394 
vn -0.480315 0.228346 0.850394 
vn -0.480315 0.228346 0.850394 
vn -0.480315 0.228346 0.850394 
vn 0.0393701 -0.96063 0.275591 
vn 0.0393701 -0.96063 0.275591 
vn 0.0393701 -0.96063 0.275591 
vn 0.0393701 -0.96063 0.275591 
vn -0.874016 -0.165354 -0.448819 
vn -0.874016 -0.165354 -0.448819 
vn -0.874016 -0.165354 -0.448819 
vn -0.874016 -0.165354 -0.448819 

vt 6.3 -3.5 
vt 6.25 -3.5 
vt 6.3 -3.7125 
vt 6.25 -3.7125 
vt 6.3 -3.5 
vt 6.25 -3.5 
vt 6.3 -3.55 
vt 6.25 -3.55 
vt 6.3 -3.5 
vt 6.25 -3.5 
vt 6.3 -3.7125 
vt 6.25 -3.7125 
vt 6.3 -3.5 
vt 6.25 -3.5 
vt 6.3 -3.7125 
vt 6.25 -3.7125 
vt 6.3 -3.5 
vt 6.25 -3.5 
vt 6.3 -3.55 
vt 6.25 -3.55 
vt 6.3 -3.5 
vt 6.25 -3.5 
vt 6.3 -3.7125 
vt 6.25 -3.7125 

usemtl Part118Mtl

f 3121/3121/3121 3122/3122/3122 3123/3123/3123 
f 3123/3123/3123 3122/3122/3122 3124/3124/3124 
f 3125/3125/3125 3126/3126/3126 3127/3127/3127 
f 3127/3127/3127 3126/3126/3126 3128/3128/3128 
f 3129/3129/3129 3130/3130/3130 3131/3131/3131 
f 3131/3131/3131 3130/3130/3130 3132/3132/3132 
f 3133/3133/3133 3134/3134/3134 3135/3135/3135 
f 3135/3135/3135 3134/3134/3134 3136/3136/3136 
f 3137/3137/3137 3138/3138/3138 3139/3139/3139 
f 3139/3139/3139 3138/3138/3138 3140/3140/3140 
f 3141/3141/3141 3142/3142/3142 3143/3143/3143 
f 3143/3143/3143 3142/3142/3142 3144/3144/3144 

g Part132

v -65.1599 1.64392 -28.0571 
v -64.8085 1.63126 -27.8663 
v -65.5066 0.0676541 -27.5231 
v -65.1552 0.0549952 -27.3323 
v -64.9814 1.78054 -27.538 
v -64.8085 1.63126 -27.8663 
v -65.3328 1.7932 -27.7287 
v -65.1599 1.64392 -28.0571 
v -64.8085 1.63126 -27.8663 
v -64.9814 1.78054 -27.538 
v -65.1552 0.0549952 -27.3323 
v -65.3281 0.204271 -27.0039 
v -64.9814 1.78054 -27.538 
v -65.3328 1.7932 -27.7287 
v -65.3281 0.204271 -27.0039 
v -65.6795 0.21693 -27.1947 
v -65.6795 0.21693 -27.1947 
v -65.5066 0.0676541 -27.5231 
v -65.3281 0.204271 -27.0039 
v -65.1552 0.0549952 -27.3323 
v -65.3328 1.7932 -27.7287 
v -65.1599 1.64392 -28.0571 
v -65.6795 0.21693 -27.1947 
v -65.5066 0.0676541 -27.5231 

vn 0.433071 -0.370079 -0.818898 
vn 0.433071 -0.370079 -0.818898 
vn 0.433071 -0.370079 -0.818898 
vn 0.433071 -0.370079 -0.818898 
vn 0.204724 0.929134 -0.314961 
vn 0.204724 0.929134 -0.314961 
vn 0.204724 0.929134 -0.314961 
vn 0.204724 0.929134 -0.314961 
vn 0.88189 -0.0314961 0.480315 
vn 0.88189 -0.0314961 0.480315 
vn 0.88189 -0.0314961 0.480315 
vn 0.88189 -0.0314961 0.480315 
vn -0.433071 0.370079 0.818898 
vn -0.433071 0.370079 0.818898 
vn -0.433071 0.370079 0.818898 
vn -0.433071 0.370079 0.818898 
vn -0.204724 -0.929134 0.314961 
vn -0.204724 -0.929134 0.314961 
vn -0.204724 -0.929134 0.314961 
vn -0.204724 -0.929134 0.314961 
vn -0.88189 0.0314961 -0.480315 
vn -0.88189 0.0314961 -0.480315 
vn -0.88189 0.0314961 -0.480315 
vn -0.88189 0.0314961 -0.480315 

vt 4.8 0.25 
vt 4.75 0.25 
vt 4.8 0.0375 
vt 4.75 0.0375 
vt 4.8 0.25 
vt 4.75 0.25 
vt 4.8 0.2 
vt 4.75 0.2 
vt 4.8 0.25 
vt 4.75 0.25 
vt 4.8 0.0375 
vt 4.75 0.0375 
vt 4.8 0.25 
vt 4.75 0.25 
vt 4.8 0.0375 
vt 4.75 0.0375 
vt 4.8 0.25 
vt 4.75 0.25 
vt 4.8 0.2 
vt 4.75 0.2 
vt 4.8 0.25 
vt 4.75 0.25 
vt 4.8 0.0375 
vt 4.75 0.0375 

usemtl Part118Mtl

f 3145/3145/3145 3146/3146/3146 3147/3147/3147 
f 3147/3147/3147 3146/3146/3146 3148/3148/3148 
f 3149/3149/3149 3150/3150/3150 3151/3151/3151 
f 3151/3151/3151 3150/3150/3150 3152/3152/3152 
f 3153/3153/3153 3154/3154/3154 3155/3155/3155 
f 3155/3155/3155 3154/3154/3154 3156/3156/3156 
f 3157/3157/3157 3158/3158/3158 3159/3159/3159 
f 3159/3159/3159 3158/3158/3158 3160/3160/3160 
f 3161/3161/3161 3162/3162/3162 3163/3163/3163 
f 3163/3163/3163 3162/3162/3162 3164/3164/3164 
f 3165/3165/3165 3166/3166/3166 3167/3167/3167 
f 3167/3167/3167 3166/3166/3166 3168/3168/3168 

g Part133

v -65.572 2.4534 -27.3599 
v -65.172 2.4534 -27.3599 
v -65.572 0.153405 -27.3599 
v -65.172 0.153405 -27.3599 
v -65.172 2.4534 -26.9599 
v -65.172 2.4534 -27.3599 
v -65.572 2.4534 -26.9599 
v -65.572 2.4534 -27.3599 
v -65.172 2.4534 -27.3599 
v -65.172 2.4534 -26.9599 
v -65.172 0.153405 -27.3599 
v -65.172 0.153405 -26.9599 
v -65.172 2.4534 -26.9599 
v -65.572 2.4534 -26.9599 
v -65.172 0.153405 -26.9599 
v -65.572 0.153405 -26.9599 
v -65.572 0.153405 -26.9599 
v -65.572 0.153405 -27.3599 
v -65.172 0.153405 -26.9599 
v -65.172 0.153405 -27.3599 
v -65.572 2.4534 -26.9599 
v -65.572 2.4534 -27.3599 
v -65.572 0.153405 -26.9599 
v -65.572 0.153405 -27.3599 

vn 0 0 -1 
vn 0 0 -1 
vn 0 0 -1 
vn 0 0 -1 
vn 0 1 0 
vn 0 1 0 
vn 0 1 0 
vn 0 1 0 
vn 1 0 0 
vn 1 0 0 
vn 1 0 0 
vn 1 0 0 
vn 0 0 1 
vn 0 0 1 
vn 0 0 1 
vn 0 0 1 
vn 0 -1 0 
vn 0 -1 0 
vn 0 -1 0 
vn 0 -1 0 
vn -1 0 0 
vn -1 0 0 
vn -1 0 0 
vn -1 0 0 

vt 5.3 0 
vt 5.25 0 
vt 5.3 -0.2875 
vt 5.25 -0.2875 
vt 5.3 0 
vt 5.25 0 
vt 5.3 -0.05 
vt 5.25 -0.05 
vt 5.3 0 
vt 5.25 0 
vt 5.3 -0.2875 
vt 5.25 -0.2875 
vt 5.3 0 
vt 5.25 0 
vt 5.3 -0.2875 
vt 5.25 -0.2875 
vt 5.3 0 
vt 5.25 0 
vt 5.3 -0.05 
vt 5.25 -0.05 
vt 5.3 0 
vt 5.25 0 
vt 5.3 -0.2875 
vt 5.25 -0.2875 

usemtl Part122Mtl

f 3169/3169/3169 3170/3170/3170 3171/3171/3171 
f 3171/3171/3171 3170/3170/3170 3172/3172/3172 
f 3173/3173/3173 3174/3174/3174 3175/3175/3175 
f 3175/3175/3175 3174/3174/3174 3176/3176/3176 
f 3177/3177/3177 3178/3178/3178 3179/3179/3179 
f 3179/3179/3179 3178/3178/3178 3180/3180/3180 
f 3181/3181/3181 3182/3182/3182 3183/3183/3183 
f 3183/3183/3183 3182/3182/3182 3184/3184/3184 
f 3185/3185/3185 3186/3186/3186 3187/3187/3187 
f 3187/3187/3187 3186/3186/3186 3188/3188/3188 
f 3189/3189/3189 3190/3190/3190 3191/3191/3191 
f 3191/3191/3191 3190/3190/3190 3192/3192/3192 

g Part134

v -65.8194 1.7729 -25.2568 
v -65.5183 1.77135 -25.5201 
v -66.277 0.218519 -25.7712 
v -65.9758 0.216969 -26.0344 
v -65.278 1.60938 -25.2443 
v -65.5183 1.77135 -25.5201 
v -65.5792 1.61093 -24.9811 
v -65.8194 1.7729 -25.2568 
v -65.5183 1.77135 -25.5201 
v -65.278 1.60938 -25.2443 
v -65.9758 0.216969 -26.0344 
v -65.7356 0.0549983 -25.7586 
v -65.278 1.60938 -25.2443 
v -65.5792 1.61093 -24.9811 
v -65.7356 0.0549983 -25.7586 
v -66.0368 0.0565485 -25.4954 
v -66.0368 0.0565485 -25.4954 
v -66.277 0.218519 -25.7712 
v -65.7356 0.0549983 -25.7586 
v -65.9758 0.216969 -26.0344 
v -65.5792 1.61093 -24.9811 
v -65.8194 1.7729 -25.2568 
v -66.0368 0.0565485 -25.4954 
v -66.277 0.218519 -25.7712 

vn -0.598425 0.401575 -0.692913 
vn -0.598425 0.401575 -0.692913 
vn -0.598425 0.401575 -0.692913 
vn -0.598425 0.401575 -0.692913 
vn 0.267717 0.913386 0.299213 
vn 0.267717 0.913386 0.299213 
vn 0.267717 0.913386 0.299213 
vn 0.267717 0.913386 0.299213 
vn 0.755906 0 -0.661417 
vn 0.755906 0 -0.661417 
vn 0.755906 0 -0.661417 
vn 0.755906 0 -0.661417 
vn 0.598425 -0.401575 0.692913 
vn 0.598425 -0.401575 0.692913 
vn 0.598425 -0.401575 0.692913 
vn 0.598425 -0.401575 0.692913 
vn -0.267717 -0.913386 -0.299213 
vn -0.267717 -0.913386 -0.299213 
vn -0.267717 -0.913386 -0.299213 
vn -0.267717 -0.913386 -0.299213 
vn -0.755906 0 0.661417 
vn -0.755906 0 0.661417 
vn -0.755906 0 0.661417 
vn -0.755906 0 0.661417 

vt 2.3 0.75 
vt 2.25 0.75 
vt 2.3 0.5375 
vt 2.25 0.5375 
vt 2.3 0.75 
vt 2.25 0.75 
vt 2.3 0.7 
vt 2.25 0.7 
vt 2.3 0.75 
vt 2.25 0.75 
vt 2.3 0.5375 
vt 2.25 0.5375 
vt 2.3 0.75 
vt 2.25 0.75 
vt 2.3 0.5375 
vt 2.25 0.5375 
vt 2.3 0.75 
vt 2.25 0.75 
vt 2.3 0.7 
vt 2.25 0.7 
vt 2.3 0.75 
vt 2.25 0.75 
vt 2.3 0.5375 
vt 2.25 0.5375 

usemtl Part123Mtl

f 3193/3193/3193 3194/3194/3194 3195/3195/3195 
f 3195/3195/3195 3194/3194/3194 3196/3196/3196 
f 3197/3197/3197 3198/3198/3198 3199/3199/3199 
f 3199/3199/3199 3198/3198/3198 3200/3200/3200 
f 3201/3201/3201 3202/3202/3202 3203/3203/3203 
f 3203/3203/3203 3202/3202/3202 3204/3204/3204 
f 3205/3205/3205 3206/3206/3206 3207/3207/3207 
f 3207/3207/3207 3206/3206/3206 3208/3208/3208 
f 3209/3209/3209 3210/3210/3210 3211/3211/3211 
f 3211/3211/3211 3210/3210/3210 3212/3212/3212 
f 3213/3213/3213 3214/3214/3214 3215/3215/3215 
f 3215/3215/3215 3214/3214/3214 3216/3216/3216 

g Part135

v -66.6105 1.7967 -26.3347 
v -66.2598 1.86199 -26.1536 
v -66.5499 0.164443 -25.8634 
v -66.1993 0.229728 -25.6824 
v -66.4518 1.95273 -25.8146 
v -66.2598 1.86199 -26.1536 
v -66.8025 1.88745 -25.9957 
v -66.6105 1.7967 -26.3347 
v -66.2598 1.86199 -26.1536 
v -66.4518 1.95273 -25.8146 
v -66.1993 0.229728 -25.6824 
v -66.3913 0.320472 -25.3434 
v -66.4518 1.95273 -25.8146 
v -66.8025 1.88745 -25.9957 
v -66.3913 0.320472 -25.3434 
v -66.7419 0.255187 -25.5245 
v -66.7419 0.255187 -25.5245 
v -66.5499 0.164443 -25.8634 
v -66.3913 0.320472 -25.3434 
v -66.1993 0.229728 -25.6824 
v -66.8025 1.88745 -25.9957 
v -66.6105 1.7967 -26.3347 
v -66.7419 0.255187 -25.5245 
v -66.5499 0.164443 -25.8634 

vn 0.480315 -0.228346 -0.850394 
vn 0.480315 -0.228346 -0.850394 
vn 0.480315 -0.228346 -0.850394 
vn 0.480315 -0.228346 -0.850394 
vn -0.0393701 0.96063 -0.275591 
vn -0.0393701 0.96063 -0.275591 
vn -0.0393701 0.96063 -0.275591 
vn -0.0393701 0.96063 -0.275591 
vn 0.874016 0.165354 0.448819 
vn 0.874016 0.165354 0.448819 
vn 0.874016 0.165354 0.448819 
vn 0.874016 0.165354 0.448819 
vn -0.480315 0.228346 0.850394 
vn -0.480315 0.228346 0.850394 
vn -0.480315 0.228346 0.850394 
vn -0.480315 0.228346 0.850394 
vn 0.0393701 -0.96063 0.275591 
vn 0.0393701 -0.96063 0.275591 
vn 0.0393701 -0.96063 0.275591 
vn 0.0393701 -0.96063 0.275591 
vn -0.874016 -0.165354 -0.448819 
vn -0.874016 -0.165354 -0.448819 
vn -0.874016 -0.165354 -0.448819 
vn -0.874016 -0.165354 -0.448819 

vt 6.55 -1.5 
vt 6.5 -1.5 
vt 6.55 -1.7125 
vt 6.5 -1.7125 
vt 6.55 -1.5 
vt 6.5 -1.5 
vt 6.55 -1.55 
vt 6.5 -1.55 
vt 6.55 -1.5 
vt 6.5 -1.5 
vt 6.55 -1.7125 
vt 6.5 -1.7125 
vt 6.55 -1.5 
vt 6.5 -1.5 
vt 6.55 -1.7125 
vt 6.5 -1.7125 
vt 6.55 -1.5 
vt 6.5 -1.5 
vt 6.55 -1.55 
vt 6.5 -1.55 
vt 6.55 -1.5 
vt 6.5 -1.5 
vt 6.55 -1.7125 
vt 6.5 -1.7125 

usemtl Part118Mtl

f 3217/3217/3217 3218/3218/3218 3219/3219/3219 
f 3219/3219/3219 3218/3218/3218 3220/3220/3220 
f 3221/3221/3221 3222/3222/3222 3223/3223/3223 
f 3223/3223/3223 3222/3222/3222 3224/3224/3224 
f 3225/3225/3225 3226/3226/3226 3227/3227/3227 
f 3227/3227/3227 3226/3226/3226 3228/3228/3228 
f 3229/3229/3229 3230/3230/3230 3231/3231/3231 
f 3231/3231/3231 3230/3230/3230 3232/3232/3232 
f 3233/3233/3233 3234/3234/3234 3235/3235/3235 
f 3235/3235/3235 3234/3234/3234 3236/3236/3236 
f 3237/3237/3237 3238/3238/3238 3239/3239/3239 
f 3239/3239/3239 3238/3238/3238 3240/3240/3240 

g Part136

v -65.972 1.73876 -26.4194 
v -65.6207 1.7261 -26.2287 
v -66.3187 0.162495 -25.8854 
v -65.9674 0.149836 -25.6946 
v -65.7935 1.87538 -25.9003 
v -65.6207 1.7261 -26.2287 
v -66.1449 1.88804 -26.091 
v -65.972 1.73876 -26.4194 
v -65.6207 1.7261 -26.2287 
v -65.7935 1.87538 -25.9003 
v -65.9674 0.149836 -25.6946 
v -66.1402 0.299112 -25.3662 
v -65.7935 1.87538 -25.9003 
v -66.1449 1.88804 -26.091 
v -66.1402 0.299112 -25.3662 
v -66.4916 0.311771 -25.557 
v -66.4916 0.311771 -25.557 
v -66.3187 0.162495 -25.8854 
v -66.1402 0.299112 -25.3662 
v -65.9674 0.149836 -25.6946 
v -66.1449 1.88804 -26.091 
v -65.972 1.73876 -26.4194 
v -66.4916 0.311771 -25.557 
v -66.3187 0.162495 -25.8854 

vn 0.433071 -0.370079 -0.818898 
vn 0.433071 -0.370079 -0.818898 
vn 0.433071 -0.370079 -0.818898 
vn 0.433071 -0.370079 -0.818898 
vn 0.204724 0.929134 -0.314961 
vn 0.204724 0.929134 -0.314961 
vn 0.204724 0.929134 -0.314961 
vn 0.204724 0.929134 -0.314961 
vn 0.88189 -0.0314961 0.480315 
vn 0.88189 -0.0314961 0.480315 
vn 0.88189 -0.0314961 0.480315 
vn 0.88189 -0.0314961 0.480315 
vn -0.433071 0.370079 0.818898 
vn -0.433071 0.370079 0.818898 
vn -0.433071 0.370079 0.818898 
vn -0.433071 0.370079 0.818898 
vn -0.204724 -0.929134 0.314961 
vn -0.204724 -0.929134 0.314961 
vn -0.204724 -0.929134 0.314961 
vn -0.204724 -0.929134 0.314961 
vn -0.88189 0.0314961 -0.480315 
vn -0.88189 0.0314961 -0.480315 
vn -0.88189 0.0314961 -0.480315 
vn -0.88189 0.0314961 -0.480315 

vt 5.05 -5.25 
vt 5 -5.25 
vt 5.05 -5.4625 
vt 5 -5.4625 
vt 5.05 -5.25 
vt 5 -5.25 
vt 5.05 -5.3 
vt 5 -5.3 
vt 5.05 -5.25 
vt 5 -5.25 
vt 5.05 -5.4625 
vt 5 -5.4625 
vt 5.05 -5.25 
vt 5 -5.25 
vt 5.05 -5.4625 
vt 5 -5.4625 
vt 5.05 -5.25 
vt 5 -5.25 
vt 5.05 -5.3 
vt 5 -5.3 
vt 5.05 -5.25 
vt 5 -5.25 
vt 5.05 -5.4625 
vt 5 -5.4625 

usemtl Part118Mtl

f 3241/3241/3241 3242/3242/3242 3243/3243/3243 
f 3243/3243/3243 3242/3242/3242 3244/3244/3244 
f 3245/3245/3245 3246/3246/3246 3247/3247/3247 
f 3247/3247/3247 3246/3246/3246 3248/3248/3248 
f 3249/3249/3249 3250/3250/3250 3251/3251/3251 
f 3251/3251/3251 3250/3250/3250 3252/3252/3252 
f 3253/3253/3253 3254/3254/3254 3255/3255/3255 
f 3255/3255/3255 3254/3254/3254 3256/3256/3256 
f 3257/3257/3257 3258/3258/3258 3259/3259/3259 
f 3259/3259/3259 3258/3258/3258 3260/3260/3260 
f 3261/3261/3261 3262/3262/3262 3263/3263/3263 
f 3263/3263/3263 3262/3262/3262 3264/3264/3264 

g Part137

v -66.3841 2.54824 -25.7222 
v -65.9841 2.54824 -25.7222 
v -66.3841 0.248242 -25.7222 
v -65.9841 0.248242 -25.7222 
v -65.9841 2.54824 -25.3222 
v -65.9841 2.54824 -25.7222 
v -66.3841 2.54824 -25.3222 
v -66.3841 2.54824 -25.7222 
v -65.9841 2.54824 -25.7222 
v -65.9841 2.54824 -25.3222 
v -65.9841 0.248242 -25.7222 
v -65.9841 0.248242 -25.3222 
v -65.9841 2.54824 -25.3222 
v -66.3841 2.54824 -25.3222 
v -65.9841 0.248242 -25.3222 
v -66.3841 0.248242 -25.3222 
v -66.3841 0.248242 -25.3222 
v -66.3841 0.248242 -25.7222 
v -65.9841 0.248242 -25.3222 
v -65.9841 0.248242 -25.7222 
v -66.3841 2.54824 -25.3222 
v -66.3841 2.54824 -25.7222 
v -66.3841 0.248242 -25.3222 
v -66.3841 0.248242 -25.7222 

vn 0 0 -1 
vn 0 0 -1 
vn 0 0 -1 
vn 0 0 -1 
vn 0 1 0 
vn 0 1 0 
vn 0 1 0 
vn 0 1 0 
vn 1 0 0 
vn 1 0 0 
vn 1 0 0 
vn 1 0 0 
vn 0 0 1 
vn 0 0 1 
vn 0 0 1 
vn 0 0 1 
vn 0 -1 0 
vn 0 -1 0 
vn 0 -1 0 
vn 0 -1 0 
vn -1 0 0 
vn -1 0 0 
vn -1 0 0 
vn -1 0 0 

vt 3.3 -1.5 
vt 3.25 -1.5 
vt 3.3 -1.7875 
vt 3.25 -1.7875 
vt 3.3 -1.5 
vt 3.25 -1.5 
vt 3.3 -1.55 
vt 3.25 -1.55 
vt 3.3 -1.5 
vt 3.25 -1.5 
vt 3.3 -1.7875 
vt 3.25 -1.7875 
vt 3.3 -1.5 
vt 3.25 -1.5 
vt 3.3 -1.7875 
vt 3.25 -1.7875 
vt 3.3 -1.5 
vt 3.25 -1.5 
vt 3.3 -1.55 
vt 3.25 -1.55 
vt 3.3 -1.5 
vt 3.25 -1.5 
vt 3.3 -1.7875 
vt 3.25 -1.7875 

usemtl Part118Mtl

f 3265/3265/3265 3266/3266/3266 3267/3267/3267 
f 3267/3267/3267 3266/3266/3266 3268/3268/3268 
f 3269/3269/3269 3270/3270/3270 3271/3271/3271 
f 3271/3271/3271 3270/3270/3270 3272/3272/3272 
f 3273/3273/3273 3274/3274/3274 3275/3275/3275 
f 3275/3275/3275 3274/3274/3274 3276/3276/3276 
f 3277/3277/3277 3278/3278/3278 3279/3279/3279 
f 3279/3279/3279 3278/3278/3278 3280/3280/3280 
f 3281/3281/3281 3282/3282/3282 3283/3283/3283 
f 3283/3283/3283 3282/3282/3282 3284/3284/3284 
f 3285/3285/3285 3286/3286/3286 3287/3287/3287 
f 3287/3287/3287 3286/3286/3286 3288/3288/3288 

g Part138

v 41.2016 1.70187 -14.9724 
v 41.5522 1.76715 -14.7913 
v 41.2621 0.0696077 -14.5011 
v 41.6128 0.134892 -14.32 
v 41.3603 1.8579 -14.4523 
v 41.5522 1.76715 -14.7913 
v 41.0096 1.79261 -14.6334 
v 41.2016 1.70187 -14.9724 
v 41.5522 1.76715 -14.7913 
v 41.3603 1.8579 -14.4523 
v 41.6128 0.134892 -14.32 
v 41.4208 0.225637 -13.9811 
v 41.3603 1.8579 -14.4523 
v 41.0096 1.79261 -14.6334 
v 41.4208 0.225637 -13.9811 
v 41.0702 0.160352 -14.1622 
v 41.0702 0.160352 -14.1622 
v 41.2621 0.0696077 -14.5011 
v 41.4208 0.225637 -13.9811 
v 41.6128 0.134892 -14.32 
v 41.0096 1.79261 -14.6334 
v 41.2016 1.70187 -14.9724 
v 41.0702 0.160352 -14.1622 
v 41.2621 0.0696077 -14.5011 

vn 0.480315 -0.228346 -0.850394 
vn 0.480315 -0.228346 -0.850394 
vn 0.480315 -0.228346 -0.850394 
vn 0.480315 -0.228346 -0.850394 
vn -0.0393701 0.96063 -0.275591 
vn -0.0393701 0.96063 -0.275591 
vn -0.0393701 0.96063 -0.275591 
vn -0.0393701 0.96063 -0.275591 
vn 0.874016 0.165354 0.448819 
vn 0.874016 0.165354 0.448819 
vn 0.874016 0.165354 0.448819 
vn 0.874016 0.165354 0.448819 
vn -0.480315 0.228346 0.850394 
vn -0.480315 0.228346 0.850394 
vn -0.480315 0.228346 0.850394 
vn -0.480315 0.228346 0.850394 
vn 0.0393701 -0.96063 0.275591 
vn 0.0393701 -0.96063 0.275591 
vn 0.0393701 -0.96063 0.275591 
vn 0.0393701 -0.96063 0.275591 
vn -0.874016 -0.165354 -0.448819 
vn -0.874016 -0.165354 -0.448819 
vn -0.874016 -0.165354 -0.448819 
vn -0.874016 -0.165354 -0.448819 

vt 1.3 -5.75 
vt 1.25 -5.75 
vt 1.3 -5.9625 
vt 1.25 -5.9625 
vt 1.3 -5.75 
vt 1.25 -5.75 
vt 1.3 -5.8 
vt 1.25 -5.8 
vt 1.3 -5.75 
vt 1.25 -5.75 
vt 1.3 -5.9625 
vt 1.25 -5.9625 
vt 1.3 -5.75 
vt 1.25 -5.75 
vt 1.3 -5.9625 
vt 1.25 -5.9625 
vt 1.3 -5.75 
vt 1.25 -5.75 
vt 1.3 -5.8 
vt 1.25 -5.8 
vt 1.3 -5.75 
vt 1.25 -5.75 
vt 1.3 -5.9625 
vt 1.25 -5.9625 

usemtl Part118Mtl

f 3289/3289/3289 3290/3290/3290 3291/3291/3291 
f 3291/3291/3291 3290/3290/3290 3292/3292/3292 
f 3293/3293/3293 3294/3294/3294 3295/3295/3295 
f 3295/3295/3295 3294/3294/3294 3296/3296/3296 
f 3297/3297/3297 3298/3298/3298 3299/3299/3299 
f 3299/3299/3299 3298/3298/3298 3300/3300/3300 
f 3301/3301/3301 3302/3302/3302 3303/3303/3303 
f 3303/3303/3303 3302/3302/3302 3304/3304/3304 
f 3305/3305/3305 3306/3306/3306 3307/3307/3307 
f 3307/3307/3307 3306/3306/3306 3308/3308/3308 
f 3309/3309/3309 3310/3310/3310 3311/3311/3311 
f 3311/3311/3311 3310/3310/3310 3312/3312/3312 

g Part139

v 41.8401 1.64392 -15.0571 
v 42.1915 1.63126 -14.8663 
v 41.4934 0.0676541 -14.523 
v 41.8448 0.0549952 -14.3323 
v 42.0186 1.78054 -14.538 
v 42.1915 1.63126 -14.8663 
v 41.6672 1.7932 -14.7287 
v 41.8401 1.64392 -15.0571 
v 42.1915 1.63126 -14.8663 
v 42.0186 1.78054 -14.538 
v 41.8448 0.0549952 -14.3323 
v 41.6719 0.204271 -14.0039 
v 42.0186 1.78054 -14.538 
v 41.6672 1.7932 -14.7287 
v 41.6719 0.204271 -14.0039 
v 41.3205 0.21693 -14.1947 
v 41.3205 0.21693 -14.1947 
v 41.4934 0.0676541 -14.523 
v 41.6719 0.204271 -14.0039 
v 41.8448 0.0549952 -14.3323 
v 41.6672 1.7932 -14.7287 
v 41.8401 1.64392 -15.0571 
v 41.3205 0.21693 -14.1947 
v 41.4934 0.0676541 -14.523 

vn 0.433071 -0.370079 -0.818898 
vn 0.433071 -0.370079 -0.818898 
vn 0.433071 -0.370079 -0.818898 
vn 0.433071 -0.370079 -0.818898 
vn 0.204724 0.929134 -0.314961 
vn 0.204724 0.929134 -0.314961 
vn 0.204724 0.929134 -0.314961 
vn 0.204724 0.929134 -0.314961 
vn 0.88189 -0.0314961 0.480315 
vn 0.88189 -0.0314961 0.480315 
vn 0.88189 -0.0314961 0.480315 
vn 0.88189 -0.0314961 0.480315 
vn -0.433071 0.370079 0.818898 
vn -0.433071 0.370079 0.818898 
vn -0.433071 0.370079 0.818898 
vn -0.433071 0.370079 0.818898 
vn -0.204724 -0.929134 0.314961 
vn -0.204724 -0.929134 0.314961 
vn -0.204724 -0.929134 0.314961 
vn -0.204724 -0.929134 0.314961 
vn -0.88189 0.0314961 -0.480315 
vn -0.88189 0.0314961 -0.480315 
vn -0.88189 0.0314961 -0.480315 
vn -0.88189 0.0314961 -0.480315 

vt 1.3 0 
vt 1.25 0 
vt 1.3 -0.2125 
vt 1.25 -0.2125 
vt 1.3 0 
vt 1.25 0 
vt 1.3 -0.05 
vt 1.25 -0.05 
vt 1.3 0 
vt 1.25 0 
vt 1.3 -0.2125 
vt 1.25 -0.2125 
vt 1.3 0 
vt 1.25 0 
vt 1.3 -0.2125 
vt 1.25 -0.2125 
vt 1.3 0 
vt 1.25 0 
vt 1.3 -0.05 
vt 1.25 -0.05 
vt 1.3 0 
vt 1.25 0 
vt 1.3 -0.2125 
vt 1.25 -0.2125 

usemtl Part118Mtl

f 3313/3313/3313 3314/3314/3314 3315/3315/3315 
f 3315/3315/3315 3314/3314/3314 3316/3316/3316 
f 3317/3317/3317 3318/3318/3318 3319/3319/3319 
f 3319/3319/3319 3318/3318/3318 3320/3320/3320 
f 3321/3321/3321 3322/3322/3322 3323/3323/3323 
f 3323/3323/3323 3322/3322/3322 3324/3324/3324 
f 3325/3325/3325 3326/3326/3326 3327/3327/3327 
f 3327/3327/3327 3326/3326/3326 3328/3328/3328 
f 3329/3329/3329 3330/3330/3330 3331/3331/3331 
f 3331/3331/3331 3330/3330/3330 3332/3332/3332 
f 3333/3333/3333 3334/3334/3334 3335/3335/3335 
f 3335/3335/3335 3334/3334/3334 3336/3336/3336 

g Part140

v 41.428 2.4534 -14.3599 
v 41.828 2.4534 -14.3599 
v 41.428 0.153405 -14.3599 
v 41.828 0.153405 -14.3599 
v 41.828 2.4534 -13.9599 
v 41.828 2.4534 -14.3599 
v 41.428 2.4534 -13.9599 
v 41.428 2.4534 -14.3599 
v 41.828 2.4534 -14.3599 
v 41.828 2.4534 -13.9599 
v 41.828 0.153405 -14.3599 
v 41.828 0.153405 -13.9599 
v 41.828 2.4534 -13.9599 
v 41.428 2.4534 -13.9599 
v 41.828 0.153405 -13.9599 
v 41.428 0.153405 -13.9599 
v 41.428 0.153405 -13.9599 
v 41.428 0.153405 -14.3599 
v 41.828 0.153405 -13.9599 
v 41.828 0.153405 -14.3599 
v 41.428 2.4534 -13.9599 
v 41.428 2.4534 -14.3599 
v 41.428 0.153405 -13.9599 
v 41.428 0.153405 -14.3599 

vn 0 0 -1 
vn 0 0 -1 
vn 0 0 -1 
vn 0 0 -1 
vn 0 1 0 
vn 0 1 0 
vn 0 1 0 
vn 0 1 0 
vn 1 0 0 
vn 1 0 0 
vn 1 0 0 
vn 1 0 0 
vn 0 0 1 
vn 0 0 1 
vn 0 0 1 
vn 0 0 1 
vn 0 -1 0 
vn 0 -1 0 
vn 0 -1 0 
vn 0 -1 0 
vn -1 0 0 
vn -1 0 0 
vn -1 0 0 
vn -1 0 0 

vt 3.3 -6.5 
vt 3.25 -6.5 
vt 3.3 -6.7875 
vt 3.25 -6.7875 
vt 3.3 -6.5 
vt 3.25 -6.5 
vt 3.3 -6.55 
vt 3.25 -6.55 
vt 3.3 -6.5 
vt 3.25 -6.5 
vt 3.3 -6.7875 
vt 3.25 -6.7875 
vt 3.3 -6.5 
vt 3.25 -6.5 
vt 3.3 -6.7875 
vt 3.25 -6.7875 
vt 3.3 -6.5 
vt 3.25 -6.5 
vt 3.3 -6.55 
vt 3.25 -6.55 
vt 3.3 -6.5 
vt 3.25 -6.5 
vt 3.3 -6.7875 
vt 3.25 -6.7875 

usemtl Part122Mtl

f 3337/3337/3337 3338/3338/3338 3339/3339/3339 
f 3339/3339/3339 3338/3338/3338 3340/3340/3340 
f 3341/3341/3341 3342/3342/3342 3343/3343/3343 
f 3343/3343/3343 3342/3342/3342 3344/3344/3344 
f 3345/3345/3345 3346/3346/3346 3347/3347/3347 
f 3347/3347/3347 3346/3346/3346 3348/3348/3348 
f 3349/3349/3349 3350/3350/3350 3351/3351/3351 
f 3351/3351/3351 3350/3350/3350 3352/3352/3352 
f 3353/3353/3353 3354/3354/3354 3355/3355/3355 
f 3355/3355/3355 3354/3354/3354 3356/3356/3356 
f 3357/3357/3357 3358/3358/3358 3359/3359/3359 
f 3359/3359/3359 3358/3358/3358 3360/3360/3360 

g Part141

v 45.1806 1.7729 -12.2568 
v 45.4817 1.77135 -12.5201 
v 44.723 0.218519 -12.7712 
v 45.0242 0.216969 -13.0344 
v 45.722 1.60938 -12.2443 
v 45.4817 1.77135 -12.5201 
v 45.4208 1.61093 -11.9811 
v 45.1806 1.7729 -12.2568 
v 45.4817 1.77135 -12.5201 
v 45.722 1.60938 -12.2443 
v 45.0242 0.216969 -13.0344 
v 45.2644 0.0549983 -12.7586 
v 45.722 1.60938 -12.2443 
v 45.4208 1.61093 -11.9811 
v 45.2644 0.0549983 -12.7586 
v 44.9632 0.0565485 -12.4954 
v 44.9632 0.0565485 -12.4954 
v 44.723 0.218519 -12.7712 
v 45.2644 0.0549983 -12.7586 
v 45.0242 0.216969 -13.0344 
v 45.4208 1.61093 -11.9811 
v 45.1806 1.7729 -12.2568 
v 44.9632 0.0565485 -12.4954 
v 44.723 0.218519 -12.7712 

vn -0.598425 0.401575 -0.692913 
vn -0.598425 0.401575 -0.692913 
vn -0.598425 0.401575 -0.692913 
vn -0.598425 0.401575 -0.692913 
vn 0.267717 0.913386 0.299213 
vn 0.267717 0.913386 0.299213 
vn 0.267717 0.913386 0.299213 
vn 0.267717 0.913386 0.299213 
vn 0.755906 0 -0.661417 
vn 0.755906 0 -0.661417 
vn 0.755906 0 -0.661417 
vn 0.755906 0 -0.661417 
vn 0.598425 -0.401575 0.692913 
vn 0.598425 -0.401575 0.692913 
vn 0.598425 -0.401575 0.692913 
vn 0.598425 -0.401575 0.692913 
vn -0.267717 -0.913386 -0.299213 
vn -0.267717 -0.913386 -0.299213 
vn -0.267717 -0.913386 -0.299213 
vn -0.267717 -0.913386 -0.299213 
vn -0.755906 0 0.661417 
vn -0.755906 0 0.661417 
vn -0.755906 0 0.661417 
vn -0.755906 0 0.661417 

vt 4.55 -0.25 
vt 4.5 -0.25 
vt 4.55 -0.4625 
vt 4.5 -0.4625 
vt 4.55 -0.25 
vt 4.5 -0.25 
vt 4.55 -0.3 
vt 4.5 -0.3 
vt 4.55 -0.25 
vt 4.5 -0.25 
vt 4.55 -0.4625 
vt 4.5 -0.4625 
vt 4.55 -0.25 
vt 4.5 -0.25 
vt 4.55 -0.4625 
vt 4.5 -0.4625 
vt 4.55 -0.25 
vt 4.5 -0.25 
vt 4.55 -0.3 
vt 4.5 -0.3 
vt 4.55 -0.25 
vt 4.5 -0.25 
vt 4.55 -0.4625 
vt 4.5 -0.4625 

usemtl Part123Mtl

f 3361/3361/3361 3362/3362/3362 3363/3363/3363 
f 3363/3363/3363 3362/3362/3362 3364/3364/3364 
f 3365/3365/3365 3366/3366/3366 3367/3367/3367 
f 3367/3367/3367 3366/3366/3366 3368/3368/3368 
f 3369/3369/3369 3370/3370/3370 3371/3371/3371 
f 3371/3371/3371 3370/3370/3370 3372/3372/3372 
f 3373/3373/3373 3374/3374/3374 3375/3375/3375 
f 3375/3375/3375 3374/3374/3374 3376/3376/3376 
f 3377/3377/3377 3378/3378/3378 3379/3379/3379 
f 3379/3379/3379 3378/3378/3378 3380/3380/3380 
f 3381/3381/3381 3382/3382/3382 3383/3383/3383 
f 3383/3383/3383 3382/3382/3382 3384/3384/3384 

g Part142

v 44.3895 1.7967 -13.3347 
v 44.7401 1.86199 -13.1536 
v 44.45 0.164443 -12.8634 
v 44.8007 0.229728 -12.6824 
v 44.5482 1.95273 -12.8146 
v 44.7401 1.86199 -13.1536 
v 44.1975 1.88745 -12.9957 
v 44.3895 1.7967 -13.3347 
v 44.7401 1.86199 -13.1536 
v 44.5482 1.95273 -12.8146 
v 44.8007 0.229728 -12.6824 
v 44.6087 0.320472 -12.3434 
v 44.5482 1.95273 -12.8146 
v 44.1975 1.88745 -12.9957 
v 44.6087 0.320472 -12.3434 
v 44.2581 0.255187 -12.5245 
v 44.2581 0.255187 -12.5245 
v 44.45 0.164443 -12.8634 
v 44.6087 0.320472 -12.3434 
v 44.8007 0.229728 -12.6824 
v 44.1975 1.88745 -12.9957 
v 44.3895 1.7967 -13.3347 
v 44.2581 0.255187 -12.5245 
v 44.45 0.164443 -12.8634 

vn 0.480315 -0.228346 -0.850394 
vn 0.480315 -0.228346 -0.850394 
vn 0.480315 -0.228346 -0.850394 
vn 0.480315 -0.228346 -0.850394 
vn -0.0393701 0.96063 -0.275591 
vn -0.0393701 0.96063 -0.275591 
vn -0.0393701 0.96063 -0.275591 
vn -0.0393701 0.96063 -0.275591 
vn 0.874016 0.165354 0.448819 
vn 0.874016 0.165354 0.448819 
vn 0.874016 0.165354 0.448819 
vn 0.874016 0.165354 0.448819 
vn -0.480315 0.228346 0.850394 
vn -0.480315 0.228346 0.850394 
vn -0.480315 0.228346 0.850394 
vn -0.480315 0.228346 0.850394 
vn 0.0393701 -0.96063 0.275591 
vn 0.0393701 -0.96063 0.275591 
vn 0.0393701 -0.96063 0.275591 
vn 0.0393701 -0.96063 0.275591 
vn -0.874016 -0.165354 -0.448819 
vn -0.874016 -0.165354 -0.448819 
vn -0.874016 -0.165354 -0.448819 
vn -0.874016 -0.165354 -0.448819 

vt 4.05 1 
vt 4 1 
vt 4.05 0.7875 
vt 4 0.7875 
vt 4.05 1 
vt 4 1 
vt 4.05 0.95 
vt 4 0.95 
vt 4.05 1 
vt 4 1 
vt 4.05 0.7875 
vt 4 0.7875 
vt 4.05 1 
vt 4 1 
vt 4.05 0.7875 
vt 4 0.7875 
vt 4.05 1 
vt 4 1 
vt 4.05 0.95 
vt 4 0.95 
vt 4.05 1 
vt 4 1 
vt 4.05 0.7875 
vt 4 0.7875 

usemtl Part118Mtl

f 3385/3385/3385 3386/3386/3386 3387/3387/3387 
f 3387/3387/3387 3386/3386/3386 3388/3388/3388 
f 3389/3389/3389 3390/3390/3390 3391/3391/3391 
f 3391/3391/3391 3390/3390/3390 3392/3392/3392 
f 3393/3393/3393 3394/3394/3394 3395/3395/3395 
f 3395/3395/3395 3394/3394/3394 3396/3396/3396 
f 3397/3397/3397 3398/3398/3398 3399/3399/3399 
f 3399/3399/3399 3398/3398/3398 3400/3400/3400 
f 3401/3401/3401 3402/3402/3402 3403/3403/3403 
f 3403/3403/3403 3402/3402/3402 3404/3404/3404 
f 3405/3405/3405 3406/3406/3406 3407/3407/3407 
f 3407/3407/3407 3406/3406/3406 3408/3408/3408 

g Part143

v 45.028 1.73876 -13.4194 
v 45.3793 1.7261 -13.2286 
v 44.6813 0.162495 -12.8854 
v 45.0326 0.149836 -12.6946 
v 45.2065 1.87538 -12.9003 
v 45.3793 1.7261 -13.2286 
v 44.8551 1.88804 -13.091 
v 45.028 1.73876 -13.4194 
v 45.3793 1.7261 -13.2286 
v 45.2065 1.87538 -12.9003 
v 45.0326 0.149836 -12.6946 
v 44.8598 0.299112 -12.3662 
v 45.2065 1.87538 -12.9003 
v 44.8551 1.88804 -13.091 
v 44.8598 0.299112 -12.3662 
v 44.5084 0.311771 -12.557 
v 44.5084 0.311771 -12.557 
v 44.6813 0.162495 -12.8854 
v 44.8598 0.299112 -12.3662 
v 45.0326 0.149836 -12.6946 
v 44.8551 1.88804 -13.091 
v 45.028 1.73876 -13.4194 
v 44.5084 0.311771 -12.557 
v 44.6813 0.162495 -12.8854 

vn 0.433071 -0.370079 -0.818898 
vn 0.433071 -0.370079 -0.818898 
vn 0.433071 -0.370079 -0.818898 
vn 0.433071 -0.370079 -0.818898 
vn 0.204724 0.929134 -0.314961 
vn 0.204724 0.929134 -0.314961 
vn 0.204724 0.929134 -0.314961 
vn 0.204724 0.929134 -0.314961 
vn 0.88189 -0.0314961 0.480315 
vn 0.88189 -0.0314961 0.480315 
vn 0.88189 -0.0314961 0.480315 
vn 0.88189 -0.0314961 0.480315 
vn -0.433071 0.370079 0.818898 
vn -0.433071 0.370079 0.818898 
vn -0.433071 0.370079 0.818898 
vn -0.433071 0.370079 0.818898 
vn -0.204724 -0.929134 0.314961 
vn -0.204724 -0.929134 0.314961 
vn -0.204724 -0.929134 0.314961 
vn -0.204724 -0.929134 0.314961 
vn -0.88189 0.0314961 -0.480315 
vn -0.88189 0.0314961 -0.480315 
vn -0.88189 0.0314961 -0.480315 
vn -0.88189 0.0314961 -0.480315 

vt 5.3 -2.5 
vt 5.25 -2.5 
vt 5.3 -2.7125 
vt 5.25 -2.7125 
vt 5.3 -2.5 
vt 5.25 -2.5 
vt 5.3 -2.55 
vt 5.25 -2.55 
vt 5.3 -2.5 
vt 5.25 -2.5 
vt 5.3 -2.7125 
vt 5.25 -2.7125 
vt 5.3 -2.5 
vt 5.25 -2.5 
vt 5.3 -2.7125 
vt 5.25 -2.7125 
vt 5.3 -2.5 
vt 5.25 -2.5 
vt 5.3 -2.55 
vt 5.25 -2.55 
vt 5.3 -2.5 
vt 5.25 -2.5 
vt 5.3 -2.7125 
vt 5.25 -2.7125 

usemtl Part118Mtl

f 3409/3409/3409 3410/3410/3410 3411/3411/3411 
f 3411/3411/3411 3410/3410/3410 3412/3412/3412 
f 3413/3413/3413 3414/3414/3414 3415/3415/3415 
f 3415/3415/3415 3414/3414/3414 3416/3416/3416 
f 3417/3417/3417 3418/3418/3418 3419/3419/3419 
f 3419/3419/3419 3418/3418/3418 3420/3420/3420 
f 3421/3421/3421 3422/3422/3422 3423/3423/3423 
f 3423/3423/3423 3422/3422/3422 3424/3424/3424 
f 3425/3425/3425 3426/3426/3426 3427/3427/3427 
f 3427/3427/3427 3426/3426/3426 3428/3428/3428 
f 3429/3429/3429 3430/3430/3430 3431/3431/3431 
f 3431/3431/3431 3430/3430/3430 3432/3432/3432 

g Part144

v 44.6159 2.54824 -12.7222 
v 45.0159 2.54824 -12.7222 
v 44.6159 0.248242 -12.7222 
v 45.0159 0.248242 -12.7222 
v 45.0159 2.54824 -12.3222 
v 45.0159 2.54824 -12.7222 
v 44.6159 2.54824 -12.3222 
v 44.6159 2.54824 -12.7222 
v 45.0159 2.54824 -12.7222 
v 45.0159 2.54824 -12.3222 
v 45.0159 0.248242 -12.7222 
v 45.0159 0.248242 -12.3222 
v 45.0159 2.54824 -12.3222 
v 44.6159 2.54824 -12.3222 
v 45.0159 0.248242 -12.3222 
v 44.6159 0.248242 -12.3222 
v 44.6159 0.248242 -12.3222 
v 44.6159 0.248242 -12.7222 
v 45.0159 0.248242 -12.3222 
v 45.0159 0.248242 -12.7222 
v 44.6159 2.54824 -12.3222 
v 44.6159 2.54824 -12.7222 
v 44.6159 0.248242 -12.3222 
v 44.6159 0.248242 -12.7222 

vn 0 0 -1 
vn 0 0 -1 
vn 0 0 -1 
vn 0 0 -1 
vn 0 1 0 
vn 0 1 0 
vn 0 1 0 
vn 0 1 0 
vn 1 0 0 
vn 1 0 0 
vn 1 0 0 
vn 1 0 0 
vn 0 0 1 
vn 0 0 1 
vn 0 0 1 
vn 0 0 1 
vn 0 -1 0 
vn 0 -1 0 
vn 0 -1 0 
vn 0 -1 0 
vn -1 0 0 
vn -1 0 0 
vn -1 0 0 
vn -1 0 0 

vt 4.3 -1.75 
vt 4.25 -1.75 
vt 4.3 -2.0375 
vt 4.25 -2.0375 
vt 4.3 -1.75 
vt 4.25 -1.75 
vt 4.3 -1.8 
vt 4.25 -1.8 
vt 4.3 -1.75 
vt 4.25 -1.75 
vt 4.3 -2.0375 
vt 4.25 -2.0375 
vt 4.3 -1.75 
vt 4.25 -1.75 
vt 4.3 -2.0375 
vt 4.25 -2.0375 
vt 4.3 -1.75 
vt 4.25 -1.75 
vt 4.3 -1.8 
vt 4.25 -1.8 
vt 4.3 -1.75 
vt 4.25 -1.75 
vt 4.3 -2.0375 
vt 4.25 -2.0375 

usemtl Part118Mtl

f 3433/3433/3433 3434/3434/3434 3435/3435/3435 
f 3435/3435/3435 3434/3434/3434 3436/3436/3436 
f 3437/3437/3437 3438/3438/3438 3439/3439/3439 
f 3439/3439/3439 3438/3438/3438 3440/3440/3440 
f 3441/3441/3441 3442/3442/3442 3443/3443/3443 
f 3443/3443/3443 3442/3442/3442 3444/3444/3444 
f 3445/3445/3445 3446/3446/3446 3447/3447/3447 
f 3447/3447/3447 3446/3446/3446 3448/3448/3448 
f 3449/3449/3449 3450/3450/3450 3451/3451/3451 
f 3451/3451/3451 3450/3450/3450 3452/3452/3452 
f 3453/3453/3453 3454/3454/3454 3455/3455/3455 
f 3455/3455/3455 3454/3454/3454 3456/3456/3456 

g Part145

v 43.3896 2.42675 -12.3376 
v 43.2453 2.3366 -11.9756 
v 43.1428 0.232819 -12.9824 
v 42.9985 0.142668 -12.6204 
v 42.8747 2.41591 -12.1036 
v 43.2453 2.3366 -11.9756 
v 43.019 2.50606 -12.4656 
v 43.3896 2.42675 -12.3376 
v 43.2453 2.3366 -11.9756 
v 42.8747 2.41591 -12.1036 
v 42.9985 0.142668 -12.6204 
v 42.6279 0.221976 -12.7483 
v 42.8747 2.41591 -12.1036 
v 43.019 2.50606 -12.4656 
v 42.6279 0.221976 -12.7483 
v 42.7722 0.312127 -13.1103 
v 42.7722 0.312127 -13.1103 
v 43.1428 0.232819 -12.9824 
v 42.6279 0.221976 -12.7483 
v 42.9985 0.142668 -12.6204 
v 43.019 2.50606 -12.4656 
v 43.3896 2.42675 -12.3376 
v 42.7722 0.312127 -13.1103 
v 43.1428 0.232819 -12.9824 

vn 0.929134 -0.19685 0.322835 
vn 0.929134 -0.19685 0.322835 
vn 0.929134 -0.19685 0.322835 
vn 0.929134 -0.19685 0.322835 
vn 0.110236 0.952756 0.283465 
vn 0.110236 0.952756 0.283465 
vn 0.110236 0.952756 0.283465 
vn 0.110236 0.952756 0.283465 
vn -0.362205 -0.228346 0.905512 
vn -0.362205 -0.228346 0.905512 
vn -0.362205 -0.228346 0.905512 
vn -0.362205 -0.228346 0.905512 
vn -0.929134 0.19685 -0.322835 
vn -0.929134 0.19685 -0.322835 
vn -0.929134 0.19685 -0.322835 
vn -0.929134 0.19685 -0.322835 
vn -0.110236 -0.952756 -0.283465 
vn -0.110236 -0.952756 -0.283465 
vn -0.110236 -0.952756 -0.283465 
vn -0.110236 -0.952756 -0.283465 
vn 0.362205 0.228346 -0.905512 
vn 0.362205 0.228346 -0.905512 
vn 0.362205 0.228346 -0.905512 
vn 0.362205 0.228346 -0.905512 

vt 2.55 -4.75 
vt 2.5 -4.75 
vt 2.55 -5.0375 
vt 2.5 -5.0375 
vt 2.55 -4.75 
vt 2.5 -4.75 
vt 2.55 -4.8 
vt 2.5 -4.8 
vt 2.55 -4.75 
vt 2.5 -4.75 
vt 2.55 -5.0375 
vt 2.5 -5.0375 
vt 2.55 -4.75 
vt 2.5 -4.75 
vt 2.55 -5.0375 
vt 2.5 -5.0375 
vt 2.55 -4.75 
vt 2.5 -4.75 
vt 2.55 -4.8 
vt 2.5 -4.8 
vt 2.55 -4.75 
vt 2.5 -4.75 
vt 2.55 -5.0375 
vt 2.5 -5.0375 

usemtl Part116Mtl

f 3457/3457/3457 3458/3458/3458 3459/3459/3459 
f 3459/3459/3459 3458/3458/3458 3460/3460/3460 
f 3461/3461/3461 3462/3462/3462 3463/3463/3463 
f 3463/3463/3463 3462/3462/3462 3464/3464/3464 
f 3465/3465/3465 3466/3466/3466 3467/3467/3467 
f 3467/3467/3467 3466/3466/3466 3468/3468/3468 
f 3469/3469/3469 3470/3470/3470 3471/3471/3471 
f 3471/3471/3471 3470/3470/3470 3472/3472/3472 
f 3473/3473/3473 3474/3474/3474 3475/3475/3475 
f 3475/3475/3475 3474/3474/3474 3476/3476/3476 
f 3477/3477/3477 3478/3478/3478 3479/3479/3479 
f 3479/3479/3479 3478/3478/3478 3480/3480/3480 

g Part146

v 43.8795 1.68726 -13.3724 
v 43.6984 1.75254 -13.0217 
v 43.4083 0.0549974 -13.3118 
v 43.2272 0.120282 -12.9612 
v 43.3595 1.84329 -13.2137 
v 43.6984 1.75254 -13.0217 
v 43.5406 1.778 -13.5643 
v 43.8795 1.68726 -13.3724 
v 43.6984 1.75254 -13.0217 
v 43.3595 1.84329 -13.2137 
v 43.2272 0.120282 -12.9612 
v 42.8882 0.211027 -13.1532 
v 43.3595 1.84329 -13.2137 
v 43.5406 1.778 -13.5643 
v 42.8882 0.211027 -13.1532 
v 43.0693 0.145742 -13.5038 
v 43.0693 0.145742 -13.5038 
v 43.4083 0.0549974 -13.3118 
v 42.8882 0.211027 -13.1532 
v 43.2272 0.120282 -12.9612 
v 43.5406 1.778 -13.5643 
v 43.8795 1.68726 -13.3724 
v 43.0693 0.145742 -13.5038 
v 43.4083 0.0549974 -13.3118 

vn 0.850394 -0.228346 0.480315 
vn 0.850394 -0.228346 0.480315 
vn 0.850394 -0.228346 0.480315 
vn 0.850394 -0.228346 0.480315 
vn 0.275591 0.96063 -0.0393701 
vn 0.275591 0.96063 -0.0393701 
vn 0.275591 0.96063 -0.0393701 
vn 0.275591 0.96063 -0.0393701 
vn -0.448819 0.165354 0.874016 
vn -0.448819 0.165354 0.874016 
vn -0.448819 0.165354 0.874016 
vn -0.448819 0.165354 0.874016 
vn -0.850394 0.228346 -0.480315 
vn -0.850394 0.228346 -0.480315 
vn -0.850394 0.228346 -0.480315 
vn -0.850394 0.228346 -0.480315 
vn -0.275591 -0.96063 0.0393701 
vn -0.275591 -0.96063 0.0393701 
vn -0.275591 -0.96063 0.0393701 
vn -0.275591 -0.96063 0.0393701 
vn 0.448819 -0.165354 -0.874016 
vn 0.448819 -0.165354 -0.874016 
vn 0.448819 -0.165354 -0.874016 
vn 0.448819 -0.165354 -0.874016 

vt 1.8 0.5 
vt 1.75 0.5 
vt 1.8 0.2875 
vt 1.75 0.2875 
vt 1.8 0.5 
vt 1.75 0.5 
vt 1.8 0.45 
vt 1.75 0.45 
vt 1.8 0.5 
vt 1.75 0.5 
vt 1.8 0.2875 
vt 1.75 0.2875 
vt 1.8 0.5 
vt 1.75 0.5 
vt 1.8 0.2875 
vt 1.75 0.2875 
vt 1.8 0.5 
vt 1.75 0.5 
vt 1.8 0.45 
vt 1.75 0.45 
vt 1.8 0.5 
vt 1.75 0.5 
vt 1.8 0.2875 
vt 1.75 0.2875 

usemtl Part117Mtl

f 3481/3481/3481 3482/3482/3482 3483/3483/3483 
f 3483/3483/3483 3482/3482/3482 3484/3484/3484 
f 3485/3485/3485 3486/3486/3486 3487/3487/3487 
f 3487/3487/3487 3486/3486/3486 3488/3488/3488 
f 3489/3489/3489 3490/3490/3490 3491/3491/3491 
f 3491/3491/3491 3490/3490/3490 3492/3492/3492 
f 3493/3493/3493 3494/3494/3494 3495/3495/3495 
f 3495/3495/3495 3494/3494/3494 3496/3496/3496 
f 3497/3497/3497 3498/3498/3498 3499/3499/3499 
f 3499/3499/3499 3498/3498/3498 3500/3500/3500 
f 3501/3501/3501 3502/3502/3502 3503/3503/3503 
f 3503/3503/3503 3502/3502/3502 3504/3504/3504 

g Part147

v 43.7492 1.67534 -12.8082 
v 43.5584 1.66268 -12.4568 
v 43.2151 0.0990755 -13.1549 
v 43.0244 0.0864166 -12.8035 
v 43.2301 1.81196 -12.6297 
v 43.5584 1.66268 -12.4568 
v 43.4208 1.82462 -12.9811 
v 43.7492 1.67534 -12.8082 
v 43.5584 1.66268 -12.4568 
v 43.2301 1.81196 -12.6297 
v 43.0244 0.0864166 -12.8035 
v 42.696 0.235692 -12.9764 
v 43.2301 1.81196 -12.6297 
v 43.4208 1.82462 -12.9811 
v 42.696 0.235692 -12.9764 
v 42.8868 0.248351 -13.3278 
v 42.8868 0.248351 -13.3278 
v 43.2151 0.0990755 -13.1549 
v 42.696 0.235692 -12.9764 
v 43.0244 0.0864166 -12.8035 
v 43.4208 1.82462 -12.9811 
v 43.7492 1.67534 -12.8082 
v 42.8868 0.248351 -13.3278 
v 43.2151 0.0990755 -13.1549 

vn 0.818898 -0.370079 0.433071 
vn 0.818898 -0.370079 0.433071 
vn 0.818898 -0.370079 0.433071 
vn 0.818898 -0.370079 0.433071 
vn 0.314961 0.929134 0.204724 
vn 0.314961 0.929134 0.204724 
vn 0.314961 0.929134 0.204724 
vn 0.314961 0.929134 0.204724 
vn -0.480315 -0.0314961 0.88189 
vn -0.480315 -0.0314961 0.88189 
vn -0.480315 -0.0314961 0.88189 
vn -0.480315 -0.0314961 0.88189 
vn -0.818898 0.370079 -0.433071 
vn -0.818898 0.370079 -0.433071 
vn -0.818898 0.370079 -0.433071 
vn -0.818898 0.370079 -0.433071 
vn -0.314961 -0.929134 -0.204724 
vn -0.314961 -0.929134 -0.204724 
vn -0.314961 -0.929134 -0.204724 
vn -0.314961 -0.929134 -0.204724 
vn 0.480315 0.0314961 -0.88189 
vn 0.480315 0.0314961 -0.88189 
vn 0.480315 0.0314961 -0.88189 
vn 0.480315 0.0314961 -0.88189 

vt 4.05 -6.5 
vt 4 -6.5 
vt 4.05 -6.7125 
vt 4 -6.7125 
vt 4.05 -6.5 
vt 4 -6.5 
vt 4.05 -6.55 
vt 4 -6.55 
vt 4.05 -6.5 
vt 4 -6.5 
vt 4.05 -6.7125 
vt 4 -6.7125 
vt 4.05 -6.5 
vt 4 -6.5 
vt 4.05 -6.7125 
vt 4 -6.7125 
vt 4.05 -6.5 
vt 4 -6.5 
vt 4.05 -6.55 
vt 4 -6.55 
vt 4.05 -6.5 
vt 4 -6.5 
vt 4.05 -6.7125 
vt 4 -6.7125 

usemtl Part118Mtl

f 3505/3505/3505 3506/3506/3506 3507/3507/3507 
f 3507/3507/3507 3506/3506/3506 3508/3508/3508 
f 3509/3509/3509 3510/3510/3510 3511/3511/3511 
f 3511/3511/3511 3510/3510/3510 3512/3512/3512 
f 3513/3513/3513 3514/3514/3514 3515/3515/3515 
f 3515/3515/3515 3514/3514/3514 3516/3516/3516 
f 3517/3517/3517 3518/3518/3518 3519/3519/3519 
f 3519/3519/3519 3518/3518/3518 3520/3520/3520 
f 3521/3521/3521 3522/3522/3522 3523/3523/3523 
f 3523/3523/3523 3522/3522/3522 3524/3524/3524 
f 3525/3525/3525 3526/3526/3526 3527/3527/3527 
f 3527/3527/3527 3526/3526/3526 3528/3528/3528 

g Part148

v 43.052 2.48482 -13.2203 
v 43.052 2.48482 -12.8203 
v 43.052 0.184824 -13.2203 
v 43.052 0.184824 -12.8203 
v 42.652 2.48482 -12.8203 
v 43.052 2.48482 -12.8203 
v 42.652 2.48482 -13.2203 
v 43.052 2.48482 -13.2203 
v 43.052 2.48482 -12.8203 
v 42.652 2.48482 -12.8203 
v 43.052 0.184824 -12.8203 
v 42.652 0.184824 -12.8203 
v 42.652 2.48482 -12.8203 
v 42.652 2.48482 -13.2203 
v 42.652 0.184824 -12.8203 
v 42.652 0.184824 -13.2203 
v 42.652 0.184824 -13.2203 
v 43.052 0.184824 -13.2203 
v 42.652 0.184824 -12.8203 
v 43.052 0.184824 -12.8203 
v 42.652 2.48482 -13.2203 
v 43.052 2.48482 -13.2203 
v 42.652 0.184824 -13.2203 
v 43.052 0.184824 -13.2203 

vn 1 0 0 
vn 1 0 0 
vn 1 0 0 
vn 1 0 0 
vn 0 1 0 
vn 0 1 0 
vn 0 1 0 
vn 0 1 0 
vn 0 0 1 
vn 0 0 1 
vn 0 0 1 
vn 0 0 1 
vn -1 0 0 
vn -1 0 0 
vn -1 0 0 
vn -1 0 0 
vn 0 -1 0 
vn 0 -1 0 
vn 0 -1 0 
vn 0 -1 0 
vn 0 0 -1 
vn 0 0 -1 
vn 0 0 -1 
vn 0 0 -1 

vt 1.05 0.25 
vt 1 0.25 
vt 1.05 -0.0375 
vt 1 -0.0375 
vt 1.05 0.25 
vt 1 0.25 
vt 1.05 0.2 
vt 1 0.2 
vt 1.05 0.25 
vt 1 0.25 
vt 1.05 -0.0375 
vt 1 -0.0375 
vt 1.05 0.25 
vt 1 0.25 
vt 1.05 -0.0375 
vt 1 -0.0375 
vt 1.05 0.25 
vt 1 0.25 
vt 1.05 0.2 
vt 1 0.2 
vt 1.05 0.25 
vt 1 0.25 
vt 1.05 -0.0375 
vt 1 -0.0375 

usemtl Part118Mtl

f 3529/3529/3529 3530/3530/3530 3531/3531/3531 
f 3531/3531/3531 3530/3530/3530 3532/3532/3532 
f 3533/3533/3533 3534/3534/3534 3535/3535/3535 
f 3535/3535/3535 3534/3534/3534 3536/3536/3536 
f 3537/3537/3537 3538/3538/3538 3539/3539/3539 
f 3539/3539/3539 3538/3538/3538 3540/3540/3540 
f 3541/3541/3541 3542/3542/3542 3543/3543/3543 
f 3543/3543/3543 3542/3542/3542 3544/3544/3544 
f 3545/3545/3545 3546/3546/3546 3547/3547/3547 
f 3547/3547/3547 3546/3546/3546 3548/3548/3548 
f 3549/3549/3549 3550/3550/3550 3551/3551/3551 
f 3551/3551/3551 3550/3550/3550 3552/3552/3552 

g Part149

v -29.7984 1.70187 -21.9724 
v -29.4478 1.76715 -21.7913 
v -29.7379 0.0696077 -21.5011 
v -29.3872 0.134892 -21.32 
v -29.6397 1.8579 -21.4523 
v -29.4478 1.76715 -21.7913 
v -29.9904 1.79261 -21.6334 
v -29.7984 1.70187 -21.9724 
v -29.4478 1.76715 -21.7913 
v -29.6397 1.8579 -21.4523 
v -29.3872 0.134892 -21.32 
v -29.5792 0.225637 -20.9811 
v -29.6397 1.8579 -21.4523 
v -29.9904 1.79261 -21.6334 
v -29.5792 0.225637 -20.9811 
v -29.9298 0.160352 -21.1622 
v -29.9298 0.160352 -21.1622 
v -29.7379 0.0696077 -21.5011 
v -29.5792 0.225637 -20.9811 
v -29.3872 0.134892 -21.32 
v -29.9904 1.79261 -21.6334 
v -29.7984 1.70187 -21.9724 
v -29.9298 0.160352 -21.1622 
v -29.7379 0.0696077 -21.5011 

vn 0.480315 -0.228346 -0.850394 
vn 0.480315 -0.228346 -0.850394 
vn 0.480315 -0.228346 -0.850394 
vn 0.480315 -0.228346 -0.850394 
vn -0.0393701 0.96063 -0.275591 
vn -0.0393701 0.96063 -0.275591 
vn -0.0393701 0.96063 -0.275591 
vn -0.0393701 0.96063 -0.275591 
vn 0.874016 0.165354 0.448819 
vn 0.874016 0.165354 0.448819 
vn 0.874016 0.165354 0.448819 
vn 0.874016 0.165354 0.448819 
vn -0.480315 0.228346 0.850394 
vn -0.480315 0.228346 0.850394 
vn -0.480315 0.228346 0.850394 
vn -0.480315 0.228346 0.850394 
vn 0.0393701 -0.96063 0.275591 
vn 0.0393701 -0.96063 0.275591 
vn 0.0393701 -0.96063 0.275591 
vn 0.0393701 -0.96063 0.275591 
vn -0.874016 -0.165354 -0.448819 
vn -0.874016 -0.165354 -0.448819 
vn -0.874016 -0.165354 -0.448819 
vn -0.874016 -0.165354 -0.448819 

vt 6.3 1 
vt 6.25 1 
vt 6.3 0.7875 
vt 6.25 0.7875 
vt 6.3 1 
vt 6.25 1 
vt 6.3 0.95 
vt 6.25 0.95 
vt 6.3 1 
vt 6.25 1 
vt 6.3 0.7875 
vt 6.25 0.7875 
vt 6.3 1 
vt 6.25 1 
vt 6.3 0.7875 
vt 6.25 0.7875 
vt 6.3 1 
vt 6.25 1 
vt 6.3 0.95 
vt 6.25 0.95 
vt 6.3 1 
vt 6.25 1 
vt 6.3 0.7875 
vt 6.25 0.7875 

usemtl Part118Mtl

f 3553/3553/3553 3554/3554/3554 3555/3555/3555 
f 3555/3555/3555 3554/3554/3554 3556/3556/3556 
f 3557/3557/3557 3558/3558/3558 3559/3559/3559 
f 3559/3559/3559 3558/3558/3558 3560/3560/3560 
f 3561/3561/3561 3562/3562/3562 3563/3563/3563 
f 3563/3563/3563 3562/3562/3562 3564/3564/3564 
f 3565/3565/3565 3566/3566/3566 3567/3567/3567 
f 3567/3567/3567 3566/3566/3566 3568/3568/3568 
f 3569/3569/3569 3570/3570/3570 3571/3571/3571 
f 3571/3571/3571 3570/3570/3570 3572/3572/3572 
f 3573/3573/3573 3574/3574/3574 3575/3575/3575 
f 3575/3575/3575 3574/3574/3574 3576/3576/3576 

g Part150

v -29.1599 1.64392 -22.0571 
v -28.8085 1.63126 -21.8663 
v -29.5066 0.0676541 -21.5231 
v -29.1552 0.0549952 -21.3323 
v -28.9814 1.78054 -21.538 
v -28.8085 1.63126 -21.8663 
v -29.3328 1.7932 -21.7287 
v -29.1599 1.64392 -22.0571 
v -28.8085 1.63126 -21.8663 
v -28.9814 1.78054 -21.538 
v -29.1552 0.0549952 -21.3323 
v -29.3281 0.204271 -21.0039 
v -28.9814 1.78054 -21.538 
v -29.3328 1.7932 -21.7287 
v -29.3281 0.204271 -21.0039 
v -29.6795 0.21693 -21.1947 
v -29.6795 0.21693 -21.1947 
v -29.5066 0.0676541 -21.5231 
v -29.3281 0.204271 -21.0039 
v -29.1552 0.0549952 -21.3323 
v -29.3328 1.7932 -21.7287 
v -29.1599 1.64392 -22.0571 
v -29.6795 0.21693 -21.1947 
v -29.5066 0.0676541 -21.5231 

vn 0.433071 -0.370079 -0.818898 
vn 0.433071 -0.370079 -0.818898 
vn 0.433071 -0.370079 -0.818898 
vn 0.433071 -0.370079 -0.818898 
vn 0.204724 0.929134 -0.314961 
vn 0.204724 0.929134 -0.314961 
vn 0.204724 0.929134 -0.314961 
vn 0.204724 0.929134 -0.314961 
vn 0.88189 -0.0314961 0.480315 
vn 0.88189 -0.0314961 0.480315 
vn 0.88189 -0.0314961 0.480315 
vn 0.88189 -0.0314961 0.480315 
vn -0.433071 0.370079 0.818898 
vn -0.433071 0.370079 0.818898 
vn -0.433071 0.370079 0.818898 
vn -0.433071 0.370079 0.818898 
vn -0.204724 -0.929134 0.314961 
vn -0.204724 -0.929134 0.314961 
vn -0.204724 -0.929134 0.314961 
vn -0.204724 -0.929134 0.314961 
vn -0.88189 0.0314961 -0.480315 
vn -0.88189 0.0314961 -0.480315 
vn -0.88189 0.0314961 -0.480315 
vn -0.88189 0.0314961 -0.480315 

vt 0.8 -5.25 
vt 0.75 -5.25 
vt 0.8 -5.4625 
vt 0.75 -5.4625 
vt 0.8 -5.25 
vt 0.75 -5.25 
vt 0.8 -5.3 
vt 0.75 -5.3 
vt 0.8 -5.25 
vt 0.75 -5.25 
vt 0.8 -5.4625 
vt 0.75 -5.4625 
vt 0.8 -5.25 
vt 0.75 -5.25 
vt 0.8 -5.4625 
vt 0.75 -5.4625 
vt 0.8 -5.25 
vt 0.75 -5.25 
vt 0.8 -5.3 
vt 0.75 -5.3 
vt 0.8 -5.25 
vt 0.75 -5.25 
vt 0.8 -5.4625 
vt 0.75 -5.4625 

usemtl Part118Mtl

f 3577/3577/3577 3578/3578/3578 3579/3579/3579 
f 3579/3579/3579 3578/3578/3578 3580/3580/3580 
f 3581/3581/3581 3582/3582/3582 3583/3583/3583 
f 3583/3583/3583 3582/3582/3582 3584/3584/3584 
f 3585/3585/3585 3586/3586/3586 3587/3587/3587 
f 3587/3587/3587 3586/3586/3586 3588/3588/3588 
f 3589/3589/3589 3590/3590/3590 3591/3591/3591 
f 3591/3591/3591 3590/3590/3590 3592/3592/3592 
f 3593/3593/3593 3594/3594/3594 3595/3595/3595 
f 3595/3595/3595 3594/3594/3594 3596/3596/3596 
f 3597/3597/3597 3598/3598/3598 3599/3599/3599 
f 3599/3599/3599 3598/3598/3598 3600/3600/3600 

g Part151

v -29.572 2.4534 -21.3599 
v -29.172 2.4534 -21.3599 
v -29.572 0.153405 -21.3599 
v -29.172 0.153405 -21.3599 
v -29.172 2.4534 -20.9599 
v -29.172 2.4534 -21.3599 
v -29.572 2.4534 -20.9599 
v -29.572 2.4534 -21.3599 
v -29.172 2.4534 -21.3599 
v -29.172 2.4534 -20.9599 
v -29.172 0.153405 -21.3599 
v -29.172 0.153405 -20.9599 
v -29.172 2.4534 -20.9599 
v -29.572 2.4534 -20.9599 
v -29.172 0.153405 -20.9599 
v -29.572 0.153405 -20.9599 
v -29.572 0.153405 -20.9599 
v -29.572 0.153405 -21.3599 
v -29.172 0.153405 -20.9599 
v -29.172 0.153405 -21.3599 
v -29.572 2.4534 -20.9599 
v -29.572 2.4534 -21.3599 
v -29.572 0.153405 -20.9599 
v -29.572 0.153405 -21.3599 

vn 0 0 -1 
vn 0 0 -1 
vn 0 0 -1 
vn 0 0 -1 
vn 0 1 0 
vn 0 1 0 
vn 0 1 0 
vn 0 1 0 
vn 1 0 0 
vn 1 0 0 
vn 1 0 0 
vn 1 0 0 
vn 0 0 1 
vn 0 0 1 
vn 0 0 1 
vn 0 0 1 
vn 0 -1 0 
vn 0 -1 0 
vn 0 -1 0 
vn 0 -1 0 
vn -1 0 0 
vn -1 0 0 
vn -1 0 0 
vn -1 0 0 

vt 5.05 -6.5 
vt 5 -6.5 
vt 5.05 -6.7875 
vt 5 -6.7875 
vt 5.05 -6.5 
vt 5 -6.5 
vt 5.05 -6.55 
vt 5 -6.55 
vt 5.05 -6.5 
vt 5 -6.5 
vt 5.05 -6.7875 
vt 5 -6.7875 
vt 5.05 -6.5 
vt 5 -6.5 
vt 5.05 -6.7875 
vt 5 -6.7875 
vt 5.05 -6.5 
vt 5 -6.5 
vt 5.05 -6.55 
vt 5 -6.55 
vt 5.05 -6.5 
vt 5 -6.5 
vt 5.05 -6.7875 
vt 5 -6.7875 

usemtl Part122Mtl

f 3601/3601/3601 3602/3602/3602 3603/3603/3603 
f 3603/3603/3603 3602/3602/3602 3604/3604/3604 
f 3605/3605/3605 3606/3606/3606 3607/3607/3607 
f 3607/3607/3607 3606/3606/3606 3608/3608/3608 
f 3609/3609/3609 3610/3610/3610 3611/3611/3611 
f 3611/3611/3611 3610/3610/3610 3612/3612/3612 
f 3613/3613/3613 3614/3614/3614 3615/3615/3615 
f 3615/3615/3615 3614/3614/3614 3616/3616/3616 
f 3617/3617/3617 3618/3618/3618 3619/3619/3619 
f 3619/3619/3619 3618/3618/3618 3620/3620/3620 
f 3621/3621/3621 3622/3622/3622 3623/3623/3623 
f 3623/3623/3623 3622/3622/3622 3624/3624/3624 

g Part152

v -29.8194 1.7729 -19.2568 
v -29.5182 1.77135 -19.5201 
v -30.277 0.218519 -19.7712 
v -29.9758 0.216969 -20.0344 
v -29.278 1.60938 -19.2443 
v -29.5182 1.77135 -19.5201 
v -29.5792 1.61093 -18.9811 
v -29.8194 1.7729 -19.2568 
v -29.5182 1.77135 -19.5201 
v -29.278 1.60938 -19.2443 
v -29.9758 0.216969 -20.0344 
v -29.7356 0.0549983 -19.7586 
v -29.278 1.60938 -19.2443 
v -29.5792 1.61093 -18.9811 
v -29.7356 0.0549983 -19.7586 
v -30.0368 0.0565485 -19.4954 
v -30.0368 0.0565485 -19.4954 
v -30.277 0.218519 -19.7712 
v -29.7356 0.0549983 -19.7586 
v -29.9758 0.216969 -20.0344 
v -29.5792 1.61093 -18.9811 
v -29.8194 1.7729 -19.2568 
v -30.0368 0.0565485 -19.4954 
v -30.277 0.218519 -19.7712 

vn -0.598425 0.401575 -0.692913 
vn -0.598425 0.401575 -0.692913 
vn -0.598425 0.401575 -0.692913 
vn -0.598425 0.401575 -0.692913 
vn 0.267717 0.913386 0.299213 
vn 0.267717 0.913386 0.299213 
vn 0.267717 0.913386 0.299213 
vn 0.267717 0.913386 0.299213 
vn 0.755906 0 -0.661417 
vn 0.755906 0 -0.661417 
vn 0.755906 0 -0.661417 
vn 0.755906 0 -0.661417 
vn 0.598425 -0.401575 0.692913 
vn 0.598425 -0.401575 0.692913 
vn 0.598425 -0.401575 0.692913 
vn 0.598425 -0.401575 0.692913 
vn -0.267717 -0.913386 -0.299213 
vn -0.267717 -0.913386 -0.299213 
vn -0.267717 -0.913386 -0.299213 
vn -0.267717 -0.913386 -0.299213 
vn -0.755906 0 0.661417 
vn -0.755906 0 0.661417 
vn -0.755906 0 0.661417 
vn -0.755906 0 0.661417 

vt 6.3 -2.75 
vt 6.25 -2.75 
vt 6.3 -2.9625 
vt 6.25 -2.9625 
vt 6.3 -2.75 
vt 6.25 -2.75 
vt 6.3 -2.8 
vt 6.25 -2.8 
vt 6.3 -2.75 
vt 6.25 -2.75 
vt 6.3 -2.9625 
vt 6.25 -2.9625 
vt 6.3 -2.75 
vt 6.25 -2.75 
vt 6.3 -2.9625 
vt 6.25 -2.9625 
vt 6.3 -2.75 
vt 6.25 -2.75 
vt 6.3 -2.8 
vt 6.25 -2.8 
vt 6.3 -2.75 
vt 6.25 -2.75 
vt 6.3 -2.9625 
vt 6.25 -2.9625 

usemtl Part123Mtl

f 3625/3625/3625 3626/3626/3626 3627/3627/3627 
f 3627/3627/3627 3626/3626/3626 3628/3628/3628 
f 3629/3629/3629 3630/3630/3630 3631/3631/3631 
f 3631/3631/3631 3630/3630/3630 3632/3632/3632 
f 3633/3633/3633 3634/3634/3634 3635/3635/3635 
f 3635/3635/3635 3634/3634/3634 3636/3636/3636 
f 3637/3637/3637 3638/3638/3638 3639/3639/3639 
f 3639/3639/3639 3638/3638/3638 3640/3640/3640 
f 3641/3641/3641 3642/3642/3642 3643/3643/3643 
f 3643/3643/3643 3642/3642/3642 3644/3644/3644 
f 3645/3645/3645 3646/3646/3646 3647/3647/3647 
f 3647/3647/3647 3646/3646/3646 3648/3648/3648 

g Part153

v -30.6105 1.7967 -20.3347 
v -30.2599 1.86199 -20.1536 
v -30.55 0.164443 -19.8634 
v -30.1993 0.229728 -19.6824 
v -30.4518 1.95273 -19.8146 
v -30.2599 1.86199 -20.1536 
v -30.8025 1.88745 -19.9957 
v -30.6105 1.7967 -20.3347 
v -30.2599 1.86199 -20.1536 
v -30.4518 1.95273 -19.8146 
v -30.1993 0.229728 -19.6824 
v -30.3913 0.320472 -19.3434 
v -30.4518 1.95273 -19.8146 
v -30.8025 1.88745 -19.9957 
v -30.3913 0.320472 -19.3434 
v -30.7419 0.255187 -19.5245 
v -30.7419 0.255187 -19.5245 
v -30.55 0.164443 -19.8634 
v -30.3913 0.320472 -19.3434 
v -30.1993 0.229728 -19.6824 
v -30.8025 1.88745 -19.9957 
v -30.6105 1.7967 -20.3347 
v -30.7419 0.255187 -19.5245 
v -30.55 0.164443 -19.8634 

vn 0.480315 -0.228346 -0.850394 
vn 0.480315 -0.228346 -0.850394 
vn 0.480315 -0.228346 -0.850394 
vn 0.480315 -0.228346 -0.850394 
vn -0.0393701 0.96063 -0.275591 
vn -0.0393701 0.96063 -0.275591 
vn -0.0393701 0.96063 -0.275591 
vn -0.0393701 0.96063 -0.275591 
vn 0.874016 0.165354 0.448819 
vn 0.874016 0.165354 0.448819 
vn 0.874016 0.165354 0.448819 
vn 0.874016 0.165354 0.448819 
vn -0.480315 0.228346 0.850394 
vn -0.480315 0.228346 0.850394 
vn -0.480315 0.228346 0.850394 
vn -0.480315 0.228346 0.850394 
vn 0.0393701 -0.96063 0.275591 
vn 0.0393701 -0.96063 0.275591 
vn 0.0393701 -0.96063 0.275591 
vn 0.0393701 -0.96063 0.275591 
vn -0.874016 -0.165354 -0.448819 
vn -0.874016 -0.165354 -0.448819 
vn -0.874016 -0.165354 -0.448819 
vn -0.874016 -0.165354 -0.448819 

vt 5.55 -0.25 
vt 5.5 -0.25 
vt 5.55 -0.4625 
vt 5.5 -0.4625 
vt 5.55 -0.25 
vt 5.5 -0.25 
vt 5.55 -0.3 
vt 5.5 -0.3 
vt 5.55 -0.25 
vt 5.5 -0.25 
vt 5.55 -0.4625 
vt 5.5 -0.4625 
vt 5.55 -0.25 
vt 5.5 -0.25 
vt 5.55 -0.4625 
vt 5.5 -0.4625 
vt 5.55 -0.25 
vt 5.5 -0.25 
vt 5.55 -0.3 
vt 5.5 -0.3 
vt 5.55 -0.25 
vt 5.5 -0.25 
vt 5.55 -0.4625 
vt 5.5 -0.4625 

usemtl Part118Mtl

f 3649/3649/3649 3650/3650/3650 3651/3651/3651 
f 3651/3651/3651 3650/3650/3650 3652/3652/3652 
f 3653/3653/3653 3654/3654/3654 3655/3655/3655 
f 3655/3655/3655 3654/3654/3654 3656/3656/3656 
f 3657/3657/3657 3658/3658/3658 3659/3659/3659 
f 3659/3659/3659 3658/3658/3658 3660/3660/3660 
f 3661/3661/3661 3662/3662/3662 3663/3663/3663 
f 3663/3663/3663 3662/3662/3662 3664/3664/3664 
f 3665/3665/3665 3666/3666/3666 3667/3667/3667 
f 3667/3667/3667 3666/3666/3666 3668/3668/3668 
f 3669/3669/3669 3670/3670/3670 3671/3671/3671 
f 3671/3671/3671 3670/3670/3670 3672/3672/3672 

g Part154

v -29.972 1.73876 -20.4194 
v -29.6207 1.7261 -20.2287 
v -30.3187 0.162495 -19.8854 
v -29.9674 0.149836 -19.6946 
v -29.7935 1.87538 -19.9003 
v -29.6207 1.7261 -20.2287 
v -30.1449 1.88804 -20.091 
v -29.972 1.73876 -20.4194 
v -29.6207 1.7261 -20.2287 
v -29.7935 1.87538 -19.9003 
v -29.9674 0.149836 -19.6946 
v -30.1402 0.299112 -19.3662 
v -29.7935 1.87538 -19.9003 
v -30.1449 1.88804 -20.091 
v -30.1402 0.299112 -19.3662 
v -30.4916 0.311771 -19.557 
v -30.4916 0.311771 -19.557 
v -30.3187 0.162495 -19.8854 
v -30.1402 0.299112 -19.3662 
v -29.9674 0.149836 -19.6946 
v -30.1449 1.88804 -20.091 
v -29.972 1.73876 -20.4194 
v -30.4916 0.311771 -19.557 
v -30.3187 0.162495 -19.8854 

vn 0.433071 -0.370079 -0.818898 
vn 0.433071 -0.370079 -0.818898 
vn 0.433071 -0.370079 -0.818898 
vn 0.433071 -0.370079 -0.818898 
vn 0.204724 0.929134 -0.314961 
vn 0.204724 0.929134 -0.314961 
vn 0.204724 0.929134 -0.314961 
vn 0.204724 0.929134 -0.314961 
vn 0.88189 -0.0314961 0.480315 
vn 0.88189 -0.0314961 0.480315 
vn 0.88189 -0.0314961 0.480315 
vn 0.88189 -0.0314961 0.480315 
vn -0.433071 0.370079 0.818898 
vn -0.433071 0.370079 0.818898 
vn -0.433071 0.370079 0.818898 
vn -0.433071 0.370079 0.818898 
vn -0.204724 -0.929134 0.314961 
vn -0.204724 -0.929134 0.314961 
vn -0.204724 -0.929134 0.314961 
vn -0.204724 -0.929134 0.314961 
vn -0.88189 0.0314961 -0.480315 
vn -0.88189 0.0314961 -0.480315 
vn -0.88189 0.0314961 -0.480315 
vn -0.88189 0.0314961 -0.480315 

vt 6.55 -4.25 
vt 6.5 -4.25 
vt 6.55 -4.4625 
vt 6.5 -4.4625 
vt 6.55 -4.25 
vt 6.5 -4.25 
vt 6.55 -4.3 
vt 6.5 -4.3 
vt 6.55 -4.25 
vt 6.5 -4.25 
vt 6.55 -4.4625 
vt 6.5 -4.4625 
vt 6.55 -4.25 
vt 6.5 -4.25 
vt 6.55 -4.4625 
vt 6.5 -4.4625 
vt 6.55 -4.25 
vt 6.5 -4.25 
vt 6.55 -4.3 
vt 6.5 -4.3 
vt 6.55 -4.25 
vt 6.5 -4.25 
vt 6.55 -4.4625 
vt 6.5 -4.4625 

usemtl Part118Mtl

f 3673/3673/3673 3674/3674/3674 3675/3675/3675 
f 3675/3675/3675 3674/3674/3674 3676/3676/3676 
f 3677/3677/3677 3678/3678/3678 3679/3679/3679 
f 3679/3679/3679 3678/3678/3678 3680/3680/3680 
f 3681/3681/3681 3682/3682/3682 3683/3683/3683 
f 3683/3683/3683 3682/3682/3682 3684/3684/3684 
f 3685/3685/3685 3686/3686/3686 3687/3687/3687 
f 3687/3687/3687 3686/3686/3686 3688/3688/3688 
f 3689/3689/3689 3690/3690/3690 3691/3691/3691 
f 3691/3691/3691 3690/3690/3690 3692/3692/3692 
f 3693/3693/3693 3694/3694/3694 3695/3695/3695 
f 3695/3695/3695 3694/3694/3694 3696/3696/3696 

g Part155

v -30.3841 2.54824 -19.7222 
v -29.9841 2.54824 -19.7222 
v -30.3841 0.248242 -19.7222 
v -29.9841 0.248242 -19.7222 
v -29.9841 2.54824 -19.3222 
v -29.9841 2.54824 -19.7222 
v -30.3841 2.54824 -19.3222 
v -30.3841 2.54824 -19.7222 
v -29.9841 2.54824 -19.7222 
v -29.9841 2.54824 -19.3222 
v -29.9841 0.248242 -19.7222 
v -29.9841 0.248242 -19.3222 
v -29.9841 2.54824 -19.3222 
v -30.3841 2.54824 -19.3222 
v -29.9841 0.248242 -19.3222 
v -30.3841 0.248242 -19.3222 
v -30.3841 0.248242 -19.3222 
v -30.3841 0.248242 -19.7222 
v -29.9841 0.248242 -19.3222 
v -29.9841 0.248242 -19.7222 
v -30.3841 2.54824 -19.3222 
v -30.3841 2.54824 -19.7222 
v -30.3841 0.248242 -19.3222 
v -30.3841 0.248242 -19.7222 

vn 0 0 -1 
vn 0 0 -1 
vn 0 0 -1 
vn 0 0 -1 
vn 0 1 0 
vn 0 1 0 
vn 0 1 0 
vn 0 1 0 
vn 1 0 0 
vn 1 0 0 
vn 1 0 0 
vn 1 0 0 
vn 0 0 1 
vn 0 0 1 
vn 0 0 1 
vn 0 0 1 
vn 0 -1 0 
vn 0 -1 0 
vn 0 -1 0 
vn 0 -1 0 
vn -1 0 0 
vn -1 0 0 
vn -1 0 0 
vn -1 0 0 

vt 1.05 -6.5 
vt 1 -6.5 
vt 1.05 -6.7875 
vt 1 -6.7875 
vt 1.05 -6.5 
vt 1 -6.5 
vt 1.05 -6.55 
vt 1 -6.55 
vt 1.05 -6.5 
vt 1 -6.5 
vt 1.05 -6.7875 
vt 1 -6.7875 
vt 1.05 -6.5 
vt 1 -6.5 
vt 1.05 -6.7875 
vt 1 -6.7875 
vt 1.05 -6.5 
vt 1 -6.5 
vt 1.05 -6.55 
vt 1 -6.55 
vt 1.05 -6.5 
vt 1 -6.5 
vt 1.05 -6.7875 
vt 1 -6.7875 

usemtl Part118Mtl

f 3697/3697/3697 3698/3698/3698 3699/3699/3699 
f 3699/3699/3699 3698/3698/3698 3700/3700/3700 
f 3701/3701/3701 3702/3702/3702 3703/3703/3703 
f 3703/3703/3703 3702/3702/3702 3704/3704/3704 
f 3705/3705/3705 3706/3706/3706 3707/3707/3707 
f 3707/3707/3707 3706/3706/3706 3708/3708/3708 
f 3709/3709/3709 3710/3710/3710 3711/3711/3711 
f 3711/3711/3711 3710/3710/3710 3712/3712/3712 
f 3713/3713/3713 3714/3714/3714 3715/3715/3715 
f 3715/3715/3715 3714/3714/3714 3716/3716/3716 
f 3717/3717/3717 3718/3718/3718 3719/3719/3719 
f 3719/3719/3719 3718/3718/3718 3720/3720/3720 

g Part156

v -27.6104 2.42675 -19.3376 
v -27.7547 2.3366 -18.9756 
v -27.8572 0.232819 -19.9824 
v -28.0015 0.142668 -19.6204 
v -28.1253 2.41591 -19.1036 
v -27.7547 2.3366 -18.9756 
v -27.981 2.50606 -19.4656 
v -27.6104 2.42675 -19.3376 
v -27.7547 2.3366 -18.9756 
v -28.1253 2.41591 -19.1036 
v -28.0015 0.142668 -19.6204 
v -28.3721 0.221976 -19.7483 
v -28.1253 2.41591 -19.1036 
v -27.981 2.50606 -19.4656 
v -28.3721 0.221976 -19.7483 
v -28.2278 0.312127 -20.1103 
v -28.2278 0.312127 -20.1103 
v -27.8572 0.232819 -19.9824 
v -28.3721 0.221976 -19.7483 
v -28.0015 0.142668 -19.6204 
v -27.981 2.50606 -19.4656 
v -27.6104 2.42675 -19.3376 
v -28.2278 0.312127 -20.1103 
v -27.8572 0.232819 -19.9824 

vn 0.929134 -0.19685 0.322835 
vn 0.929134 -0.19685 0.322835 
vn 0.929134 -0.19685 0.322835 
vn 0.929134 -0.19685 0.322835 
vn 0.110236 0.952756 0.283465 
vn 0.110236 0.952756 0.283465 
vn 0.110236 0.952756 0.283465 
vn 0.110236 0.952756 0.283465 
vn -0.362205 -0.228346 0.905512 
vn -0.362205 -0.228346 0.905512 
vn -0.362205 -0.228346 0.905512 
vn -0.362205 -0.228346 0.905512 
vn -0.929134 0.19685 -0.322835 
vn -0.929134 0.19685 -0.322835 
vn -0.929134 0.19685 -0.322835 
vn -0.929134 0.19685 -0.322835 
vn -0.110236 -0.952756 -0.283465 
vn -0.110236 -0.952756 -0.283465 
vn -0.110236 -0.952756 -0.283465 
vn -0.110236 -0.952756 -0.283465 
vn 0.362205 0.228346 -0.905512 
vn 0.362205 0.228346 -0.905512 
vn 0.362205 0.228346 -0.905512 
vn 0.362205 0.228346 -0.905512 

vt 5.55 -2.75 
vt 5.5 -2.75 
vt 5.55 -3.0375 
vt 5.5 -3.0375 
vt 5.55 -2.75 
vt 5.5 -2.75 
vt 5.55 -2.8 
vt 5.5 -2.8 
vt 5.55 -2.75 
vt 5.5 -2.75 
vt 5.55 -3.0375 
vt 5.5 -3.0375 
vt 5.55 -2.75 
vt 5.5 -2.75 
vt 5.55 -3.0375 
vt 5.5 -3.0375 
vt 5.55 -2.75 
vt 5.5 -2.75 
vt 5.55 -2.8 
vt 5.5 -2.8 
vt 5.55 -2.75 
vt 5.5 -2.75 
vt 5.55 -3.0375 
vt 5.5 -3.0375 

usemtl Part116Mtl

f 3721/3721/3721 3722/3722/3722 3723/3723/3723 
f 3723/3723/3723 3722/3722/3722 3724/3724/3724 
f 3725/3725/3725 3726/3726/3726 3727/3727/3727 
f 3727/3727/3727 3726/3726/3726 3728/3728/3728 
f 3729/3729/3729 3730/3730/3730 3731/3731/3731 
f 3731/3731/3731 3730/3730/3730 3732/3732/3732 
f 3733/3733/3733 3734/3734/3734 3735/3735/3735 
f 3735/3735/3735 3734/3734/3734 3736/3736/3736 
f 3737/3737/3737 3738/3738/3738 3739/3739/3739 
f 3739/3739/3739 3738/3738/3738 3740/3740/3740 
f 3741/3741/3741 3742/3742/3742 3743/3743/3743 
f 3743/3743/3743 3742/3742/3742 3744/3744/3744 

g Part157

v -27.1205 1.68726 -20.3724 
v -27.3016 1.75254 -20.0217 
v -27.5917 0.0549974 -20.3118 
v -27.7728 0.120282 -19.9612 
v -27.6405 1.84329 -20.2137 
v -27.3016 1.75254 -20.0217 
v -27.4594 1.778 -20.5643 
v -27.1205 1.68726 -20.3724 
v -27.3016 1.75254 -20.0217 
v -27.6405 1.84329 -20.2137 
v -27.7728 0.120282 -19.9612 
v -28.1118 0.211027 -20.1532 
v -27.6405 1.84329 -20.2137 
v -27.4594 1.778 -20.5643 
v -28.1118 0.211027 -20.1532 
v -27.9307 0.145742 -20.5038 
v -27.9307 0.145742 -20.5038 
v -27.5917 0.0549974 -20.3118 
v -28.1118 0.211027 -20.1532 
v -27.7728 0.120282 -19.9612 
v -27.4594 1.778 -20.5643 
v -27.1205 1.68726 -20.3724 
v -27.9307 0.145742 -20.5038 
v -27.5917 0.0549974 -20.3118 

vn 0.850394 -0.228346 0.480315 
vn 0.850394 -0.228346 0.480315 
vn 0.850394 -0.228346 0.480315 
vn 0.850394 -0.228346 0.480315 
vn 0.275591 0.96063 -0.0393701 
vn 0.275591 0.96063 -0.0393701 
vn 0.275591 0.96063 -0.0393701 
vn 0.275591 0.96063 -0.0393701 
vn -0.448819 0.165354 0.874016 
vn -0.448819 0.165354 0.874016 
vn -0.448819 0.165354 0.874016 
vn -0.448819 0.165354 0.874016 
vn -0.850394 0.228346 -0.480315 
vn -0.850394 0.228346 -0.480315 
vn -0.850394 0.228346 -0.480315 
vn -0.850394 0.228346 -0.480315 
vn -0.275591 -0.96063 0.0393701 
vn -0.275591 -0.96063 0.0393701 
vn -0.275591 -0.96063 0.0393701 
vn -0.275591 -0.96063 0.0393701 
vn 0.448819 -0.165354 -0.874016 
vn 0.448819 -0.165354 -0.874016 
vn 0.448819 -0.165354 -0.874016 
vn 0.448819 -0.165354 -0.874016 

vt 4.3 -5 
vt 4.25 -5 
vt 4.3 -5.2125 
vt 4.25 -5.2125 
vt 4.3 -5 
vt 4.25 -5 
vt 4.3 -5.05 
vt 4.25 -5.05 
vt 4.3 -5 
vt 4.25 -5 
vt 4.3 -5.2125 
vt 4.25 -5.2125 
vt 4.3 -5 
vt 4.25 -5 
vt 4.3 -5.2125 
vt 4.25 -5.2125 
vt 4.3 -5 
vt 4.25 -5 
vt 4.3 -5.05 
vt 4.25 -5.05 
vt 4.3 -5 
vt 4.25 -5 
vt 4.3 -5.2125 
vt 4.25 -5.2125 

usemtl Part117Mtl

f 3745/3745/3745 3746/3746/3746 3747/3747/3747 
f 3747/3747/3747 3746/3746/3746 3748/3748/3748 
f 3749/3749/3749 3750/3750/3750 3751/3751/3751 
f 3751/3751/3751 3750/3750/3750 3752/3752/3752 
f 3753/3753/3753 3754/3754/3754 3755/3755/3755 
f 3755/3755/3755 3754/3754/3754 3756/3756/3756 
f 3757/3757/3757 3758/3758/3758 3759/3759/3759 
f 3759/3759/3759 3758/3758/3758 3760/3760/3760 
f 3761/3761/3761 3762/3762/3762 3763/3763/3763 
f 3763/3763/3763 3762/3762/3762 3764/3764/3764 
f 3765/3765/3765 3766/3766/3766 3767/3767/3767 
f 3767/3767/3767 3766/3766/3766 3768/3768/3768 

g Part158

v -27.2508 1.67534 -19.8082 
v -27.4416 1.66268 -19.4568 
v -27.7849 0.0990755 -20.1549 
v -27.9756 0.0864166 -19.8035 
v -27.7699 1.81196 -19.6297 
v -27.4416 1.66268 -19.4568 
v -27.5792 1.82462 -19.9811 
v -27.2508 1.67534 -19.8082 
v -27.4416 1.66268 -19.4568 
v -27.7699 1.81196 -19.6297 
v -27.9756 0.0864166 -19.8035 
v -28.304 0.235692 -19.9764 
v -27.7699 1.81196 -19.6297 
v -27.5792 1.82462 -19.9811 
v -28.304 0.235692 -19.9764 
v -28.1132 0.248351 -20.3278 
v -28.1132 0.248351 -20.3278 
v -27.7849 0.0990755 -20.1549 
v -28.304 0.235692 -19.9764 
v -27.9756 0.0864166 -19.8035 
v -27.5792 1.82462 -19.9811 
v -27.2508 1.67534 -19.8082 
v -28.1132 0.248351 -20.3278 
v -27.7849 0.0990755 -20.1549 

vn 0.818898 -0.370079 0.433071 
vn 0.818898 -0.370079 0.433071 
vn 0.818898 -0.370079 0.433071 
vn 0.818898 -0.370079 0.433071 
vn 0.314961 0.929134 0.204724 
vn 0.314961 0.929134 0.204724 
vn 0.314961 0.929134 0.204724 
vn 0.314961 0.929134 0.204724 
vn -0.480315 -0.0314961 0.88189 
vn -0.480315 -0.0314961 0.88189 
vn -0.480315 -0.0314961 0.88189 
vn -0.480315 -0.0314961 0.88189 
vn -0.818898 0.370079 -0.433071 
vn -0.818898 0.370079 -0.433071 
vn -0.818898 0.370079 -0.433071 
vn -0.818898 0.370079 -0.433071 
vn -0.314961 -0.929134 -0.204724 
vn -0.314961 -0.929134 -0.204724 
vn -0.314961 -0.929134 -0.204724 
vn -0.314961 -0.929134 -0.204724 
vn 0.480315 0.0314961 -0.88189 
vn 0.480315 0.0314961 -0.88189 
vn 0.480315 0.0314961 -0.88189 
vn 0.480315 0.0314961 -0.88189 

vt 4.05 -4.75 
vt 4 -4.75 
vt 4.05 -4.9625 
vt 4 -4.9625 
vt 4.05 -4.75 
vt 4 -4.75 
vt 4.05 -4.8 
vt 4 -4.8 
vt 4.05 -4.75 
vt 4 -4.75 
vt 4.05 -4.9625 
vt 4 -4.9625 
vt 4.05 -4.75 
vt 4 -4.75 
vt 4.05 -4.9625 
vt 4 -4.9625 
vt 4.05 -4.75 
vt 4 -4.75 
vt 4.05 -4.8 
vt 4 -4.8 
vt 4.05 -4.75 
vt 4 -4.75 
vt 4.05 -4.9625 
vt 4 -4.9625 

usemtl Part118Mtl

f 3769/3769/3769 3770/3770/3770 3771/3771/3771 
f 3771/3771/3771 3770/3770/3770 3772/3772/3772 
f 3773/3773/3773 3774/3774/3774 3775/3775/3775 
f 3775/3775/3775 3774/3774/3774 3776/3776/3776 
f 3777/3777/3777 3778/3778/3778 3779/3779/3779 
f 3779/3779/3779 3778/3778/3778 3780/3780/3780 
f 3781/3781/3781 3782/3782/3782 3783/3783/3783 
f 3783/3783/3783 3782/3782/3782 3784/3784/3784 
f 3785/3785/3785 3786/3786/3786 3787/3787/3787 
f 3787/3787/3787 3786/3786/3786 3788/3788/3788 
f 3789/3789/3789 3790/3790/3790 3791/3791/3791 
f 3791/3791/3791 3790/3790/3790 3792/3792/3792 

g Part159

v -27.948 2.48482 -20.2203 
v -27.948 2.48482 -19.8203 
v -27.948 0.184824 -20.2203 
v -27.948 0.184824 -19.8203 
v -28.348 2.48482 -19.8203 
v -27.948 2.48482 -19.8203 
v -28.348 2.48482 -20.2203 
v -27.948 2.48482 -20.2203 
v -27.948 2.48482 -19.8203 
v -28.348 2.48482 -19.8203 
v -27.948 0.184824 -19.8203 
v -28.348 0.184824 -19.8203 
v -28.348 2.48482 -19.8203 
v -28.348 2.48482 -20.2203 
v -28.348 0.184824 -19.8203 
v -28.348 0.184824 -20.2203 
v -28.348 0.184824 -20.2203 
v -27.948 0.184824 -20.2203 
v -28.348 0.184824 -19.8203 
v -27.948 0.184824 -19.8203 
v -28.348 2.48482 -20.2203 
v -27.948 2.48482 -20.2203 
v -28.348 0.184824 -20.2203 
v -27.948 0.184824 -20.2203 

vn 1 0 0 
vn 1 0 0 
vn 1 0 0 
vn 1 0 0 
vn 0 1 0 
vn 0 1 0 
vn 0 1 0 
vn 0 1 0 
vn 0 0 1 
vn 0 0 1 
vn 0 0 1 
vn 0 0 1 
vn -1 0 0 
vn -1 0 0 
vn -1 0 0 
vn -1 0 0 
vn 0 -1 0 
vn 0 -1 0 
vn 0 -1 0 
vn 0 -1 0 
vn 0 0 -1 
vn 0 0 -1 
vn 0 0 -1 
vn 0 0 -1 

vt 1.3 -6.75 
vt 1.25 -6.75 
vt 1.3 -7.0375 
vt 1.25 -7.0375 
vt 1.3 -6.75 
vt 1.25 -6.75 
vt 1.3 -6.8 
vt 1.25 -6.8 
vt 1.3 -6.75 
vt 1.25 -6.75 
vt 1.3 -7.0375 
vt 1.25 -7.0375 
vt 1.3 -6.75 
vt 1.25 -6.75 
vt 1.3 -7.0375 
vt 1.25 -7.0375 
vt 1.3 -6.75 
vt 1.25 -6.75 
vt 1.3 -6.8 
vt 1.25 -6.8 
vt 1.3 -6.75 
vt 1.25 -6.75 
vt 1.3 -7.0375 
vt 1.25 -7.0375 

usemtl Part118Mtl

f 3793/3793/3793 3794/3794/3794 3795/3795/3795 
f 3795/3795/3795 3794/3794/3794 3796/3796/3796 
f 3797/3797/3797 3798/3798/3798 3799/3799/3799 
f 3799/3799/3799 3798/3798/3798 3800/3800/3800 
f 3801/3801/3801 3802/3802/3802 3803/3803/3803 
f 3803/3803/3803 3802/3802/3802 3804/3804/3804 
f 3805/3805/3805 3806/3806/3806 3807/3807/3807 
f 3807/3807/3807 3806/3806/3806 3808/3808/3808 
f 3809/3809/3809 3810/3810/3810 3811/3811/3811 
f 3811/3811/3811 3810/3810/3810 3812/3812/3812 
f 3813/3813/3813 3814/3814/3814 3815/3815/3815 
f 3815/3815/3815 3814/3814/3814 3816/3816/3816 

g Part160

v -63.6104 2.42675 -25.3376 
v -63.7547 2.3366 -24.9756 
v -63.8572 0.232819 -25.9824 
v -64.0015 0.142668 -25.6204 
v -64.1253 2.41591 -25.1036 
v -63.7547 2.3366 -24.9756 
v -63.981 2.50606 -25.4656 
v -63.6104 2.42675 -25.3376 
v -63.7547 2.3366 -24.9756 
v -64.1253 2.41591 -25.1036 
v -64.0015 0.142668 -25.6204 
v -64.3721 0.221976 -25.7483 
v -64.1253 2.41591 -25.1036 
v -63.981 2.50606 -25.4656 
v -64.3721 0.221976 -25.7483 
v -64.2278 0.312127 -26.1103 
v -64.2278 0.312127 -26.1103 
v -63.8572 0.232819 -25.9824 
v -64.3721 0.221976 -25.7483 
v -64.0015 0.142668 -25.6204 
v -63.981 2.50606 -25.4656 
v -63.6104 2.42675 -25.3376 
v -64.2278 0.312127 -26.1103 
v -63.8572 0.232819 -25.9824 

vn 0.929134 -0.19685 0.322835 
vn 0.929134 -0.19685 0.322835 
vn 0.929134 -0.19685 0.322835 
vn 0.929134 -0.19685 0.322835 
vn 0.110236 0.952756 0.283465 
vn 0.110236 0.952756 0.283465 
vn 0.110236 0.952756 0.283465 
vn 0.110236 0.952756 0.283465 
vn -0.362205 -0.228346 0.905512 
vn -0.362205 -0.228346 0.905512 
vn -0.362205 -0.228346 0.905512 
vn -0.362205 -0.228346 0.905512 
vn -0.929134 0.19685 -0.322835 
vn -0.929134 0.19685 -0.322835 
vn -0.929134 0.19685 -0.322835 
vn -0.929134 0.19685 -0.322835 
vn -0.110236 -0.952756 -0.283465 
vn -0.110236 -0.952756 -0.283465 
vn -0.110236 -0.952756 -0.283465 
vn -0.110236 -0.952756 -0.283465 
vn 0.362205 0.228346 -0.905512 
vn 0.362205 0.228346 -0.905512 
vn 0.362205 0.228346 -0.905512 
vn 0.362205 0.228346 -0.905512 

vt 0.3 -0.5 
vt 0.25 -0.5 
vt 0.3 -0.7875 
vt 0.25 -0.7875 
vt 0.3 -0.5 
vt 0.25 -0.5 
vt 0.3 -0.55 
vt 0.25 -0.55 
vt 0.3 -0.5 
vt 0.25 -0.5 
vt 0.3 -0.7875 
vt 0.25 -0.7875 
vt 0.3 -0.5 
vt 0.25 -0.5 
vt 0.3 -0.7875 
vt 0.25 -0.7875 
vt 0.3 -0.5 
vt 0.25 -0.5 
vt 0.3 -0.55 
vt 0.25 -0.55 
vt 0.3 -0.5 
vt 0.25 -0.5 
vt 0.3 -0.7875 
vt 0.25 -0.7875 

usemtl Part116Mtl

f 3817/3817/3817 3818/3818/3818 3819/3819/3819 
f 3819/3819/3819 3818/3818/3818 3820/3820/3820 
f 3821/3821/3821 3822/3822/3822 3823/3823/3823 
f 3823/3823/3823 3822/3822/3822 3824/3824/3824 
f 3825/3825/3825 3826/3826/3826 3827/3827/3827 
f 3827/3827/3827 3826/3826/3826 3828/3828/3828 
f 3829/3829/3829 3830/3830/3830 3831/3831/3831 
f 3831/3831/3831 3830/3830/3830 3832/3832/3832 
f 3833/3833/3833 3834/3834/3834 3835/3835/3835 
f 3835/3835/3835 3834/3834/3834 3836/3836/3836 
f 3837/3837/3837 3838/3838/3838 3839/3839/3839 
f 3839/3839/3839 3838/3838/3838 3840/3840/3840 

g Part161

v -63.1205 1.68726 -26.3724 
v -63.3016 1.75254 -26.0217 
v -63.5917 0.0549974 -26.3118 
v -63.7728 0.120282 -25.9612 
v -63.6405 1.84329 -26.2137 
v -63.3016 1.75254 -26.0217 
v -63.4594 1.778 -26.5643 
v -63.1205 1.68726 -26.3724 
v -63.3016 1.75254 -26.0217 
v -63.6405 1.84329 -26.2137 
v -63.7728 0.120282 -25.9612 
v -64.1118 0.211027 -26.1532 
v -63.6405 1.84329 -26.2137 
v -63.4594 1.778 -26.5643 
v -64.1118 0.211027 -26.1532 
v -63.9307 0.145742 -26.5038 
v -63.9307 0.145742 -26.5038 
v -63.5917 0.0549974 -26.3118 
v -64.1118 0.211027 -26.1532 
v -63.7728 0.120282 -25.9612 
v -63.4594 1.778 -26.5643 
v -63.1205 1.68726 -26.3724 
v -63.9307 0.145742 -26.5038 
v -63.5917 0.0549974 -26.3118 

vn 0.850394 -0.228346 0.480315 
vn 0.850394 -0.228346 0.480315 
vn 0.850394 -0.228346 0.480315 
vn 0.850394 -0.228346 0.480315 
vn 0.275591 0.96063 -0.0393701 
vn 0.275591 0.96063 -0.0393701 
vn 0.275591 0.96063 -0.0393701 
vn 0.275591 0.96063 -0.0393701 
vn -0.448819 0.165354 0.874016 
vn -0.448819 0.165354 0.874016 
vn -0.448819 0.165354 0.874016 
vn -0.448819 0.165354 0.874016 
vn -0.850394 0.228346 -0.480315 
vn -0.850394 0.228346 -0.480315 
vn -0.850394 0.228346 -0.480315 
vn -0.850394 0.228346 -0.480315 
vn -0.275591 -0.96063 0.0393701 
vn -0.275591 -0.96063 0.0393701 
vn -0.275591 -0.96063 0.0393701 
vn -0.275591 -0.96063 0.0393701 
vn 0.448819 -0.165354 -0.874016 
vn 0.448819 -0.165354 -0.874016 
vn 0.448819 -0.165354 -0.874016 
vn 0.448819 -0.165354 -0.874016 

vt 4.8 -0.75 
vt 4.75 -0.75 
vt 4.8 -0.9625 
vt 4.75 -0.9625 
vt 4.8 -0.75 
vt 4.75 -0.75 
vt 4.8 -0.8 
vt 4.75 -0.8 
vt 4.8 -0.75 
vt 4.75 -0.75 
vt 4.8 -0.9625 
vt 4.75 -0.9625 
vt 4.8 -0.75 
vt 4.75 -0.75 
vt 4.8 -0.9625 
vt 4.75 -0.9625 
vt 4.8 -0.75 
vt 4.75 -0.75 
vt 4.8 -0.8 
vt 4.75 -0.8 
vt 4.8 -0.75 
vt 4.75 -0.75 
vt 4.8 -0.9625 
vt 4.75 -0.9625 

usemtl Part117Mtl

f 3841/3841/3841 3842/3842/3842 3843/3843/3843 
f 3843/3843/3843 3842/3842/3842 3844/3844/3844 
f 3845/3845/3845 3846/3846/3846 3847/3847/3847 
f 3847/3847/3847 3846/3846/3846 3848/3848/3848 
f 3849/3849/3849 3850/3850/3850 3851/3851/3851 
f 3851/3851/3851 3850/3850/3850 3852/3852/3852 
f 3853/3853/3853 3854/3854/3854 3855/3855/3855 
f 3855/3855/3855 3854/3854/3854 3856/3856/3856 
f 3857/3857/3857 3858/3858/3858 3859/3859/3859 
f 3859/3859/3859 3858/3858/3858 3860/3860/3860 
f 3861/3861/3861 3862/3862/3862 3863/3863/3863 
f 3863/3863/3863 3862/3862/3862 3864/3864/3864 

g Part162

v -63.2508 1.67534 -25.8082 
v -63.4416 1.66268 -25.4568 
v -63.7849 0.0990755 -26.1549 
v -63.9756 0.0864166 -25.8035 
v -63.7699 1.81196 -25.6297 
v -63.4416 1.66268 -25.4568 
v -63.5792 1.82462 -25.9811 
v -63.2508 1.67534 -25.8082 
v -63.4416 1.66268 -25.4568 
v -63.7699 1.81196 -25.6297 
v -63.9756 0.0864166 -25.8035 
v -64.304 0.235692 -25.9764 
v -63.7699 1.81196 -25.6297 
v -63.5792 1.82462 -25.9811 
v -64.304 0.235692 -25.9764 
v -64.1132 0.248351 -26.3278 
v -64.1132 0.248351 -26.3278 
v -63.7849 0.0990755 -26.1549 
v -64.304 0.235692 -25.9764 
v -63.9756 0.0864166 -25.8035 
v -63.5792 1.82462 -25.9811 
v -63.2508 1.67534 -25.8082 
v -64.1132 0.248351 -26.3278 
v -63.7849 0.0990755 -26.1549 

vn 0.818898 -0.370079 0.433071 
vn 0.818898 -0.370079 0.433071 
vn 0.818898 -0.370079 0.433071 
vn 0.818898 -0.370079 0.433071 
vn 0.314961 0.929134 0.204724 
vn 0.314961 0.929134 0.204724 
vn 0.314961 0.929134 0.204724 
vn 0.314961 0.929134 0.204724 
vn -0.480315 -0.0314961 0.88189 
vn -0.480315 -0.0314961 0.88189 
vn -0.480315 -0.0314961 0.88189 
vn -0.480315 -0.0314961 0.88189 
vn -0.818898 0.370079 -0.433071 
vn -0.818898 0.370079 -0.433071 
vn -0.818898 0.370079 -0.433071 
vn -0.818898 0.370079 -0.433071 
vn -0.314961 -0.929134 -0.204724 
vn -0.314961 -0.929134 -0.204724 
vn -0.314961 -0.929134 -0.204724 
vn -0.314961 -0.929134 -0.204724 
vn 0.480315 0.0314961 -0.88189 
vn 0.480315 0.0314961 -0.88189 
vn 0.480315 0.0314961 -0.88189 
vn 0.480315 0.0314961 -0.88189 

vt 2.8 -6.75 
vt 2.75 -6.75 
vt 2.8 -6.9625 
vt 2.75 -6.9625 
vt 2.8 -6.75 
vt 2.75 -6.75 
vt 2.8 -6.8 
vt 2.75 -6.8 
vt 2.8 -6.75 
vt 2.75 -6.75 
vt 2.8 -6.9625 
vt 2.75 -6.9625 
vt 2.8 -6.75 
vt 2.75 -6.75 
vt 2.8 -6.9625 
vt 2.75 -6.9625 
vt 2.8 -6.75 
vt 2.75 -6.75 
vt 2.8 -6.8 
vt 2.75 -6.8 
vt 2.8 -6.75 
vt 2.75 -6.75 
vt 2.8 -6.9625 
vt 2.75 -6.9625 

usemtl Part118Mtl

f 3865/3865/3865 3866/3866/3866 3867/3867/3867 
f 3867/3867/3867 3866/3866/3866 3868/3868/3868 
f 3869/3869/3869 3870/3870/3870 3871/3871/3871 
f 3871/3871/3871 3870/3870/3870 3872/3872/3872 
f 3873/3873/3873 3874/3874/3874 3875/3875/3875 
f 3875/3875/3875 3874/3874/3874 3876/3876/3876 
f 3877/3877/3877 3878/3878/3878 3879/3879/3879 
f 3879/3879/3879 3878/3878/3878 3880/3880/3880 
f 3881/3881/3881 3882/3882/3882 3883/3883/3883 
f 3883/3883/3883 3882/3882/3882 3884/3884/3884 
f 3885/3885/3885 3886/3886/3886 3887/3887/3887 
f 3887/3887/3887 3886/3886/3886 3888/3888/3888 

g Part163

v -63.948 2.48482 -26.2203 
v -63.948 2.48482 -25.8203 
v -63.948 0.184824 -26.2203 
v -63.948 0.184824 -25.8203 
v -64.348 2.48482 -25.8203 
v -63.948 2.48482 -25.8203 
v -64.348 2.48482 -26.2203 
v -63.948 2.48482 -26.2203 
v -63.948 2.48482 -25.8203 
v -64.348 2.48482 -25.8203 
v -63.948 0.184824 -25.8203 
v -64.348 0.184824 -25.8203 
v -64.348 2.48482 -25.8203 
v -64.348 2.48482 -26.2203 
v -64.348 0.184824 -25.8203 
v -64.348 0.184824 -26.2203 
v -64.348 0.184824 -26.2203 
v -63.948 0.184824 -26.2203 
v -64.348 0.184824 -25.8203 
v -63.948 0.184824 -25.8203 
v -64.348 2.48482 -26.2203 
v -63.948 2.48482 -26.2203 
v -64.348 0.184824 -26.2203 
v -63.948 0.184824 -26.2203 

vn 1 0 0 
vn 1 0 0 
vn 1 0 0 
vn 1 0 0 
vn 0 1 0 
vn 0 1 0 
vn 0 1 0 
vn 0 1 0 
vn 0 0 1 
vn 0 0 1 
vn 0 0 1 
vn 0 0 1 
vn -1 0 0 
vn -1 0 0 
vn -1 0 0 
vn -1 0 0 
vn 0 -1 0 
vn 0 -1 0 
vn 0 -1 0 
vn 0 -1 0 
vn 0 0 -1 
vn 0 0 -1 
vn 0 0 -1 
vn 0 0 -1 

vt 1.3 -1.25 
vt 1.25 -1.25 
vt 1.3 -1.5375 
vt 1.25 -1.5375 
vt 1.3 -1.25 
vt 1.25 -1.25 
vt 1.3 -1.3 
vt 1.25 -1.3 
vt 1.3 -1.25 
vt 1.25 -1.25 
vt 1.3 -1.5375 
vt 1.25 -1.5375 
vt 1.3 -1.25 
vt 1.25 -1.25 
vt 1.3 -1.5375 
vt 1.25 -1.5375 
vt 1.3 -1.25 
vt 1.25 -1.25 
vt 1.3 -1.3 
vt 1.25 -1.3 
vt 1.3 -1.25 
vt 1.25 -1.25 
vt 1.3 -1.5375 
vt 1.25 -1.5375 

usemtl Part118Mtl

f 3889/3889/3889 3890/3890/3890 3891/3891/3891 
f 3891/3891/3891 3890/3890/3890 3892/3892/3892 
f 3893/3893/3893 3894/3894/3894 3895/3895/3895 
f 3895/3895/3895 3894/3894/3894 3896/3896/3896 
f 3897/3897/3897 3898/3898/3898 3899/3899/3899 
f 3899/3899/3899 3898/3898/3898 3900/3900/3900 
f 3901/3901/3901 3902/3902/3902 3903/3903/3903 
f 3903/3903/3903 3902/3902/3902 3904/3904/3904 
f 3905/3905/3905 3906/3906/3906 3907/3907/3907 
f 3907/3907/3907 3906/3906/3906 3908/3908/3908 
f 3909/3909/3909 3910/3910/3910 3911/3911/3911 
f 3911/3911/3911 3910/3910/3910 3912/3912/3912 

g Part164

v 15.2016 1.70187 -46.9724 
v 15.5522 1.76715 -46.7913 
v 15.2621 0.0696077 -46.5011 
v 15.6128 0.134892 -46.32 
v 15.3603 1.8579 -46.4523 
v 15.5522 1.76715 -46.7913 
v 15.0096 1.79261 -46.6334 
v 15.2016 1.70187 -46.9724 
v 15.5522 1.76715 -46.7913 
v 15.3603 1.8579 -46.4523 
v 15.6128 0.134892 -46.32 
v 15.4208 0.225637 -45.9811 
v 15.3603 1.8579 -46.4523 
v 15.0096 1.79261 -46.6334 
v 15.4208 0.225637 -45.9811 
v 15.0702 0.160352 -46.1622 
v 15.0702 0.160352 -46.1622 
v 15.2621 0.0696077 -46.5011 
v 15.4208 0.225637 -45.9811 
v 15.6128 0.134892 -46.32 
v 15.0096 1.79261 -46.6334 
v 15.2016 1.70187 -46.9724 
v 15.0702 0.160352 -46.1622 
v 15.2621 0.0696077 -46.5011 

vn 0.480315 -0.228346 -0.850394 
vn 0.480315 -0.228346 -0.850394 
vn 0.480315 -0.228346 -0.850394 
vn 0.480315 -0.228346 -0.850394 
vn -0.0393701 0.96063 -0.275591 
vn -0.0393701 0.96063 -0.275591 
vn -0.0393701 0.96063 -0.275591 
vn -0.0393701 0.96063 -0.275591 
vn 0.874016 0.165354 0.448819 
vn 0.874016 0.165354 0.448819 
vn 0.874016 0.165354 0.448819 
vn 0.874016 0.165354 0.448819 
vn -0.480315 0.228346 0.850394 
vn -0.480315 0.228346 0.850394 
vn -0.480315 0.228346 0.850394 
vn -0.480315 0.228346 0.850394 
vn 0.0393701 -0.96063 0.275591 
vn 0.0393701 -0.96063 0.275591 
vn 0.0393701 -0.96063 0.275591 
vn 0.0393701 -0.96063 0.275591 
vn -0.874016 -0.165354 -0.448819 
vn -0.874016 -0.165354 -0.448819 
vn -0.874016 -0.165354 -0.448819 
vn -0.874016 -0.165354 -0.448819 

vt 6.55 -6.5 
vt 6.5 -6.5 
vt 6.55 -6.7125 
vt 6.5 -6.7125 
vt 6.55 -6.5 
vt 6.5 -6.5 
vt 6.55 -6.55 
vt 6.5 -6.55 
vt 6.55 -6.5 
vt 6.5 -6.5 
vt 6.55 -6.7125 
vt 6.5 -6.7125 
vt 6.55 -6.5 
vt 6.5 -6.5 
vt 6.55 -6.7125 
vt 6.5 -6.7125 
vt 6.55 -6.5 
vt 6.5 -6.5 
vt 6.55 -6.55 
vt 6.5 -6.55 
vt 6.55 -6.5 
vt 6.5 -6.5 
vt 6.55 -6.7125 
vt 6.5 -6.7125 

usemtl Part118Mtl

f 3913/3913/3913 3914/3914/3914 3915/3915/3915 
f 3915/3915/3915 3914/3914/3914 3916/3916/3916 
f 3917/3917/3917 3918/3918/3918 3919/3919/3919 
f 3919/3919/3919 3918/3918/3918 3920/3920/3920 
f 3921/3921/3921 3922/3922/3922 3923/3923/3923 
f 3923/3923/3923 3922/3922/3922 3924/3924/3924 
f 3925/3925/3925 3926/3926/3926 3927/3927/3927 
f 3927/3927/3927 3926/3926/3926 3928/3928/3928 
f 3929/3929/3929 3930/3930/3930 3931/3931/3931 
f 3931/3931/3931 3930/3930/3930 3932/3932/3932 
f 3933/3933/3933 3934/3934/3934 3935/3935/3935 
f 3935/3935/3935 3934/3934/3934 3936/3936/3936 

g Part165

v 15.8401 1.64392 -47.0571 
v 16.1915 1.63126 -46.8663 
v 15.4934 0.0676541 -46.523 
v 15.8448 0.0549952 -46.3323 
v 16.0186 1.78054 -46.538 
v 16.1915 1.63126 -46.8663 
v 15.6672 1.7932 -46.7287 
v 15.8401 1.64392 -47.0571 
v 16.1915 1.63126 -46.8663 
v 16.0186 1.78054 -46.538 
v 15.8448 0.0549952 -46.3323 
v 15.6719 0.204271 -46.0039 
v 16.0186 1.78054 -46.538 
v 15.6672 1.7932 -46.7287 
v 15.6719 0.204271 -46.0039 
v 15.3205 0.21693 -46.1947 
v 15.3205 0.21693 -46.1947 
v 15.4934 0.0676541 -46.523 
v 15.6719 0.204271 -46.0039 
v 15.8448 0.0549952 -46.3323 
v 15.6672 1.7932 -46.7287 
v 15.8401 1.64392 -47.0571 
v 15.3205 0.21693 -46.1947 
v 15.4934 0.0676541 -46.523 

vn 0.433071 -0.370079 -0.818898 
vn 0.433071 -0.370079 -0.818898 
vn 0.433071 -0.370079 -0.818898 
vn 0.433071 -0.370079 -0.818898 
vn 0.204724 0.929134 -0.314961 
vn 0.204724 0.929134 -0.314961 
vn 0.204724 0.929134 -0.314961 
vn 0.204724 0.929134 -0.314961 
vn 0.88189 -0.0314961 0.480315 
vn 0.88189 -0.0314961 0.480315 
vn 0.88189 -0.0314961 0.480315 
vn 0.88189 -0.0314961 0.480315 
vn -0.433071 0.370079 0.818898 
vn -0.433071 0.370079 0.818898 
vn -0.433071 0.370079 0.818898 
vn -0.433071 0.370079 0.818898 
vn -0.204724 -0.929134 0.314961 
vn -0.204724 -0.929134 0.314961 
vn -0.204724 -0.929134 0.314961 
vn -0.204724 -0.929134 0.314961 
vn -0.88189 0.0314961 -0.480315 
vn -0.88189 0.0314961 -0.480315 
vn -0.88189 0.0314961 -0.480315 
vn -0.88189 0.0314961 -0.480315 

vt 7.05 -1.5 
vt 7 -1.5 
vt 7.05 -1.7125 
vt 7 -1.7125 
vt 7.05 -1.5 
vt 7 -1.5 
vt 7.05 -1.55 
vt 7 -1.55 
vt 7.05 -1.5 
vt 7 -1.5 
vt 7.05 -1.7125 
vt 7 -1.7125 
vt 7.05 -1.5 
vt 7 -1.5 
vt 7.05 -1.7125 
vt 7 -1.7125 
vt 7.05 -1.5 
vt 7 -1.5 
vt 7.05 -1.55 
vt 7 -1.55 
vt 7.05 -1.5 
vt 7 -1.5 
vt 7.05 -1.7125 
vt 7 -1.7125 

usemtl Part118Mtl

f 3937/3937/3937 3938/3938/3938 3939/3939/3939 
f 3939/3939/3939 3938/3938/3938 3940/3940/3940 
f 3941/3941/3941 3942/3942/3942 3943/3943/3943 
f 3943/3943/3943 3942/3942/3942 3944/3944/3944 
f 3945/3945/3945 3946/3946/3946 3947/3947/3947 
f 3947/3947/3947 3946/3946/3946 3948/3948/3948 
f 3949/3949/3949 3950/3950/3950 3951/3951/3951 
f 3951/3951/3951 3950/3950/3950 3952/3952/3952 
f 3953/3953/3953 3954/3954/3954 3955/3955/3955 
f 3955/3955/3955 3954/3954/3954 3956/3956/3956 
f 3957/3957/3957 3958/3958/3958 3959/3959/3959 
f 3959/3959/3959 3958/3958/3958 3960/3960/3960 

g Part166

v 15.428 2.4534 -46.3599 
v 15.828 2.4534 -46.3599 
v 15.428 0.153405 -46.3599 
v 15.828 0.153405 -46.3599 
v 15.828 2.4534 -45.9599 
v 15.828 2.4534 -46.3599 
v 15.428 2.4534 -45.9599 
v 15.428 2.4534 -46.3599 
v 15.828 2.4534 -46.3599 
v 15.828 2.4534 -45.9599 
v 15.828 0.153405 -46.3599 
v 15.828 0.153405 -45.9599 
v 15.828 2.4534 -45.9599 
v 15.428 2.4534 -45.9599 
v 15.828 0.153405 -45.9599 
v 15.428 0.153405 -45.9599 
v 15.428 0.153405 -45.9599 
v 15.428 0.153405 -46.3599 
v 15.828 0.153405 -45.9599 
v 15.828 0.153405 -46.3599 
v 15.428 2.4534 -45.9599 
v 15.428 2.4534 -46.3599 
v 15.428 0.153405 -45.9599 
v 15.428 0.153405 -46.3599 

vn 0 0 -1 
vn 0 0 -1 
vn 0 0 -1 
vn 0 0 -1 
vn 0 1 0 
vn 0 1 0 
vn 0 1 0 
vn 0 1 0 
vn 1 0 0 
vn 1 0 0 
vn 1 0 0 
vn 1 0 0 
vn 0 0 1 
vn 0 0 1 
vn 0 0 1 
vn 0 0 1 
vn 0 -1 0 
vn 0 -1 0 
vn 0 -1 0 
vn 0 -1 0 
vn -1 0 0 
vn -1 0 0 
vn -1 0 0 
vn -1 0 0 

vt 4.3 -2.5 
vt 4.25 -2.5 
vt 4.3 -2.7875 
vt 4.25 -2.7875 
vt 4.3 -2.5 
vt 4.25 -2.5 
vt 4.3 -2.55 
vt 4.25 -2.55 
vt 4.3 -2.5 
vt 4.25 -2.5 
vt 4.3 -2.7875 
vt 4.25 -2.7875 
vt 4.3 -2.5 
vt 4.25 -2.5 
vt 4.3 -2.7875 
vt 4.25 -2.7875 
vt 4.3 -2.5 
vt 4.25 -2.5 
vt 4.3 -2.55 
vt 4.25 -2.55 
vt 4.3 -2.5 
vt 4.25 -2.5 
vt 4.3 -2.7875 
vt 4.25 -2.7875 

usemtl Part122Mtl

f 3961/3961/3961 3962/3962/3962 3963/3963/3963 
f 3963/3963/3963 3962/3962/3962 3964/3964/3964 
f 3965/3965/3965 3966/3966/3966 3967/3967/3967 
f 3967/3967/3967 3966/3966/3966 3968/3968/3968 
f 3969/3969/3969 3970/3970/3970 3971/3971/3971 
f 3971/3971/3971 3970/3970/3970 3972/3972/3972 
f 3973/3973/3973 3974/3974/3974 3975/3975/3975 
f 3975/3975/3975 3974/3974/3974 3976/3976/3976 
f 3977/3977/3977 3978/3978/3978 3979/3979/3979 
f 3979/3979/3979 3978/3978/3978 3980/3980/3980 
f 3981/3981/3981 3982/3982/3982 3983/3983/3983 
f 3983/3983/3983 3982/3982/3982 3984/3984/3984 

g Part167

v 15.1806 1.7729 -44.2568 
v 15.4817 1.77135 -44.5201 
v 14.723 0.218519 -44.7712 
v 15.0242 0.216969 -45.0344 
v 15.722 1.60938 -44.2443 
v 15.4817 1.77135 -44.5201 
v 15.4208 1.61093 -43.9811 
v 15.1806 1.7729 -44.2568 
v 15.4817 1.77135 -44.5201 
v 15.722 1.60938 -44.2443 
v 15.0242 0.216969 -45.0344 
v 15.2644 0.0549983 -44.7586 
v 15.722 1.60938 -44.2443 
v 15.4208 1.61093 -43.9811 
v 15.2644 0.0549983 -44.7586 
v 14.9632 0.0565485 -44.4954 
v 14.9632 0.0565485 -44.4954 
v 14.723 0.218519 -44.7712 
v 15.2644 0.0549983 -44.7586 
v 15.0242 0.216969 -45.0344 
v 15.4208 1.61093 -43.9811 
v 15.1806 1.7729 -44.2568 
v 14.9632 0.0565485 -44.4954 
v 14.723 0.218519 -44.7712 

vn -0.598425 0.401575 -0.692913 
vn -0.598425 0.401575 -0.692913 
vn -0.598425 0.401575 -0.692913 
vn -0.598425 0.401575 -0.692913 
vn 0.267717 0.913386 0.299213 
vn 0.267717 0.913386 0.299213 
vn 0.267717 0.913386 0.299213 
vn 0.267717 0.913386 0.299213 
vn 0.755906 0 -0.661417 
vn 0.755906 0 -0.661417 
vn 0.755906 0 -0.661417 
vn 0.755906 0 -0.661417 
vn 0.598425 -0.401575 0.692913 
vn 0.598425 -0.401575 0.692913 
vn 0.598425 -0.401575 0.692913 
vn 0.598425 -0.401575 0.692913 
vn -0.267717 -0.913386 -0.299213 
vn -0.267717 -0.913386 -0.299213 
vn -0.267717 -0.913386 -0.299213 
vn -0.267717 -0.913386 -0.299213 
vn -0.755906 0 0.661417 
vn -0.755906 0 0.661417 
vn -0.755906 0 0.661417 
vn -0.755906 0 0.661417 

vt 4.8 -5.75 
vt 4.75 -5.75 
vt 4.8 -5.9625 
vt 4.75 -5.9625 
vt 4.8 -5.75 
vt 4.75 -5.75 
vt 4.8 -5.8 
vt 4.75 -5.8 
vt 4.8 -5.75 
vt 4.75 -5.75 
vt 4.8 -5.9625 
vt 4.75 -5.9625 
vt 4.8 -5.75 
vt 4.75 -5.75 
vt 4.8 -5.9625 
vt 4.75 -5.9625 
vt 4.8 -5.75 
vt 4.75 -5.75 
vt 4.8 -5.8 
vt 4.75 -5.8 
vt 4.8 -5.75 
vt 4.75 -5.75 
vt 4.8 -5.9625 
vt 4.75 -5.9625 

usemtl Part123Mtl

f 3985/3985/3985 3986/3986/3986 3987/3987/3987 
f 3987/3987/3987 3986/3986/3986 3988/3988/3988 
f 3989/3989/3989 3990/3990/3990 3991/3991/3991 
f 3991/3991/3991 3990/3990/3990 3992/3992/3992 
f 3993/3993/3993 3994/3994/3994 3995/3995/3995 
f 3995/3995/3995 3994/3994/3994 3996/3996/3996 
f 3997/3997/3997 3998/3998/3998 3999/3999/3999 
f 3999/3999/3999 3998/3998/3998 4000/4000/4000 
f 4001/4001/4001 4002/4002/4002 4003/4003/4003 
f 4003/4003/4003 4002/4002/4002 4004/4004/4004 
f 4005/4005/4005 4006/4006/4006 4007/4007/4007 
f 4007/4007/4007 4006/4006/4006 4008/4008/4008 

g Part168

v 14.3895 1.7967 -45.3347 
v 14.7401 1.86199 -45.1536 
v 14.45 0.164443 -44.8634 
v 14.8007 0.229728 -44.6824 
v 14.5482 1.95273 -44.8146 
v 14.7401 1.86199 -45.1536 
v 14.1975 1.88745 -44.9957 
v 14.3895 1.7967 -45.3347 
v 14.7401 1.86199 -45.1536 
v 14.5482 1.95273 -44.8146 
v 14.8007 0.229728 -44.6824 
v 14.6087 0.320472 -44.3434 
v 14.5482 1.95273 -44.8146 
v 14.1975 1.88745 -44.9957 
v 14.6087 0.320472 -44.3434 
v 14.2581 0.255187 -44.5245 
v 14.2581 0.255187 -44.5245 
v 14.45 0.164443 -44.8634 
v 14.6087 0.320472 -44.3434 
v 14.8007 0.229728 -44.6824 
v 14.1975 1.88745 -44.9957 
v 14.3895 1.7967 -45.3347 
v 14.2581 0.255187 -44.5245 
v 14.45 0.164443 -44.8634 

vn 0.480315 -0.228346 -0.850394 
vn 0.480315 -0.228346 -0.850394 
vn 0.480315 -0.228346 -0.850394 
vn 0.480315 -0.228346 -0.850394 
vn -0.0393701 0.96063 -0.275591 
vn -0.0393701 0.96063 -0.275591 
vn -0.0393701 0.96063 -0.275591 
vn -0.0393701 0.96063 -0.275591 
vn 0.874016 0.165354 0.448819 
vn 0.874016 0.165354 0.448819 
vn 0.874016 0.165354 0.448819 
vn 0.874016 0.165354 0.448819 
vn -0.480315 0.228346 0.850394 
vn -0.480315 0.228346 0.850394 
vn -0.480315 0.228346 0.850394 
vn -0.480315 0.228346 0.850394 
vn 0.0393701 -0.96063 0.275591 
vn 0.0393701 -0.96063 0.275591 
vn 0.0393701 -0.96063 0.275591 
vn 0.0393701 -0.96063 0.275591 
vn -0.874016 -0.165354 -0.448819 
vn -0.874016 -0.165354 -0.448819 
vn -0.874016 -0.165354 -0.448819 
vn -0.874016 -0.165354 -0.448819 

vt 6.05 -0.5 
vt 6 -0.5 
vt 6.05 -0.7125 
vt 6 -0.7125 
vt 6.05 -0.5 
vt 6 -0.5 
vt 6.05 -0.55 
vt 6 -0.55 
vt 6.05 -0.5 
vt 6 -0.5 
vt 6.05 -0.7125 
vt 6 -0.7125 
vt 6.05 -0.5 
vt 6 -0.5 
vt 6.05 -0.7125 
vt 6 -0.7125 
vt 6.05 -0.5 
vt 6 -0.5 
vt 6.05 -0.55 
vt 6 -0.55 
vt 6.05 -0.5 
vt 6 -0.5 
vt 6.05 -0.7125 
vt 6 -0.7125 

usemtl Part118Mtl

f 4009/4009/4009 4010/4010/4010 4011/4011/4011 
f 4011/4011/4011 4010/4010/4010 4012/4012/4012 
f 4013/4013/4013 4014/4014/4014 4015/4015/4015 
f 4015/4015/4015 4014/4014/4014 4016/4016/4016 
f 4017/4017/4017 4018/4018/4018 4019/4019/4019 
f 4019/4019/4019 4018/4018/4018 4020/4020/4020 
f 4021/4021/4021 4022/4022/4022 4023/4023/4023 
f 4023/4023/4023 4022/4022/4022 4024/4024/4024 
f 4025/4025/4025 4026/4026/4026 4027/4027/4027 
f 4027/4027/4027 4026/4026/4026 4028/4028/4028 
f 4029/4029/4029 4030/4030/4030 4031/4031/4031 
f 4031/4031/4031 4030/4030/4030 4032/4032/4032 

g Part169

v 15.028 1.73876 -45.4194 
v 15.3793 1.7261 -45.2286 
v 14.6813 0.162495 -44.8854 
v 15.0326 0.149836 -44.6946 
v 15.2065 1.87538 -44.9003 
v 15.3793 1.7261 -45.2286 
v 14.8551 1.88804 -45.091 
v 15.028 1.73876 -45.4194 
v 15.3793 1.7261 -45.2286 
v 15.2065 1.87538 -44.9003 
v 15.0326 0.149836 -44.6946 
v 14.8598 0.299112 -44.3662 
v 15.2065 1.87538 -44.9003 
v 14.8551 1.88804 -45.091 
v 14.8598 0.299112 -44.3662 
v 14.5084 0.311771 -44.557 
v 14.5084 0.311771 -44.557 
v 14.6813 0.162495 -44.8854 
v 14.8598 0.299112 -44.3662 
v 15.0326 0.149836 -44.6946 
v 14.8551 1.88804 -45.091 
v 15.028 1.73876 -45.4194 
v 14.5084 0.311771 -44.557 
v 14.6813 0.162495 -44.8854 

vn 0.433071 -0.370079 -0.818898 
vn 0.433071 -0.370079 -0.818898 
vn 0.433071 -0.370079 -0.818898 
vn 0.433071 -0.370079 -0.818898 
vn 0.204724 0.929134 -0.314961 
vn 0.204724 0.929134 -0.314961 
vn 0.204724 0.929134 -0.314961 
vn 0.204724 0.929134 -0.314961 
vn 0.88189 -0.0314961 0.480315 
vn 0.88189 -0.0314961 0.480315 
vn 0.88189 -0.0314961 0.480315 
vn 0.88189 -0.0314961 0.480315 
vn -0.433071 0.370079 0.818898 
vn -0.433071 0.370079 0.818898 
vn -0.433071 0.370079 0.818898 
vn -0.433071 0.370079 0.818898 
vn -0.204724 -0.929134 0.314961 
vn -0.204724 -0.929134 0.314961 
vn -0.204724 -0.929134 0.314961 
vn -0.204724 -0.929134 0.314961 
vn -0.88189 0.0314961 -0.480315 
vn -0.88189 0.0314961 -0.480315 
vn -0.88189 0.0314961 -0.480315 
vn -0.88189 0.0314961 -0.480315 

vt 5.05 -1 
vt 5 -1 
vt 5.05 -1.2125 
vt 5 -1.2125 
vt 5.05 -1 
vt 5 -1 
vt 5.05 -1.05 
vt 5 -1.05 
vt 5.05 -1 
vt 5 -1 
vt 5.05 -1.2125 
vt 5 -1.2125 
vt 5.05 -1 
vt 5 -1 
vt 5.05 -1.2125 
vt 5 -1.2125 
vt 5.05 -1 
vt 5 -1 
vt 5.05 -1.05 
vt 5 -1.05 
vt 5.05 -1 
vt 5 -1 
vt 5.05 -1.2125 
vt 5 -1.2125 

usemtl Part118Mtl

f 4033/4033/4033 4034/4034/4034 4035/4035/4035 
f 4035/4035/4035 4034/4034/4034 4036/4036/4036 
f 4037/4037/4037 4038/4038/4038 4039/4039/4039 
f 4039/4039/4039 4038/4038/4038 4040/4040/4040 
f 4041/4041/4041 4042/4042/4042 4043/4043/4043 
f 4043/4043/4043 4042/4042/4042 4044/4044/4044 
f 4045/4045/4045 4046/4046/4046 4047/4047/4047 
f 4047/4047/4047 4046/4046/4046 4048/4048/4048 
f 4049/4049/4049 4050/4050/4050 4051/4051/4051 
f 4051/4051/4051 4050/4050/4050 4052/4052/4052 
f 4053/4053/4053 4054/4054/4054 4055/4055/4055 
f 4055/4055/4055 4054/4054/4054 4056/4056/4056 

g Part170

v 14.6159 2.54824 -44.7222 
v 15.0159 2.54824 -44.7222 
v 14.6159 0.248242 -44.7222 
v 15.0159 0.248242 -44.7222 
v 15.0159 2.54824 -44.3222 
v 15.0159 2.54824 -44.7222 
v 14.6159 2.54824 -44.3222 
v 14.6159 2.54824 -44.7222 
v 15.0159 2.54824 -44.7222 
v 15.0159 2.54824 -44.3222 
v 15.0159 0.248242 -44.7222 
v 15.0159 0.248242 -44.3222 
v 15.0159 2.54824 -44.3222 
v 14.6159 2.54824 -44.3222 
v 15.0159 0.248242 -44.3222 
v 14.6159 0.248242 -44.3222 
v 14.6159 0.248242 -44.3222 
v 14.6159 0.248242 -44.7222 
v 15.0159 0.248242 -44.3222 
v 15.0159 0.248242 -44.7222 
v 14.6159 2.54824 -44.3222 
v 14.6159 2.54824 -44.7222 
v 14.6159 0.248242 -44.3222 
v 14.6159 0.248242 -44.7222 

vn 0 0 -1 
vn 0 0 -1 
vn 0 0 -1 
vn 0 0 -1 
vn 0 1 0 
vn 0 1 0 
vn 0 1 0 
vn 0 1 0 
vn 1 0 0 
vn 1 0 0 
vn 1 0 0 
vn 1 0 0 
vn 0 0 1 
vn 0 0 1 
vn 0 0 1 
vn 0 0 1 
vn 0 -1 0 
vn 0 -1 0 
vn 0 -1 0 
vn 0 -1 0 
vn -1 0 0 
vn -1 0 0 
vn -1 0 0 
vn -1 0 0 

vt 3.55 -3.75 
vt 3.5 -3.75 
vt 3.55 -4.0375 
vt 3.5 -4.0375 
vt 3.55 -3.75 
vt 3.5 -3.75 
vt 3.55 -3.8 
vt 3.5 -3.8 
vt 3.55 -3.75 
vt 3.5 -3.75 
vt 3.55 -4.0375 
vt 3.5 -4.0375 
vt 3.55 -3.75 
vt 3.5 -3.75 
vt 3.55 -4.0375 
vt 3.5 -4.0375 
vt 3.55 -3.75 
vt 3.5 -3.75 
vt 3.55 -3.8 
vt 3.5 -3.8 
vt 3.55 -3.75 
vt 3.5 -3.75 
vt 3.55 -4.0375 
vt 3.5 -4.0375 

usemtl Part118Mtl

f 4057/4057/4057 4058/4058/4058 4059/4059/4059 
f 4059/4059/4059 4058/4058/4058 4060/4060/4060 
f 4061/4061/4061 4062/4062/4062 4063/4063/4063 
f 4063/4063/4063 4062/4062/4062 4064/4064/4064 
f 4065/4065/4065 4066/4066/4066 4067/4067/4067 
f 4067/4067/4067 4066/4066/4066 4068/4068/4068 
f 4069/4069/4069 4070/4070/4070 4071/4071/4071 
f 4071/4071/4071 4070/4070/4070 4072/4072/4072 
f 4073/4073/4073 4074/4074/4074 4075/4075/4075 
f 4075/4075/4075 4074/4074/4074 4076/4076/4076 
f 4077/4077/4077 4078/4078/4078 4079/4079/4079 
f 4079/4079/4079 4078/4078/4078 4080/4080/4080 

g Part171

v 17.3896 2.42675 -44.3376 
v 17.2453 2.3366 -43.9756 
v 17.1428 0.232819 -44.9824 
v 16.9985 0.142668 -44.6204 
v 16.8747 2.41591 -44.1036 
v 17.2453 2.3366 -43.9756 
v 17.019 2.50606 -44.4656 
v 17.3896 2.42675 -44.3376 
v 17.2453 2.3366 -43.9756 
v 16.8747 2.41591 -44.1036 
v 16.9985 0.142668 -44.6204 
v 16.6279 0.221976 -44.7483 
v 16.8747 2.41591 -44.1036 
v 17.019 2.50606 -44.4656 
v 16.6279 0.221976 -44.7483 
v 16.7722 0.312127 -45.1103 
v 16.7722 0.312127 -45.1103 
v 17.1428 0.232819 -44.9824 
v 16.6279 0.221976 -44.7483 
v 16.9985 0.142668 -44.6204 
v 17.019 2.50606 -44.4656 
v 17.3896 2.42675 -44.3376 
v 16.7722 0.312127 -45.1103 
v 17.1428 0.232819 -44.9824 

vn 0.929134 -0.19685 0.322835 
vn 0.929134 -0.19685 0.322835 
vn 0.929134 -0.19685 0.322835 
vn 0.929134 -0.19685 0.322835 
vn 0.110236 0.952756 0.283465 
vn 0.110236 0.952756 0.283465 
vn 0.110236 0.952756 0.283465 
vn 0.110236 0.952756 0.283465 
vn -0.362205 -0.228346 0.905512 
vn -0.362205 -0.228346 0.905512 
vn -0.362205 -0.228346 0.905512 
vn -0.362205 -0.228346 0.905512 
vn -0.929134 0.19685 -0.322835 
vn -0.929134 0.19685 -0.322835 
vn -0.929134 0.19685 -0.322835 
vn -0.929134 0.19685 -0.322835 
vn -0.110236 -0.952756 -0.283465 
vn -0.110236 -0.952756 -0.283465 
vn -0.110236 -0.952756 -0.283465 
vn -0.110236 -0.952756 -0.283465 
vn 0.362205 0.228346 -0.905512 
vn 0.362205 0.228346 -0.905512 
vn 0.362205 0.228346 -0.905512 
vn 0.362205 0.228346 -0.905512 

vt 7.3 -6 
vt 7.25 -6 
vt 7.3 -6.2875 
vt 7.25 -6.2875 
vt 7.3 -6 
vt 7.25 -6 
vt 7.3 -6.05 
vt 7.25 -6.05 
vt 7.3 -6 
vt 7.25 -6 
vt 7.3 -6.2875 
vt 7.25 -6.2875 
vt 7.3 -6 
vt 7.25 -6 
vt 7.3 -6.2875 
vt 7.25 -6.2875 
vt 7.3 -6 
vt 7.25 -6 
vt 7.3 -6.05 
vt 7.25 -6.05 
vt 7.3 -6 
vt 7.25 -6 
vt 7.3 -6.2875 
vt 7.25 -6.2875 

usemtl Part116Mtl

f 4081/4081/4081 4082/4082/4082 4083/4083/4083 
f 4083/4083/4083 4082/4082/4082 4084/4084/4084 
f 4085/4085/4085 4086/4086/4086 4087/4087/4087 
f 4087/4087/4087 4086/4086/4086 4088/4088/4088 
f 4089/4089/4089 4090/4090/4090 4091/4091/4091 
f 4091/4091/4091 4090/4090/4090 4092/4092/4092 
f 4093/4093/4093 4094/4094/4094 4095/4095/4095 
f 4095/4095/4095 4094/4094/4094 4096/4096/4096 
f 4097/4097/4097 4098/4098/4098 4099/4099/4099 
f 4099/4099/4099 4098/4098/4098 4100/4100/4100 
f 4101/4101/4101 4102/4102/4102 4103/4103/4103 
f 4103/4103/4103 4102/4102/4102 4104/4104/4104 

g Part172

v 17.8795 1.68726 -45.3724 
v 17.6984 1.75254 -45.0217 
v 17.4083 0.0549974 -45.3118 
v 17.2272 0.120282 -44.9612 
v 17.3595 1.84329 -45.2137 
v 17.6984 1.75254 -45.0217 
v 17.5406 1.778 -45.5643 
v 17.8795 1.68726 -45.3724 
v 17.6984 1.75254 -45.0217 
v 17.3595 1.84329 -45.2137 
v 17.2272 0.120282 -44.9612 
v 16.8882 0.211027 -45.1532 
v 17.3595 1.84329 -45.2137 
v 17.5406 1.778 -45.5643 
v 16.8882 0.211027 -45.1532 
v 17.0693 0.145742 -45.5038 
v 17.0693 0.145742 -45.5038 
v 17.4083 0.0549974 -45.3118 
v 16.8882 0.211027 -45.1532 
v 17.2272 0.120282 -44.9612 
v 17.5406 1.778 -45.5643 
v 17.8795 1.68726 -45.3724 
v 17.0693 0.145742 -45.5038 
v 17.4083 0.0549974 -45.3118 

vn 0.850394 -0.228346 0.480315 
vn 0.850394 -0.228346 0.480315 
vn 0.850394 -0.228346 0.480315 
vn 0.850394 -0.228346 0.480315 
vn 0.275591 0.96063 -0.0393701 
vn 0.275591 0.96063 -0.0393701 
vn 0.275591 0.96063 -0.0393701 
vn 0.275591 0.96063 -0.0393701 
vn -0.448819 0.165354 0.874016 
vn -0.448819 0.165354 0.874016 
vn -0.448819 0.165354 0.874016 
vn -0.448819 0.165354 0.874016 
vn -0.850394 0.228346 -0.480315 
vn -0.850394 0.228346 -0.480315 
vn -0.850394 0.228346 -0.480315 
vn -0.850394 0.228346 -0.480315 
vn -0.275591 -0.96063 0.0393701 
vn -0.275591 -0.96063 0.0393701 
vn -0.275591 -0.96063 0.0393701 
vn -0.275591 -0.96063 0.0393701 
vn 0.448819 -0.165354 -0.874016 
vn 0.448819 -0.165354 -0.874016 
vn 0.448819 -0.165354 -0.874016 
vn 0.448819 -0.165354 -0.874016 

vt 4.3 -4 
vt 4.25 -4 
vt 4.3 -4.2125 
vt 4.25 -4.2125 
vt 4.3 -4 
vt 4.25 -4 
vt 4.3 -4.05 
vt 4.25 -4.05 
vt 4.3 -4 
vt 4.25 -4 
vt 4.3 -4.2125 
vt 4.25 -4.2125 
vt 4.3 -4 
vt 4.25 -4 
vt 4.3 -4.2125 
vt 4.25 -4.2125 
vt 4.3 -4 
vt 4.25 -4 
vt 4.3 -4.05 
vt 4.25 -4.05 
vt 4.3 -4 
vt 4.25 -4 
vt 4.3 -4.2125 
vt 4.25 -4.2125 

usemtl Part117Mtl

f 4105/4105/4105 4106/4106/4106 4107/4107/4107 
f 4107/4107/4107 4106/4106/4106 4108/4108/4108 
f 4109/4109/4109 4110/4110/4110 4111/4111/4111 
f 4111/4111/4111 4110/4110/4110 4112/4112/4112 
f 4113/4113/4113 4114/4114/4114 4115/4115/4115 
f 4115/4115/4115 4114/4114/4114 4116/4116/4116 
f 4117/4117/4117 4118/4118/4118 4119/4119/4119 
f 4119/4119/4119 4118/4118/4118 4120/4120/4120 
f 4121/4121/4121 4122/4122/4122 4123/4123/4123 
f 4123/4123/4123 4122/4122/4122 4124/4124/4124 
f 4125/4125/4125 4126/4126/4126 4127/4127/4127 
f 4127/4127/4127 4126/4126/4126 4128/4128/4128 

g Part173

v 17.7492 1.67534 -44.8082 
v 17.5584 1.66268 -44.4568 
v 17.2151 0.0990755 -45.1549 
v 17.0244 0.0864166 -44.8035 
v 17.2301 1.81196 -44.6297 
v 17.5584 1.66268 -44.4568 
v 17.4208 1.82462 -44.9811 
v 17.7492 1.67534 -44.8082 
v 17.5584 1.66268 -44.4568 
v 17.2301 1.81196 -44.6297 
v 17.0244 0.0864166 -44.8035 
v 16.696 0.235692 -44.9764 
v 17.2301 1.81196 -44.6297 
v 17.4208 1.82462 -44.9811 
v 16.696 0.235692 -44.9764 
v 16.8868 0.248351 -45.3278 
v 16.8868 0.248351 -45.3278 
v 17.2151 0.0990755 -45.1549 
v 16.696 0.235692 -44.9764 
v 17.0244 0.0864166 -44.8035 
v 17.4208 1.82462 -44.9811 
v 17.7492 1.67534 -44.8082 
v 16.8868 0.248351 -45.3278 
v 17.2151 0.0990755 -45.1549 

vn 0.818898 -0.370079 0.433071 
vn 0.818898 -0.370079 0.433071 
vn 0.818898 -0.370079 0.433071 
vn 0.818898 -0.370079 0.433071 
vn 0.314961 0.929134 0.204724 
vn 0.314961 0.929134 0.204724 
vn 0.314961 0.929134 0.204724 
vn 0.314961 0.929134 0.204724 
vn -0.480315 -0.0314961 0.88189 
vn -0.480315 -0.0314961 0.88189 
vn -0.480315 -0.0314961 0.88189 
vn -0.480315 -0.0314961 0.88189 
vn -0.818898 0.370079 -0.433071 
vn -0.818898 0.370079 -0.433071 
vn -0.818898 0.370079 -0.433071 
vn -0.818898 0.370079 -0.433071 
vn -0.314961 -0.929134 -0.204724 
vn -0.314961 -0.929134 -0.204724 
vn -0.314961 -0.929134 -0.204724 
vn -0.314961 -0.929134 -0.204724 
vn 0.480315 0.0314961 -0.88189 
vn 0.480315 0.0314961 -0.88189 
vn 0.480315 0.0314961 -0.88189 
vn 0.480315 0.0314961 -0.88189 

vt 1.8 -5.25 
vt 1.75 -5.25 
vt 1.8 -5.4625 
vt 1.75 -5.4625 
vt 1.8 -5.25 
vt 1.75 -5.25 
vt 1.8 -5.3 
vt 1.75 -5.3 
vt 1.8 -5.25 
vt 1.75 -5.25 
vt 1.8 -5.4625 
vt 1.75 -5.4625 
vt 1.8 -5.25 
vt 1.75 -5.25 
vt 1.8 -5.4625 
vt 1.75 -5.4625 
vt 1.8 -5.25 
vt 1.75 -5.25 
vt 1.8 -5.3 
vt 1.75 -5.3 
vt 1.8 -5.25 
vt 1.75 -5.25 
vt 1.8 -5.4625 
vt 1.75 -5.4625 

usemtl Part118Mtl

f 4129/4129/4129 4130/4130/4130 4131/4131/4131 
f 4131/4131/4131 4130/4130/4130 4132/4132/4132 
f 4133/4133/4133 4134/4134/4134 4135/4135/4135 
f 4135/4135/4135 4134/4134/4134 4136/4136/4136 
f 4137/4137/4137 4138/4138/4138 4139/4139/4139 
f 4139/4139/4139 4138/4138/4138 4140/4140/4140 
f 4141/4141/4141 4142/4142/4142 4143/4143/4143 
f 4143/4143/4143 4142/4142/4142 4144/4144/4144 
f 4145/4145/4145 4146/4146/4146 4147/4147/4147 
f 4147/4147/4147 4146/4146/4146 4148/4148/4148 
f 4149/4149/4149 4150/4150/4150 4151/4151/4151 
f 4151/4151/4151 4150/4150/4150 4152/4152/4152 

g Part174

v 17.052 2.48482 -45.2203 
v 17.052 2.48482 -44.8203 
v 17.052 0.184824 -45.2203 
v 17.052 0.184824 -44.8203 
v 16.652 2.48482 -44.8203 
v 17.052 2.48482 -44.8203 
v 16.652 2.48482 -45.2203 
v 17.052 2.48482 -45.2203 
v 17.052 2.48482 -44.8203 
v 16.652 2.48482 -44.8203 
v 17.052 0.184824 -44.8203 
v 16.652 0.184824 -44.8203 
v 16.652 2.48482 -44.8203 
v 16.652 2.48482 -45.2203 
v 16.652 0.184824 -44.8203 
v 16.652 0.184824 -45.2203 
v 16.652 0.184824 -45.2203 
v 17.052 0.184824 -45.2203 
v 16.652 0.184824 -44.8203 
v 17.052 0.184824 -44.8203 
v 16.652 2.48482 -45.2203 
v 17.052 2.48482 -45.2203 
v 16.652 0.184824 -45.2203 
v 17.052 0.184824 -45.2203 

vn 1 0 0 
vn 1 0 0 
vn 1 0 0 
vn 1 0 0 
vn 0 1 0 
vn 0 1 0 
vn 0 1 0 
vn 0 1 0 
vn 0 0 1 
vn 0 0 1 
vn 0 0 1 
vn 0 0 1 
vn -1 0 0 
vn -1 0 0 
vn -1 0 0 
vn -1 0 0 
vn 0 -1 0 
vn 0 -1 0 
vn 0 -1 0 
vn 0 -1 0 
vn 0 0 -1 
vn 0 0 -1 
vn 0 0 -1 
vn 0 0 -1 

vt 7.3 -5.25 
vt 7.25 -5.25 
vt 7.3 -5.5375 
vt 7.25 -5.5375 
vt 7.3 -5.25 
vt 7.25 -5.25 
vt 7.3 -5.3 
vt 7.25 -5.3 
vt 7.3 -5.25 
vt 7.25 -5.25 
vt 7.3 -5.5375 
vt 7.25 -5.5375 
vt 7.3 -5.25 
vt 7.25 -5.25 
vt 7.3 -5.5375 
vt 7.25 -5.5375 
vt 7.3 -5.25 
vt 7.25 -5.25 
vt 7.3 -5.3 
vt 7.25 -5.3 
vt 7.3 -5.25 
vt 7.25 -5.25 
vt 7.3 -5.5375 
vt 7.25 -5.5375 

usemtl Part118Mtl

f 4153/4153/4153 4154/4154/4154 4155/4155/4155 
f 4155/4155/4155 4154/4154/4154 4156/4156/4156 
f 4157/4157/4157 4158/4158/4158 4159/4159/4159 
f 4159/4159/4159 4158/4158/4158 4160/4160/4160 
f 4161/4161/4161 4162/4162/4162 4163/4163/4163 
f 4163/4163/4163 4162/4162/4162 4164/4164/4164 
f 4165/4165/4165 4166/4166/4166 4167/4167/4167 
f 4167/4167/4167 4166/4166/4166 4168/4168/4168 
f 4169/4169/4169 4170/4170/4170 4171/4171/4171 
f 4171/4171/4171 4170/4170/4170 4172/4172/4172 
f 4173/4173/4173 4174/4174/4174 4175/4175/4175 
f 4175/4175/4175 4174/4174/4174 4176/4176/4176 

g Part175

v 63.2016 1.70187 -49.9724 
v 63.5522 1.76715 -49.7913 
v 63.2621 0.0696077 -49.5011 
v 63.6128 0.134892 -49.32 
v 63.3603 1.8579 -49.4523 
v 63.5522 1.76715 -49.7913 
v 63.0096 1.79261 -49.6334 
v 63.2016 1.70187 -49.9724 
v 63.5522 1.76715 -49.7913 
v 63.3603 1.8579 -49.4523 
v 63.6128 0.134892 -49.32 
v 63.4208 0.225637 -48.9811 
v 63.3603 1.8579 -49.4523 
v 63.0096 1.79261 -49.6334 
v 63.4208 0.225637 -48.9811 
v 63.0702 0.160352 -49.1622 
v 63.0702 0.160352 -49.1622 
v 63.2621 0.0696077 -49.5011 
v 63.4208 0.225637 -48.9811 
v 63.6128 0.134892 -49.32 
v 63.0096 1.79261 -49.6334 
v 63.2016 1.70187 -49.9724 
v 63.0702 0.160352 -49.1622 
v 63.2621 0.0696077 -49.5011 

vn 0.480315 -0.228346 -0.850394 
vn 0.480315 -0.228346 -0.850394 
vn 0.480315 -0.228346 -0.850394 
vn 0.480315 -0.228346 -0.850394 
vn -0.0393701 0.96063 -0.275591 
vn -0.0393701 0.96063 -0.275591 
vn -0.0393701 0.96063 -0.275591 
vn -0.0393701 0.96063 -0.275591 
vn 0.874016 0.165354 0.448819 
vn 0.874016 0.165354 0.448819 
vn 0.874016 0.165354 0.448819 
vn 0.874016 0.165354 0.448819 
vn -0.480315 0.228346 0.850394 
vn -0.480315 0.228346 0.850394 
vn -0.480315 0.228346 0.850394 
vn -0.480315 0.228346 0.850394 
vn 0.0393701 -0.96063 0.275591 
vn 0.0393701 -0.96063 0.275591 
vn 0.0393701 -0.96063 0.275591 
vn 0.0393701 -0.96063 0.275591 
vn -0.874016 -0.165354 -0.448819 
vn -0.874016 -0.165354 -0.448819 
vn -0.874016 -0.165354 -0.448819 
vn -0.874016 -0.165354 -0.448819 

vt 3.3 -4 
vt 3.25 -4 
vt 3.3 -4.2125 
vt 3.25 -4.2125 
vt 3.3 -4 
vt 3.25 -4 
vt 3.3 -4.05 
vt 3.25 -4.05 
vt 3.3 -4 
vt 3.25 -4 
vt 3.3 -4.2125 
vt 3.25 -4.2125 
vt 3.3 -4 
vt 3.25 -4 
vt 3.3 -4.2125 
vt 3.25 -4.2125 
vt 3.3 -4 
vt 3.25 -4 
vt 3.3 -4.05 
vt 3.25 -4.05 
vt 3.3 -4 
vt 3.25 -4 
vt 3.3 -4.2125 
vt 3.25 -4.2125 

usemtl Part118Mtl

f 4177/4177/4177 4178/4178/4178 4179/4179/4179 
f 4179/4179/4179 4178/4178/4178 4180/4180/4180 
f 4181/4181/4181 4182/4182/4182 4183/4183/4183 
f 4183/4183/4183 4182/4182/4182 4184/4184/4184 
f 4185/4185/4185 4186/4186/4186 4187/4187/4187 
f 4187/4187/4187 4186/4186/4186 4188/4188/4188 
f 4189/4189/4189 4190/4190/4190 4191/4191/4191 
f 4191/4191/4191 4190/4190/4190 4192/4192/4192 
f 4193/4193/4193 4194/4194/4194 4195/4195/4195 
f 4195/4195/4195 4194/4194/4194 4196/4196/4196 
f 4197/4197/4197 4198/4198/4198 4199/4199/4199 
f 4199/4199/4199 4198/4198/4198 4200/4200/4200 

g Part176

v 63.8401 1.64392 -50.0571 
v 64.1915 1.63126 -49.8663 
v 63.4934 0.0676541 -49.523 
v 63.8448 0.0549952 -49.3323 
v 64.0186 1.78054 -49.538 
v 64.1915 1.63126 -49.8663 
v 63.6672 1.7932 -49.7287 
v 63.8401 1.64392 -50.0571 
v 64.1915 1.63126 -49.8663 
v 64.0186 1.78054 -49.538 
v 63.8448 0.0549952 -49.3323 
v 63.6719 0.204271 -49.0039 
v 64.0186 1.78054 -49.538 
v 63.6672 1.7932 -49.7287 
v 63.6719 0.204271 -49.0039 
v 63.3205 0.21693 -49.1947 
v 63.3205 0.21693 -49.1947 
v 63.4934 0.0676541 -49.523 
v 63.6719 0.204271 -49.0039 
v 63.8448 0.0549952 -49.3323 
v 63.6672 1.7932 -49.7287 
v 63.8401 1.64392 -50.0571 
v 63.3205 0.21693 -49.1947 
v 63.4934 0.0676541 -49.523 

vn 0.433071 -0.370079 -0.818898 
vn 0.433071 -0.370079 -0.818898 
vn 0.433071 -0.370079 -0.818898 
vn 0.433071 -0.370079 -0.818898 
vn 0.204724 0.929134 -0.314961 
vn 0.204724 0.929134 -0.314961 
vn 0.204724 0.929134 -0.314961 
vn 0.204724 0.929134 -0.314961 
vn 0.88189 -0.0314961 0.480315 
vn 0.88189 -0.0314961 0.480315 
vn 0.88189 -0.0314961 0.480315 
vn 0.88189 -0.0314961 0.480315 
vn -0.433071 0.370079 0.818898 
vn -0.433071 0.370079 0.818898 
vn -0.433071 0.370079 0.818898 
vn -0.433071 0.370079 0.818898 
vn -0.204724 -0.929134 0.314961 
vn -0.204724 -0.929134 0.314961 
vn -0.204724 -0.929134 0.314961 
vn -0.204724 -0.929134 0.314961 
vn -0.88189 0.0314961 -0.480315 
vn -0.88189 0.0314961 -0.480315 
vn -0.88189 0.0314961 -0.480315 
vn -0.88189 0.0314961 -0.480315 

vt 6.8 -3.5 
vt 6.75 -3.5 
vt 6.8 -3.7125 
vt 6.75 -3.7125 
vt 6.8 -3.5 
vt 6.75 -3.5 
vt 6.8 -3.55 
vt 6.75 -3.55 
vt 6.8 -3.5 
vt 6.75 -3.5 
vt 6.8 -3.7125 
vt 6.75 -3.7125 
vt 6.8 -3.5 
vt 6.75 -3.5 
vt 6.8 -3.7125 
vt 6.75 -3.7125 
vt 6.8 -3.5 
vt 6.75 -3.5 
vt 6.8 -3.55 
vt 6.75 -3.55 
vt 6.8 -3.5 
vt 6.75 -3.5 
vt 6.8 -3.7125 
vt 6.75 -3.7125 

usemtl Part118Mtl

f 4201/4201/4201 4202/4202/4202 4203/4203/4203 
f 4203/4203/4203 4202/4202/4202 4204/4204/4204 
f 4205/4205/4205 4206/4206/4206 4207/4207/4207 
f 4207/4207/4207 4206/4206/4206 4208/4208/4208 
f 4209/4209/4209 4210/4210/4210 4211/4211/4211 
f 4211/4211/4211 4210/4210/4210 4212/4212/4212 
f 4213/4213/4213 4214/4214/4214 4215/4215/4215 
f 4215/4215/4215 4214/4214/4214 4216/4216/4216 
f 4217/4217/4217 4218/4218/4218 4219/4219/4219 
f 4219/4219/4219 4218/4218/4218 4220/4220/4220 
f 4221/4221/4221 4222/4222/4222 4223/4223/4223 
f 4223/4223/4223 4222/4222/4222 4224/4224/4224 

g Part177

v 63.428 2.4534 -49.3599 
v 63.828 2.4534 -49.3599 
v 63.428 0.153405 -49.3599 
v 63.828 0.153405 -49.3599 
v 63.828 2.4534 -48.9599 
v 63.828 2.4534 -49.3599 
v 63.428 2.4534 -48.9599 
v 63.428 2.4534 -49.3599 
v 63.828 2.4534 -49.3599 
v 63.828 2.4534 -48.9599 
v 63.828 0.153405 -49.3599 
v 63.828 0.153405 -48.9599 
v 63.828 2.4534 -48.9599 
v 63.428 2.4534 -48.9599 
v 63.828 0.153405 -48.9599 
v 63.428 0.153405 -48.9599 
v 63.428 0.153405 -48.9599 
v 63.428 0.153405 -49.3599 
v 63.828 0.153405 -48.9599 
v 63.828 0.153405 -49.3599 
v 63.428 2.4534 -48.9599 
v 63.428 2.4534 -49.3599 
v 63.428 0.153405 -48.9599 
v 63.428 0.153405 -49.3599 

vn 0 0 -1 
vn 0 0 -1 
vn 0 0 -1 
vn 0 0 -1 
vn 0 1 0 
vn 0 1 0 
vn 0 1 0 
vn 0 1 0 
vn 1 0 0 
vn 1 0 0 
vn 1 0 0 
vn 1 0 0 
vn 0 0 1 
vn 0 0 1 
vn 0 0 1 
vn 0 0 1 
vn 0 -1 0 
vn 0 -1 0 
vn 0 -1 0 
vn 0 -1 0 
vn -1 0 0 
vn -1 0 0 
vn -1 0 0 
vn -1 0 0 

vt 6.8 -0.5 
vt 6.75 -0.5 
vt 6.8 -0.7875 
vt 6.75 -0.7875 
vt 6.8 -0.5 
vt 6.75 -0.5 
vt 6.8 -0.55 
vt 6.75 -0.55 
vt 6.8 -0.5 
vt 6.75 -0.5 
vt 6.8 -0.7875 
vt 6.75 -0.7875 
vt 6.8 -0.5 
vt 6.75 -0.5 
vt 6.8 -0.7875 
vt 6.75 -0.7875 
vt 6.8 -0.5 
vt 6.75 -0.5 
vt 6.8 -0.55 
vt 6.75 -0.55 
vt 6.8 -0.5 
vt 6.75 -0.5 
vt 6.8 -0.7875 
vt 6.75 -0.7875 

usemtl Part122Mtl

f 4225/4225/4225 4226/4226/4226 4227/4227/4227 
f 4227/4227/4227 4226/4226/4226 4228/4228/4228 
f 4229/4229/4229 4230/4230/4230 4231/4231/4231 
f 4231/4231/4231 4230/4230/4230 4232/4232/4232 
f 4233/4233/4233 4234/4234/4234 4235/4235/4235 
f 4235/4235/4235 4234/4234/4234 4236/4236/4236 
f 4237/4237/4237 4238/4238/4238 4239/4239/4239 
f 4239/4239/4239 4238/4238/4238 4240/4240/4240 
f 4241/4241/4241 4242/4242/4242 4243/4243/4243 
f 4243/4243/4243 4242/4242/4242 4244/4244/4244 
f 4245/4245/4245 4246/4246/4246 4247/4247/4247 
f 4247/4247/4247 4246/4246/4246 4248/4248/4248 

g Part178

v 63.1806 1.7729 -47.2568 
v 63.4817 1.77135 -47.5201 
v 62.723 0.218519 -47.7712 
v 63.0242 0.216969 -48.0344 
v 63.722 1.60938 -47.2443 
v 63.4817 1.77135 -47.5201 
v 63.4208 1.61093 -46.9811 
v 63.1806 1.7729 -47.2568 
v 63.4817 1.77135 -47.5201 
v 63.722 1.60938 -47.2443 
v 63.0242 0.216969 -48.0344 
v 63.2644 0.0549983 -47.7586 
v 63.722 1.60938 -47.2443 
v 63.4208 1.61093 -46.9811 
v 63.2644 0.0549983 -47.7586 
v 62.9632 0.0565485 -47.4954 
v 62.9632 0.0565485 -47.4954 
v 62.723 0.218519 -47.7712 
v 63.2644 0.0549983 -47.7586 
v 63.0242 0.216969 -48.0344 
v 63.4208 1.61093 -46.9811 
v 63.1806 1.7729 -47.2568 
v 62.9632 0.0565485 -47.4954 
v 62.723 0.218519 -47.7712 

vn -0.598425 0.401575 -0.692913 
vn -0.598425 0.401575 -0.692913 
vn -0.598425 0.401575 -0.692913 
vn -0.598425 0.401575 -0.692913 
vn 0.267717 0.913386 0.299213 
vn 0.267717 0.913386 0.299213 
vn 0.267717 0.913386 0.299213 
vn 0.267717 0.913386 0.299213 
vn 0.755906 0 -0.661417 
vn 0.755906 0 -0.661417 
vn 0.755906 0 -0.661417 
vn 0.755906 0 -0.661417 
vn 0.598425 -0.401575 0.692913 
vn 0.598425 -0.401575 0.692913 
vn 0.598425 -0.401575 0.692913 
vn 0.598425 -0.401575 0.692913 
vn -0.267717 -0.913386 -0.299213 
vn -0.267717 -0.913386 -0.299213 
vn -0.267717 -0.913386 -0.299213 
vn -0.267717 -0.913386 -0.299213 
vn -0.755906 0 0.661417 
vn -0.755906 0 0.661417 
vn -0.755906 0 0.661417 
vn -0.755906 0 0.661417 

vt 4.8 -0.25 
vt 4.75 -0.25 
vt 4.8 -0.4625 
vt 4.75 -0.4625 
vt 4.8 -0.25 
vt 4.75 -0.25 
vt 4.8 -0.3 
vt 4.75 -0.3 
vt 4.8 -0.25 
vt 4.75 -0.25 
vt 4.8 -0.4625 
vt 4.75 -0.4625 
vt 4.8 -0.25 
vt 4.75 -0.25 
vt 4.8 -0.4625 
vt 4.75 -0.4625 
vt 4.8 -0.25 
vt 4.75 -0.25 
vt 4.8 -0.3 
vt 4.75 -0.3 
vt 4.8 -0.25 
vt 4.75 -0.25 
vt 4.8 -0.4625 
vt 4.75 -0.4625 

usemtl Part123Mtl

f 4249/4249/4249 4250/4250/4250 4251/4251/4251 
f 4251/4251/4251 4250/4250/4250 4252/4252/4252 
f 4253/4253/4253 4254/4254/4254 4255/4255/4255 
f 4255/4255/4255 4254/4254/4254 4256/4256/4256 
f 4257/4257/4257 4258/4258/4258 4259/4259/4259 
f 4259/4259/4259 4258/4258/4258 4260/4260/4260 
f 4261/4261/4261 4262/4262/4262 4263/4263/4263 
f 4263/4263/4263 4262/4262/4262 4264/4264/4264 
f 4265/4265/4265 4266/4266/4266 4267/4267/4267 
f 4267/4267/4267 4266/4266/4266 4268/4268/4268 
f 4269/4269/4269 4270/4270/4270 4271/4271/4271 
f 4271/4271/4271 4270/4270/4270 4272/4272/4272 

g Part179

v 62.3895 1.7967 -48.3347 
v 62.7401 1.86199 -48.1536 
v 62.45 0.164443 -47.8634 
v 62.8007 0.229728 -47.6824 
v 62.5482 1.95273 -47.8146 
v 62.7401 1.86199 -48.1536 
v 62.1975 1.88745 -47.9957 
v 62.3895 1.7967 -48.3347 
v 62.7401 1.86199 -48.1536 
v 62.5482 1.95273 -47.8146 
v 62.8007 0.229728 -47.6824 
v 62.6087 0.320472 -47.3434 
v 62.5482 1.95273 -47.8146 
v 62.1975 1.88745 -47.9957 
v 62.6087 0.320472 -47.3434 
v 62.2581 0.255187 -47.5245 
v 62.2581 0.255187 -47.5245 
v 62.45 0.164443 -47.8634 
v 62.6087 0.320472 -47.3434 
v 62.8007 0.229728 -47.6824 
v 62.1975 1.88745 -47.9957 
v 62.3895 1.7967 -48.3347 
v 62.2581 0.255187 -47.5245 
v 62.45 0.164443 -47.8634 

vn 0.480315 -0.228346 -0.850394 
vn 0.480315 -0.228346 -0.850394 
vn 0.480315 -0.228346 -0.850394 
vn 0.480315 -0.228346 -0.850394 
vn -0.0393701 0.96063 -0.275591 
vn -0.0393701 0.96063 -0.275591 
vn -0.0393701 0.96063 -0.275591 
vn -0.0393701 0.96063 -0.275591 
vn 0.874016 0.165354 0.448819 
vn 0.874016 0.165354 0.448819 
vn 0.874016 0.165354 0.448819 
vn 0.874016 0.165354 0.448819 
vn -0.480315 0.228346 0.850394 
vn -0.480315 0.228346 0.850394 
vn -0.480315 0.228346 0.850394 
vn -0.480315 0.228346 0.850394 
vn 0.0393701 -0.96063 0.275591 
vn 0.0393701 -0.96063 0.275591 
vn 0.0393701 -0.96063 0.275591 
vn 0.0393701 -0.96063 0.275591 
vn -0.874016 -0.165354 -0.448819 
vn -0.874016 -0.165354 -0.448819 
vn -0.874016 -0.165354 -0.448819 
vn -0.874016 -0.165354 -0.448819 

vt 3.55 0.25 
vt 3.5 0.25 
vt 3.55 0.0375 
vt 3.5 0.0375 
vt 3.55 0.25 
vt 3.5 0.25 
vt 3.55 0.2 
vt 3.5 0.2 
vt 3.55 0.25 
vt 3.5 0.25 
vt 3.55 0.0375 
vt 3.5 0.0375 
vt 3.55 0.25 
vt 3.5 0.25 
vt 3.55 0.0375 
vt 3.5 0.0375 
vt 3.55 0.25 
vt 3.5 0.25 
vt 3.55 0.2 
vt 3.5 0.2 
vt 3.55 0.25 
vt 3.5 0.25 
vt 3.55 0.0375 
vt 3.5 0.0375 

usemtl Part118Mtl

f 4273/4273/4273 4274/4274/4274 4275/4275/4275 
f 4275/4275/4275 4274/4274/4274 4276/4276/4276 
f 4277/4277/4277 4278/4278/4278 4279/4279/4279 
f 4279/4279/4279 4278/4278/4278 4280/4280/4280 
f 4281/4281/4281 4282/4282/4282 4283/4283/4283 
f 4283/4283/4283 4282/4282/4282 4284/4284/4284 
f 4285/4285/4285 4286/4286/4286 4287/4287/4287 
f 4287/4287/4287 4286/4286/4286 4288/4288/4288 
f 4289/4289/4289 4290/4290/4290 4291/4291/4291 
f 4291/4291/4291 4290/4290/4290 4292/4292/4292 
f 4293/4293/4293 4294/4294/4294 4295/4295/4295 
f 4295/4295/4295 4294/4294/4294 4296/4296/4296 

g Part180

v 63.028 1.73876 -48.4194 
v 63.3793 1.7261 -48.2286 
v 62.6813 0.162495 -47.8854 
v 63.0326 0.149836 -47.6946 
v 63.2065 1.87538 -47.9003 
v 63.3793 1.7261 -48.2286 
v 62.8551 1.88804 -48.091 
v 63.028 1.73876 -48.4194 
v 63.3793 1.7261 -48.2286 
v 63.2065 1.87538 -47.9003 
v 63.0326 0.149836 -47.6946 
v 62.8598 0.299112 -47.3662 
v 63.2065 1.87538 -47.9003 
v 62.8551 1.88804 -48.091 
v 62.8598 0.299112 -47.3662 
v 62.5084 0.311771 -47.557 
v 62.5084 0.311771 -47.557 
v 62.6813 0.162495 -47.8854 
v 62.8598 0.299112 -47.3662 
v 63.0326 0.149836 -47.6946 
v 62.8551 1.88804 -48.091 
v 63.028 1.73876 -48.4194 
v 62.5084 0.311771 -47.557 
v 62.6813 0.162495 -47.8854 

vn 0.433071 -0.370079 -0.818898 
vn 0.433071 -0.370079 -0.818898 
vn 0.433071 -0.370079 -0.818898 
vn 0.433071 -0.370079 -0.818898 
vn 0.204724 0.929134 -0.314961 
vn 0.204724 0.929134 -0.314961 
vn 0.204724 0.929134 -0.314961 
vn 0.204724 0.929134 -0.314961 
vn 0.88189 -0.0314961 0.480315 
vn 0.88189 -0.0314961 0.480315 
vn 0.88189 -0.0314961 0.480315 
vn 0.88189 -0.0314961 0.480315 
vn -0.433071 0.370079 0.818898 
vn -0.433071 0.370079 0.818898 
vn -0.433071 0.370079 0.818898 
vn -0.433071 0.370079 0.818898 
vn -0.204724 -0.929134 0.314961 
vn -0.204724 -0.929134 0.314961 
vn -0.204724 -0.929134 0.314961 
vn -0.204724 -0.929134 0.314961 
vn -0.88189 0.0314961 -0.480315 
vn -0.88189 0.0314961 -0.480315 
vn -0.88189 0.0314961 -0.480315 
vn -0.88189 0.0314961 -0.480315 

vt 1.05 -0.5 
vt 1 -0.5 
vt 1.05 -0.7125 
vt 1 -0.7125 
vt 1.05 -0.5 
vt 1 -0.5 
vt 1.05 -0.55 
vt 1 -0.55 
vt 1.05 -0.5 
vt 1 -0.5 
vt 1.05 -0.7125 
vt 1 -0.7125 
vt 1.05 -0.5 
vt 1 -0.5 
vt 1.05 -0.7125 
vt 1 -0.7125 
vt 1.05 -0.5 
vt 1 -0.5 
vt 1.05 -0.55 
vt 1 -0.55 
vt 1.05 -0.5 
vt 1 -0.5 
vt 1.05 -0.7125 
vt 1 -0.7125 

usemtl Part118Mtl

f 4297/4297/4297 4298/4298/4298 4299/4299/4299 
f 4299/4299/4299 4298/4298/4298 4300/4300/4300 
f 4301/4301/4301 4302/4302/4302 4303/4303/4303 
f 4303/4303/4303 4302/4302/4302 4304/4304/4304 
f 4305/4305/4305 4306/4306/4306 4307/4307/4307 
f 4307/4307/4307 4306/4306/4306 4308/4308/4308 
f 4309/4309/4309 4310/4310/4310 4311/4311/4311 
f 4311/4311/4311 4310/4310/4310 4312/4312/4312 
f 4313/4313/4313 4314/4314/4314 4315/4315/4315 
f 4315/4315/4315 4314/4314/4314 4316/4316/4316 
f 4317/4317/4317 4318/4318/4318 4319/4319/4319 
f 4319/4319/4319 4318/4318/4318 4320/4320/4320 

g Part181

v 62.6159 2.54824 -47.7222 
v 63.0159 2.54824 -47.7222 
v 62.6159 0.248242 -47.7222 
v 63.0159 0.248242 -47.7222 
v 63.0159 2.54824 -47.3222 
v 63.0159 2.54824 -47.7222 
v 62.6159 2.54824 -47.3222 
v 62.6159 2.54824 -47.7222 
v 63.0159 2.54824 -47.7222 
v 63.0159 2.54824 -47.3222 
v 63.0159 0.248242 -47.7222 
v 63.0159 0.248242 -47.3222 
v 63.0159 2.54824 -47.3222 
v 62.6159 2.54824 -47.3222 
v 63.0159 0.248242 -47.3222 
v 62.6159 0.248242 -47.3222 
v 62.6159 0.248242 -47.3222 
v 62.6159 0.248242 -47.7222 
v 63.0159 0.248242 -47.3222 
v 63.0159 0.248242 -47.7222 
v 62.6159 2.54824 -47.3222 
v 62.6159 2.54824 -47.7222 
v 62.6159 0.248242 -47.3222 
v 62.6159 0.248242 -47.7222 

vn 0 0 -1 
vn 0 0 -1 
vn 0 0 -1 
vn 0 0 -1 
vn 0 1 0 
vn 0 1 0 
vn 0 1 0 
vn 0 1 0 
vn 1 0 0 
vn 1 0 0 
vn 1 0 0 
vn 1 0 0 
vn 0 0 1 
vn 0 0 1 
vn 0 0 1 
vn 0 0 1 
vn 0 -1 0 
vn 0 -1 0 
vn 0 -1 0 
vn 0 -1 0 
vn -1 0 0 
vn -1 0 0 
vn -1 0 0 
vn -1 0 0 

vt 5.8 -0.75 
vt 5.75 -0.75 
vt 5.8 -1.0375 
vt 5.75 -1.0375 
vt 5.8 -0.75 
vt 5.75 -0.75 
vt 5.8 -0.8 
vt 5.75 -0.8 
vt 5.8 -0.75 
vt 5.75 -0.75 
vt 5.8 -1.0375 
vt 5.75 -1.0375 
vt 5.8 -0.75 
vt 5.75 -0.75 
vt 5.8 -1.0375 
vt 5.75 -1.0375 
vt 5.8 -0.75 
vt 5.75 -0.75 
vt 5.8 -0.8 
vt 5.75 -0.8 
vt 5.8 -0.75 
vt 5.75 -0.75 
vt 5.8 -1.0375 
vt 5.75 -1.0375 

usemtl Part118Mtl

f 4321/4321/4321 4322/4322/4322 4323/4323/4323 
f 4323/4323/4323 4322/4322/4322 4324/4324/4324 
f 4325/4325/4325 4326/4326/4326 4327/4327/4327 
f 4327/4327/4327 4326/4326/4326 4328/4328/4328 
f 4329/4329/4329 4330/4330/4330 4331/4331/4331 
f 4331/4331/4331 4330/4330/4330 4332/4332/4332 
f 4333/4333/4333 4334/4334/4334 4335/4335/4335 
f 4335/4335/4335 4334/4334/4334 4336/4336/4336 
f 4337/4337/4337 4338/4338/4338 4339/4339/4339 
f 4339/4339/4339 4338/4338/4338 4340/4340/4340 
f 4341/4341/4341 4342/4342/4342 4343/4343/4343 
f 4343/4343/4343 4342/4342/4342 4344/4344/4344 

g Part182

v 65.3896 2.42675 -47.3376 
v 65.2453 2.3366 -46.9756 
v 65.1428 0.232819 -47.9824 
v 64.9985 0.142668 -47.6204 
v 64.8747 2.41591 -47.1036 
v 65.2453 2.3366 -46.9756 
v 65.019 2.50606 -47.4656 
v 65.3896 2.42675 -47.3376 
v 65.2453 2.3366 -46.9756 
v 64.8747 2.41591 -47.1036 
v 64.9985 0.142668 -47.6204 
v 64.6279 0.221976 -47.7483 
v 64.8747 2.41591 -47.1036 
v 65.019 2.50606 -47.4656 
v 64.6279 0.221976 -47.7483 
v 64.7722 0.312127 -48.1103 
v 64.7722 0.312127 -48.1103 
v 65.1428 0.232819 -47.9824 
v 64.6279 0.221976 -47.7483 
v 64.9985 0.142668 -47.6204 
v 65.019 2.50606 -47.4656 
v 65.3896 2.42675 -47.3376 
v 64.7722 0.312127 -48.1103 
v 65.1428 0.232819 -47.9824 

vn 0.929134 -0.19685 0.322835 
vn 0.929134 -0.19685 0.322835 
vn 0.929134 -0.19685 0.322835 
vn 0.929134 -0.19685 0.322835 
vn 0.110236 0.952756 0.283465 
vn 0.110236 0.952756 0.283465 
vn 0.110236 0.952756 0.283465 
vn 0.110236 0.952756 0.283465 
vn -0.362205 -0.228346 0.905512 
vn -0.362205 -0.228346 0.905512 
vn -0.362205 -0.228346 0.905512 
vn -0.362205 -0.228346 0.905512 
vn -0.929134 0.19685 -0.322835 
vn -0.929134 0.19685 -0.322835 
vn -0.929134 0.19685 -0.322835 
vn -0.929134 0.19685 -0.322835 
vn -0.110236 -0.952756 -0.283465 
vn -0.110236 -0.952756 -0.283465 
vn -0.110236 -0.952756 -0.283465 
vn -0.110236 -0.952756 -0.283465 
vn 0.362205 0.228346 -0.905512 
vn 0.362205 0.228346 -0.905512 
vn 0.362205 0.228346 -0.905512 
vn 0.362205 0.228346 -0.905512 

vt 1.55 -0.25 
vt 1.5 -0.25 
vt 1.55 -0.5375 
vt 1.5 -0.5375 
vt 1.55 -0.25 
vt 1.5 -0.25 
vt 1.55 -0.3 
vt 1.5 -0.3 
vt 1.55 -0.25 
vt 1.5 -0.25 
vt 1.55 -0.5375 
vt 1.5 -0.5375 
vt 1.55 -0.25 
vt 1.5 -0.25 
vt 1.55 -0.5375 
vt 1.5 -0.5375 
vt 1.55 -0.25 
vt 1.5 -0.25 
vt 1.55 -0.3 
vt 1.5 -0.3 
vt 1.55 -0.25 
vt 1.5 -0.25 
vt 1.55 -0.5375 
vt 1.5 -0.5375 

usemtl Part116Mtl

f 4345/4345/4345 4346/4346/4346 4347/4347/4347 
f 4347/4347/4347 4346/4346/4346 4348/4348/4348 
f 4349/4349/4349 4350/4350/4350 4351/4351/4351 
f 4351/4351/4351 4350/4350/4350 4352/4352/4352 
f 4353/4353/4353 4354/4354/4354 4355/4355/4355 
f 4355/4355/4355 4354/4354/4354 4356/4356/4356 
f 4357/4357/4357 4358/4358/4358 4359/4359/4359 
f 4359/4359/4359 4358/4358/4358 4360/4360/4360 
f 4361/4361/4361 4362/4362/4362 4363/4363/4363 
f 4363/4363/4363 4362/4362/4362 4364/4364/4364 
f 4365/4365/4365 4366/4366/4366 4367/4367/4367 
f 4367/4367/4367 4366/4366/4366 4368/4368/4368 

g Part183

v 65.8795 1.68726 -48.3724 
v 65.6984 1.75254 -48.0217 
v 65.4083 0.0549974 -48.3118 
v 65.2272 0.120282 -47.9612 
v 65.3595 1.84329 -48.2137 
v 65.6984 1.75254 -48.0217 
v 65.5406 1.778 -48.5643 
v 65.8795 1.68726 -48.3724 
v 65.6984 1.75254 -48.0217 
v 65.3595 1.84329 -48.2137 
v 65.2272 0.120282 -47.9612 
v 64.8882 0.211027 -48.1532 
v 65.3595 1.84329 -48.2137 
v 65.5406 1.778 -48.5643 
v 64.8882 0.211027 -48.1532 
v 65.0693 0.145742 -48.5038 
v 65.0693 0.145742 -48.5038 
v 65.4083 0.0549974 -48.3118 
v 64.8882 0.211027 -48.1532 
v 65.2272 0.120282 -47.9612 
v 65.5406 1.778 -48.5643 
v 65.8795 1.68726 -48.3724 
v 65.0693 0.145742 -48.5038 
v 65.4083 0.0549974 -48.3118 

vn 0.850394 -0.228346 0.480315 
vn 0.850394 -0.228346 0.480315 
vn 0.850394 -0.228346 0.480315 
vn 0.850394 -0.228346 0.480315 
vn 0.275591 0.96063 -0.0393701 
vn 0.275591 0.96063 -0.0393701 
vn 0.275591 0.96063 -0.0393701 
vn 0.275591 0.96063 -0.0393701 
vn -0.448819 0.165354 0.874016 
vn -0.448819 0.165354 0.874016 
vn -0.448819 0.165354 0.874016 
vn -0.448819 0.165354 0.874016 
vn -0.850394 0.228346 -0.480315 
vn -0.850394 0.228346 -0.480315 
vn -0.850394 0.228346 -0.480315 
vn -0.850394 0.228346 -0.480315 
vn -0.275591 -0.96063 0.0393701 
vn -0.275591 -0.96063 0.0393701 
vn -0.275591 -0.96063 0.0393701 
vn -0.275591 -0.96063 0.0393701 
vn 0.448819 -0.165354 -0.874016 
vn 0.448819 -0.165354 -0.874016 
vn 0.448819 -0.165354 -0.874016 
vn 0.448819 -0.165354 -0.874016 

vt 0.55 -3.25 
vt 0.5 -3.25 
vt 0.55 -3.4625 
vt 0.5 -3.4625 
vt 0.55 -3.25 
vt 0.5 -3.25 
vt 0.55 -3.3 
vt 0.5 -3.3 
vt 0.55 -3.25 
vt 0.5 -3.25 
vt 0.55 -3.4625 
vt 0.5 -3.4625 
vt 0.55 -3.25 
vt 0.5 -3.25 
vt 0.55 -3.4625 
vt 0.5 -3.4625 
vt 0.55 -3.25 
vt 0.5 -3.25 
vt 0.55 -3.3 
vt 0.5 -3.3 
vt 0.55 -3.25 
vt 0.5 -3.25 
vt 0.55 -3.4625 
vt 0.5 -3.4625 

usemtl Part117Mtl

f 4369/4369/4369 4370/4370/4370 4371/4371/4371 
f 4371/4371/4371 4370/4370/4370 4372/4372/4372 
f 4373/4373/4373 4374/4374/4374 4375/4375/4375 
f 4375/4375/4375 4374/4374/4374 4376/4376/4376 
f 4377/4377/4377 4378/4378/4378 4379/4379/4379 
f 4379/4379/4379 4378/4378/4378 4380/4380/4380 
f 4381/4381/4381 4382/4382/4382 4383/4383/4383 
f 4383/4383/4383 4382/4382/4382 4384/4384/4384 
f 4385/4385/4385 4386/4386/4386 4387/4387/4387 
f 4387/4387/4387 4386/4386/4386 4388/4388/4388 
f 4389/4389/4389 4390/4390/4390 4391/4391/4391 
f 4391/4391/4391 4390/4390/4390 4392/4392/4392 

g Part184

v 65.7492 1.67534 -47.8082 
v 65.5584 1.66268 -47.4568 
v 65.2151 0.0990755 -48.1549 
v 65.0244 0.0864166 -47.8035 
v 65.2301 1.81196 -47.6297 
v 65.5584 1.66268 -47.4568 
v 65.4208 1.82462 -47.9811 
v 65.7492 1.67534 -47.8082 
v 65.5584 1.66268 -47.4568 
v 65.2301 1.81196 -47.6297 
v 65.0244 0.0864166 -47.8035 
v 64.696 0.235692 -47.9764 
v 65.2301 1.81196 -47.6297 
v 65.4208 1.82462 -47.9811 
v 64.696 0.235692 -47.9764 
v 64.8868 0.248351 -48.3278 
v 64.8868 0.248351 -48.3278 
v 65.2151 0.0990755 -48.1549 
v 64.696 0.235692 -47.9764 
v 65.0244 0.0864166 -47.8035 
v 65.4208 1.82462 -47.9811 
v 65.7492 1.67534 -47.8082 
v 64.8868 0.248351 -48.3278 
v 65.2151 0.0990755 -48.1549 

vn 0.818898 -0.370079 0.433071 
vn 0.818898 -0.370079 0.433071 
vn 0.818898 -0.370079 0.433071 
vn 0.818898 -0.370079 0.433071 
vn 0.314961 0.929134 0.204724 
vn 0.314961 0.929134 0.204724 
vn 0.314961 0.929134 0.204724 
vn 0.314961 0.929134 0.204724 
vn -0.480315 -0.0314961 0.88189 
vn -0.480315 -0.0314961 0.88189 
vn -0.480315 -0.0314961 0.88189 
vn -0.480315 -0.0314961 0.88189 
vn -0.818898 0.370079 -0.433071 
vn -0.818898 0.370079 -0.433071 
vn -0.818898 0.370079 -0.433071 
vn -0.818898 0.370079 -0.433071 
vn -0.314961 -0.929134 -0.204724 
vn -0.314961 -0.929134 -0.204724 
vn -0.314961 -0.929134 -0.204724 
vn -0.314961 -0.929134 -0.204724 
vn 0.480315 0.0314961 -0.88189 
vn 0.480315 0.0314961 -0.88189 
vn 0.480315 0.0314961 -0.88189 
vn 0.480315 0.0314961 -0.88189 

vt 1.3 -5 
vt 1.25 -5 
vt 1.3 -5.2125 
vt 1.25 -5.2125 
vt 1.3 -5 
vt 1.25 -5 
vt 1.3 -5.05 
vt 1.25 -5.05 
vt 1.3 -5 
vt 1.25 -5 
vt 1.3 -5.2125 
vt 1.25 -5.2125 
vt 1.3 -5 
vt 1.25 -5 
vt 1.3 -5.2125 
vt 1.25 -5.2125 
vt 1.3 -5 
vt 1.25 -5 
vt 1.3 -5.05 
vt 1.25 -5.05 
vt 1.3 -5 
vt 1.25 -5 
vt 1.3 -5.2125 
vt 1.25 -5.2125 

usemtl Part118Mtl

f 4393/4393/4393 4394/4394/4394 4395/4395/4395 
f 4395/4395/4395 4394/4394/4394 4396/4396/4396 
f 4397/4397/4397 4398/4398/4398 4399/4399/4399 
f 4399/4399/4399 4398/4398/4398 4400/4400/4400 
f 4401/4401/4401 4402/4402/4402 4403/4403/4403 
f 4403/4403/4403 4402/4402/4402 4404/4404/4404 
f 4405/4405/4405 4406/4406/4406 4407/4407/4407 
f 4407/4407/4407 4406/4406/4406 4408/4408/4408 
f 4409/4409/4409 4410/4410/4410 4411/4411/4411 
f 4411/4411/4411 4410/4410/4410 4412/4412/4412 
f 4413/4413/4413 4414/4414/4414 4415/4415/4415 
f 4415/4415/4415 4414/4414/4414 4416/4416/4416 

g Part185

v 65.052 2.48482 -48.2203 
v 65.052 2.48482 -47.8203 
v 65.052 0.184824 -48.2203 
v 65.052 0.184824 -47.8203 
v 64.652 2.48482 -47.8203 
v 65.052 2.48482 -47.8203 
v 64.652 2.48482 -48.2203 
v 65.052 2.48482 -48.2203 
v 65.052 2.48482 -47.8203 
v 64.652 2.48482 -47.8203 
v 65.052 0.184824 -47.8203 
v 64.652 0.184824 -47.8203 
v 64.652 2.48482 -47.8203 
v 64.652 2.48482 -48.2203 
v 64.652 0.184824 -47.8203 
v 64.652 0.184824 -48.2203 
v 64.652 0.184824 -48.2203 
v 65.052 0.184824 -48.2203 
v 64.652 0.184824 -47.8203 
v 65.052 0.184824 -47.8203 
v 64.652 2.48482 -48.2203 
v 65.052 2.48482 -48.2203 
v 64.652 0.184824 -48.2203 
v 65.052 0.184824 -48.2203 

vn 1 0 0 
vn 1 0 0 
vn 1 0 0 
vn 1 0 0 
vn 0 1 0 
vn 0 1 0 
vn 0 1 0 
vn 0 1 0 
vn 0 0 1 
vn 0 0 1 
vn 0 0 1 
vn 0 0 1 
vn -1 0 0 
vn -1 0 0 
vn -1 0 0 
vn -1 0 0 
vn 0 -1 0 
vn 0 -1 0 
vn 0 -1 0 
vn 0 -1 0 
vn 0 0 -1 
vn 0 0 -1 
vn 0 0 -1 
vn 0 0 -1 

vt 5.3 -2.75 
vt 5.25 -2.75 
vt 5.3 -3.0375 
vt 5.25 -3.0375 
vt 5.3 -2.75 
vt 5.25 -2.75 
vt 5.3 -2.8 
vt 5.25 -2.8 
vt 5.3 -2.75 
vt 5.25 -2.75 
vt 5.3 -3.0375 
vt 5.25 -3.0375 
vt 5.3 -2.75 
vt 5.25 -2.75 
vt 5.3 -3.0375 
vt 5.25 -3.0375 
vt 5.3 -2.75 
vt 5.25 -2.75 
vt 5.3 -2.8 
vt 5.25 -2.8 
vt 5.3 -2.75 
vt 5.25 -2.75 
vt 5.3 -3.0375 
vt 5.25 -3.0375 

usemtl Part118Mtl

f 4417/4417/4417 4418/4418/4418 4419/4419/4419 
f 4419/4419/4419 4418/4418/4418 4420/4420/4420 
f 4421/4421/4421 4422/4422/4422 4423/4423/4423 
f 4423/4423/4423 4422/4422/4422 4424/4424/4424 
f 4425/4425/4425 4426/4426/4426 4427/4427/4427 
f 4427/4427/4427 4426/4426/4426 4428/4428/4428 
f 4429/4429/4429 4430/4430/4430 4431/4431/4431 
f 4431/4431/4431 4430/4430/4430 4432/4432/4432 
f 4433/4433/4433 4434/4434/4434 4435/4435/4435 
f 4435/4435/4435 4434/4434/4434 4436/4436/4436 
f 4437/4437/4437 4438/4438/4438 4439/4439/4439 
f 4439/4439/4439 4438/4438/4438 4440/4440/4440 

g Part186

v 104.202 1.70187 -31.9724 
v 104.552 1.76715 -31.7913 
v 104.262 0.0696077 -31.5011 
v 104.613 0.134892 -31.32 
v 104.36 1.8579 -31.4523 
v 104.552 1.76715 -31.7913 
v 104.01 1.79261 -31.6334 
v 104.202 1.70187 -31.9724 
v 104.552 1.76715 -31.7913 
v 104.36 1.8579 -31.4523 
v 104.613 0.134892 -31.32 
v 104.421 0.225637 -30.9811 
v 104.36 1.8579 -31.4523 
v 104.01 1.79261 -31.6334 
v 104.421 0.225637 -30.9811 
v 104.07 0.160352 -31.1622 
v 104.07 0.160352 -31.1622 
v 104.262 0.0696077 -31.5011 
v 104.421 0.225637 -30.9811 
v 104.613 0.134892 -31.32 
v 104.01 1.79261 -31.6334 
v 104.202 1.70187 -31.9724 
v 104.07 0.160352 -31.1622 
v 104.262 0.0696077 -31.5011 

vn 0.480315 -0.228346 -0.850394 
vn 0.480315 -0.228346 -0.850394 
vn 0.480315 -0.228346 -0.850394 
vn 0.480315 -0.228346 -0.850394 
vn -0.0393701 0.96063 -0.275591 
vn -0.0393701 0.96063 -0.275591 
vn -0.0393701 0.96063 -0.275591 
vn -0.0393701 0.96063 -0.275591 
vn 0.874016 0.165354 0.448819 
vn 0.874016 0.165354 0.448819 
vn 0.874016 0.165354 0.448819 
vn 0.874016 0.165354 0.448819 
vn -0.480315 0.228346 0.850394 
vn -0.480315 0.228346 0.850394 
vn -0.480315 0.228346 0.850394 
vn -0.480315 0.228346 0.850394 
vn 0.0393701 -0.96063 0.275591 
vn 0.0393701 -0.96063 0.275591 
vn 0.0393701 -0.96063 0.275591 
vn 0.0393701 -0.96063 0.275591 
vn -0.874016 -0.165354 -0.448819 
vn -0.874016 -0.165354 -0.448819 
vn -0.874016 -0.165354 -0.448819 
vn -0.874016 -0.165354 -0.448819 

vt 5.3 -5.5 
vt 5.25 -5.5 
vt 5.3 -5.7125 
vt 5.25 -5.7125 
vt 5.3 -5.5 
vt 5.25 -5.5 
vt 5.3 -5.55 
vt 5.25 -5.55 
vt 5.3 -5.5 
vt 5.25 -5.5 
vt 5.3 -5.7125 
vt 5.25 -5.7125 
vt 5.3 -5.5 
vt 5.25 -5.5 
vt 5.3 -5.7125 
vt 5.25 -5.7125 
vt 5.3 -5.5 
vt 5.25 -5.5 
vt 5.3 -5.55 
vt 5.25 -5.55 
vt 5.3 -5.5 
vt 5.25 -5.5 
vt 5.3 -5.7125 
vt 5.25 -5.7125 

usemtl Part118Mtl

f 4441/4441/4441 4442/4442/4442 4443/4443/4443 
f 4443/4443/4443 4442/4442/4442 4444/4444/4444 
f 4445/4445/4445 4446/4446/4446 4447/4447/4447 
f 4447/4447/4447 4446/4446/4446 4448/4448/4448 
f 4449/4449/4449 4450/4450/4450 4451/4451/4451 
f 4451/4451/4451 4450/4450/4450 4452/4452/4452 
f 4453/4453/4453 4454/4454/4454 4455/4455/4455 
f 4455/4455/4455 4454/4454/4454 4456/4456/4456 
f 4457/4457/4457 4458/4458/4458 4459/4459/4459 
f 4459/4459/4459 4458/4458/4458 4460/4460/4460 
f 4461/4461/4461 4462/4462/4462 4463/4463/4463 
f 4463/4463/4463 4462/4462/4462 4464/4464/4464 

g Part187

v 104.84 1.64392 -32.0571 
v 105.191 1.63126 -31.8663 
v 104.493 0.0676541 -31.5231 
v 104.845 0.0549952 -31.3323 
v 105.019 1.78054 -31.538 
v 105.191 1.63126 -31.8663 
v 104.667 1.7932 -31.7287 
v 104.84 1.64392 -32.0571 
v 105.191 1.63126 -31.8663 
v 105.019 1.78054 -31.538 
v 104.845 0.0549952 -31.3323 
v 104.672 0.204271 -31.0039 
v 105.019 1.78054 -31.538 
v 104.667 1.7932 -31.7287 
v 104.672 0.204271 -31.0039 
v 104.321 0.21693 -31.1947 
v 104.321 0.21693 -31.1947 
v 104.493 0.0676541 -31.5231 
v 104.672 0.204271 -31.0039 
v 104.845 0.0549952 -31.3323 
v 104.667 1.7932 -31.7287 
v 104.84 1.64392 -32.0571 
v 104.321 0.21693 -31.1947 
v 104.493 0.0676541 -31.5231 

vn 0.433071 -0.370079 -0.818898 
vn 0.433071 -0.370079 -0.818898 
vn 0.433071 -0.370079 -0.818898 
vn 0.433071 -0.370079 -0.818898 
vn 0.204724 0.929134 -0.314961 
vn 0.204724 0.929134 -0.314961 
vn 0.204724 0.929134 -0.314961 
vn 0.204724 0.929134 -0.314961 
vn 0.88189 -0.0314961 0.480315 
vn 0.88189 -0.0314961 0.480315 
vn 0.88189 -0.0314961 0.480315 
vn 0.88189 -0.0314961 0.480315 
vn -0.433071 0.370079 0.818898 
vn -0.433071 0.370079 0.818898 
vn -0.433071 0.370079 0.818898 
vn -0.433071 0.370079 0.818898 
vn -0.204724 -0.929134 0.314961 
vn -0.204724 -0.929134 0.314961 
vn -0.204724 -0.929134 0.314961 
vn -0.204724 -0.929134 0.314961 
vn -0.88189 0.0314961 -0.480315 
vn -0.88189 0.0314961 -0.480315 
vn -0.88189 0.0314961 -0.480315 
vn -0.88189 0.0314961 -0.480315 

vt 7.05 -1.5 
vt 7 -1.5 
vt 7.05 -1.7125 
vt 7 -1.7125 
vt 7.05 -1.5 
vt 7 -1.5 
vt 7.05 -1.55 
vt 7 -1.55 
vt 7.05 -1.5 
vt 7 -1.5 
vt 7.05 -1.7125 
vt 7 -1.7125 
vt 7.05 -1.5 
vt 7 -1.5 
vt 7.05 -1.7125 
vt 7 -1.7125 
vt 7.05 -1.5 
vt 7 -1.5 
vt 7.05 -1.55 
vt 7 -1.55 
vt 7.05 -1.5 
vt 7 -1.5 
vt 7.05 -1.7125 
vt 7 -1.7125 

usemtl Part118Mtl

f 4465/4465/4465 4466/4466/4466 4467/4467/4467 
f 4467/4467/4467 4466/4466/4466 4468/4468/4468 
f 4469/4469/4469 4470/4470/4470 4471/4471/4471 
f 4471/4471/4471 4470/4470/4470 4472/4472/4472 
f 4473/4473/4473 4474/4474/4474 4475/4475/4475 
f 4475/4475/4475 4474/4474/4474 4476/4476/4476 
f 4477/4477/4477 4478/4478/4478 4479/4479/4479 
f 4479/4479/4479 4478/4478/4478 4480/4480/4480 
f 4481/4481/4481 4482/4482/4482 4483/4483/4483 
f 4483/4483/4483 4482/4482/4482 4484/4484/4484 
f 4485/4485/4485 4486/4486/4486 4487/4487/4487 
f 4487/4487/4487 4486/4486/4486 4488/4488/4488 

g Part188

v 104.428 2.4534 -31.3599 
v 104.828 2.4534 -31.3599 
v 104.428 0.153405 -31.3599 
v 104.828 0.153405 -31.3599 
v 104.828 2.4534 -30.9599 
v 104.828 2.4534 -31.3599 
v 104.428 2.4534 -30.9599 
v 104.428 2.4534 -31.3599 
v 104.828 2.4534 -31.3599 
v 104.828 2.4534 -30.9599 
v 104.828 0.153405 -31.3599 
v 104.828 0.153405 -30.9599 
v 104.828 2.4534 -30.9599 
v 104.428 2.4534 -30.9599 
v 104.828 0.153405 -30.9599 
v 104.428 0.153405 -30.9599 
v 104.428 0.153405 -30.9599 
v 104.428 0.153405 -31.3599 
v 104.828 0.153405 -30.9599 
v 104.828 0.153405 -31.3599 
v 104.428 2.4534 -30.9599 
v 104.428 2.4534 -31.3599 
v 104.428 0.153405 -30.9599 
v 104.428 0.153405 -31.3599 

vn 0 0 -1 
vn 0 0 -1 
vn 0 0 -1 
vn 0 0 -1 
vn 0 1 0 
vn 0 1 0 
vn 0 1 0 
vn 0 1 0 
vn 1 0 0 
vn 1 0 0 
vn 1 0 0 
vn 1 0 0 
vn 0 0 1 
vn 0 0 1 
vn 0 0 1 
vn 0 0 1 
vn 0 -1 0 
vn 0 -1 0 
vn 0 -1 0 
vn 0 -1 0 
vn -1 0 0 
vn -1 0 0 
vn -1 0 0 
vn -1 0 0 

vt 7.05 -6.25 
vt 7 -6.25 
vt 7.05 -6.5375 
vt 7 -6.5375 
vt 7.05 -6.25 
vt 7 -6.25 
vt 7.05 -6.3 
vt 7 -6.3 
vt 7.05 -6.25 
vt 7 -6.25 
vt 7.05 -6.5375 
vt 7 -6.5375 
vt 7.05 -6.25 
vt 7 -6.25 
vt 7.05 -6.5375 
vt 7 -6.5375 
vt 7.05 -6.25 
vt 7 -6.25 
vt 7.05 -6.3 
vt 7 -6.3 
vt 7.05 -6.25 
vt 7 -6.25 
vt 7.05 -6.5375 
vt 7 -6.5375 

usemtl Part122Mtl

f 4489/4489/4489 4490/4490/4490 4491/4491/4491 
f 4491/4491/4491 4490/4490/4490 4492/4492/4492 
f 4493/4493/4493 4494/4494/4494 4495/4495/4495 
f 4495/4495/4495 4494/4494/4494 4496/4496/4496 
f 4497/4497/4497 4498/4498/4498 4499/4499/4499 
f 4499/4499/4499 4498/4498/4498 4500/4500/4500 
f 4501/4501/4501 4502/4502/4502 4503/4503/4503 
f 4503/4503/4503 4502/4502/4502 4504/4504/4504 
f 4505/4505/4505 4506/4506/4506 4507/4507/4507 
f 4507/4507/4507 4506/4506/4506 4508/4508/4508 
f 4509/4509/4509 4510/4510/4510 4511/4511/4511 
f 4511/4511/4511 4510/4510/4510 4512/4512/4512 

g Part189

v 104.181 1.7729 -29.2568 
v 104.482 1.77135 -29.5201 
v 103.723 0.218519 -29.7712 
v 104.024 0.216969 -30.0344 
v 104.722 1.60938 -29.2443 
v 104.482 1.77135 -29.5201 
v 104.421 1.61093 -28.9811 
v 104.181 1.7729 -29.2568 
v 104.482 1.77135 -29.5201 
v 104.722 1.60938 -29.2443 
v 104.024 0.216969 -30.0344 
v 104.264 0.0549983 -29.7586 
v 104.722 1.60938 -29.2443 
v 104.421 1.61093 -28.9811 
v 104.264 0.0549983 -29.7586 
v 103.963 0.0565485 -29.4954 
v 103.963 0.0565485 -29.4954 
v 103.723 0.218519 -29.7712 
v 104.264 0.0549983 -29.7586 
v 104.024 0.216969 -30.0344 
v 104.421 1.61093 -28.9811 
v 104.181 1.7729 -29.2568 
v 103.963 0.0565485 -29.4954 
v 103.723 0.218519 -29.7712 

vn -0.598425 0.401575 -0.692913 
vn -0.598425 0.401575 -0.692913 
vn -0.598425 0.401575 -0.692913 
vn -0.598425 0.401575 -0.692913 
vn 0.267717 0.913386 0.299213 
vn 0.267717 0.913386 0.299213 
vn 0.267717 0.913386 0.299213 
vn 0.267717 0.913386 0.299213 
vn 0.755906 0 -0.661417 
vn 0.755906 0 -0.661417 
vn 0.755906 0 -0.661417 
vn 0.755906 0 -0.661417 
vn 0.598425 -0.401575 0.692913 
vn 0.598425 -0.401575 0.692913 
vn 0.598425 -0.401575 0.692913 
vn 0.598425 -0.401575 0.692913 
vn -0.267717 -0.913386 -0.299213 
vn -0.267717 -0.913386 -0.299213 
vn -0.267717 -0.913386 -0.299213 
vn -0.267717 -0.913386 -0.299213 
vn -0.755906 0 0.661417 
vn -0.755906 0 0.661417 
vn -0.755906 0 0.661417 
vn -0.755906 0 0.661417 

vt 7.8 -6.75 
vt 7.75 -6.75 
vt 7.8 -6.9625 
vt 7.75 -6.9625 
vt 7.8 -6.75 
vt 7.75 -6.75 
vt 7.8 -6.8 
vt 7.75 -6.8 
vt 7.8 -6.75 
vt 7.75 -6.75 
vt 7.8 -6.9625 
vt 7.75 -6.9625 
vt 7.8 -6.75 
vt 7.75 -6.75 
vt 7.8 -6.9625 
vt 7.75 -6.9625 
vt 7.8 -6.75 
vt 7.75 -6.75 
vt 7.8 -6.8 
vt 7.75 -6.8 
vt 7.8 -6.75 
vt 7.75 -6.75 
vt 7.8 -6.9625 
vt 7.75 -6.9625 

usemtl Part123Mtl

f 4513/4513/4513 4514/4514/4514 4515/4515/4515 
f 4515/4515/4515 4514/4514/4514 4516/4516/4516 
f 4517/4517/4517 4518/4518/4518 4519/4519/4519 
f 4519/4519/4519 4518/4518/4518 4520/4520/4520 
f 4521/4521/4521 4522/4522/4522 4523/4523/4523 
f 4523/4523/4523 4522/4522/4522 4524/4524/4524 
f 4525/4525/4525 4526/4526/4526 4527/4527/4527 
f 4527/4527/4527 4526/4526/4526 4528/4528/4528 
f 4529/4529/4529 4530/4530/4530 4531/4531/4531 
f 4531/4531/4531 4530/4530/4530 4532/4532/4532 
f 4533/4533/4533 4534/4534/4534 4535/4535/4535 
f 4535/4535/4535 4534/4534/4534 4536/4536/4536 

g Part190

v 103.39 1.7967 -30.3347 
v 103.74 1.86199 -30.1536 
v 103.45 0.164443 -29.8634 
v 103.801 0.229728 -29.6824 
v 103.548 1.95273 -29.8146 
v 103.74 1.86199 -30.1536 
v 103.198 1.88745 -29.9957 
v 103.39 1.7967 -30.3347 
v 103.74 1.86199 -30.1536 
v 103.548 1.95273 -29.8146 
v 103.801 0.229728 -29.6824 
v 103.609 0.320472 -29.3434 
v 103.548 1.95273 -29.8146 
v 103.198 1.88745 -29.9957 
v 103.609 0.320472 -29.3434 
v 103.258 0.255187 -29.5245 
v 103.258 0.255187 -29.5245 
v 103.45 0.164443 -29.8634 
v 103.609 0.320472 -29.3434 
v 103.801 0.229728 -29.6824 
v 103.198 1.88745 -29.9957 
v 103.39 1.7967 -30.3347 
v 103.258 0.255187 -29.5245 
v 103.45 0.164443 -29.8634 

vn 0.480315 -0.228346 -0.850394 
vn 0.480315 -0.228346 -0.850394 
vn 0.480315 -0.228346 -0.850394 
vn 0.480315 -0.228346 -0.850394 
vn -0.0393701 0.96063 -0.275591 
vn -0.0393701 0.96063 -0.275591 
vn -0.0393701 0.96063 -0.275591 
vn -0.0393701 0.96063 -0.275591 
vn 0.874016 0.165354 0.448819 
vn 0.874016 0.165354 0.448819 
vn 0.874016 0.165354 0.448819 
vn 0.874016 0.165354 0.448819 
vn -0.480315 0.228346 0.850394 
vn -0.480315 0.228346 0.850394 
vn -0.480315 0.228346 0.850394 
vn -0.480315 0.228346 0.850394 
vn 0.0393701 -0.96063 0.275591 
vn 0.0393701 -0.96063 0.275591 
vn 0.0393701 -0.96063 0.275591 
vn 0.0393701 -0.96063 0.275591 
vn -0.874016 -0.165354 -0.448819 
vn -0.874016 -0.165354 -0.448819 
vn -0.874016 -0.165354 -0.448819 
vn -0.874016 -0.165354 -0.448819 

vt 7.8 0.75 
vt 7.75 0.75 
vt 7.8 0.5375 
vt 7.75 0.5375 
vt 7.8 0.75 
vt 7.75 0.75 
vt 7.8 0.7 
vt 7.75 0.7 
vt 7.8 0.75 
vt 7.75 0.75 
vt 7.8 0.5375 
vt 7.75 0.5375 
vt 7.8 0.75 
vt 7.75 0.75 
vt 7.8 0.5375 
vt 7.75 0.5375 
vt 7.8 0.75 
vt 7.75 0.75 
vt 7.8 0.7 
vt 7.75 0.7 
vt 7.8 0.75 
vt 7.75 0.75 
vt 7.8 0.5375 
vt 7.75 0.5375 

usemtl Part118Mtl

f 4537/4537/4537 4538/4538/4538 4539/4539/4539 
f 4539/4539/4539 4538/4538/4538 4540/4540/4540 
f 4541/4541/4541 4542/4542/4542 4543/4543/4543 
f 4543/4543/4543 4542/4542/4542 4544/4544/4544 
f 4545/4545/4545 4546/4546/4546 4547/4547/4547 
f 4547/4547/4547 4546/4546/4546 4548/4548/4548 
f 4549/4549/4549 4550/4550/4550 4551/4551/4551 
f 4551/4551/4551 4550/4550/4550 4552/4552/4552 
f 4553/4553/4553 4554/4554/4554 4555/4555/4555 
f 4555/4555/4555 4554/4554/4554 4556/4556/4556 
f 4557/4557/4557 4558/4558/4558 4559/4559/4559 
f 4559/4559/4559 4558/4558/4558 4560/4560/4560 

g Part191

v 104.028 1.73876 -30.4194 
v 104.379 1.7261 -30.2287 
v 103.681 0.162495 -29.8854 
v 104.033 0.149836 -29.6946 
v 104.206 1.87538 -29.9003 
v 104.379 1.7261 -30.2287 
v 103.855 1.88804 -30.091 
v 104.028 1.73876 -30.4194 
v 104.379 1.7261 -30.2287 
v 104.206 1.87538 -29.9003 
v 104.033 0.149836 -29.6946 
v 103.86 0.299112 -29.3662 
v 104.206 1.87538 -29.9003 
v 103.855 1.88804 -30.091 
v 103.86 0.299112 -29.3662 
v 103.508 0.311771 -29.557 
v 103.508 0.311771 -29.557 
v 103.681 0.162495 -29.8854 
v 103.86 0.299112 -29.3662 
v 104.033 0.149836 -29.6946 
v 103.855 1.88804 -30.091 
v 104.028 1.73876 -30.4194 
v 103.508 0.311771 -29.557 
v 103.681 0.162495 -29.8854 

vn 0.433071 -0.370079 -0.818898 
vn 0.433071 -0.370079 -0.818898 
vn 0.433071 -0.370079 -0.818898 
vn 0.433071 -0.370079 -0.818898 
vn 0.204724 0.929134 -0.314961 
vn 0.204724 0.929134 -0.314961 
vn 0.204724 0.929134 -0.314961 
vn 0.204724 0.929134 -0.314961 
vn 0.88189 -0.0314961 0.480315 
vn 0.88189 -0.0314961 0.480315 
vn 0.88189 -0.0314961 0.480315 
vn 0.88189 -0.0314961 0.480315 
vn -0.433071 0.370079 0.818898 
vn -0.433071 0.370079 0.818898 
vn -0.433071 0.370079 0.818898 
vn -0.433071 0.370079 0.818898 
vn -0.204724 -0.929134 0.314961 
vn -0.204724 -0.929134 0.314961 
vn -0.204724 -0.929134 0.314961 
vn -0.204724 -0.929134 0.314961 
vn -0.88189 0.0314961 -0.480315 
vn -0.88189 0.0314961 -0.480315 
vn -0.88189 0.0314961 -0.480315 
vn -0.88189 0.0314961 -0.480315 

vt 4.8 1 
vt 4.75 1 
vt 4.8 0.7875 
vt 4.75 0.7875 
vt 4.8 1 
vt 4.75 1 
vt 4.8 0.95 
vt 4.75 0.95 
vt 4.8 1 
vt 4.75 1 
vt 4.8 0.7875 
vt 4.75 0.7875 
vt 4.8 1 
vt 4.75 1 
vt 4.8 0.7875 
vt 4.75 0.7875 
vt 4.8 1 
vt 4.75 1 
vt 4.8 0.95 
vt 4.75 0.95 
vt 4.8 1 
vt 4.75 1 
vt 4.8 0.7875 
vt 4.75 0.7875 

usemtl Part118Mtl

f 4561/4561/4561 4562/4562/4562 4563/4563/4563 
f 4563/4563/4563 4562/4562/4562 4564/4564/4564 
f 4565/4565/4565 4566/4566/4566 4567/4567/4567 
f 4567/4567/4567 4566/4566/4566 4568/4568/4568 
f 4569/4569/4569 4570/4570/4570 4571/4571/4571 
f 4571/4571/4571 4570/4570/4570 4572/4572/4572 
f 4573/4573/4573 4574/4574/4574 4575/4575/4575 
f 4575/4575/4575 4574/4574/4574 4576/4576/4576 
f 4577/4577/4577 4578/4578/4578 4579/4579/4579 
f 4579/4579/4579 4578/4578/4578 4580/4580/4580 
f 4581/4581/4581 4582/4582/4582 4583/4583/4583 
f 4583/4583/4583 4582/4582/4582 4584/4584/4584 

g Part192

v 103.616 2.54824 -29.7222 
v 104.016 2.54824 -29.7222 
v 103.616 0.248242 -29.7222 
v 104.016 0.248242 -29.7222 
v 104.016 2.54824 -29.3222 
v 104.016 2.54824 -29.7222 
v 103.616 2.54824 -29.3222 
v 103.616 2.54824 -29.7222 
v 104.016 2.54824 -29.7222 
v 104.016 2.54824 -29.3222 
v 104.016 0.248242 -29.7222 
v 104.016 0.248242 -29.3222 
v 104.016 2.54824 -29.3222 
v 103.616 2.54824 -29.3222 
v 104.016 0.248242 -29.3222 
v 103.616 0.248242 -29.3222 
v 103.616 0.248242 -29.3222 
v 103.616 0.248242 -29.7222 
v 104.016 0.248242 -29.3222 
v 104.016 0.248242 -29.7222 
v 103.616 2.54824 -29.3222 
v 103.616 2.54824 -29.7222 
v 103.616 0.248242 -29.3222 
v 103.616 0.248242 -29.7222 

vn 0 0 -1 
vn 0 0 -1 
vn 0 0 -1 
vn 0 0 -1 
vn 0 1 0 
vn 0 1 0 
vn 0 1 0 
vn 0 1 0 
vn 1 0 0 
vn 1 0 0 
vn 1 0 0 
vn 1 0 0 
vn 0 0 1 
vn 0 0 1 
vn 0 0 1 
vn 0 0 1 
vn 0 -1 0 
vn 0 -1 0 
vn 0 -1 0 
vn 0 -1 0 
vn -1 0 0 
vn -1 0 0 
vn -1 0 0 
vn -1 0 0 

vt 3.8 -6.25 
vt 3.75 -6.25 
vt 3.8 -6.5375 
vt 3.75 -6.5375 
vt 3.8 -6.25 
vt 3.75 -6.25 
vt 3.8 -6.3 
vt 3.75 -6.3 
vt 3.8 -6.25 
vt 3.75 -6.25 
vt 3.8 -6.5375 
vt 3.75 -6.5375 
vt 3.8 -6.25 
vt 3.75 -6.25 
vt 3.8 -6.5375 
vt 3.75 -6.5375 
vt 3.8 -6.25 
vt 3.75 -6.25 
vt 3.8 -6.3 
vt 3.75 -6.3 
vt 3.8 -6.25 
vt 3.75 -6.25 
vt 3.8 -6.5375 
vt 3.75 -6.5375 

usemtl Part118Mtl

f 4585/4585/4585 4586/4586/4586 4587/4587/4587 
f 4587/4587/4587 4586/4586/4586 4588/4588/4588 
f 4589/4589/4589 4590/4590/4590 4591/4591/4591 
f 4591/4591/4591 4590/4590/4590 4592/4592/4592 
f 4593/4593/4593 4594/4594/4594 4595/4595/4595 
f 4595/4595/4595 4594/4594/4594 4596/4596/4596 
f 4597/4597/4597 4598/4598/4598 4599/4599/4599 
f 4599/4599/4599 4598/4598/4598 4600/4600/4600 
f 4601/4601/4601 4602/4602/4602 4603/4603/4603 
f 4603/4603/4603 4602/4602/4602 4604/4604/4604 
f 4605/4605/4605 4606/4606/4606 4607/4607/4607 
f 4607/4607/4607 4606/4606/4606 4608/4608/4608 

g Part193

v 106.39 2.42675 -29.3376 
v 106.245 2.3366 -28.9756 
v 106.143 0.232819 -29.9824 
v 105.998 0.142668 -29.6204 
v 105.875 2.41591 -29.1036 
v 106.245 2.3366 -28.9756 
v 106.019 2.50606 -29.4656 
v 106.39 2.42675 -29.3376 
v 106.245 2.3366 -28.9756 
v 105.875 2.41591 -29.1036 
v 105.998 0.142668 -29.6204 
v 105.628 0.221976 -29.7483 
v 105.875 2.41591 -29.1036 
v 106.019 2.50606 -29.4656 
v 105.628 0.221976 -29.7483 
v 105.772 0.312127 -30.1103 
v 105.772 0.312127 -30.1103 
v 106.143 0.232819 -29.9824 
v 105.628 0.221976 -29.7483 
v 105.998 0.142668 -29.6204 
v 106.019 2.50606 -29.4656 
v 106.39 2.42675 -29.3376 
v 105.772 0.312127 -30.1103 
v 106.143 0.232819 -29.9824 

vn 0.929134 -0.19685 0.322835 
vn 0.929134 -0.19685 0.322835 
vn 0.929134 -0.19685 0.322835 
vn 0.929134 -0.19685 0.322835 
vn 0.110236 0.952756 0.283465 
vn 0.110236 0.952756 0.283465 
vn 0.110236 0.952756 0.283465 
vn 0.110236 0.952756 0.283465 
vn -0.362205 -0.228346 0.905512 
vn -0.362205 -0.228346 0.905512 
vn -0.362205 -0.228346 0.905512 
vn -0.362205 -0.228346 0.905512 
vn -0.929134 0.19685 -0.322835 
vn -0.929134 0.19685 -0.322835 
vn -0.929134 0.19685 -0.322835 
vn -0.929134 0.19685 -0.322835 
vn -0.110236 -0.952756 -0.283465 
vn -0.110236 -0.952756 -0.283465 
vn -0.110236 -0.952756 -0.283465 
vn -0.110236 -0.952756 -0.283465 
vn 0.362205 0.228346 -0.905512 
vn 0.362205 0.228346 -0.905512 
vn 0.362205 0.228346 -0.905512 
vn 0.362205 0.228346 -0.905512 

vt 3.05 -6.25 
vt 3 -6.25 
vt 3.05 -6.5375 
vt 3 -6.5375 
vt 3.05 -6.25 
vt 3 -6.25 
vt 3.05 -6.3 
vt 3 -6.3 
vt 3.05 -6.25 
vt 3 -6.25 
vt 3.05 -6.5375 
vt 3 -6.5375 
vt 3.05 -6.25 
vt 3 -6.25 
vt 3.05 -6.5375 
vt 3 -6.5375 
vt 3.05 -6.25 
vt 3 -6.25 
vt 3.05 -6.3 
vt 3 -6.3 
vt 3.05 -6.25 
vt 3 -6.25 
vt 3.05 -6.5375 
vt 3 -6.5375 

usemtl Part116Mtl

f 4609/4609/4609 4610/4610/4610 4611/4611/4611 
f 4611/4611/4611 4610/4610/4610 4612/4612/4612 
f 4613/4613/4613 4614/4614/4614 4615/4615/4615 
f 4615/4615/4615 4614/4614/4614 4616/4616/4616 
f 4617/4617/4617 4618/4618/4618 4619/4619/4619 
f 4619/4619/4619 4618/4618/4618 4620/4620/4620 
f 4621/4621/4621 4622/4622/4622 4623/4623/4623 
f 4623/4623/4623 4622/4622/4622 4624/4624/4624 
f 4625/4625/4625 4626/4626/4626 4627/4627/4627 
f 4627/4627/4627 4626/4626/4626 4628/4628/4628 
f 4629/4629/4629 4630/4630/4630 4631/4631/4631 
f 4631/4631/4631 4630/4630/4630 4632/4632/4632 

g Part194

v 106.88 1.68726 -30.3724 
v 106.698 1.75254 -30.0217 
v 106.408 0.0549974 -30.3118 
v 106.227 0.120282 -29.9612 
v 106.359 1.84329 -30.2137 
v 106.698 1.75254 -30.0217 
v 106.541 1.778 -30.5643 
v 106.88 1.68726 -30.3724 
v 106.698 1.75254 -30.0217 
v 106.359 1.84329 -30.2137 
v 106.227 0.120282 -29.9612 
v 105.888 0.211027 -30.1532 
v 106.359 1.84329 -30.2137 
v 106.541 1.778 -30.5643 
v 105.888 0.211027 -30.1532 
v 106.069 0.145742 -30.5038 
v 106.069 0.145742 -30.5038 
v 106.408 0.0549974 -30.3118 
v 105.888 0.211027 -30.1532 
v 106.227 0.120282 -29.9612 
v 106.541 1.778 -30.5643 
v 106.88 1.68726 -30.3724 
v 106.069 0.145742 -30.5038 
v 106.408 0.0549974 -30.3118 

vn 0.850394 -0.228346 0.480315 
vn 0.850394 -0.228346 0.480315 
vn 0.850394 -0.228346 0.480315 
vn 0.850394 -0.228346 0.480315 
vn 0.275591 0.96063 -0.0393701 
vn 0.275591 0.96063 -0.0393701 
vn 0.275591 0.96063 -0.0393701 
vn 0.275591 0.96063 -0.0393701 
vn -0.448819 0.165354 0.874016 
vn -0.448819 0.165354 0.874016 
vn -0.448819 0.165354 0.874016 
vn -0.448819 0.165354 0.874016 
vn -0.850394 0.228346 -0.480315 
vn -0.850394 0.228346 -0.480315 
vn -0.850394 0.228346 -0.480315 
vn -0.850394 0.228346 -0.480315 
vn -0.275591 -0.96063 0.0393701 
vn -0.275591 -0.96063 0.0393701 
vn -0.275591 -0.96063 0.0393701 
vn -0.275591 -0.96063 0.0393701 
vn 0.448819 -0.165354 -0.874016 
vn 0.448819 -0.165354 -0.874016 
vn 0.448819 -0.165354 -0.874016 
vn 0.448819 -0.165354 -0.874016 

vt 1.55 -0.5 
vt 1.5 -0.5 
vt 1.55 -0.7125 
vt 1.5 -0.7125 
vt 1.55 -0.5 
vt 1.5 -0.5 
vt 1.55 -0.55 
vt 1.5 -0.55 
vt 1.55 -0.5 
vt 1.5 -0.5 
vt 1.55 -0.7125 
vt 1.5 -0.7125 
vt 1.55 -0.5 
vt 1.5 -0.5 
vt 1.55 -0.7125 
vt 1.5 -0.7125 
vt 1.55 -0.5 
vt 1.5 -0.5 
vt 1.55 -0.55 
vt 1.5 -0.55 
vt 1.55 -0.5 
vt 1.5 -0.5 
vt 1.55 -0.7125 
vt 1.5 -0.7125 

usemtl Part117Mtl

f 4633/4633/4633 4634/4634/4634 4635/4635/4635 
f 4635/4635/4635 4634/4634/4634 4636/4636/4636 
f 4637/4637/4637 4638/4638/4638 4639/4639/4639 
f 4639/4639/4639 4638/4638/4638 4640/4640/4640 
f 4641/4641/4641 4642/4642/4642 4643/4643/4643 
f 4643/4643/4643 4642/4642/4642 4644/4644/4644 
f 4645/4645/4645 4646/4646/4646 4647/4647/4647 
f 4647/4647/4647 4646/4646/4646 4648/4648/4648 
f 4649/4649/4649 4650/4650/4650 4651/4651/4651 
f 4651/4651/4651 4650/4650/4650 4652/4652/4652 
f 4653/4653/4653 4654/4654/4654 4655/4655/4655 
f 4655/4655/4655 4654/4654/4654 4656/4656/4656 

g Part195

v 106.749 1.67534 -29.8082 
v 106.558 1.66268 -29.4568 
v 106.215 0.0990755 -30.1549 
v 106.024 0.0864166 -29.8035 
v 106.23 1.81196 -29.6297 
v 106.558 1.66268 -29.4568 
v 106.421 1.82462 -29.9811 
v 106.749 1.67534 -29.8082 
v 106.558 1.66268 -29.4568 
v 106.23 1.81196 -29.6297 
v 106.024 0.0864166 -29.8035 
v 105.696 0.235692 -29.9764 
v 106.23 1.81196 -29.6297 
v 106.421 1.82462 -29.9811 
v 105.696 0.235692 -29.9764 
v 105.887 0.248351 -30.3278 
v 105.887 0.248351 -30.3278 
v 106.215 0.0990755 -30.1549 
v 105.696 0.235692 -29.9764 
v 106.024 0.0864166 -29.8035 
v 106.421 1.82462 -29.9811 
v 106.749 1.67534 -29.8082 
v 105.887 0.248351 -30.3278 
v 106.215 0.0990755 -30.1549 

vn 0.818898 -0.370079 0.433071 
vn 0.818898 -0.370079 0.433071 
vn 0.818898 -0.370079 0.433071 
vn 0.818898 -0.370079 0.433071 
vn 0.314961 0.929134 0.204724 
vn 0.314961 0.929134 0.204724 
vn 0.314961 0.929134 0.204724 
vn 0.314961 0.929134 0.204724 
vn -0.480315 -0.0314961 0.88189 
vn -0.480315 -0.0314961 0.88189 
vn -0.480315 -0.0314961 0.88189 
vn -0.480315 -0.0314961 0.88189 
vn -0.818898 0.370079 -0.433071 
vn -0.818898 0.370079 -0.433071 
vn -0.818898 0.370079 -0.433071 
vn -0.818898 0.370079 -0.433071 
vn -0.314961 -0.929134 -0.204724 
vn -0.314961 -0.929134 -0.204724 
vn -0.314961 -0.929134 -0.204724 
vn -0.314961 -0.929134 -0.204724 
vn 0.480315 0.0314961 -0.88189 
vn 0.480315 0.0314961 -0.88189 
vn 0.480315 0.0314961 -0.88189 
vn 0.480315 0.0314961 -0.88189 

vt 1.55 -3.25 
vt 1.5 -3.25 
vt 1.55 -3.4625 
vt 1.5 -3.4625 
vt 1.55 -3.25 
vt 1.5 -3.25 
vt 1.55 -3.3 
vt 1.5 -3.3 
vt 1.55 -3.25 
vt 1.5 -3.25 
vt 1.55 -3.4625 
vt 1.5 -3.4625 
vt 1.55 -3.25 
vt 1.5 -3.25 
vt 1.55 -3.4625 
vt 1.5 -3.4625 
vt 1.55 -3.25 
vt 1.5 -3.25 
vt 1.55 -3.3 
vt 1.5 -3.3 
vt 1.55 -3.25 
vt 1.5 -3.25 
vt 1.55 -3.4625 
vt 1.5 -3.4625 

usemtl Part118Mtl

f 4657/4657/4657 4658/4658/4658 4659/4659/4659 
f 4659/4659/4659 4658/4658/4658 4660/4660/4660 
f 4661/4661/4661 4662/4662/4662 4663/4663/4663 
f 4663/4663/4663 4662/4662/4662 4664/4664/4664 
f 4665/4665/4665 4666/4666/4666 4667/4667/4667 
f 4667/4667/4667 4666/4666/4666 4668/4668/4668 
f 4669/4669/4669 4670/4670/4670 4671/4671/4671 
f 4671/4671/4671 4670/4670/4670 4672/4672/4672 
f 4673/4673/4673 4674/4674/4674 4675/4675/4675 
f 4675/4675/4675 4674/4674/4674 4676/4676/4676 
f 4677/4677/4677 4678/4678/4678 4679/4679/4679 
f 4679/4679/4679 4678/4678/4678 4680/4680/4680 

g Part196

v 106.052 2.48482 -30.2203 
v 106.052 2.48482 -29.8203 
v 106.052 0.184824 -30.2203 
v 106.052 0.184824 -29.8203 
v 105.652 2.48482 -29.8203 
v 106.052 2.48482 -29.8203 
v 105.652 2.48482 -30.2203 
v 106.052 2.48482 -30.2203 
v 106.052 2.48482 -29.8203 
v 105.652 2.48482 -29.8203 
v 106.052 0.184824 -29.8203 
v 105.652 0.184824 -29.8203 
v 105.652 2.48482 -29.8203 
v 105.652 2.48482 -30.2203 
v 105.652 0.184824 -29.8203 
v 105.652 0.184824 -30.2203 
v 105.652 0.184824 -30.2203 
v 106.052 0.184824 -30.2203 
v 105.652 0.184824 -29.8203 
v 106.052 0.184824 -29.8203 
v 105.652 2.48482 -30.2203 
v 106.052 2.48482 -30.2203 
v 105.652 0.184824 -30.2203 
v 106.052 0.184824 -30.2203 

vn 1 0 0 
vn 1 0 0 
vn 1 0 0 
vn 1 0 0 
vn 0 1 0 
vn 0 1 0 
vn 0 1 0 
vn 0 1 0 
vn 0 0 1 
vn 0 0 1 
vn 0 0 1 
vn 0 0 1 
vn -1 0 0 
vn -1 0 0 
vn -1 0 0 
vn -1 0 0 
vn 0 -1 0 
vn 0 -1 0 
vn 0 -1 0 
vn 0 -1 0 
vn 0 0 -1 
vn 0 0 -1 
vn 0 0 -1 
vn 0 0 -1 

vt 7.8 0 
vt 7.75 0 
vt 7.8 -0.2875 
vt 7.75 -0.2875 
vt 7.8 0 
vt 7.75 0 
vt 7.8 -0.05 
vt 7.75 -0.05 
vt 7.8 0 
vt 7.75 0 
vt 7.8 -0.2875 
vt 7.75 -0.2875 
vt 7.8 0 
vt 7.75 0 
vt 7.8 -0.2875 
vt 7.75 -0.2875 
vt 7.8 0 
vt 7.75 0 
vt 7.8 -0.05 
vt 7.75 -0.05 
vt 7.8 0 
vt 7.75 0 
vt 7.8 -0.2875 
vt 7.75 -0.2875 

usemtl Part118Mtl

f 4681/4681/4681 4682/4682/4682 4683/4683/4683 
f 4683/4683/4683 4682/4682/4682 4684/4684/4684 
f 4685/4685/4685 4686/4686/4686 4687/4687/4687 
f 4687/4687/4687 4686/4686/4686 4688/4688/4688 
f 4689/4689/4689 4690/4690/4690 4691/4691/4691 
f 4691/4691/4691 4690/4690/4690 4692/4692/4692 
f 4693/4693/4693 4694/4694/4694 4695/4695/4695 
f 4695/4695/4695 4694/4694/4694 4696/4696/4696 
f 4697/4697/4697 4698/4698/4698 4699/4699/4699 
f 4699/4699/4699 4698/4698/4698 4700/4700/4700 
f 4701/4701/4701 4702/4702/4702 4703/4703/4703 
f 4703/4703/4703 4702/4702/4702 4704/4704/4704 

g Part197

v 75.2016 1.70187 11.0276 
v 75.5523 1.76715 11.2087 
v 75.2622 0.0696077 11.4989 
v 75.6128 0.134892 11.68 
v 75.3603 1.8579 11.5477 
v 75.5523 1.76715 11.2087 
v 75.0096 1.79261 11.3666 
v 75.2016 1.70187 11.0276 
v 75.5523 1.76715 11.2087 
v 75.3603 1.8579 11.5477 
v 75.6128 0.134892 11.68 
v 75.4208 0.225637 12.0189 
v 75.3603 1.8579 11.5477 
v 75.0096 1.79261 11.3666 
v 75.4208 0.225637 12.0189 
v 75.0702 0.160352 11.8378 
v 75.0702 0.160352 11.8378 
v 75.2622 0.0696077 11.4989 
v 75.4208 0.225637 12.0189 
v 75.6128 0.134892 11.68 
v 75.0096 1.79261 11.3666 
v 75.2016 1.70187 11.0276 
v 75.0702 0.160352 11.8378 
v 75.2622 0.0696077 11.4989 

vn 0.480315 -0.228346 -0.850394 
vn 0.480315 -0.228346 -0.850394 
vn 0.480315 -0.228346 -0.850394 
vn 0.480315 -0.228346 -0.850394 
vn -0.0393701 0.96063 -0.275591 
vn -0.0393701 0.96063 -0.275591 
vn -0.0393701 0.96063 -0.275591 
vn -0.0393701 0.96063 -0.275591 
vn 0.874016 0.165354 0.448819 
vn 0.874016 0.165354 0.448819 
vn 0.874016 0.165354 0.448819 
vn 0.874016 0.165354 0.448819 
vn -0.480315 0.228346 0.850394 
vn -0.480315 0.228346 0.850394 
vn -0.480315 0.228346 0.850394 
vn -0.480315 0.228346 0.850394 
vn 0.0393701 -0.96063 0.275591 
vn 0.0393701 -0.96063 0.275591 
vn 0.0393701 -0.96063 0.275591 
vn 0.0393701 -0.96063 0.275591 
vn -0.874016 -0.165354 -0.448819 
vn -0.874016 -0.165354 -0.448819 
vn -0.874016 -0.165354 -0.448819 
vn -0.874016 -0.165354 -0.448819 

vt 6.05 -2.5 
vt 6 -2.5 
vt 6.05 -2.7125 
vt 6 -2.7125 
vt 6.05 -2.5 
vt 6 -2.5 
vt 6.05 -2.55 
vt 6 -2.55 
vt 6.05 -2.5 
vt 6 -2.5 
vt 6.05 -2.7125 
vt 6 -2.7125 
vt 6.05 -2.5 
vt 6 -2.5 
vt 6.05 -2.7125 
vt 6 -2.7125 
vt 6.05 -2.5 
vt 6 -2.5 
vt 6.05 -2.55 
vt 6 -2.55 
vt 6.05 -2.5 
vt 6 -2.5 
vt 6.05 -2.7125 
vt 6 -2.7125 

usemtl Part118Mtl

f 4705/4705/4705 4706/4706/4706 4707/4707/4707 
f 4707/4707/4707 4706/4706/4706 4708/4708/4708 
f 4709/4709/4709 4710/4710/4710 4711/4711/4711 
f 4711/4711/4711 4710/4710/4710 4712/4712/4712 
f 4713/4713/4713 4714/4714/4714 4715/4715/4715 
f 4715/4715/4715 4714/4714/4714 4716/4716/4716 
f 4717/4717/4717 4718/4718/4718 4719/4719/4719 
f 4719/4719/4719 4718/4718/4718 4720/4720/4720 
f 4721/4721/4721 4722/4722/4722 4723/4723/4723 
f 4723/4723/4723 4722/4722/4722 4724/4724/4724 
f 4725/4725/4725 4726/4726/4726 4727/4727/4727 
f 4727/4727/4727 4726/4726/4726 4728/4728/4728 

g Part198

v 75.8401 1.64392 10.9429 
v 76.1915 1.63126 11.1337 
v 75.4934 0.0676541 11.477 
v 75.8448 0.0549952 11.6677 
v 76.0186 1.78054 11.462 
v 76.1915 1.63126 11.1337 
v 75.6672 1.7932 11.2713 
v 75.8401 1.64392 10.9429 
v 76.1915 1.63126 11.1337 
v 76.0186 1.78054 11.462 
v 75.8448 0.0549952 11.6677 
v 75.6719 0.204271 11.9961 
v 76.0186 1.78054 11.462 
v 75.6672 1.7932 11.2713 
v 75.6719 0.204271 11.9961 
v 75.3205 0.21693 11.8053 
v 75.3205 0.21693 11.8053 
v 75.4934 0.0676541 11.477 
v 75.6719 0.204271 11.9961 
v 75.8448 0.0549952 11.6677 
v 75.6672 1.7932 11.2713 
v 75.8401 1.64392 10.9429 
v 75.3205 0.21693 11.8053 
v 75.4934 0.0676541 11.477 

vn 0.433071 -0.370079 -0.818898 
vn 0.433071 -0.370079 -0.818898 
vn 0.433071 -0.370079 -0.818898 
vn 0.433071 -0.370079 -0.818898 
vn 0.204724 0.929134 -0.314961 
vn 0.204724 0.929134 -0.314961 
vn 0.204724 0.929134 -0.314961 
vn 0.204724 0.929134 -0.314961 
vn 0.88189 -0.0314961 0.480315 
vn 0.88189 -0.0314961 0.480315 
vn 0.88189 -0.0314961 0.480315 
vn 0.88189 -0.0314961 0.480315 
vn -0.433071 0.370079 0.818898 
vn -0.433071 0.370079 0.818898 
vn -0.433071 0.370079 0.818898 
vn -0.433071 0.370079 0.818898 
vn -0.204724 -0.929134 0.314961 
vn -0.204724 -0.929134 0.314961 
vn -0.204724 -0.929134 0.314961 
vn -0.204724 -0.929134 0.314961 
vn -0.88189 0.0314961 -0.480315 
vn -0.88189 0.0314961 -0.480315 
vn -0.88189 0.0314961 -0.480315 
vn -0.88189 0.0314961 -0.480315 

vt 5.8 -1 
vt 5.75 -1 
vt 5.8 -1.2125 
vt 5.75 -1.2125 
vt 5.8 -1 
vt 5.75 -1 
vt 5.8 -1.05 
vt 5.75 -1.05 
vt 5.8 -1 
vt 5.75 -1 
vt 5.8 -1.2125 
vt 5.75 -1.2125 
vt 5.8 -1 
vt 5.75 -1 
vt 5.8 -1.2125 
vt 5.75 -1.2125 
vt 5.8 -1 
vt 5.75 -1 
vt 5.8 -1.05 
vt 5.75 -1.05 
vt 5.8 -1 
vt 5.75 -1 
vt 5.8 -1.2125 
vt 5.75 -1.2125 

usemtl Part118Mtl

f 4729/4729/4729 4730/4730/4730 4731/4731/4731 
f 4731/4731/4731 4730/4730/4730 4732/4732/4732 
f 4733/4733/4733 4734/4734/4734 4735/4735/4735 
f 4735/4735/4735 4734/4734/4734 4736/4736/4736 
f 4737/4737/4737 4738/4738/4738 4739/4739/4739 
f 4739/4739/4739 4738/4738/4738 4740/4740/4740 
f 4741/4741/4741 4742/4742/4742 4743/4743/4743 
f 4743/4743/4743 4742/4742/4742 4744/4744/4744 
f 4745/4745/4745 4746/4746/4746 4747/4747/4747 
f 4747/4747/4747 4746/4746/4746 4748/4748/4748 
f 4749/4749/4749 4750/4750/4750 4751/4751/4751 
f 4751/4751/4751 4750/4750/4750 4752/4752/4752 

g Part199

v 75.428 2.4534 11.6401 
v 75.828 2.4534 11.6401 
v 75.428 0.153405 11.6401 
v 75.828 0.153405 11.6401 
v 75.828 2.4534 12.0401 
v 75.828 2.4534 11.6401 
v 75.428 2.4534 12.0401 
v 75.428 2.4534 11.6401 
v 75.828 2.4534 11.6401 
v 75.828 2.4534 12.0401 
v 75.828 0.153405 11.6401 
v 75.828 0.153405 12.0401 
v 75.828 2.4534 12.0401 
v 75.428 2.4534 12.0401 
v 75.828 0.153405 12.0401 
v 75.428 0.153405 12.0401 
v 75.428 0.153405 12.0401 
v 75.428 0.153405 11.6401 
v 75.828 0.153405 12.0401 
v 75.828 0.153405 11.6401 
v 75.428 2.4534 12.0401 
v 75.428 2.4534 11.6401 
v 75.428 0.153405 12.0401 
v 75.428 0.153405 11.6401 

vn 0 0 -1 
vn 0 0 -1 
vn 0 0 -1 
vn 0 0 -1 
vn 0 1 0 
vn 0 1 0 
vn 0 1 0 
vn 0 1 0 
vn 1 0 0 
vn 1 0 0 
vn 1 0 0 
vn 1 0 0 
vn 0 0 1 
vn 0 0 1 
vn 0 0 1 
vn 0 0 1 
vn 0 -1 0 
vn 0 -1 0 
vn 0 -1 0 
vn 0 -1 0 
vn -1 0 0 
vn -1 0 0 
vn -1 0 0 
vn -1 0 0 

vt 5.3 -5.5 
vt 5.25 -5.5 
vt 5.3 -5.7875 
vt 5.25 -5.7875 
vt 5.3 -5.5 
vt 5.25 -5.5 
vt 5.3 -5.55 
vt 5.25 -5.55 
vt 5.3 -5.5 
vt 5.25 -5.5 
vt 5.3 -5.7875 
vt 5.25 -5.7875 
vt 5.3 -5.5 
vt 5.25 -5.5 
vt 5.3 -5.7875 
vt 5.25 -5.7875 
vt 5.3 -5.5 
vt 5.25 -5.5 
vt 5.3 -5.55 
vt 5.25 -5.55 
vt 5.3 -5.5 
vt 5.25 -5.5 
vt 5.3 -5.7875 
vt 5.25 -5.7875 

usemtl Part122Mtl

f 4753/4753/4753 4754/4754/4754 4755/4755/4755 
f 4755/4755/4755 4754/4754/4754 4756/4756/4756 
f 4757/4757/4757 4758/4758/4758 4759/4759/4759 
f 4759/4759/4759 4758/4758/4758 4760/4760/4760 
f 4761/4761/4761 4762/4762/4762 4763/4763/4763 
f 4763/4763/4763 4762/4762/4762 4764/4764/4764 
f 4765/4765/4765 4766/4766/4766 4767/4767/4767 
f 4767/4767/4767 4766/4766/4766 4768/4768/4768 
f 4769/4769/4769 4770/4770/4770 4771/4771/4771 
f 4771/4771/4771 4770/4770/4770 4772/4772/4772 
f 4773/4773/4773 4774/4774/4774 4775/4775/4775 
f 4775/4775/4775 4774/4774/4774 4776/4776/4776 

g Part200

v -89.6104 2.42675 -47.3376 
v -89.7547 2.3366 -46.9756 
v -89.8572 0.232819 -47.9824 
v -90.0015 0.142668 -47.6204 
v -90.1253 2.41591 -47.1036 
v -89.7547 2.3366 -46.9756 
v -89.981 2.50606 -47.4656 
v -89.6104 2.42675 -47.3376 
v -89.7547 2.3366 -46.9756 
v -90.1253 2.41591 -47.1036 
v -90.0015 0.142668 -47.6204 
v -90.3721 0.221976 -47.7483 
v -90.1253 2.41591 -47.1036 
v -89.981 2.50606 -47.4656 
v -90.3721 0.221976 -47.7483 
v -90.2278 0.312127 -48.1103 
v -90.2278 0.312127 -48.1103 
v -89.8572 0.232819 -47.9824 
v -90.3721 0.221976 -47.7483 
v -90.0015 0.142668 -47.6204 
v -89.981 2.50606 -47.4656 
v -89.6104 2.42675 -47.3376 
v -90.2278 0.312127 -48.1103 
v -89.8572 0.232819 -47.9824 

vn 0.929134 -0.19685 0.322835 
vn 0.929134 -0.19685 0.322835 
vn 0.929134 -0.19685 0.322835 
vn 0.929134 -0.19685 0.322835 
vn 0.110236 0.952756 0.283465 
vn 0.110236 0.952756 0.283465 
vn 0.110236 0.952756 0.283465 
vn 0.110236 0.952756 0.283465 
vn -0.362205 -0.228346 0.905512 
vn -0.362205 -0.228346 0.905512 
vn -0.362205 -0.228346 0.905512 
vn -0.362205 -0.228346 0.905512 
vn -0.929134 0.19685 -0.322835 
vn -0.929134 0.19685 -0.322835 
vn -0.929134 0.19685 -0.322835 
vn -0.929134 0.19685 -0.322835 
vn -0.110236 -0.952756 -0.283465 
vn -0.110236 -0.952756 -0.283465 
vn -0.110236 -0.952756 -0.283465 
vn -0.110236 -0.952756 -0.283465 
vn 0.362205 0.228346 -0.905512 
vn 0.362205 0.228346 -0.905512 
vn 0.362205 0.228346 -0.905512 
vn 0.362205 0.228346 -0.905512 

vt 1.55 -3.25 
vt 1.5 -3.25 
vt 1.55 -3.5375 
vt 1.5 -3.5375 
vt 1.55 -3.25 
vt 1.5 -3.25 
vt 1.55 -3.3 
vt 1.5 -3.3 
vt 1.55 -3.25 
vt 1.5 -3.25 
vt 1.55 -3.5375 
vt 1.5 -3.5375 
vt 1.55 -3.25 
vt 1.5 -3.25 
vt 1.55 -3.5375 
vt 1.5 -3.5375 
vt 1.55 -3.25 
vt 1.5 -3.25 
vt 1.55 -3.3 
vt 1.5 -3.3 
vt 1.55 -3.25 
vt 1.5 -3.25 
vt 1.55 -3.5375 
vt 1.5 -3.5375 

usemtl Part116Mtl

f 4777/4777/4777 4778/4778/4778 4779/4779/4779 
f 4779/4779/4779 4778/4778/4778 4780/4780/4780 
f 4781/4781/4781 4782/4782/4782 4783/4783/4783 
f 4783/4783/4783 4782/4782/4782 4784/4784/4784 
f 4785/4785/4785 4786/4786/4786 4787/4787/4787 
f 4787/4787/4787 4786/4786/4786 4788/4788/4788 
f 4789/4789/4789 4790/4790/4790 4791/4791/4791 
f 4791/4791/4791 4790/4790/4790 4792/4792/4792 
f 4793/4793/4793 4794/4794/4794 4795/4795/4795 
f 4795/4795/4795 4794/4794/4794 4796/4796/4796 
f 4797/4797/4797 4798/4798/4798 4799/4799/4799 
f 4799/4799/4799 4798/4798/4798 4800/4800/4800 

g Part201

v -89.1205 1.68726 -48.3724 
v -89.3016 1.75254 -48.0217 
v -89.5917 0.0549974 -48.3118 
v -89.7728 0.120282 -47.9612 
v -89.6405 1.84329 -48.2137 
v -89.3016 1.75254 -48.0217 
v -89.4594 1.778 -48.5643 
v -89.1205 1.68726 -48.3724 
v -89.3016 1.75254 -48.0217 
v -89.6405 1.84329 -48.2137 
v -89.7728 0.120282 -47.9612 
v -90.1118 0.211027 -48.1532 
v -89.6405 1.84329 -48.2137 
v -89.4594 1.778 -48.5643 
v -90.1118 0.211027 -48.1532 
v -89.9307 0.145742 -48.5038 
v -89.9307 0.145742 -48.5038 
v -89.5917 0.0549974 -48.3118 
v -90.1118 0.211027 -48.1532 
v -89.7728 0.120282 -47.9612 
v -89.4594 1.778 -48.5643 
v -89.1205 1.68726 -48.3724 
v -89.9307 0.145742 -48.5038 
v -89.5917 0.0549974 -48.3118 

vn 0.850394 -0.228346 0.480315 
vn 0.850394 -0.228346 0.480315 
vn 0.850394 -0.228346 0.480315 
vn 0.850394 -0.228346 0.480315 
vn 0.275591 0.96063 -0.0393701 
vn 0.275591 0.96063 -0.0393701 
vn 0.275591 0.96063 -0.0393701 
vn 0.275591 0.96063 -0.0393701 
vn -0.448819 0.165354 0.874016 
vn -0.448819 0.165354 0.874016 
vn -0.448819 0.165354 0.874016 
vn -0.448819 0.165354 0.874016 
vn -0.850394 0.228346 -0.480315 
vn -0.850394 0.228346 -0.480315 
vn -0.850394 0.228346 -0.480315 
vn -0.850394 0.228346 -0.480315 
vn -0.275591 -0.96063 0.0393701 
vn -0.275591 -0.96063 0.0393701 
vn -0.275591 -0.96063 0.0393701 
vn -0.275591 -0.96063 0.0393701 
vn 0.448819 -0.165354 -0.874016 
vn 0.448819 -0.165354 -0.874016 
vn 0.448819 -0.165354 -0.874016 
vn 0.448819 -0.165354 -0.874016 

vt 7.8 -6.5 
vt 7.75 -6.5 
vt 7.8 -6.7125 
vt 7.75 -6.7125 
vt 7.8 -6.5 
vt 7.75 -6.5 
vt 7.8 -6.55 
vt 7.75 -6.55 
vt 7.8 -6.5 
vt 7.75 -6.5 
vt 7.8 -6.7125 
vt 7.75 -6.7125 
vt 7.8 -6.5 
vt 7.75 -6.5 
vt 7.8 -6.7125 
vt 7.75 -6.7125 
vt 7.8 -6.5 
vt 7.75 -6.5 
vt 7.8 -6.55 
vt 7.75 -6.55 
vt 7.8 -6.5 
vt 7.75 -6.5 
vt 7.8 -6.7125 
vt 7.75 -6.7125 

usemtl Part117Mtl

f 4801/4801/4801 4802/4802/4802 4803/4803/4803 
f 4803/4803/4803 4802/4802/4802 4804/4804/4804 
f 4805/4805/4805 4806/4806/4806 4807/4807/4807 
f 4807/4807/4807 4806/4806/4806 4808/4808/4808 
f 4809/4809/4809 4810/4810/4810 4811/4811/4811 
f 4811/4811/4811 4810/4810/4810 4812/4812/4812 
f 4813/4813/4813 4814/4814/4814 4815/4815/4815 
f 4815/4815/4815 4814/4814/4814 4816/4816/4816 
f 4817/4817/4817 4818/4818/4818 4819/4819/4819 
f 4819/4819/4819 4818/4818/4818 4820/4820/4820 
f 4821/4821/4821 4822/4822/4822 4823/4823/4823 
f 4823/4823/4823 4822/4822/4822 4824/4824/4824 

g Part202

v -89.2508 1.67534 -47.8082 
v -89.4416 1.66268 -47.4568 
v -89.7849 0.0990755 -48.1549 
v -89.9756 0.0864166 -47.8035 
v -89.7699 1.81196 -47.6297 
v -89.4416 1.66268 -47.4568 
v -89.5792 1.82462 -47.9811 
v -89.2508 1.67534 -47.8082 
v -89.4416 1.66268 -47.4568 
v -89.7699 1.81196 -47.6297 
v -89.9756 0.0864166 -47.8035 
v -90.304 0.235692 -47.9764 
v -89.7699 1.81196 -47.6297 
v -89.5792 1.82462 -47.9811 
v -90.304 0.235692 -47.9764 
v -90.1132 0.248351 -48.3278 
v -90.1132 0.248351 -48.3278 
v -89.7849 0.0990755 -48.1549 
v -90.304 0.235692 -47.9764 
v -89.9756 0.0864166 -47.8035 
v -89.5792 1.82462 -47.9811 
v -89.2508 1.67534 -47.8082 
v -90.1132 0.248351 -48.3278 
v -89.7849 0.0990755 -48.1549 

vn 0.818898 -0.370079 0.433071 
vn 0.818898 -0.370079 0.433071 
vn 0.818898 -0.370079 0.433071 
vn 0.818898 -0.370079 0.433071 
vn 0.314961 0.929134 0.204724 
vn 0.314961 0.929134 0.204724 
vn 0.314961 0.929134 0.204724 
vn 0.314961 0.929134 0.204724 
vn -0.480315 -0.0314961 0.88189 
vn -0.480315 -0.0314961 0.88189 
vn -0.480315 -0.0314961 0.88189 
vn -0.480315 -0.0314961 0.88189 
vn -0.818898 0.370079 -0.433071 
vn -0.818898 0.370079 -0.433071 
vn -0.818898 0.370079 -0.433071 
vn -0.818898 0.370079 -0.433071 
vn -0.314961 -0.929134 -0.204724 
vn -0.314961 -0.929134 -0.204724 
vn -0.314961 -0.929134 -0.204724 
vn -0.314961 -0.929134 -0.204724 
vn 0.480315 0.0314961 -0.88189 
vn 0.480315 0.0314961 -0.88189 
vn 0.480315 0.0314961 -0.88189 
vn 0.480315 0.0314961 -0.88189 

vt 4.3 1 
vt 4.25 1 
vt 4.3 0.7875 
vt 4.25 0.7875 
vt 4.3 1 
vt 4.25 1 
vt 4.3 0.95 
vt 4.25 0.95 
vt 4.3 1 
vt 4.25 1 
vt 4.3 0.7875 
vt 4.25 0.7875 
vt 4.3 1 
vt 4.25 1 
vt 4.3 0.7875 
vt 4.25 0.7875 
vt 4.3 1 
vt 4.25 1 
vt 4.3 0.95 
vt 4.25 0.95 
vt 4.3 1 
vt 4.25 1 
vt 4.3 0.7875 
vt 4.25 0.7875 

usemtl Part118Mtl

f 4825/4825/4825 4826/4826/4826 4827/4827/4827 
f 4827/4827/4827 4826/4826/4826 4828/4828/4828 
f 4829/4829/4829 4830/4830/4830 4831/4831/4831 
f 4831/4831/4831 4830/4830/4830 4832/4832/4832 
f 4833/4833/4833 4834/4834/4834 4835/4835/4835 
f 4835/4835/4835 4834/4834/4834 4836/4836/4836 
f 4837/4837/4837 4838/4838/4838 4839/4839/4839 
f 4839/4839/4839 4838/4838/4838 4840/4840/4840 
f 4841/4841/4841 4842/4842/4842 4843/4843/4843 
f 4843/4843/4843 4842/4842/4842 4844/4844/4844 
f 4845/4845/4845 4846/4846/4846 4847/4847/4847 
f 4847/4847/4847 4846/4846/4846 4848/4848/4848 

g Part203

v -89.948 2.48482 -48.2203 
v -89.948 2.48482 -47.8203 
v -89.948 0.184824 -48.2203 
v -89.948 0.184824 -47.8203 
v -90.348 2.48482 -47.8203 
v -89.948 2.48482 -47.8203 
v -90.348 2.48482 -48.2203 
v -89.948 2.48482 -48.2203 
v -89.948 2.48482 -47.8203 
v -90.348 2.48482 -47.8203 
v -89.948 0.184824 -47.8203 
v -90.348 0.184824 -47.8203 
v -90.348 2.48482 -47.8203 
v -90.348 2.48482 -48.2203 
v -90.348 0.184824 -47.8203 
v -90.348 0.184824 -48.2203 
v -90.348 0.184824 -48.2203 
v -89.948 0.184824 -48.2203 
v -90.348 0.184824 -47.8203 
v -89.948 0.184824 -47.8203 
v -90.348 2.48482 -48.2203 
v -89.948 2.48482 -48.2203 
v -90.348 0.184824 -48.2203 
v -89.948 0.184824 -48.2203 

vn 1 0 0 
vn 1 0 0 
vn 1 0 0 
vn 1 0 0 
vn 0 1 0 
vn 0 1 0 
vn 0 1 0 
vn 0 1 0 
vn 0 0 1 
vn 0 0 1 
vn 0 0 1 
vn 0 0 1 
vn -1 0 0 
vn -1 0 0 
vn -1 0 0 
vn -1 0 0 
vn 0 -1 0 
vn 0 -1 0 
vn 0 -1 0 
vn 0 -1 0 
vn 0 0 -1 
vn 0 0 -1 
vn 0 0 -1 
vn 0 0 -1 

vt 4.8 1 
vt 4.75 1 
vt 4.8 0.7125 
vt 4.75 0.7125 
vt 4.8 1 
vt 4.75 1 
vt 4.8 0.95 
vt 4.75 0.95 
vt 4.8 1 
vt 4.75 1 
vt 4.8 0.7125 
vt 4.75 0.7125 
vt 4.8 1 
vt 4.75 1 
vt 4.8 0.7125 
vt 4.75 0.7125 
vt 4.8 1 
vt 4.75 1 
vt 4.8 0.95 
vt 4.75 0.95 
vt 4.8 1 
vt 4.75 1 
vt 4.8 0.7125 
vt 4.75 0.7125 

usemtl Part118Mtl

f 4849/4849/4849 4850/4850/4850 4851/4851/4851 
f 4851/4851/4851 4850/4850/4850 4852/4852/4852 
f 4853/4853/4853 4854/4854/4854 4855/4855/4855 
f 4855/4855/4855 4854/4854/4854 4856/4856/4856 
f 4857/4857/4857 4858/4858/4858 4859/4859/4859 
f 4859/4859/4859 4858/4858/4858 4860/4860/4860 
f 4861/4861/4861 4862/4862/4862 4863/4863/4863 
f 4863/4863/4863 4862/4862/4862 4864/4864/4864 
f 4865/4865/4865 4866/4866/4866 4867/4867/4867 
f 4867/4867/4867 4866/4866/4866 4868/4868/4868 
f 4869/4869/4869 4870/4870/4870 4871/4871/4871 
f 4871/4871/4871 4870/4870/4870 4872/4872/4872 

g Part204

v 75.1806 1.7729 13.7432 
v 75.4817 1.77135 13.4799 
v 74.723 0.218519 13.2288 
v 75.0242 0.216969 12.9656 
v 75.722 1.60938 13.7557 
v 75.4817 1.77135 13.4799 
v 75.4208 1.61093 14.0189 
v 75.1806 1.7729 13.7432 
v 75.4817 1.77135 13.4799 
v 75.722 1.60938 13.7557 
v 75.0242 0.216969 12.9656 
v 75.2644 0.0549983 13.2414 
v 75.722 1.60938 13.7557 
v 75.4208 1.61093 14.0189 
v 75.2644 0.0549983 13.2414 
v 74.9632 0.0565485 13.5046 
v 74.9632 0.0565485 13.5046 
v 74.723 0.218519 13.2288 
v 75.2644 0.0549983 13.2414 
v 75.0242 0.216969 12.9656 
v 75.4208 1.61093 14.0189 
v 75.1806 1.7729 13.7432 
v 74.9632 0.0565485 13.5046 
v 74.723 0.218519 13.2288 

vn -0.598425 0.401575 -0.692913 
vn -0.598425 0.401575 -0.692913 
vn -0.598425 0.401575 -0.692913 
vn -0.598425 0.401575 -0.692913 
vn 0.267717 0.913386 0.299213 
vn 0.267717 0.913386 0.299213 
vn 0.267717 0.913386 0.299213 
vn 0.267717 0.913386 0.299213 
vn 0.755906 0 -0.661417 
vn 0.755906 0 -0.661417 
vn 0.755906 0 -0.661417 
vn 0.755906 0 -0.661417 
vn 0.598425 -0.401575 0.692913 
vn 0.598425 -0.401575 0.692913 
vn 0.598425 -0.401575 0.692913 
vn 0.598425 -0.401575 0.692913 
vn -0.267717 -0.913386 -0.299213 
vn -0.267717 -0.913386 -0.299213 
vn -0.267717 -0.913386 -0.299213 
vn -0.267717 -0.913386 -0.299213 
vn -0.755906 0 0.661417 
vn -0.755906 0 0.661417 
vn -0.755906 0 0.661417 
vn -0.755906 0 0.661417 

vt 7.3 -0.25 
vt 7.25 -0.25 
vt 7.3 -0.4625 
vt 7.25 -0.4625 
vt 7.3 -0.25 
vt 7.25 -0.25 
vt 7.3 -0.3 
vt 7.25 -0.3 
vt 7.3 -0.25 
vt 7.25 -0.25 
vt 7.3 -0.4625 
vt 7.25 -0.4625 
vt 7.3 -0.25 
vt 7.25 -0.25 
vt 7.3 -0.4625 
vt 7.25 -0.4625 
vt 7.3 -0.25 
vt 7.25 -0.25 
vt 7.3 -0.3 
vt 7.25 -0.3 
vt 7.3 -0.25 
vt 7.25 -0.25 
vt 7.3 -0.4625 
vt 7.25 -0.4625 

usemtl Part123Mtl

f 4873/4873/4873 4874/4874/4874 4875/4875/4875 
f 4875/4875/4875 4874/4874/4874 4876/4876/4876 
f 4877/4877/4877 4878/4878/4878 4879/4879/4879 
f 4879/4879/4879 4878/4878/4878 4880/4880/4880 
f 4881/4881/4881 4882/4882/4882 4883/4883/4883 
f 4883/4883/4883 4882/4882/4882 4884/4884/4884 
f 4885/4885/4885 4886/4886/4886 4887/4887/4887 
f 4887/4887/4887 4886/4886/4886 4888/4888/4888 
f 4889/4889/4889 4890/4890/4890 4891/4891/4891 
f 4891/4891/4891 4890/4890/4890 4892/4892/4892 
f 4893/4893/4893 4894/4894/4894 4895/4895/4895 
f 4895/4895/4895 4894/4894/4894 4896/4896/4896 

g Part205

v 74.3895 1.7967 12.6653 
v 74.7402 1.86199 12.8464 
v 74.4501 0.164443 13.1366 
v 74.8007 0.229728 13.3176 
v 74.5482 1.95273 13.1854 
v 74.7402 1.86199 12.8464 
v 74.1975 1.88745 13.0043 
v 74.3895 1.7967 12.6653 
v 74.7402 1.86199 12.8464 
v 74.5482 1.95273 13.1854 
v 74.8007 0.229728 13.3176 
v 74.6087 0.320472 13.6566 
v 74.5482 1.95273 13.1854 
v 74.1975 1.88745 13.0043 
v 74.6087 0.320472 13.6566 
v 74.2581 0.255187 13.4755 
v 74.2581 0.255187 13.4755 
v 74.4501 0.164443 13.1366 
v 74.6087 0.320472 13.6566 
v 74.8007 0.229728 13.3176 
v 74.1975 1.88745 13.0043 
v 74.3895 1.7967 12.6653 
v 74.2581 0.255187 13.4755 
v 74.4501 0.164443 13.1366 

vn 0.480315 -0.228346 -0.850394 
vn 0.480315 -0.228346 -0.850394 
vn 0.480315 -0.228346 -0.850394 
vn 0.480315 -0.228346 -0.850394 
vn -0.0393701 0.96063 -0.275591 
vn -0.0393701 0.96063 -0.275591 
vn -0.0393701 0.96063 -0.275591 
vn -0.0393701 0.96063 -0.275591 
vn 0.874016 0.165354 0.448819 
vn 0.874016 0.165354 0.448819 
vn 0.874016 0.165354 0.448819 
vn 0.874016 0.165354 0.448819 
vn -0.480315 0.228346 0.850394 
vn -0.480315 0.228346 0.850394 
vn -0.480315 0.228346 0.850394 
vn -0.480315 0.228346 0.850394 
vn 0.0393701 -0.96063 0.275591 
vn 0.0393701 -0.96063 0.275591 
vn 0.0393701 -0.96063 0.275591 
vn 0.0393701 -0.96063 0.275591 
vn -0.874016 -0.165354 -0.448819 
vn -0.874016 -0.165354 -0.448819 
vn -0.874016 -0.165354 -0.448819 
vn -0.874016 -0.165354 -0.448819 

vt 3.8 0.25 
vt 3.75 0.25 
vt 3.8 0.0375 
vt 3.75 0.0375 
vt 3.8 0.25 
vt 3.75 0.25 
vt 3.8 0.2 
vt 3.75 0.2 
vt 3.8 0.25 
vt 3.75 0.25 
vt 3.8 0.0375 
vt 3.75 0.0375 
vt 3.8 0.25 
vt 3.75 0.25 
vt 3.8 0.0375 
vt 3.75 0.0375 
vt 3.8 0.25 
vt 3.75 0.25 
vt 3.8 0.2 
vt 3.75 0.2 
vt 3.8 0.25 
vt 3.75 0.25 
vt 3.8 0.0375 
vt 3.75 0.0375 

usemtl Part118Mtl

f 4897/4897/4897 4898/4898/4898 4899/4899/4899 
f 4899/4899/4899 4898/4898/4898 4900/4900/4900 
f 4901/4901/4901 4902/4902/4902 4903/4903/4903 
f 4903/4903/4903 4902/4902/4902 4904/4904/4904 
f 4905/4905/4905 4906/4906/4906 4907/4907/4907 
f 4907/4907/4907 4906/4906/4906 4908/4908/4908 
f 4909/4909/4909 4910/4910/4910 4911/4911/4911 
f 4911/4911/4911 4910/4910/4910 4912/4912/4912 
f 4913/4913/4913 4914/4914/4914 4915/4915/4915 
f 4915/4915/4915 4914/4914/4914 4916/4916/4916 
f 4917/4917/4917 4918/4918/4918 4919/4919/4919 
f 4919/4919/4919 4918/4918/4918 4920/4920/4920 

g Part206

v 75.028 1.73876 12.5806 
v 75.3793 1.7261 12.7714 
v 74.6813 0.162495 13.1146 
v 75.0326 0.149836 13.3054 
v 75.2065 1.87538 13.0997 
v 75.3793 1.7261 12.7714 
v 74.8551 1.88804 12.909 
v 75.028 1.73876 12.5806 
v 75.3793 1.7261 12.7714 
v 75.2065 1.87538 13.0997 
v 75.0326 0.149836 13.3054 
v 74.8598 0.299112 13.6338 
v 75.2065 1.87538 13.0997 
v 74.8551 1.88804 12.909 
v 74.8598 0.299112 13.6338 
v 74.5084 0.311771 13.443 
v 74.5084 0.311771 13.443 
v 74.6813 0.162495 13.1146 
v 74.8598 0.299112 13.6338 
v 75.0326 0.149836 13.3054 
v 74.8551 1.88804 12.909 
v 75.028 1.73876 12.5806 
v 74.5084 0.311771 13.443 
v 74.6813 0.162495 13.1146 

vn 0.433071 -0.370079 -0.818898 
vn 0.433071 -0.370079 -0.818898 
vn 0.433071 -0.370079 -0.818898 
vn 0.433071 -0.370079 -0.818898 
vn 0.204724 0.929134 -0.314961 
vn 0.204724 0.929134 -0.314961 
vn 0.204724 0.929134 -0.314961 
vn 0.204724 0.929134 -0.314961 
vn 0.88189 -0.0314961 0.480315 
vn 0.88189 -0.0314961 0.480315 
vn 0.88189 -0.0314961 0.480315 
vn 0.88189 -0.0314961 0.480315 
vn -0.433071 0.370079 0.818898 
vn -0.433071 0.370079 0.818898 
vn -0.433071 0.370079 0.818898 
vn -0.433071 0.370079 0.818898 
vn -0.204724 -0.929134 0.314961 
vn -0.204724 -0.929134 0.314961 
vn -0.204724 -0.929134 0.314961 
vn -0.204724 -0.929134 0.314961 
vn -0.88189 0.0314961 -0.480315 
vn -0.88189 0.0314961 -0.480315 
vn -0.88189 0.0314961 -0.480315 
vn -0.88189 0.0314961 -0.480315 

vt 4.05 -0.5 
vt 4 -0.5 
vt 4.05 -0.7125 
vt 4 -0.7125 
vt 4.05 -0.5 
vt 4 -0.5 
vt 4.05 -0.55 
vt 4 -0.55 
vt 4.05 -0.5 
vt 4 -0.5 
vt 4.05 -0.7125 
vt 4 -0.7125 
vt 4.05 -0.5 
vt 4 -0.5 
vt 4.05 -0.7125 
vt 4 -0.7125 
vt 4.05 -0.5 
vt 4 -0.5 
vt 4.05 -0.55 
vt 4 -0.55 
vt 4.05 -0.5 
vt 4 -0.5 
vt 4.05 -0.7125 
vt 4 -0.7125 

usemtl Part118Mtl

f 4921/4921/4921 4922/4922/4922 4923/4923/4923 
f 4923/4923/4923 4922/4922/4922 4924/4924/4924 
f 4925/4925/4925 4926/4926/4926 4927/4927/4927 
f 4927/4927/4927 4926/4926/4926 4928/4928/4928 
f 4929/4929/4929 4930/4930/4930 4931/4931/4931 
f 4931/4931/4931 4930/4930/4930 4932/4932/4932 
f 4933/4933/4933 4934/4934/4934 4935/4935/4935 
f 4935/4935/4935 4934/4934/4934 4936/4936/4936 
f 4937/4937/4937 4938/4938/4938 4939/4939/4939 
f 4939/4939/4939 4938/4938/4938 4940/4940/4940 
f 4941/4941/4941 4942/4942/4942 4943/4943/4943 
f 4943/4943/4943 4942/4942/4942 4944/4944/4944 

g Part207

v 74.6159 2.54824 13.2778 
v 75.0159 2.54824 13.2778 
v 74.6159 0.248242 13.2778 
v 75.0159 0.248242 13.2778 
v 75.0159 2.54824 13.6778 
v 75.0159 2.54824 13.2778 
v 74.6159 2.54824 13.6778 
v 74.6159 2.54824 13.2778 
v 75.0159 2.54824 13.2778 
v 75.0159 2.54824 13.6778 
v 75.0159 0.248242 13.2778 
v 75.0159 0.248242 13.6778 
v 75.0159 2.54824 13.6778 
v 74.6159 2.54824 13.6778 
v 75.0159 0.248242 13.6778 
v 74.6159 0.248242 13.6778 
v 74.6159 0.248242 13.6778 
v 74.6159 0.248242 13.2778 
v 75.0159 0.248242 13.6778 
v 75.0159 0.248242 13.2778 
v 74.6159 2.54824 13.6778 
v 74.6159 2.54824 13.2778 
v 74.6159 0.248242 13.6778 
v 74.6159 0.248242 13.2778 

vn 0 0 -1 
vn 0 0 -1 
vn 0 0 -1 
vn 0 0 -1 
vn 0 1 0 
vn 0 1 0 
vn 0 1 0 
vn 0 1 0 
vn 1 0 0 
vn 1 0 0 
vn 1 0 0 
vn 1 0 0 
vn 0 0 1 
vn 0 0 1 
vn 0 0 1 
vn 0 0 1 
vn 0 -1 0 
vn 0 -1 0 
vn 0 -1 0 
vn 0 -1 0 
vn -1 0 0 
vn -1 0 0 
vn -1 0 0 
vn -1 0 0 

vt 4.3 0.5 
vt 4.25 0.5 
vt 4.3 0.2125 
vt 4.25 0.2125 
vt 4.3 0.5 
vt 4.25 0.5 
vt 4.3 0.45 
vt 4.25 0.45 
vt 4.3 0.5 
vt 4.25 0.5 
vt 4.3 0.2125 
vt 4.25 0.2125 
vt 4.3 0.5 
vt 4.25 0.5 
vt 4.3 0.2125 
vt 4.25 0.2125 
vt 4.3 0.5 
vt 4.25 0.5 
vt 4.3 0.45 
vt 4.25 0.45 
vt 4.3 0.5 
vt 4.25 0.5 
vt 4.3 0.2125 
vt 4.25 0.2125 

usemtl Part118Mtl

f 4945/4945/4945 4946/4946/4946 4947/4947/4947 
f 4947/4947/4947 4946/4946/4946 4948/4948/4948 
f 4949/4949/4949 4950/4950/4950 4951/4951/4951 
f 4951/4951/4951 4950/4950/4950 4952/4952/4952 
f 4953/4953/4953 4954/4954/4954 4955/4955/4955 
f 4955/4955/4955 4954/4954/4954 4956/4956/4956 
f 4957/4957/4957 4958/4958/4958 4959/4959/4959 
f 4959/4959/4959 4958/4958/4958 4960/4960/4960 
f 4961/4961/4961 4962/4962/4962 4963/4963/4963 
f 4963/4963/4963 4962/4962/4962 4964/4964/4964 
f 4965/4965/4965 4966/4966/4966 4967/4967/4967 
f 4967/4967/4967 4966/4966/4966 4968/4968/4968 

g Part208

v 77.3896 2.42675 13.6624 
v 77.2453 2.3366 14.0244 
v 77.1428 0.232819 13.0176 
v 76.9985 0.142668 13.3796 
v 76.8747 2.41591 13.8964 
v 77.2453 2.3366 14.0244 
v 77.019 2.50606 13.5344 
v 77.3896 2.42675 13.6624 
v 77.2453 2.3366 14.0244 
v 76.8747 2.41591 13.8964 
v 76.9985 0.142668 13.3796 
v 76.6279 0.221976 13.2517 
v 76.8747 2.41591 13.8964 
v 77.019 2.50606 13.5344 
v 76.6279 0.221976 13.2517 
v 76.7722 0.312127 12.8897 
v 76.7722 0.312127 12.8897 
v 77.1428 0.232819 13.0176 
v 76.6279 0.221976 13.2517 
v 76.9985 0.142668 13.3796 
v 77.019 2.50606 13.5344 
v 77.3896 2.42675 13.6624 
v 76.7722 0.312127 12.8897 
v 77.1428 0.232819 13.0176 

vn 0.929134 -0.19685 0.322835 
vn 0.929134 -0.19685 0.322835 
vn 0.929134 -0.19685 0.322835 
vn 0.929134 -0.19685 0.322835 
vn 0.110236 0.952756 0.283465 
vn 0.110236 0.952756 0.283465 
vn 0.110236 0.952756 0.283465 
vn 0.110236 0.952756 0.283465 
vn -0.362205 -0.228346 0.905512 
vn -0.362205 -0.228346 0.905512 
vn -0.362205 -0.228346 0.905512 
vn -0.362205 -0.228346 0.905512 
vn -0.929134 0.19685 -0.322835 
vn -0.929134 0.19685 -0.322835 
vn -0.929134 0.19685 -0.322835 
vn -0.929134 0.19685 -0.322835 
vn -0.110236 -0.952756 -0.283465 
vn -0.110236 -0.952756 -0.283465 
vn -0.110236 -0.952756 -0.283465 
vn -0.110236 -0.952756 -0.283465 
vn 0.362205 0.228346 -0.905512 
vn 0.362205 0.228346 -0.905512 
vn 0.362205 0.228346 -0.905512 
vn 0.362205 0.228346 -0.905512 

vt 6.8 -0.5 
vt 6.75 -0.5 
vt 6.8 -0.7875 
vt 6.75 -0.7875 
vt 6.8 -0.5 
vt 6.75 -0.5 
vt 6.8 -0.55 
vt 6.75 -0.55 
vt 6.8 -0.5 
vt 6.75 -0.5 
vt 6.8 -0.7875 
vt 6.75 -0.7875 
vt 6.8 -0.5 
vt 6.75 -0.5 
vt 6.8 -0.7875 
vt 6.75 -0.7875 
vt 6.8 -0.5 
vt 6.75 -0.5 
vt 6.8 -0.55 
vt 6.75 -0.55 
vt 6.8 -0.5 
vt 6.75 -0.5 
vt 6.8 -0.7875 
vt 6.75 -0.7875 

usemtl Part116Mtl

f 4969/4969/4969 4970/4970/4970 4971/4971/4971 
f 4971/4971/4971 4970/4970/4970 4972/4972/4972 
f 4973/4973/4973 4974/4974/4974 4975/4975/4975 
f 4975/4975/4975 4974/4974/4974 4976/4976/4976 
f 4977/4977/4977 4978/4978/4978 4979/4979/4979 
f 4979/4979/4979 4978/4978/4978 4980/4980/4980 
f 4981/4981/4981 4982/4982/4982 4983/4983/4983 
f 4983/4983/4983 4982/4982/4982 4984/4984/4984 
f 4985/4985/4985 4986/4986/4986 4987/4987/4987 
f 4987/4987/4987 4986/4986/4986 4988/4988/4988 
f 4989/4989/4989 4990/4990/4990 4991/4991/4991 
f 4991/4991/4991 4990/4990/4990 4992/4992/4992 

g Part209

v 77.8795 1.68726 12.6276 
v 77.6984 1.75254 12.9783 
v 77.4083 0.0549974 12.6882 
v 77.2272 0.120282 13.0388 
v 77.3595 1.84329 12.7863 
v 77.6984 1.75254 12.9783 
v 77.5406 1.778 12.4357 
v 77.8795 1.68726 12.6276 
v 77.6984 1.75254 12.9783 
v 77.3595 1.84329 12.7863 
v 77.2272 0.120282 13.0388 
v 76.8882 0.211027 12.8468 
v 77.3595 1.84329 12.7863 
v 77.5406 1.778 12.4357 
v 76.8882 0.211027 12.8468 
v 77.0693 0.145742 12.4962 
v 77.0693 0.145742 12.4962 
v 77.4083 0.0549974 12.6882 
v 76.8882 0.211027 12.8468 
v 77.2272 0.120282 13.0388 
v 77.5406 1.778 12.4357 
v 77.8795 1.68726 12.6276 
v 77.0693 0.145742 12.4962 
v 77.4083 0.0549974 12.6882 

vn 0.850394 -0.228346 0.480315 
vn 0.850394 -0.228346 0.480315 
vn 0.850394 -0.228346 0.480315 
vn 0.850394 -0.228346 0.480315 
vn 0.275591 0.96063 -0.0393701 
vn 0.275591 0.96063 -0.0393701 
vn 0.275591 0.96063 -0.0393701 
vn 0.275591 0.96063 -0.0393701 
vn -0.448819 0.165354 0.874016 
vn -0.448819 0.165354 0.874016 
vn -0.448819 0.165354 0.874016 
vn -0.448819 0.165354 0.874016 
vn -0.850394 0.228346 -0.480315 
vn -0.850394 0.228346 -0.480315 
vn -0.850394 0.228346 -0.480315 
vn -0.850394 0.228346 -0.480315 
vn -0.275591 -0.96063 0.0393701 
vn -0.275591 -0.96063 0.0393701 
vn -0.275591 -0.96063 0.0393701 
vn -0.275591 -0.96063 0.0393701 
vn 0.448819 -0.165354 -0.874016 
vn 0.448819 -0.165354 -0.874016 
vn 0.448819 -0.165354 -0.874016 
vn 0.448819 -0.165354 -0.874016 

vt 7.05 -2 
vt 7 -2 
vt 7.05 -2.2125 
vt 7 -2.2125 
vt 7.05 -2 
vt 7 -2 
vt 7.05 -2.05 
vt 7 -2.05 
vt 7.05 -2 
vt 7 -2 
vt 7.05 -2.2125 
vt 7 -2.2125 
vt 7.05 -2 
vt 7 -2 
vt 7.05 -2.2125 
vt 7 -2.2125 
vt 7.05 -2 
vt 7 -2 
vt 7.05 -2.05 
vt 7 -2.05 
vt 7.05 -2 
vt 7 -2 
vt 7.05 -2.2125 
vt 7 -2.2125 

usemtl Part117Mtl

f 4993/4993/4993 4994/4994/4994 4995/4995/4995 
f 4995/4995/4995 4994/4994/4994 4996/4996/4996 
f 4997/4997/4997 4998/4998/4998 4999/4999/4999 
f 4999/4999/4999 4998/4998/4998 5000/5000/5000 
f 5001/5001/5001 5002/5002/5002 5003/5003/5003 
f 5003/5003/5003 5002/5002/5002 5004/5004/5004 
f 5005/5005/5005 5006/5006/5006 5007/5007/5007 
f 5007/5007/5007 5006/5006/5006 5008/5008/5008 
f 5009/5009/5009 5010/5010/5010 5011/5011/5011 
f 5011/5011/5011 5010/5010/5010 5012/5012/5012 
f 5013/5013/5013 5014/5014/5014 5015/5015/5015 
f 5015/5015/5015 5014/5014/5014 5016/5016/5016 

g Part210

v 77.7492 1.67534 13.1918 
v 77.5584 1.66268 13.5432 
v 77.2151 0.0990755 12.8451 
v 77.0244 0.0864166 13.1965 
v 77.2301 1.81196 13.3703 
v 77.5584 1.66268 13.5432 
v 77.4208 1.82462 13.0189 
v 77.7492 1.67534 13.1918 
v 77.5584 1.66268 13.5432 
v 77.2301 1.81196 13.3703 
v 77.0244 0.0864166 13.1965 
v 76.696 0.235692 13.0236 
v 77.2301 1.81196 13.3703 
v 77.4208 1.82462 13.0189 
v 76.696 0.235692 13.0236 
v 76.8868 0.248351 12.6722 
v 76.8868 0.248351 12.6722 
v 77.2151 0.0990755 12.8451 
v 76.696 0.235692 13.0236 
v 77.0244 0.0864166 13.1965 
v 77.4208 1.82462 13.0189 
v 77.7492 1.67534 13.1918 
v 76.8868 0.248351 12.6722 
v 77.2151 0.0990755 12.8451 

vn 0.818898 -0.370079 0.433071 
vn 0.818898 -0.370079 0.433071 
vn 0.818898 -0.370079 0.433071 
vn 0.818898 -0.370079 0.433071 
vn 0.314961 0.929134 0.204724 
vn 0.314961 0.929134 0.204724 
vn 0.314961 0.929134 0.204724 
vn 0.314961 0.929134 0.204724 
vn -0.480315 -0.0314961 0.88189 
vn -0.480315 -0.0314961 0.88189 
vn -0.480315 -0.0314961 0.88189 
vn -0.480315 -0.0314961 0.88189 
vn -0.818898 0.370079 -0.433071 
vn -0.818898 0.370079 -0.433071 
vn -0.818898 0.370079 -0.433071 
vn -0.818898 0.370079 -0.433071 
vn -0.314961 -0.929134 -0.204724 
vn -0.314961 -0.929134 -0.204724 
vn -0.314961 -0.929134 -0.204724 
vn -0.314961 -0.929134 -0.204724 
vn 0.480315 0.0314961 -0.88189 
vn 0.480315 0.0314961 -0.88189 
vn 0.480315 0.0314961 -0.88189 
vn 0.480315 0.0314961 -0.88189 

vt 2.55 0 
vt 2.5 0 
vt 2.55 -0.2125 
vt 2.5 -0.2125 
vt 2.55 0 
vt 2.5 0 
vt 2.55 -0.05 
vt 2.5 -0.05 
vt 2.55 0 
vt 2.5 0 
vt 2.55 -0.2125 
vt 2.5 -0.2125 
vt 2.55 0 
vt 2.5 0 
vt 2.55 -0.2125 
vt 2.5 -0.2125 
vt 2.55 0 
vt 2.5 0 
vt 2.55 -0.05 
vt 2.5 -0.05 
vt 2.55 0 
vt 2.5 0 
vt 2.55 -0.2125 
vt 2.5 -0.2125 

usemtl Part118Mtl

f 5017/5017/5017 5018/5018/5018 5019/5019/5019 
f 5019/5019/5019 5018/5018/5018 5020/5020/5020 
f 5021/5021/5021 5022/5022/5022 5023/5023/5023 
f 5023/5023/5023 5022/5022/5022 5024/5024/5024 
f 5025/5025/5025 5026/5026/5026 5027/5027/5027 
f 5027/5027/5027 5026/5026/5026 5028/5028/5028 
f 5029/5029/5029 5030/5030/5030 5031/5031/5031 
f 5031/5031/5031 5030/5030/5030 5032/5032/5032 
f 5033/5033/5033 5034/5034/5034 5035/5035/5035 
f 5035/5035/5035 5034/5034/5034 5036/5036/5036 
f 5037/5037/5037 5038/5038/5038 5039/5039/5039 
f 5039/5039/5039 5038/5038/5038 5040/5040/5040 

g Part211

v 77.052 2.48482 12.7797 
v 77.052 2.48482 13.1797 
v 77.052 0.184824 12.7797 
v 77.052 0.184824 13.1797 
v 76.652 2.48482 13.1797 
v 77.052 2.48482 13.1797 
v 76.652 2.48482 12.7797 
v 77.052 2.48482 12.7797 
v 77.052 2.48482 13.1797 
v 76.652 2.48482 13.1797 
v 77.052 0.184824 13.1797 
v 76.652 0.184824 13.1797 
v 76.652 2.48482 13.1797 
v 76.652 2.48482 12.7797 
v 76.652 0.184824 13.1797 
v 76.652 0.184824 12.7797 
v 76.652 0.184824 12.7797 
v 77.052 0.184824 12.7797 
v 76.652 0.184824 13.1797 
v 77.052 0.184824 13.1797 
v 76.652 2.48482 12.7797 
v 77.052 2.48482 12.7797 
v 76.652 0.184824 12.7797 
v 77.052 0.184824 12.7797 

vn 1 0 0 
vn 1 0 0 
vn 1 0 0 
vn 1 0 0 
vn 0 1 0 
vn 0 1 0 
vn 0 1 0 
vn 0 1 0 
vn 0 0 1 
vn 0 0 1 
vn 0 0 1 
vn 0 0 1 
vn -1 0 0 
vn -1 0 0 
vn -1 0 0 
vn -1 0 0 
vn 0 -1 0 
vn 0 -1 0 
vn 0 -1 0 
vn 0 -1 0 
vn 0 0 -1 
vn 0 0 -1 
vn 0 0 -1 
vn 0 0 -1 

vt 0.8 -2.5 
vt 0.75 -2.5 
vt 0.8 -2.7875 
vt 0.75 -2.7875 
vt 0.8 -2.5 
vt 0.75 -2.5 
vt 0.8 -2.55 
vt 0.75 -2.55 
vt 0.8 -2.5 
vt 0.75 -2.5 
vt 0.8 -2.7875 
vt 0.75 -2.7875 
vt 0.8 -2.5 
vt 0.75 -2.5 
vt 0.8 -2.7875 
vt 0.75 -2.7875 
vt 0.8 -2.5 
vt 0.75 -2.5 
vt 0.8 -2.55 
vt 0.75 -2.55 
vt 0.8 -2.5 
vt 0.75 -2.5 
vt 0.8 -2.7875 
vt 0.75 -2.7875 

usemtl Part118Mtl

f 5041/5041/5041 5042/5042/5042 5043/5043/5043 
f 5043/5043/5043 5042/5042/5042 5044/5044/5044 
f 5045/5045/5045 5046/5046/5046 5047/5047/5047 
f 5047/5047/5047 5046/5046/5046 5048/5048/5048 
f 5049/5049/5049 5050/5050/5050 5051/5051/5051 
f 5051/5051/5051 5050/5050/5050 5052/5052/5052 
f 5053/5053/5053 5054/5054/5054 5055/5055/5055 
f 5055/5055/5055 5054/5054/5054 5056/5056/5056 
f 5057/5057/5057 5058/5058/5058 5059/5059/5059 
f 5059/5059/5059 5058/5058/5058 5060/5060/5060 
f 5061/5061/5061 5062/5062/5062 5063/5063/5063 
f 5063/5063/5063 5062/5062/5062 5064/5064/5064 

g Part212

v 63.2016 1.70187 54.0276 
v 63.5522 1.76715 54.2087 
v 63.2621 0.0696077 54.4989 
v 63.6128 0.134892 54.68 
v 63.3603 1.8579 54.5477 
v 63.5522 1.76715 54.2087 
v 63.0096 1.79261 54.3666 
v 63.2016 1.70187 54.0276 
v 63.5522 1.76715 54.2087 
v 63.3603 1.8579 54.5477 
v 63.6128 0.134892 54.68 
v 63.4208 0.225637 55.0189 
v 63.3603 1.8579 54.5477 
v 63.0096 1.79261 54.3666 
v 63.4208 0.225637 55.0189 
v 63.0702 0.160352 54.8378 
v 63.0702 0.160352 54.8378 
v 63.2621 0.0696077 54.4989 
v 63.4208 0.225637 55.0189 
v 63.6128 0.134892 54.68 
v 63.0096 1.79261 54.3666 
v 63.2016 1.70187 54.0276 
v 63.0702 0.160352 54.8378 
v 63.2621 0.0696077 54.4989 

vn 0.480315 -0.228346 -0.850394 
vn 0.480315 -0.228346 -0.850394 
vn 0.480315 -0.228346 -0.850394 
vn 0.480315 -0.228346 -0.850394 
vn -0.0393701 0.96063 -0.275591 
vn -0.0393701 0.96063 -0.275591 
vn -0.0393701 0.96063 -0.275591 
vn -0.0393701 0.96063 -0.275591 
vn 0.874016 0.165354 0.448819 
vn 0.874016 0.165354 0.448819 
vn 0.874016 0.165354 0.448819 
vn 0.874016 0.165354 0.448819 
vn -0.480315 0.228346 0.850394 
vn -0.480315 0.228346 0.850394 
vn -0.480315 0.228346 0.850394 
vn -0.480315 0.228346 0.850394 
vn 0.0393701 -0.96063 0.275591 
vn 0.0393701 -0.96063 0.275591 
vn 0.0393701 -0.96063 0.275591 
vn 0.0393701 -0.96063 0.275591 
vn -0.874016 -0.165354 -0.448819 
vn -0.874016 -0.165354 -0.448819 
vn -0.874016 -0.165354 -0.448819 
vn -0.874016 -0.165354 -0.448819 

vt 7.05 -6.5 
vt 7 -6.5 
vt 7.05 -6.7125 
vt 7 -6.7125 
vt 7.05 -6.5 
vt 7 -6.5 
vt 7.05 -6.55 
vt 7 -6.55 
vt 7.05 -6.5 
vt 7 -6.5 
vt 7.05 -6.7125 
vt 7 -6.7125 
vt 7.05 -6.5 
vt 7 -6.5 
vt 7.05 -6.7125 
vt 7 -6.7125 
vt 7.05 -6.5 
vt 7 -6.5 
vt 7.05 -6.55 
vt 7 -6.55 
vt 7.05 -6.5 
vt 7 -6.5 
vt 7.05 -6.7125 
vt 7 -6.7125 

usemtl Part118Mtl

f 5065/5065/5065 5066/5066/5066 5067/5067/5067 
f 5067/5067/5067 5066/5066/5066 5068/5068/5068 
f 5069/5069/5069 5070/5070/5070 5071/5071/5071 
f 5071/5071/5071 5070/5070/5070 5072/5072/5072 
f 5073/5073/5073 5074/5074/5074 5075/5075/5075 
f 5075/5075/5075 5074/5074/5074 5076/5076/5076 
f 5077/5077/5077 5078/5078/5078 5079/5079/5079 
f 5079/5079/5079 5078/5078/5078 5080/5080/5080 
f 5081/5081/5081 5082/5082/5082 5083/5083/5083 
f 5083/5083/5083 5082/5082/5082 5084/5084/5084 
f 5085/5085/5085 5086/5086/5086 5087/5087/5087 
f 5087/5087/5087 5086/5086/5086 5088/5088/5088 

g Part213

v 63.8401 1.64392 53.9429 
v 64.1915 1.63126 54.1337 
v 63.4934 0.0676541 54.477 
v 63.8448 0.0549952 54.6677 
v 64.0186 1.78054 54.462 
v 64.1915 1.63126 54.1337 
v 63.6672 1.7932 54.2713 
v 63.8401 1.64392 53.9429 
v 64.1915 1.63126 54.1337 
v 64.0186 1.78054 54.462 
v 63.8448 0.0549952 54.6677 
v 63.6719 0.204271 54.9961 
v 64.0186 1.78054 54.462 
v 63.6672 1.7932 54.2713 
v 63.6719 0.204271 54.9961 
v 63.3205 0.21693 54.8053 
v 63.3205 0.21693 54.8053 
v 63.4934 0.0676541 54.477 
v 63.6719 0.204271 54.9961 
v 63.8448 0.0549952 54.6677 
v 63.6672 1.7932 54.2713 
v 63.8401 1.64392 53.9429 
v 63.3205 0.21693 54.8053 
v 63.4934 0.0676541 54.477 

vn 0.433071 -0.370079 -0.818898 
vn 0.433071 -0.370079 -0.818898 
vn 0.433071 -0.370079 -0.818898 
vn 0.433071 -0.370079 -0.818898 
vn 0.204724 0.929134 -0.314961 
vn 0.204724 0.929134 -0.314961 
vn 0.204724 0.929134 -0.314961 
vn 0.204724 0.929134 -0.314961 
vn 0.88189 -0.0314961 0.480315 
vn 0.88189 -0.0314961 0.480315 
vn 0.88189 -0.0314961 0.480315 
vn 0.88189 -0.0314961 0.480315 
vn -0.433071 0.370079 0.818898 
vn -0.433071 0.370079 0.818898 
vn -0.433071 0.370079 0.818898 
vn -0.433071 0.370079 0.818898 
vn -0.204724 -0.929134 0.314961 
vn -0.204724 -0.929134 0.314961 
vn -0.204724 -0.929134 0.314961 
vn -0.204724 -0.929134 0.314961 
vn -0.88189 0.0314961 -0.480315 
vn -0.88189 0.0314961 -0.480315 
vn -0.88189 0.0314961 -0.480315 
vn -0.88189 0.0314961 -0.480315 

vt 1.05 -4.25 
vt 1 -4.25 
vt 1.05 -4.4625 
vt 1 -4.4625 
vt 1.05 -4.25 
vt 1 -4.25 
vt 1.05 -4.3 
vt 1 -4.3 
vt 1.05 -4.25 
vt 1 -4.25 
vt 1.05 -4.4625 
vt 1 -4.4625 
vt 1.05 -4.25 
vt 1 -4.25 
vt 1.05 -4.4625 
vt 1 -4.4625 
vt 1.05 -4.25 
vt 1 -4.25 
vt 1.05 -4.3 
vt 1 -4.3 
vt 1.05 -4.25 
vt 1 -4.25 
vt 1.05 -4.4625 
vt 1 -4.4625 

usemtl Part118Mtl

f 5089/5089/5089 5090/5090/5090 5091/5091/5091 
f 5091/5091/5091 5090/5090/5090 5092/5092/5092 
f 5093/5093/5093 5094/5094/5094 5095/5095/5095 
f 5095/5095/5095 5094/5094/5094 5096/5096/5096 
f 5097/5097/5097 5098/5098/5098 5099/5099/5099 
f 5099/5099/5099 5098/5098/5098 5100/5100/5100 
f 5101/5101/5101 5102/5102/5102 5103/5103/5103 
f 5103/5103/5103 5102/5102/5102 5104/5104/5104 
f 5105/5105/5105 5106/5106/5106 5107/5107/5107 
f 5107/5107/5107 5106/5106/5106 5108/5108/5108 
f 5109/5109/5109 5110/5110/5110 5111/5111/5111 
f 5111/5111/5111 5110/5110/5110 5112/5112/5112 

g Part214

v 63.428 2.4534 54.6401 
v 63.828 2.4534 54.6401 
v 63.428 0.153405 54.6401 
v 63.828 0.153405 54.6401 
v 63.828 2.4534 55.0401 
v 63.828 2.4534 54.6401 
v 63.428 2.4534 55.0401 
v 63.428 2.4534 54.6401 
v 63.828 2.4534 54.6401 
v 63.828 2.4534 55.0401 
v 63.828 0.153405 54.6401 
v 63.828 0.153405 55.0401 
v 63.828 2.4534 55.0401 
v 63.428 2.4534 55.0401 
v 63.828 0.153405 55.0401 
v 63.428 0.153405 55.0401 
v 63.428 0.153405 55.0401 
v 63.428 0.153405 54.6401 
v 63.828 0.153405 55.0401 
v 63.828 0.153405 54.6401 
v 63.428 2.4534 55.0401 
v 63.428 2.4534 54.6401 
v 63.428 0.153405 55.0401 
v 63.428 0.153405 54.6401 

vn 0 0 -1 
vn 0 0 -1 
vn 0 0 -1 
vn 0 0 -1 
vn 0 1 0 
vn 0 1 0 
vn 0 1 0 
vn 0 1 0 
vn 1 0 0 
vn 1 0 0 
vn 1 0 0 
vn 1 0 0 
vn 0 0 1 
vn 0 0 1 
vn 0 0 1 
vn 0 0 1 
vn 0 -1 0 
vn 0 -1 0 
vn 0 -1 0 
vn 0 -1 0 
vn -1 0 0 
vn -1 0 0 
vn -1 0 0 
vn -1 0 0 

vt 3.55 -2.25 
vt 3.5 -2.25 
vt 3.55 -2.5375 
vt 3.5 -2.5375 
vt 3.55 -2.25 
vt 3.5 -2.25 
vt 3.55 -2.3 
vt 3.5 -2.3 
vt 3.55 -2.25 
vt 3.5 -2.25 
vt 3.55 -2.5375 
vt 3.5 -2.5375 
vt 3.55 -2.25 
vt 3.5 -2.25 
vt 3.55 -2.5375 
vt 3.5 -2.5375 
vt 3.55 -2.25 
vt 3.5 -2.25 
vt 3.55 -2.3 
vt 3.5 -2.3 
vt 3.55 -2.25 
vt 3.5 -2.25 
vt 3.55 -2.5375 
vt 3.5 -2.5375 

usemtl Part122Mtl

f 5113/5113/5113 5114/5114/5114 5115/5115/5115 
f 5115/5115/5115 5114/5114/5114 5116/5116/5116 
f 5117/5117/5117 5118/5118/5118 5119/5119/5119 
f 5119/5119/5119 5118/5118/5118 5120/5120/5120 
f 5121/5121/5121 5122/5122/5122 5123/5123/5123 
f 5123/5123/5123 5122/5122/5122 5124/5124/5124 
f 5125/5125/5125 5126/5126/5126 5127/5127/5127 
f 5127/5127/5127 5126/5126/5126 5128/5128/5128 
f 5129/5129/5129 5130/5130/5130 5131/5131/5131 
f 5131/5131/5131 5130/5130/5130 5132/5132/5132 
f 5133/5133/5133 5134/5134/5134 5135/5135/5135 
f 5135/5135/5135 5134/5134/5134 5136/5136/5136 

g Part215

v 63.1806 1.7729 56.7432 
v 63.4817 1.77135 56.4799 
v 62.723 0.218519 56.2288 
v 63.0242 0.216969 55.9656 
v 63.722 1.60938 56.7557 
v 63.4817 1.77135 56.4799 
v 63.4208 1.61093 57.0189 
v 63.1806 1.7729 56.7432 
v 63.4817 1.77135 56.4799 
v 63.722 1.60938 56.7557 
v 63.0242 0.216969 55.9656 
v 63.2644 0.0549983 56.2414 
v 63.722 1.60938 56.7557 
v 63.4208 1.61093 57.0189 
v 63.2644 0.0549983 56.2414 
v 62.9632 0.0565485 56.5046 
v 62.9632 0.0565485 56.5046 
v 62.723 0.218519 56.2288 
v 63.2644 0.0549983 56.2414 
v 63.0242 0.216969 55.9656 
v 63.4208 1.61093 57.0189 
v 63.1806 1.7729 56.7432 
v 62.9632 0.0565485 56.5046 
v 62.723 0.218519 56.2288 

vn -0.598425 0.401575 -0.692913 
vn -0.598425 0.401575 -0.692913 
vn -0.598425 0.401575 -0.692913 
vn -0.598425 0.401575 -0.692913 
vn 0.267717 0.913386 0.299213 
vn 0.267717 0.913386 0.299213 
vn 0.267717 0.913386 0.299213 
vn 0.267717 0.913386 0.299213 
vn 0.755906 0 -0.661417 
vn 0.755906 0 -0.661417 
vn 0.755906 0 -0.661417 
vn 0.755906 0 -0.661417 
vn 0.598425 -0.401575 0.692913 
vn 0.598425 -0.401575 0.692913 
vn 0.598425 -0.401575 0.692913 
vn 0.598425 -0.401575 0.692913 
vn -0.267717 -0.913386 -0.299213 
vn -0.267717 -0.913386 -0.299213 
vn -0.267717 -0.913386 -0.299213 
vn -0.267717 -0.913386 -0.299213 
vn -0.755906 0 0.661417 
vn -0.755906 0 0.661417 
vn -0.755906 0 0.661417 
vn -0.755906 0 0.661417 

vt 0.3 -4 
vt 0.25 -4 
vt 0.3 -4.2125 
vt 0.25 -4.2125 
vt 0.3 -4 
vt 0.25 -4 
vt 0.3 -4.05 
vt 0.25 -4.05 
vt 0.3 -4 
vt 0.25 -4 
vt 0.3 -4.2125 
vt 0.25 -4.2125 
vt 0.3 -4 
vt 0.25 -4 
vt 0.3 -4.2125 
vt 0.25 -4.2125 
vt 0.3 -4 
vt 0.25 -4 
vt 0.3 -4.05 
vt 0.25 -4.05 
vt 0.3 -4 
vt 0.25 -4 
vt 0.3 -4.2125 
vt 0.25 -4.2125 

usemtl Part123Mtl

f 5137/5137/5137 5138/5138/5138 5139/5139/5139 
f 5139/5139/5139 5138/5138/5138 5140/5140/5140 
f 5141/5141/5141 5142/5142/5142 5143/5143/5143 
f 5143/5143/5143 5142/5142/5142 5144/5144/5144 
f 5145/5145/5145 5146/5146/5146 5147/5147/5147 
f 5147/5147/5147 5146/5146/5146 5148/5148/5148 
f 5149/5149/5149 5150/5150/5150 5151/5151/5151 
f 5151/5151/5151 5150/5150/5150 5152/5152/5152 
f 5153/5153/5153 5154/5154/5154 5155/5155/5155 
f 5155/5155/5155 5154/5154/5154 5156/5156/5156 
f 5157/5157/5157 5158/5158/5158 5159/5159/5159 
f 5159/5159/5159 5158/5158/5158 5160/5160/5160 

g Part216

v 62.3895 1.7967 55.6653 
v 62.7401 1.86199 55.8464 
v 62.45 0.164443 56.1366 
v 62.8007 0.229728 56.3176 
v 62.5482 1.95273 56.1854 
v 62.7401 1.86199 55.8464 
v 62.1975 1.88745 56.0043 
v 62.3895 1.7967 55.6653 
v 62.7401 1.86199 55.8464 
v 62.5482 1.95273 56.1854 
v 62.8007 0.229728 56.3176 
v 62.6087 0.320472 56.6566 
v 62.5482 1.95273 56.1854 
v 62.1975 1.88745 56.0043 
v 62.6087 0.320472 56.6566 
v 62.2581 0.255187 56.4755 
v 62.2581 0.255187 56.4755 
v 62.45 0.164443 56.1366 
v 62.6087 0.320472 56.6566 
v 62.8007 0.229728 56.3176 
v 62.1975 1.88745 56.0043 
v 62.3895 1.7967 55.6653 
v 62.2581 0.255187 56.4755 
v 62.45 0.164443 56.1366 

vn 0.480315 -0.228346 -0.850394 
vn 0.480315 -0.228346 -0.850394 
vn 0.480315 -0.228346 -0.850394 
vn 0.480315 -0.228346 -0.850394 
vn -0.0393701 0.96063 -0.275591 
vn -0.0393701 0.96063 -0.275591 
vn -0.0393701 0.96063 -0.275591 
vn -0.0393701 0.96063 -0.275591 
vn 0.874016 0.165354 0.448819 
vn 0.874016 0.165354 0.448819 
vn 0.874016 0.165354 0.448819 
vn 0.874016 0.165354 0.448819 
vn -0.480315 0.228346 0.850394 
vn -0.480315 0.228346 0.850394 
vn -0.480315 0.228346 0.850394 
vn -0.480315 0.228346 0.850394 
vn 0.0393701 -0.96063 0.275591 
vn 0.0393701 -0.96063 0.275591 
vn 0.0393701 -0.96063 0.275591 
vn 0.0393701 -0.96063 0.275591 
vn -0.874016 -0.165354 -0.448819 
vn -0.874016 -0.165354 -0.448819 
vn -0.874016 -0.165354 -0.448819 
vn -0.874016 -0.165354 -0.448819 

vt 1.8 -1.75 
vt 1.75 -1.75 
vt 1.8 -1.9625 
vt 1.75 -1.9625 
vt 1.8 -1.75 
vt 1.75 -1.75 
vt 1.8 -1.8 
vt 1.75 -1.8 
vt 1.8 -1.75 
vt 1.75 -1.75 
vt 1.8 -1.9625 
vt 1.75 -1.9625 
vt 1.8 -1.75 
vt 1.75 -1.75 
vt 1.8 -1.9625 
vt 1.75 -1.9625 
vt 1.8 -1.75 
vt 1.75 -1.75 
vt 1.8 -1.8 
vt 1.75 -1.8 
vt 1.8 -1.75 
vt 1.75 -1.75 
vt 1.8 -1.9625 
vt 1.75 -1.9625 

usemtl Part118Mtl

f 5161/5161/5161 5162/5162/5162 5163/5163/5163 
f 5163/5163/5163 5162/5162/5162 5164/5164/5164 
f 5165/5165/5165 5166/5166/5166 5167/5167/5167 
f 5167/5167/5167 5166/5166/5166 5168/5168/5168 
f 5169/5169/5169 5170/5170/5170 5171/5171/5171 
f 5171/5171/5171 5170/5170/5170 5172/5172/5172 
f 5173/5173/5173 5174/5174/5174 5175/5175/5175 
f 5175/5175/5175 5174/5174/5174 5176/5176/5176 
f 5177/5177/5177 5178/5178/5178 5179/5179/5179 
f 5179/5179/5179 5178/5178/5178 5180/5180/5180 
f 5181/5181/5181 5182/5182/5182 5183/5183/5183 
f 5183/5183/5183 5182/5182/5182 5184/5184/5184 

g Part217

v 63.028 1.73876 55.5806 
v 63.3793 1.7261 55.7714 
v 62.6813 0.162495 56.1146 
v 63.0326 0.149836 56.3054 
v 63.2065 1.87538 56.0997 
v 63.3793 1.7261 55.7714 
v 62.8551 1.88804 55.909 
v 63.028 1.73876 55.5806 
v 63.3793 1.7261 55.7714 
v 63.2065 1.87538 56.0997 
v 63.0326 0.149836 56.3054 
v 62.8598 0.299112 56.6338 
v 63.2065 1.87538 56.0997 
v 62.8551 1.88804 55.909 
v 62.8598 0.299112 56.6338 
v 62.5084 0.311771 56.443 
v 62.5084 0.311771 56.443 
v 62.6813 0.162495 56.1146 
v 62.8598 0.299112 56.6338 
v 63.0326 0.149836 56.3054 
v 62.8551 1.88804 55.909 
v 63.028 1.73876 55.5806 
v 62.5084 0.311771 56.443 
v 62.6813 0.162495 56.1146 

vn 0.433071 -0.370079 -0.818898 
vn 0.433071 -0.370079 -0.818898 
vn 0.433071 -0.370079 -0.818898 
vn 0.433071 -0.370079 -0.818898 
vn 0.204724 0.929134 -0.314961 
vn 0.204724 0.929134 -0.314961 
vn 0.204724 0.929134 -0.314961 
vn 0.204724 0.929134 -0.314961 
vn 0.88189 -0.0314961 0.480315 
vn 0.88189 -0.0314961 0.480315 
vn 0.88189 -0.0314961 0.480315 
vn 0.88189 -0.0314961 0.480315 
vn -0.433071 0.370079 0.818898 
vn -0.433071 0.370079 0.818898 
vn -0.433071 0.370079 0.818898 
vn -0.433071 0.370079 0.818898 
vn -0.204724 -0.929134 0.314961 
vn -0.204724 -0.929134 0.314961 
vn -0.204724 -0.929134 0.314961 
vn -0.204724 -0.929134 0.314961 
vn -0.88189 0.0314961 -0.480315 
vn -0.88189 0.0314961 -0.480315 
vn -0.88189 0.0314961 -0.480315 
vn -0.88189 0.0314961 -0.480315 

vt 0.8 -6 
vt 0.75 -6 
vt 0.8 -6.2125 
vt 0.75 -6.2125 
vt 0.8 -6 
vt 0.75 -6 
vt 0.8 -6.05 
vt 0.75 -6.05 
vt 0.8 -6 
vt 0.75 -6 
vt 0.8 -6.2125 
vt 0.75 -6.2125 
vt 0.8 -6 
vt 0.75 -6 
vt 0.8 -6.2125 
vt 0.75 -6.2125 
vt 0.8 -6 
vt 0.75 -6 
vt 0.8 -6.05 
vt 0.75 -6.05 
vt 0.8 -6 
vt 0.75 -6 
vt 0.8 -6.2125 
vt 0.75 -6.2125 

usemtl Part118Mtl

f 5185/5185/5185 5186/5186/5186 5187/5187/5187 
f 5187/5187/5187 5186/5186/5186 5188/5188/5188 
f 5189/5189/5189 5190/5190/5190 5191/5191/5191 
f 5191/5191/5191 5190/5190/5190 5192/5192/5192 
f 5193/5193/5193 5194/5194/5194 5195/5195/5195 
f 5195/5195/5195 5194/5194/5194 5196/5196/5196 
f 5197/5197/5197 5198/5198/5198 5199/5199/5199 
f 5199/5199/5199 5198/5198/5198 5200/5200/5200 
f 5201/5201/5201 5202/5202/5202 5203/5203/5203 
f 5203/5203/5203 5202/5202/5202 5204/5204/5204 
f 5205/5205/5205 5206/5206/5206 5207/5207/5207 
f 5207/5207/5207 5206/5206/5206 5208/5208/5208 

g Part218

v 62.6159 2.54824 56.2778 
v 63.0159 2.54824 56.2778 
v 62.6159 0.248242 56.2778 
v 63.0159 0.248242 56.2778 
v 63.0159 2.54824 56.6778 
v 63.0159 2.54824 56.2778 
v 62.6159 2.54824 56.6778 
v 62.6159 2.54824 56.2778 
v 63.0159 2.54824 56.2778 
v 63.0159 2.54824 56.6778 
v 63.0159 0.248242 56.2778 
v 63.0159 0.248242 56.6778 
v 63.0159 2.54824 56.6778 
v 62.6159 2.54824 56.6778 
v 63.0159 0.248242 56.6778 
v 62.6159 0.248242 56.6778 
v 62.6159 0.248242 56.6778 
v 62.6159 0.248242 56.2778 
v 63.0159 0.248242 56.6778 
v 63.0159 0.248242 56.2778 
v 62.6159 2.54824 56.6778 
v 62.6159 2.54824 56.2778 
v 62.6159 0.248242 56.6778 
v 62.6159 0.248242 56.2778 

vn 0 0 -1 
vn 0 0 -1 
vn 0 0 -1 
vn 0 0 -1 
vn 0 1 0 
vn 0 1 0 
vn 0 1 0 
vn 0 1 0 
vn 1 0 0 
vn 1 0 0 
vn 1 0 0 
vn 1 0 0 
vn 0 0 1 
vn 0 0 1 
vn 0 0 1 
vn 0 0 1 
vn 0 -1 0 
vn 0 -1 0 
vn 0 -1 0 
vn 0 -1 0 
vn -1 0 0 
vn -1 0 0 
vn -1 0 0 
vn -1 0 0 

vt 1.55 -3.75 
vt 1.5 -3.75 
vt 1.55 -4.0375 
vt 1.5 -4.0375 
vt 1.55 -3.75 
vt 1.5 -3.75 
vt 1.55 -3.8 
vt 1.5 -3.8 
vt 1.55 -3.75 
vt 1.5 -3.75 
vt 1.55 -4.0375 
vt 1.5 -4.0375 
vt 1.55 -3.75 
vt 1.5 -3.75 
vt 1.55 -4.0375 
vt 1.5 -4.0375 
vt 1.55 -3.75 
vt 1.5 -3.75 
vt 1.55 -3.8 
vt 1.5 -3.8 
vt 1.55 -3.75 
vt 1.5 -3.75 
vt 1.55 -4.0375 
vt 1.5 -4.0375 

usemtl Part118Mtl

f 5209/5209/5209 5210/5210/5210 5211/5211/5211 
f 5211/5211/5211 5210/5210/5210 5212/5212/5212 
f 5213/5213/5213 5214/5214/5214 5215/5215/5215 
f 5215/5215/5215 5214/5214/5214 5216/5216/5216 
f 5217/5217/5217 5218/5218/5218 5219/5219/5219 
f 5219/5219/5219 5218/5218/5218 5220/5220/5220 
f 5221/5221/5221 5222/5222/5222 5223/5223/5223 
f 5223/5223/5223 5222/5222/5222 5224/5224/5224 
f 5225/5225/5225 5226/5226/5226 5227/5227/5227 
f 5227/5227/5227 5226/5226/5226 5228/5228/5228 
f 5229/5229/5229 5230/5230/5230 5231/5231/5231 
f 5231/5231/5231 5230/5230/5230 5232/5232/5232 

g Part219

v 65.3896 2.42675 56.6624 
v 65.2453 2.3366 57.0244 
v 65.1428 0.232819 56.0176 
v 64.9985 0.142668 56.3796 
v 64.8747 2.41591 56.8964 
v 65.2453 2.3366 57.0244 
v 65.019 2.50606 56.5344 
v 65.3896 2.42675 56.6624 
v 65.2453 2.3366 57.0244 
v 64.8747 2.41591 56.8964 
v 64.9985 0.142668 56.3796 
v 64.6279 0.221976 56.2517 
v 64.8747 2.41591 56.8964 
v 65.019 2.50606 56.5344 
v 64.6279 0.221976 56.2517 
v 64.7722 0.312127 55.8897 
v 64.7722 0.312127 55.8897 
v 65.1428 0.232819 56.0176 
v 64.6279 0.221976 56.2517 
v 64.9985 0.142668 56.3796 
v 65.019 2.50606 56.5344 
v 65.3896 2.42675 56.6624 
v 64.7722 0.312127 55.8897 
v 65.1428 0.232819 56.0176 

vn 0.929134 -0.19685 0.322835 
vn 0.929134 -0.19685 0.322835 
vn 0.929134 -0.19685 0.322835 
vn 0.929134 -0.19685 0.322835 
vn 0.110236 0.952756 0.283465 
vn 0.110236 0.952756 0.283465 
vn 0.110236 0.952756 0.283465 
vn 0.110236 0.952756 0.283465 
vn -0.362205 -0.228346 0.905512 
vn -0.362205 -0.228346 0.905512 
vn -0.362205 -0.228346 0.905512 
vn -0.362205 -0.228346 0.905512 
vn -0.929134 0.19685 -0.322835 
vn -0.929134 0.19685 -0.322835 
vn -0.929134 0.19685 -0.322835 
vn -0.929134 0.19685 -0.322835 
vn -0.110236 -0.952756 -0.283465 
vn -0.110236 -0.952756 -0.283465 
vn -0.110236 -0.952756 -0.283465 
vn -0.110236 -0.952756 -0.283465 
vn 0.362205 0.228346 -0.905512 
vn 0.362205 0.228346 -0.905512 
vn 0.362205 0.228346 -0.905512 
vn 0.362205 0.228346 -0.905512 

vt 1.8 -3 
vt 1.75 -3 
vt 1.8 -3.2875 
vt 1.75 -3.2875 
vt 1.8 -3 
vt 1.75 -3 
vt 1.8 -3.05 
vt 1.75 -3.05 
vt 1.8 -3 
vt 1.75 -3 
vt 1.8 -3.2875 
vt 1.75 -3.2875 
vt 1.8 -3 
vt 1.75 -3 
vt 1.8 -3.2875 
vt 1.75 -3.2875 
vt 1.8 -3 
vt 1.75 -3 
vt 1.8 -3.05 
vt 1.75 -3.05 
vt 1.8 -3 
vt 1.75 -3 
vt 1.8 -3.2875 
vt 1.75 -3.2875 

usemtl Part116Mtl

f 5233/5233/5233 5234/5234/5234 5235/5235/5235 
f 5235/5235/5235 5234/5234/5234 5236/5236/5236 
f 5237/5237/5237 5238/5238/5238 5239/5239/5239 
f 5239/5239/5239 5238/5238/5238 5240/5240/5240 
f 5241/5241/5241 5242/5242/5242 5243/5243/5243 
f 5243/5243/5243 5242/5242/5242 5244/5244/5244 
f 5245/5245/5245 5246/5246/5246 5247/5247/5247 
f 5247/5247/5247 5246/5246/5246 5248/5248/5248 
f 5249/5249/5249 5250/5250/5250 5251/5251/5251 
f 5251/5251/5251 5250/5250/5250 5252/5252/5252 
f 5253/5253/5253 5254/5254/5254 5255/5255/5255 
f 5255/5255/5255 5254/5254/5254 5256/5256/5256 

g Part220

v 65.8795 1.68726 55.6276 
v 65.6984 1.75254 55.9783 
v 65.4083 0.0549974 55.6882 
v 65.2272 0.120282 56.0388 
v 65.3595 1.84329 55.7863 
v 65.6984 1.75254 55.9783 
v 65.5406 1.778 55.4357 
v 65.8795 1.68726 55.6276 
v 65.6984 1.75254 55.9783 
v 65.3595 1.84329 55.7863 
v 65.2272 0.120282 56.0388 
v 64.8882 0.211027 55.8468 
v 65.3595 1.84329 55.7863 
v 65.5406 1.778 55.4357 
v 64.8882 0.211027 55.8468 
v 65.0693 0.145742 55.4962 
v 65.0693 0.145742 55.4962 
v 65.4083 0.0549974 55.6882 
v 64.8882 0.211027 55.8468 
v 65.2272 0.120282 56.0388 
v 65.5406 1.778 55.4357 
v 65.8795 1.68726 55.6276 
v 65.0693 0.145742 55.4962 
v 65.4083 0.0549974 55.6882 

vn 0.850394 -0.228346 0.480315 
vn 0.850394 -0.228346 0.480315 
vn 0.850394 -0.228346 0.480315 
vn 0.850394 -0.228346 0.480315 
vn 0.275591 0.96063 -0.0393701 
vn 0.275591 0.96063 -0.0393701 
vn 0.275591 0.96063 -0.0393701 
vn 0.275591 0.96063 -0.0393701 
vn -0.448819 0.165354 0.874016 
vn -0.448819 0.165354 0.874016 
vn -0.448819 0.165354 0.874016 
vn -0.448819 0.165354 0.874016 
vn -0.850394 0.228346 -0.480315 
vn -0.850394 0.228346 -0.480315 
vn -0.850394 0.228346 -0.480315 
vn -0.850394 0.228346 -0.480315 
vn -0.275591 -0.96063 0.0393701 
vn -0.275591 -0.96063 0.0393701 
vn -0.275591 -0.96063 0.0393701 
vn -0.275591 -0.96063 0.0393701 
vn 0.448819 -0.165354 -0.874016 
vn 0.448819 -0.165354 -0.874016 
vn 0.448819 -0.165354 -0.874016 
vn 0.448819 -0.165354 -0.874016 

vt 0.8 -6.25 
vt 0.75 -6.25 
vt 0.8 -6.4625 
vt 0.75 -6.4625 
vt 0.8 -6.25 
vt 0.75 -6.25 
vt 0.8 -6.3 
vt 0.75 -6.3 
vt 0.8 -6.25 
vt 0.75 -6.25 
vt 0.8 -6.4625 
vt 0.75 -6.4625 
vt 0.8 -6.25 
vt 0.75 -6.25 
vt 0.8 -6.4625 
vt 0.75 -6.4625 
vt 0.8 -6.25 
vt 0.75 -6.25 
vt 0.8 -6.3 
vt 0.75 -6.3 
vt 0.8 -6.25 
vt 0.75 -6.25 
vt 0.8 -6.4625 
vt 0.75 -6.4625 

usemtl Part117Mtl

f 5257/5257/5257 5258/5258/5258 5259/5259/5259 
f 5259/5259/5259 5258/5258/5258 5260/5260/5260 
f 5261/5261/5261 5262/5262/5262 5263/5263/5263 
f 5263/5263/5263 5262/5262/5262 5264/5264/5264 
f 5265/5265/5265 5266/5266/5266 5267/5267/5267 
f 5267/5267/5267 5266/5266/5266 5268/5268/5268 
f 5269/5269/5269 5270/5270/5270 5271/5271/5271 
f 5271/5271/5271 5270/5270/5270 5272/5272/5272 
f 5273/5273/5273 5274/5274/5274 5275/5275/5275 
f 5275/5275/5275 5274/5274/5274 5276/5276/5276 
f 5277/5277/5277 5278/5278/5278 5279/5279/5279 
f 5279/5279/5279 5278/5278/5278 5280/5280/5280 

g Part221

v 65.7492 1.67534 56.1918 
v 65.5584 1.66268 56.5432 
v 65.2151 0.0990755 55.8451 
v 65.0244 0.0864166 56.1965 
v 65.2301 1.81196 56.3703 
v 65.5584 1.66268 56.5432 
v 65.4208 1.82462 56.0189 
v 65.7492 1.67534 56.1918 
v 65.5584 1.66268 56.5432 
v 65.2301 1.81196 56.3703 
v 65.0244 0.0864166 56.1965 
v 64.696 0.235692 56.0236 
v 65.2301 1.81196 56.3703 
v 65.4208 1.82462 56.0189 
v 64.696 0.235692 56.0236 
v 64.8868 0.248351 55.6722 
v 64.8868 0.248351 55.6722 
v 65.2151 0.0990755 55.8451 
v 64.696 0.235692 56.0236 
v 65.0244 0.0864166 56.1965 
v 65.4208 1.82462 56.0189 
v 65.7492 1.67534 56.1918 
v 64.8868 0.248351 55.6722 
v 65.2151 0.0990755 55.8451 

vn 0.818898 -0.370079 0.433071 
vn 0.818898 -0.370079 0.433071 
vn 0.818898 -0.370079 0.433071 
vn 0.818898 -0.370079 0.433071 
vn 0.314961 0.929134 0.204724 
vn 0.314961 0.929134 0.204724 
vn 0.314961 0.929134 0.204724 
vn 0.314961 0.929134 0.204724 
vn -0.480315 -0.0314961 0.88189 
vn -0.480315 -0.0314961 0.88189 
vn -0.480315 -0.0314961 0.88189 
vn -0.480315 -0.0314961 0.88189 
vn -0.818898 0.370079 -0.433071 
vn -0.818898 0.370079 -0.433071 
vn -0.818898 0.370079 -0.433071 
vn -0.818898 0.370079 -0.433071 
vn -0.314961 -0.929134 -0.204724 
vn -0.314961 -0.929134 -0.204724 
vn -0.314961 -0.929134 -0.204724 
vn -0.314961 -0.929134 -0.204724 
vn 0.480315 0.0314961 -0.88189 
vn 0.480315 0.0314961 -0.88189 
vn 0.480315 0.0314961 -0.88189 
vn 0.480315 0.0314961 -0.88189 

vt 7.8 -6.75 
vt 7.75 -6.75 
vt 7.8 -6.9625 
vt 7.75 -6.9625 
vt 7.8 -6.75 
vt 7.75 -6.75 
vt 7.8 -6.8 
vt 7.75 -6.8 
vt 7.8 -6.75 
vt 7.75 -6.75 
vt 7.8 -6.9625 
vt 7.75 -6.9625 
vt 7.8 -6.75 
vt 7.75 -6.75 
vt 7.8 -6.9625 
vt 7.75 -6.9625 
vt 7.8 -6.75 
vt 7.75 -6.75 
vt 7.8 -6.8 
vt 7.75 -6.8 
vt 7.8 -6.75 
vt 7.75 -6.75 
vt 7.8 -6.9625 
vt 7.75 -6.9625 

usemtl Part118Mtl

f 5281/5281/5281 5282/5282/5282 5283/5283/5283 
f 5283/5283/5283 5282/5282/5282 5284/5284/5284 
f 5285/5285/5285 5286/5286/5286 5287/5287/5287 
f 5287/5287/5287 5286/5286/5286 5288/5288/5288 
f 5289/5289/5289 5290/5290/5290 5291/5291/5291 
f 5291/5291/5291 5290/5290/5290 5292/5292/5292 
f 5293/5293/5293 5294/5294/5294 5295/5295/5295 
f 5295/5295/5295 5294/5294/5294 5296/5296/5296 
f 5297/5297/5297 5298/5298/5298 5299/5299/5299 
f 5299/5299/5299 5298/5298/5298 5300/5300/5300 
f 5301/5301/5301 5302/5302/5302 5303/5303/5303 
f 5303/5303/5303 5302/5302/5302 5304/5304/5304 

g Part222

v 65.052 2.48482 55.7797 
v 65.052 2.48482 56.1797 
v 65.052 0.184824 55.7797 
v 65.052 0.184824 56.1797 
v 64.652 2.48482 56.1797 
v 65.052 2.48482 56.1797 
v 64.652 2.48482 55.7797 
v 65.052 2.48482 55.7797 
v 65.052 2.48482 56.1797 
v 64.652 2.48482 56.1797 
v 65.052 0.184824 56.1797 
v 64.652 0.184824 56.1797 
v 64.652 2.48482 56.1797 
v 64.652 2.48482 55.7797 
v 64.652 0.184824 56.1797 
v 64.652 0.184824 55.7797 
v 64.652 0.184824 55.7797 
v 65.052 0.184824 55.7797 
v 64.652 0.184824 56.1797 
v 65.052 0.184824 56.1797 
v 64.652 2.48482 55.7797 
v 65.052 2.48482 55.7797 
v 64.652 0.184824 55.7797 
v 65.052 0.184824 55.7797 

vn 1 0 0 
vn 1 0 0 
vn 1 0 0 
vn 1 0 0 
vn 0 1 0 
vn 0 1 0 
vn 0 1 0 
vn 0 1 0 
vn 0 0 1 
vn 0 0 1 
vn 0 0 1 
vn 0 0 1 
vn -1 0 0 
vn -1 0 0 
vn -1 0 0 
vn -1 0 0 
vn 0 -1 0 
vn 0 -1 0 
vn 0 -1 0 
vn 0 -1 0 
vn 0 0 -1 
vn 0 0 -1 
vn 0 0 -1 
vn 0 0 -1 

vt 2.8 -5 
vt 2.75 -5 
vt 2.8 -5.2875 
vt 2.75 -5.2875 
vt 2.8 -5 
vt 2.75 -5 
vt 2.8 -5.05 
vt 2.75 -5.05 
vt 2.8 -5 
vt 2.75 -5 
vt 2.8 -5.2875 
vt 2.75 -5.2875 
vt 2.8 -5 
vt 2.75 -5 
vt 2.8 -5.2875 
vt 2.75 -5.2875 
vt 2.8 -5 
vt 2.75 -5 
vt 2.8 -5.05 
vt 2.75 -5.05 
vt 2.8 -5 
vt 2.75 -5 
vt 2.8 -5.2875 
vt 2.75 -5.2875 

usemtl Part118Mtl

f 5305/5305/5305 5306/5306/5306 5307/5307/5307 
f 5307/5307/5307 5306/5306/5306 5308/5308/5308 
f 5309/5309/5309 5310/5310/5310 5311/5311/5311 
f 5311/5311/5311 5310/5310/5310 5312/5312/5312 
f 5313/5313/5313 5314/5314/5314 5315/5315/5315 
f 5315/5315/5315 5314/5314/5314 5316/5316/5316 
f 5317/5317/5317 5318/5318/5318 5319/5319/5319 
f 5319/5319/5319 5318/5318/5318 5320/5320/5320 
f 5321/5321/5321 5322/5322/5322 5323/5323/5323 
f 5323/5323/5323 5322/5322/5322 5324/5324/5324 
f 5325/5325/5325 5326/5326/5326 5327/5327/5327 
f 5327/5327/5327 5326/5326/5326 5328/5328/5328 

g Part223

v -43.7984 1.70187 54.0276 
v -43.4478 1.76715 54.2087 
v -43.7379 0.0696077 54.4989 
v -43.3872 0.134892 54.68 
v -43.6397 1.8579 54.5477 
v -43.4478 1.76715 54.2087 
v -43.9904 1.79261 54.3666 
v -43.7984 1.70187 54.0276 
v -43.4478 1.76715 54.2087 
v -43.6397 1.8579 54.5477 
v -43.3872 0.134892 54.68 
v -43.5792 0.225637 55.0189 
v -43.6397 1.8579 54.5477 
v -43.9904 1.79261 54.3666 
v -43.5792 0.225637 55.0189 
v -43.9298 0.160352 54.8378 
v -43.9298 0.160352 54.8378 
v -43.7379 0.0696077 54.4989 
v -43.5792 0.225637 55.0189 
v -43.3872 0.134892 54.68 
v -43.9904 1.79261 54.3666 
v -43.7984 1.70187 54.0276 
v -43.9298 0.160352 54.8378 
v -43.7379 0.0696077 54.4989 

vn 0.480315 -0.228346 -0.850394 
vn 0.480315 -0.228346 -0.850394 
vn 0.480315 -0.228346 -0.850394 
vn 0.480315 -0.228346 -0.850394 
vn -0.0393701 0.96063 -0.275591 
vn -0.0393701 0.96063 -0.275591 
vn -0.0393701 0.96063 -0.275591 
vn -0.0393701 0.96063 -0.275591 
vn 0.874016 0.165354 0.448819 
vn 0.874016 0.165354 0.448819 
vn 0.874016 0.165354 0.448819 
vn 0.874016 0.165354 0.448819 
vn -0.480315 0.228346 0.850394 
vn -0.480315 0.228346 0.850394 
vn -0.480315 0.228346 0.850394 
vn -0.480315 0.228346 0.850394 
vn 0.0393701 -0.96063 0.275591 
vn 0.0393701 -0.96063 0.275591 
vn 0.0393701 -0.96063 0.275591 
vn 0.0393701 -0.96063 0.275591 
vn -0.874016 -0.165354 -0.448819 
vn -0.874016 -0.165354 -0.448819 
vn -0.874016 -0.165354 -0.448819 
vn -0.874016 -0.165354 -0.448819 

vt 6.3 -2.5 
vt 6.25 -2.5 
vt 6.3 -2.7125 
vt 6.25 -2.7125 
vt 6.3 -2.5 
vt 6.25 -2.5 
vt 6.3 -2.55 
vt 6.25 -2.55 
vt 6.3 -2.5 
vt 6.25 -2.5 
vt 6.3 -2.7125 
vt 6.25 -2.7125 
vt 6.3 -2.5 
vt 6.25 -2.5 
vt 6.3 -2.7125 
vt 6.25 -2.7125 
vt 6.3 -2.5 
vt 6.25 -2.5 
vt 6.3 -2.55 
vt 6.25 -2.55 
vt 6.3 -2.5 
vt 6.25 -2.5 
vt 6.3 -2.7125 
vt 6.25 -2.7125 

usemtl Part118Mtl

f 5329/5329/5329 5330/5330/5330 5331/5331/5331 
f 5331/5331/5331 5330/5330/5330 5332/5332/5332 
f 5333/5333/5333 5334/5334/5334 5335/5335/5335 
f 5335/5335/5335 5334/5334/5334 5336/5336/5336 
f 5337/5337/5337 5338/5338/5338 5339/5339/5339 
f 5339/5339/5339 5338/5338/5338 5340/5340/5340 
f 5341/5341/5341 5342/5342/5342 5343/5343/5343 
f 5343/5343/5343 5342/5342/5342 5344/5344/5344 
f 5345/5345/5345 5346/5346/5346 5347/5347/5347 
f 5347/5347/5347 5346/5346/5346 5348/5348/5348 
f 5349/5349/5349 5350/5350/5350 5351/5351/5351 
f 5351/5351/5351 5350/5350/5350 5352/5352/5352 

g Part224

v -43.1599 1.64392 53.9429 
v -42.8085 1.63126 54.1337 
v -43.5066 0.0676541 54.477 
v -43.1552 0.0549952 54.6677 
v -42.9814 1.78054 54.462 
v -42.8085 1.63126 54.1337 
v -43.3328 1.7932 54.2713 
v -43.1599 1.64392 53.9429 
v -42.8085 1.63126 54.1337 
v -42.9814 1.78054 54.462 
v -43.1552 0.0549952 54.6677 
v -43.3281 0.204271 54.9961 
v -42.9814 1.78054 54.462 
v -43.3328 1.7932 54.2713 
v -43.3281 0.204271 54.9961 
v -43.6795 0.21693 54.8053 
v -43.6795 0.21693 54.8053 
v -43.5066 0.0676541 54.477 
v -43.3281 0.204271 54.9961 
v -43.1552 0.0549952 54.6677 
v -43.3328 1.7932 54.2713 
v -43.1599 1.64392 53.9429 
v -43.6795 0.21693 54.8053 
v -43.5066 0.0676541 54.477 

vn 0.433071 -0.370079 -0.818898 
vn 0.433071 -0.370079 -0.818898 
vn 0.433071 -0.370079 -0.818898 
vn 0.433071 -0.370079 -0.818898 
vn 0.204724 0.929134 -0.314961 
vn 0.204724 0.929134 -0.314961 
vn 0.204724 0.929134 -0.314961 
vn 0.204724 0.929134 -0.314961 
vn 0.88189 -0.0314961 0.480315 
vn 0.88189 -0.0314961 0.480315 
vn 0.88189 -0.0314961 0.480315 
vn 0.88189 -0.0314961 0.480315 
vn -0.433071 0.370079 0.818898 
vn -0.433071 0.370079 0.818898 
vn -0.433071 0.370079 0.818898 
vn -0.433071 0.370079 0.818898 
vn -0.204724 -0.929134 0.314961 
vn -0.204724 -0.929134 0.314961 
vn -0.204724 -0.929134 0.314961 
vn -0.204724 -0.929134 0.314961 
vn -0.88189 0.0314961 -0.480315 
vn -0.88189 0.0314961 -0.480315 
vn -0.88189 0.0314961 -0.480315 
vn -0.88189 0.0314961 -0.480315 

vt 6.8 -6.5 
vt 6.75 -6.5 
vt 6.8 -6.7125 
vt 6.75 -6.7125 
vt 6.8 -6.5 
vt 6.75 -6.5 
vt 6.8 -6.55 
vt 6.75 -6.55 
vt 6.8 -6.5 
vt 6.75 -6.5 
vt 6.8 -6.7125 
vt 6.75 -6.7125 
vt 6.8 -6.5 
vt 6.75 -6.5 
vt 6.8 -6.7125 
vt 6.75 -6.7125 
vt 6.8 -6.5 
vt 6.75 -6.5 
vt 6.8 -6.55 
vt 6.75 -6.55 
vt 6.8 -6.5 
vt 6.75 -6.5 
vt 6.8 -6.7125 
vt 6.75 -6.7125 

usemtl Part118Mtl

f 5353/5353/5353 5354/5354/5354 5355/5355/5355 
f 5355/5355/5355 5354/5354/5354 5356/5356/5356 
f 5357/5357/5357 5358/5358/5358 5359/5359/5359 
f 5359/5359/5359 5358/5358/5358 5360/5360/5360 
f 5361/5361/5361 5362/5362/5362 5363/5363/5363 
f 5363/5363/5363 5362/5362/5362 5364/5364/5364 
f 5365/5365/5365 5366/5366/5366 5367/5367/5367 
f 5367/5367/5367 5366/5366/5366 5368/5368/5368 
f 5369/5369/5369 5370/5370/5370 5371/5371/5371 
f 5371/5371/5371 5370/5370/5370 5372/5372/5372 
f 5373/5373/5373 5374/5374/5374 5375/5375/5375 
f 5375/5375/5375 5374/5374/5374 5376/5376/5376 

g Part225

v -43.572 2.4534 54.6401 
v -43.172 2.4534 54.6401 
v -43.572 0.153405 54.6401 
v -43.172 0.153405 54.6401 
v -43.172 2.4534 55.0401 
v -43.172 2.4534 54.6401 
v -43.572 2.4534 55.0401 
v -43.572 2.4534 54.6401 
v -43.172 2.4534 54.6401 
v -43.172 2.4534 55.0401 
v -43.172 0.153405 54.6401 
v -43.172 0.153405 55.0401 
v -43.172 2.4534 55.0401 
v -43.572 2.4534 55.0401 
v -43.172 0.153405 55.0401 
v -43.572 0.153405 55.0401 
v -43.572 0.153405 55.0401 
v -43.572 0.153405 54.6401 
v -43.172 0.153405 55.0401 
v -43.172 0.153405 54.6401 
v -43.572 2.4534 55.0401 
v -43.572 2.4534 54.6401 
v -43.572 0.153405 55.0401 
v -43.572 0.153405 54.6401 

vn 0 0 -1 
vn 0 0 -1 
vn 0 0 -1 
vn 0 0 -1 
vn 0 1 0 
vn 0 1 0 
vn 0 1 0 
vn 0 1 0 
vn 1 0 0 
vn 1 0 0 
vn 1 0 0 
vn 1 0 0 
vn 0 0 1 
vn 0 0 1 
vn 0 0 1 
vn 0 0 1 
vn 0 -1 0 
vn 0 -1 0 
vn 0 -1 0 
vn 0 -1 0 
vn -1 0 0 
vn -1 0 0 
vn -1 0 0 
vn -1 0 0 

vt 3.3 -6.5 
vt 3.25 -6.5 
vt 3.3 -6.7875 
vt 3.25 -6.7875 
vt 3.3 -6.5 
vt 3.25 -6.5 
vt 3.3 -6.55 
vt 3.25 -6.55 
vt 3.3 -6.5 
vt 3.25 -6.5 
vt 3.3 -6.7875 
vt 3.25 -6.7875 
vt 3.3 -6.5 
vt 3.25 -6.5 
vt 3.3 -6.7875 
vt 3.25 -6.7875 
vt 3.3 -6.5 
vt 3.25 -6.5 
vt 3.3 -6.55 
vt 3.25 -6.55 
vt 3.3 -6.5 
vt 3.25 -6.5 
vt 3.3 -6.7875 
vt 3.25 -6.7875 

usemtl Part122Mtl

f 5377/5377/5377 5378/5378/5378 5379/5379/5379 
f 5379/5379/5379 5378/5378/5378 5380/5380/5380 
f 5381/5381/5381 5382/5382/5382 5383/5383/5383 
f 5383/5383/5383 5382/5382/5382 5384/5384/5384 
f 5385/5385/5385 5386/5386/5386 5387/5387/5387 
f 5387/5387/5387 5386/5386/5386 5388/5388/5388 
f 5389/5389/5389 5390/5390/5390 5391/5391/5391 
f 5391/5391/5391 5390/5390/5390 5392/5392/5392 
f 5393/5393/5393 5394/5394/5394 5395/5395/5395 
f 5395/5395/5395 5394/5394/5394 5396/5396/5396 
f 5397/5397/5397 5398/5398/5398 5399/5399/5399 
f 5399/5399/5399 5398/5398/5398 5400/5400/5400 

g Part226

v -43.8194 1.7729 56.7432 
v -43.5183 1.77135 56.4799 
v -44.277 0.218519 56.2288 
v -43.9758 0.216969 55.9656 
v -43.278 1.60938 56.7557 
v -43.5183 1.77135 56.4799 
v -43.5792 1.61093 57.0189 
v -43.8194 1.7729 56.7432 
v -43.5183 1.77135 56.4799 
v -43.278 1.60938 56.7557 
v -43.9758 0.216969 55.9656 
v -43.7356 0.0549983 56.2414 
v -43.278 1.60938 56.7557 
v -43.5792 1.61093 57.0189 
v -43.7356 0.0549983 56.2414 
v -44.0368 0.0565485 56.5046 
v -44.0368 0.0565485 56.5046 
v -44.277 0.218519 56.2288 
v -43.7356 0.0549983 56.2414 
v -43.9758 0.216969 55.9656 
v -43.5792 1.61093 57.0189 
v -43.8194 1.7729 56.7432 
v -44.0368 0.0565485 56.5046 
v -44.277 0.218519 56.2288 

vn -0.598425 0.401575 -0.692913 
vn -0.598425 0.401575 -0.692913 
vn -0.598425 0.401575 -0.692913 
vn -0.598425 0.401575 -0.692913 
vn 0.267717 0.913386 0.299213 
vn 0.267717 0.913386 0.299213 
vn 0.267717 0.913386 0.299213 
vn 0.267717 0.913386 0.299213 
vn 0.755906 0 -0.661417 
vn 0.755906 0 -0.661417 
vn 0.755906 0 -0.661417 
vn 0.755906 0 -0.661417 
vn 0.598425 -0.401575 0.692913 
vn 0.598425 -0.401575 0.692913 
vn 0.598425 -0.401575 0.692913 
vn 0.598425 -0.401575 0.692913 
vn -0.267717 -0.913386 -0.299213 
vn -0.267717 -0.913386 -0.299213 
vn -0.267717 -0.913386 -0.299213 
vn -0.267717 -0.913386 -0.299213 
vn -0.755906 0 0.661417 
vn -0.755906 0 0.661417 
vn -0.755906 0 0.661417 
vn -0.755906 0 0.661417 

vt 4.05 0.5 
vt 4 0.5 
vt 4.05 0.2875 
vt 4 0.2875 
vt 4.05 0.5 
vt 4 0.5 
vt 4.05 0.45 
vt 4 0.45 
vt 4.05 0.5 
vt 4 0.5 
vt 4.05 0.2875 
vt 4 0.2875 
vt 4.05 0.5 
vt 4 0.5 
vt 4.05 0.2875 
vt 4 0.2875 
vt 4.05 0.5 
vt 4 0.5 
vt 4.05 0.45 
vt 4 0.45 
vt 4.05 0.5 
vt 4 0.5 
vt 4.05 0.2875 
vt 4 0.2875 

usemtl Part123Mtl

f 5401/5401/5401 5402/5402/5402 5403/5403/5403 
f 5403/5403/5403 5402/5402/5402 5404/5404/5404 
f 5405/5405/5405 5406/5406/5406 5407/5407/5407 
f 5407/5407/5407 5406/5406/5406 5408/5408/5408 
f 5409/5409/5409 5410/5410/5410 5411/5411/5411 
f 5411/5411/5411 5410/5410/5410 5412/5412/5412 
f 5413/5413/5413 5414/5414/5414 5415/5415/5415 
f 5415/5415/5415 5414/5414/5414 5416/5416/5416 
f 5417/5417/5417 5418/5418/5418 5419/5419/5419 
f 5419/5419/5419 5418/5418/5418 5420/5420/5420 
f 5421/5421/5421 5422/5422/5422 5423/5423/5423 
f 5423/5423/5423 5422/5422/5422 5424/5424/5424 

g Part227

v -44.6105 1.7967 55.6653 
v -44.2599 1.86199 55.8464 
v -44.55 0.164443 56.1366 
v -44.1993 0.229728 56.3176 
v -44.4518 1.95273 56.1854 
v -44.2599 1.86199 55.8464 
v -44.8025 1.88745 56.0043 
v -44.6105 1.7967 55.6653 
v -44.2599 1.86199 55.8464 
v -44.4518 1.95273 56.1854 
v -44.1993 0.229728 56.3176 
v -44.3913 0.320472 56.6566 
v -44.4518 1.95273 56.1854 
v -44.8025 1.88745 56.0043 
v -44.3913 0.320472 56.6566 
v -44.7419 0.255187 56.4755 
v -44.7419 0.255187 56.4755 
v -44.55 0.164443 56.1366 
v -44.3913 0.320472 56.6566 
v -44.1993 0.229728 56.3176 
v -44.8025 1.88745 56.0043 
v -44.6105 1.7967 55.6653 
v -44.7419 0.255187 56.4755 
v -44.55 0.164443 56.1366 

vn 0.480315 -0.228346 -0.850394 
vn 0.480315 -0.228346 -0.850394 
vn 0.480315 -0.228346 -0.850394 
vn 0.480315 -0.228346 -0.850394 
vn -0.0393701 0.96063 -0.275591 
vn -0.0393701 0.96063 -0.275591 
vn -0.0393701 0.96063 -0.275591 
vn -0.0393701 0.96063 -0.275591 
vn 0.874016 0.165354 0.448819 
vn 0.874016 0.165354 0.448819 
vn 0.874016 0.165354 0.448819 
vn 0.874016 0.165354 0.448819 
vn -0.480315 0.228346 0.850394 
vn -0.480315 0.228346 0.850394 
vn -0.480315 0.228346 0.850394 
vn -0.480315 0.228346 0.850394 
vn 0.0393701 -0.96063 0.275591 
vn 0.0393701 -0.96063 0.275591 
vn 0.0393701 -0.96063 0.275591 
vn 0.0393701 -0.96063 0.275591 
vn -0.874016 -0.165354 -0.448819 
vn -0.874016 -0.165354 -0.448819 
vn -0.874016 -0.165354 -0.448819 
vn -0.874016 -0.165354 -0.448819 

vt 4.05 -3.75 
vt 4 -3.75 
vt 4.05 -3.9625 
vt 4 -3.9625 
vt 4.05 -3.75 
vt 4 -3.75 
vt 4.05 -3.8 
vt 4 -3.8 
vt 4.05 -3.75 
vt 4 -3.75 
vt 4.05 -3.9625 
vt 4 -3.9625 
vt 4.05 -3.75 
vt 4 -3.75 
vt 4.05 -3.9625 
vt 4 -3.9625 
vt 4.05 -3.75 
vt 4 -3.75 
vt 4.05 -3.8 
vt 4 -3.8 
vt 4.05 -3.75 
vt 4 -3.75 
vt 4.05 -3.9625 
vt 4 -3.9625 

usemtl Part118Mtl

f 5425/5425/5425 5426/5426/5426 5427/5427/5427 
f 5427/5427/5427 5426/5426/5426 5428/5428/5428 
f 5429/5429/5429 5430/5430/5430 5431/5431/5431 
f 5431/5431/5431 5430/5430/5430 5432/5432/5432 
f 5433/5433/5433 5434/5434/5434 5435/5435/5435 
f 5435/5435/5435 5434/5434/5434 5436/5436/5436 
f 5437/5437/5437 5438/5438/5438 5439/5439/5439 
f 5439/5439/5439 5438/5438/5438 5440/5440/5440 
f 5441/5441/5441 5442/5442/5442 5443/5443/5443 
f 5443/5443/5443 5442/5442/5442 5444/5444/5444 
f 5445/5445/5445 5446/5446/5446 5447/5447/5447 
f 5447/5447/5447 5446/5446/5446 5448/5448/5448 

g Part228

v -43.972 1.73876 55.5806 
v -43.6207 1.7261 55.7714 
v -44.3187 0.162495 56.1146 
v -43.9674 0.149836 56.3054 
v -43.7935 1.87538 56.0997 
v -43.6207 1.7261 55.7714 
v -44.1449 1.88804 55.909 
v -43.972 1.73876 55.5806 
v -43.6207 1.7261 55.7714 
v -43.7935 1.87538 56.0997 
v -43.9674 0.149836 56.3054 
v -44.1402 0.299112 56.6338 
v -43.7935 1.87538 56.0997 
v -44.1449 1.88804 55.909 
v -44.1402 0.299112 56.6338 
v -44.4916 0.311771 56.443 
v -44.4916 0.311771 56.443 
v -44.3187 0.162495 56.1146 
v -44.1402 0.299112 56.6338 
v -43.9674 0.149836 56.3054 
v -44.1449 1.88804 55.909 
v -43.972 1.73876 55.5806 
v -44.4916 0.311771 56.443 
v -44.3187 0.162495 56.1146 

vn 0.433071 -0.370079 -0.818898 
vn 0.433071 -0.370079 -0.818898 
vn 0.433071 -0.370079 -0.818898 
vn 0.433071 -0.370079 -0.818898 
vn 0.204724 0.929134 -0.314961 
vn 0.204724 0.929134 -0.314961 
vn 0.204724 0.929134 -0.314961 
vn 0.204724 0.929134 -0.314961 
vn 0.88189 -0.0314961 0.480315 
vn 0.88189 -0.0314961 0.480315 
vn 0.88189 -0.0314961 0.480315 
vn 0.88189 -0.0314961 0.480315 
vn -0.433071 0.370079 0.818898 
vn -0.433071 0.370079 0.818898 
vn -0.433071 0.370079 0.818898 
vn -0.433071 0.370079 0.818898 
vn -0.204724 -0.929134 0.314961 
vn -0.204724 -0.929134 0.314961 
vn -0.204724 -0.929134 0.314961 
vn -0.204724 -0.929134 0.314961 
vn -0.88189 0.0314961 -0.480315 
vn -0.88189 0.0314961 -0.480315 
vn -0.88189 0.0314961 -0.480315 
vn -0.88189 0.0314961 -0.480315 

vt 7.05 -0.75 
vt 7 -0.75 
vt 7.05 -0.9625 
vt 7 -0.9625 
vt 7.05 -0.75 
vt 7 -0.75 
vt 7.05 -0.8 
vt 7 -0.8 
vt 7.05 -0.75 
vt 7 -0.75 
vt 7.05 -0.9625 
vt 7 -0.9625 
vt 7.05 -0.75 
vt 7 -0.75 
vt 7.05 -0.9625 
vt 7 -0.9625 
vt 7.05 -0.75 
vt 7 -0.75 
vt 7.05 -0.8 
vt 7 -0.8 
vt 7.05 -0.75 
vt 7 -0.75 
vt 7.05 -0.9625 
vt 7 -0.9625 

usemtl Part118Mtl

f 5449/5449/5449 5450/5450/5450 5451/5451/5451 
f 5451/5451/5451 5450/5450/5450 5452/5452/5452 
f 5453/5453/5453 5454/5454/5454 5455/5455/5455 
f 5455/5455/5455 5454/5454/5454 5456/5456/5456 
f 5457/5457/5457 5458/5458/5458 5459/5459/5459 
f 5459/5459/5459 5458/5458/5458 5460/5460/5460 
f 5461/5461/5461 5462/5462/5462 5463/5463/5463 
f 5463/5463/5463 5462/5462/5462 5464/5464/5464 
f 5465/5465/5465 5466/5466/5466 5467/5467/5467 
f 5467/5467/5467 5466/5466/5466 5468/5468/5468 
f 5469/5469/5469 5470/5470/5470 5471/5471/5471 
f 5471/5471/5471 5470/5470/5470 5472/5472/5472 

g Part229

v -44.3841 2.54824 56.2778 
v -43.9841 2.54824 56.2778 
v -44.3841 0.248242 56.2778 
v -43.9841 0.248242 56.2778 
v -43.9841 2.54824 56.6778 
v -43.9841 2.54824 56.2778 
v -44.3841 2.54824 56.6778 
v -44.3841 2.54824 56.2778 
v -43.9841 2.54824 56.2778 
v -43.9841 2.54824 56.6778 
v -43.9841 0.248242 56.2778 
v -43.9841 0.248242 56.6778 
v -43.9841 2.54824 56.6778 
v -44.3841 2.54824 56.6778 
v -43.9841 0.248242 56.6778 
v -44.3841 0.248242 56.6778 
v -44.3841 0.248242 56.6778 
v -44.3841 0.248242 56.2778 
v -43.9841 0.248242 56.6778 
v -43.9841 0.248242 56.2778 
v -44.3841 2.54824 56.6778 
v -44.3841 2.54824 56.2778 
v -44.3841 0.248242 56.6778 
v -44.3841 0.248242 56.2778 

vn 0 0 -1 
vn 0 0 -1 
vn 0 0 -1 
vn 0 0 -1 
vn 0 1 0 
vn 0 1 0 
vn 0 1 0 
vn 0 1 0 
vn 1 0 0 
vn 1 0 0 
vn 1 0 0 
vn 1 0 0 
vn 0 0 1 
vn 0 0 1 
vn 0 0 1 
vn 0 0 1 
vn 0 -1 0 
vn 0 -1 0 
vn 0 -1 0 
vn 0 -1 0 
vn -1 0 0 
vn -1 0 0 
vn -1 0 0 
vn -1 0 0 

vt 3.55 0.25 
vt 3.5 0.25 
vt 3.55 -0.0375 
vt 3.5 -0.0375 
vt 3.55 0.25 
vt 3.5 0.25 
vt 3.55 0.2 
vt 3.5 0.2 
vt 3.55 0.25 
vt 3.5 0.25 
vt 3.55 -0.0375 
vt 3.5 -0.0375 
vt 3.55 0.25 
vt 3.5 0.25 
vt 3.55 -0.0375 
vt 3.5 -0.0375 
vt 3.55 0.25 
vt 3.5 0.25 
vt 3.55 0.2 
vt 3.5 0.2 
vt 3.55 0.25 
vt 3.5 0.25 
vt 3.55 -0.0375 
vt 3.5 -0.0375 

usemtl Part118Mtl

f 5473/5473/5473 5474/5474/5474 5475/5475/5475 
f 5475/5475/5475 5474/5474/5474 5476/5476/5476 
f 5477/5477/5477 5478/5478/5478 5479/5479/5479 
f 5479/5479/5479 5478/5478/5478 5480/5480/5480 
f 5481/5481/5481 5482/5482/5482 5483/5483/5483 
f 5483/5483/5483 5482/5482/5482 5484/5484/5484 
f 5485/5485/5485 5486/5486/5486 5487/5487/5487 
f 5487/5487/5487 5486/5486/5486 5488/5488/5488 
f 5489/5489/5489 5490/5490/5490 5491/5491/5491 
f 5491/5491/5491 5490/5490/5490 5492/5492/5492 
f 5493/5493/5493 5494/5494/5494 5495/5495/5495 
f 5495/5495/5495 5494/5494/5494 5496/5496/5496 

g Part230

v -41.6104 2.42675 56.6624 
v -41.7547 2.3366 57.0244 
v -41.8572 0.232819 56.0176 
v -42.0015 0.142668 56.3796 
v -42.1253 2.41591 56.8964 
v -41.7547 2.3366 57.0244 
v -41.981 2.50606 56.5344 
v -41.6104 2.42675 56.6624 
v -41.7547 2.3366 57.0244 
v -42.1253 2.41591 56.8964 
v -42.0015 0.142668 56.3796 
v -42.3721 0.221976 56.2517 
v -42.1253 2.41591 56.8964 
v -41.981 2.50606 56.5344 
v -42.3721 0.221976 56.2517 
v -42.2278 0.312127 55.8897 
v -42.2278 0.312127 55.8897 
v -41.8572 0.232819 56.0176 
v -42.3721 0.221976 56.2517 
v -42.0015 0.142668 56.3796 
v -41.981 2.50606 56.5344 
v -41.6104 2.42675 56.6624 
v -42.2278 0.312127 55.8897 
v -41.8572 0.232819 56.0176 

vn 0.929134 -0.19685 0.322835 
vn 0.929134 -0.19685 0.322835 
vn 0.929134 -0.19685 0.322835 
vn 0.929134 -0.19685 0.322835 
vn 0.110236 0.952756 0.283465 
vn 0.110236 0.952756 0.283465 
vn 0.110236 0.952756 0.283465 
vn 0.110236 0.952756 0.283465 
vn -0.362205 -0.228346 0.905512 
vn -0.362205 -0.228346 0.905512 
vn -0.362205 -0.228346 0.905512 
vn -0.362205 -0.228346 0.905512 
vn -0.929134 0.19685 -0.322835 
vn -0.929134 0.19685 -0.322835 
vn -0.929134 0.19685 -0.322835 
vn -0.929134 0.19685 -0.322835 
vn -0.110236 -0.952756 -0.283465 
vn -0.110236 -0.952756 -0.283465 
vn -0.110236 -0.952756 -0.283465 
vn -0.110236 -0.952756 -0.283465 
vn 0.362205 0.228346 -0.905512 
vn 0.362205 0.228346 -0.905512 
vn 0.362205 0.228346 -0.905512 
vn 0.362205 0.228346 -0.905512 

vt 6.8 -4.75 
vt 6.75 -4.75 
vt 6.8 -5.0375 
vt 6.75 -5.0375 
vt 6.8 -4.75 
vt 6.75 -4.75 
vt 6.8 -4.8 
vt 6.75 -4.8 
vt 6.8 -4.75 
vt 6.75 -4.75 
vt 6.8 -5.0375 
vt 6.75 -5.0375 
vt 6.8 -4.75 
vt 6.75 -4.75 
vt 6.8 -5.0375 
vt 6.75 -5.0375 
vt 6.8 -4.75 
vt 6.75 -4.75 
vt 6.8 -4.8 
vt 6.75 -4.8 
vt 6.8 -4.75 
vt 6.75 -4.75 
vt 6.8 -5.0375 
vt 6.75 -5.0375 

usemtl Part116Mtl

f 5497/5497/5497 5498/5498/5498 5499/5499/5499 
f 5499/5499/5499 5498/5498/5498 5500/5500/5500 
f 5501/5501/5501 5502/5502/5502 5503/5503/5503 
f 5503/5503/5503 5502/5502/5502 5504/5504/5504 
f 5505/5505/5505 5506/5506/5506 5507/5507/5507 
f 5507/5507/5507 5506/5506/5506 5508/5508/5508 
f 5509/5509/5509 5510/5510/5510 5511/5511/5511 
f 5511/5511/5511 5510/5510/5510 5512/5512/5512 
f 5513/5513/5513 5514/5514/5514 5515/5515/5515 
f 5515/5515/5515 5514/5514/5514 5516/5516/5516 
f 5517/5517/5517 5518/5518/5518 5519/5519/5519 
f 5519/5519/5519 5518/5518/5518 5520/5520/5520 

g Part231

v -41.1205 1.68726 55.6276 
v -41.3016 1.75254 55.9783 
v -41.5917 0.0549974 55.6882 
v -41.7728 0.120282 56.0388 
v -41.6405 1.84329 55.7863 
v -41.3016 1.75254 55.9783 
v -41.4594 1.778 55.4357 
v -41.1205 1.68726 55.6276 
v -41.3016 1.75254 55.9783 
v -41.6405 1.84329 55.7863 
v -41.7728 0.120282 56.0388 
v -42.1118 0.211027 55.8468 
v -41.6405 1.84329 55.7863 
v -41.4594 1.778 55.4357 
v -42.1118 0.211027 55.8468 
v -41.9307 0.145742 55.4962 
v -41.9307 0.145742 55.4962 
v -41.5917 0.0549974 55.6882 
v -42.1118 0.211027 55.8468 
v -41.7728 0.120282 56.0388 
v -41.4594 1.778 55.4357 
v -41.1205 1.68726 55.6276 
v -41.9307 0.145742 55.4962 
v -41.5917 0.0549974 55.6882 

vn 0.850394 -0.228346 0.480315 
vn 0.850394 -0.228346 0.480315 
vn 0.850394 -0.228346 0.480315 
vn 0.850394 -0.228346 0.480315 
vn 0.275591 0.96063 -0.0393701 
vn 0.275591 0.96063 -0.0393701 
vn 0.275591 0.96063 -0.0393701 
vn 0.275591 0.96063 -0.0393701 
vn -0.448819 0.165354 0.874016 
vn -0.448819 0.165354 0.874016 
vn -0.448819 0.165354 0.874016 
vn -0.448819 0.165354 0.874016 
vn -0.850394 0.228346 -0.480315 
vn -0.850394 0.228346 -0.480315 
vn -0.850394 0.228346 -0.480315 
vn -0.850394 0.228346 -0.480315 
vn -0.275591 -0.96063 0.0393701 
vn -0.275591 -0.96063 0.0393701 
vn -0.275591 -0.96063 0.0393701 
vn -0.275591 -0.96063 0.0393701 
vn 0.448819 -0.165354 -0.874016 
vn 0.448819 -0.165354 -0.874016 
vn 0.448819 -0.165354 -0.874016 
vn 0.448819 -0.165354 -0.874016 

vt 3.3 -0.5 
vt 3.25 -0.5 
vt 3.3 -0.7125 
vt 3.25 -0.7125 
vt 3.3 -0.5 
vt 3.25 -0.5 
vt 3.3 -0.55 
vt 3.25 -0.55 
vt 3.3 -0.5 
vt 3.25 -0.5 
vt 3.3 -0.7125 
vt 3.25 -0.7125 
vt 3.3 -0.5 
vt 3.25 -0.5 
vt 3.3 -0.7125 
vt 3.25 -0.7125 
vt 3.3 -0.5 
vt 3.25 -0.5 
vt 3.3 -0.55 
vt 3.25 -0.55 
vt 3.3 -0.5 
vt 3.25 -0.5 
vt 3.3 -0.7125 
vt 3.25 -0.7125 

usemtl Part117Mtl

f 5521/5521/5521 5522/5522/5522 5523/5523/5523 
f 5523/5523/5523 5522/5522/5522 5524/5524/5524 
f 5525/5525/5525 5526/5526/5526 5527/5527/5527 
f 5527/5527/5527 5526/5526/5526 5528/5528/5528 
f 5529/5529/5529 5530/5530/5530 5531/5531/5531 
f 5531/5531/5531 5530/5530/5530 5532/5532/5532 
f 5533/5533/5533 5534/5534/5534 5535/5535/5535 
f 5535/5535/5535 5534/5534/5534 5536/5536/5536 
f 5537/5537/5537 5538/5538/5538 5539/5539/5539 
f 5539/5539/5539 5538/5538/5538 5540/5540/5540 
f 5541/5541/5541 5542/5542/5542 5543/5543/5543 
f 5543/5543/5543 5542/5542/5542 5544/5544/5544 

g Part232

v -41.2508 1.67534 56.1918 
v -41.4416 1.66268 56.5432 
v -41.7849 0.0990755 55.8451 
v -41.9756 0.0864166 56.1965 
v -41.7699 1.81196 56.3703 
v -41.4416 1.66268 56.5432 
v -41.5792 1.82462 56.0189 
v -41.2508 1.67534 56.1918 
v -41.4416 1.66268 56.5432 
v -41.7699 1.81196 56.3703 
v -41.9756 0.0864166 56.1965 
v -42.304 0.235692 56.0236 
v -41.7699 1.81196 56.3703 
v -41.5792 1.82462 56.0189 
v -42.304 0.235692 56.0236 
v -42.1132 0.248351 55.6722 
v -42.1132 0.248351 55.6722 
v -41.7849 0.0990755 55.8451 
v -42.304 0.235692 56.0236 
v -41.9756 0.0864166 56.1965 
v -41.5792 1.82462 56.0189 
v -41.2508 1.67534 56.1918 
v -42.1132 0.248351 55.6722 
v -41.7849 0.0990755 55.8451 

vn 0.818898 -0.370079 0.433071 
vn 0.818898 -0.370079 0.433071 
vn 0.818898 -0.370079 0.433071 
vn 0.818898 -0.370079 0.433071 
vn 0.314961 0.929134 0.204724 
vn 0.314961 0.929134 0.204724 
vn 0.314961 0.929134 0.204724 
vn 0.314961 0.929134 0.204724 
vn -0.480315 -0.0314961 0.88189 
vn -0.480315 -0.0314961 0.88189 
vn -0.480315 -0.0314961 0.88189 
vn -0.480315 -0.0314961 0.88189 
vn -0.818898 0.370079 -0.433071 
vn -0.818898 0.370079 -0.433071 
vn -0.818898 0.370079 -0.433071 
vn -0.818898 0.370079 -0.433071 
vn -0.314961 -0.929134 -0.204724 
vn -0.314961 -0.929134 -0.204724 
vn -0.314961 -0.929134 -0.204724 
vn -0.314961 -0.929134 -0.204724 
vn 0.480315 0.0314961 -0.88189 
vn 0.480315 0.0314961 -0.88189 
vn 0.480315 0.0314961 -0.88189 
vn 0.480315 0.0314961 -0.88189 

vt 2.55 -6.75 
vt 2.5 -6.75 
vt 2.55 -6.9625 
vt 2.5 -6.9625 
vt 2.55 -6.75 
vt 2.5 -6.75 
vt 2.55 -6.8 
vt 2.5 -6.8 
vt 2.55 -6.75 
vt 2.5 -6.75 
vt 2.55 -6.9625 
vt 2.5 -6.9625 
vt 2.55 -6.75 
vt 2.5 -6.75 
vt 2.55 -6.9625 
vt 2.5 -6.9625 
vt 2.55 -6.75 
vt 2.5 -6.75 
vt 2.55 -6.8 
vt 2.5 -6.8 
vt 2.55 -6.75 
vt 2.5 -6.75 
vt 2.55 -6.9625 
vt 2.5 -6.9625 

usemtl Part118Mtl

f 5545/5545/5545 5546/5546/5546 5547/5547/5547 
f 5547/5547/5547 5546/5546/5546 5548/5548/5548 
f 5549/5549/5549 5550/5550/5550 5551/5551/5551 
f 5551/5551/5551 5550/5550/5550 5552/5552/5552 
f 5553/5553/5553 5554/5554/5554 5555/5555/5555 
f 5555/5555/5555 5554/5554/5554 5556/5556/5556 
f 5557/5557/5557 5558/5558/5558 5559/5559/5559 
f 5559/5559/5559 5558/5558/5558 5560/5560/5560 
f 5561/5561/5561 5562/5562/5562 5563/5563/5563 
f 5563/5563/5563 5562/5562/5562 5564/5564/5564 
f 5565/5565/5565 5566/5566/5566 5567/5567/5567 
f 5567/5567/5567 5566/5566/5566 5568/5568/5568 

g Part233

v -41.948 2.48482 55.7797 
v -41.948 2.48482 56.1797 
v -41.948 0.184824 55.7797 
v -41.948 0.184824 56.1797 
v -42.348 2.48482 56.1797 
v -41.948 2.48482 56.1797 
v -42.348 2.48482 55.7797 
v -41.948 2.48482 55.7797 
v -41.948 2.48482 56.1797 
v -42.348 2.48482 56.1797 
v -41.948 0.184824 56.1797 
v -42.348 0.184824 56.1797 
v -42.348 2.48482 56.1797 
v -42.348 2.48482 55.7797 
v -42.348 0.184824 56.1797 
v -42.348 0.184824 55.7797 
v -42.348 0.184824 55.7797 
v -41.948 0.184824 55.7797 
v -42.348 0.184824 56.1797 
v -41.948 0.184824 56.1797 
v -42.348 2.48482 55.7797 
v -41.948 2.48482 55.7797 
v -42.348 0.184824 55.7797 
v -41.948 0.184824 55.7797 

vn 1 0 0 
vn 1 0 0 
vn 1 0 0 
vn 1 0 0 
vn 0 1 0 
vn 0 1 0 
vn 0 1 0 
vn 0 1 0 
vn 0 0 1 
vn 0 0 1 
vn 0 0 1 
vn 0 0 1 
vn -1 0 0 
vn -1 0 0 
vn -1 0 0 
vn -1 0 0 
vn 0 -1 0 
vn 0 -1 0 
vn 0 -1 0 
vn 0 -1 0 
vn 0 0 -1 
vn 0 0 -1 
vn 0 0 -1 
vn 0 0 -1 

vt 3.3 -2 
vt 3.25 -2 
vt 3.3 -2.2875 
vt 3.25 -2.2875 
vt 3.3 -2 
vt 3.25 -2 
vt 3.3 -2.05 
vt 3.25 -2.05 
vt 3.3 -2 
vt 3.25 -2 
vt 3.3 -2.2875 
vt 3.25 -2.2875 
vt 3.3 -2 
vt 3.25 -2 
vt 3.3 -2.2875 
vt 3.25 -2.2875 
vt 3.3 -2 
vt 3.25 -2 
vt 3.3 -2.05 
vt 3.25 -2.05 
vt 3.3 -2 
vt 3.25 -2 
vt 3.3 -2.2875 
vt 3.25 -2.2875 

usemtl Part118Mtl

f 5569/5569/5569 5570/5570/5570 5571/5571/5571 
f 5571/5571/5571 5570/5570/5570 5572/5572/5572 
f 5573/5573/5573 5574/5574/5574 5575/5575/5575 
f 5575/5575/5575 5574/5574/5574 5576/5576/5576 
f 5577/5577/5577 5578/5578/5578 5579/5579/5579 
f 5579/5579/5579 5578/5578/5578 5580/5580/5580 
f 5581/5581/5581 5582/5582/5582 5583/5583/5583 
f 5583/5583/5583 5582/5582/5582 5584/5584/5584 
f 5585/5585/5585 5586/5586/5586 5587/5587/5587 
f 5587/5587/5587 5586/5586/5586 5588/5588/5588 
f 5589/5589/5589 5590/5590/5590 5591/5591/5591 
f 5591/5591/5591 5590/5590/5590 5592/5592/5592 

g Part234

v -97.7984 1.70187 12.0276 
v -97.4477 1.76715 12.2087 
v -97.7378 0.0696077 12.4989 
v -97.3872 0.134892 12.68 
v -97.6397 1.8579 12.5477 
v -97.4477 1.76715 12.2087 
v -97.9904 1.79261 12.3666 
v -97.7984 1.70187 12.0276 
v -97.4477 1.76715 12.2087 
v -97.6397 1.8579 12.5477 
v -97.3872 0.134892 12.68 
v -97.5792 0.225637 13.0189 
v -97.6397 1.8579 12.5477 
v -97.9904 1.79261 12.3666 
v -97.5792 0.225637 13.0189 
v -97.9298 0.160352 12.8378 
v -97.9298 0.160352 12.8378 
v -97.7378 0.0696077 12.4989 
v -97.5792 0.225637 13.0189 
v -97.3872 0.134892 12.68 
v -97.9904 1.79261 12.3666 
v -97.7984 1.70187 12.0276 
v -97.9298 0.160352 12.8378 
v -97.7378 0.0696077 12.4989 

vn 0.480315 -0.228346 -0.850394 
vn 0.480315 -0.228346 -0.850394 
vn 0.480315 -0.228346 -0.850394 
vn 0.480315 -0.228346 -0.850394 
vn -0.0393701 0.96063 -0.275591 
vn -0.0393701 0.96063 -0.275591 
vn -0.0393701 0.96063 -0.275591 
vn -0.0393701 0.96063 -0.275591 
vn 0.874016 0.165354 0.448819 
vn 0.874016 0.165354 0.448819 
vn 0.874016 0.165354 0.448819 
vn 0.874016 0.165354 0.448819 
vn -0.480315 0.228346 0.850394 
vn -0.480315 0.228346 0.850394 
vn -0.480315 0.228346 0.850394 
vn -0.480315 0.228346 0.850394 
vn 0.0393701 -0.96063 0.275591 
vn 0.0393701 -0.96063 0.275591 
vn 0.0393701 -0.96063 0.275591 
vn 0.0393701 -0.96063 0.275591 
vn -0.874016 -0.165354 -0.448819 
vn -0.874016 -0.165354 -0.448819 
vn -0.874016 -0.165354 -0.448819 
vn -0.874016 -0.165354 -0.448819 

vt 1.8 -0.75 
vt 1.75 -0.75 
vt 1.8 -0.9625 
vt 1.75 -0.9625 
vt 1.8 -0.75 
vt 1.75 -0.75 
vt 1.8 -0.8 
vt 1.75 -0.8 
vt 1.8 -0.75 
vt 1.75 -0.75 
vt 1.8 -0.9625 
vt 1.75 -0.9625 
vt 1.8 -0.75 
vt 1.75 -0.75 
vt 1.8 -0.9625 
vt 1.75 -0.9625 
vt 1.8 -0.75 
vt 1.75 -0.75 
vt 1.8 -0.8 
vt 1.75 -0.8 
vt 1.8 -0.75 
vt 1.75 -0.75 
vt 1.8 -0.9625 
vt 1.75 -0.9625 

usemtl Part118Mtl

f 5593/5593/5593 5594/5594/5594 5595/5595/5595 
f 5595/5595/5595 5594/5594/5594 5596/5596/5596 
f 5597/5597/5597 5598/5598/5598 5599/5599/5599 
f 5599/5599/5599 5598/5598/5598 5600/5600/5600 
f 5601/5601/5601 5602/5602/5602 5603/5603/5603 
f 5603/5603/5603 5602/5602/5602 5604/5604/5604 
f 5605/5605/5605 5606/5606/5606 5607/5607/5607 
f 5607/5607/5607 5606/5606/5606 5608/5608/5608 
f 5609/5609/5609 5610/5610/5610 5611/5611/5611 
f 5611/5611/5611 5610/5610/5610 5612/5612/5612 
f 5613/5613/5613 5614/5614/5614 5615/5615/5615 
f 5615/5615/5615 5614/5614/5614 5616/5616/5616 

g Part235

v -97.1599 1.64392 11.9429 
v -96.8085 1.63126 12.1337 
v -97.5066 0.0676541 12.477 
v -97.1552 0.0549952 12.6677 
v -96.9814 1.78054 12.462 
v -96.8085 1.63126 12.1337 
v -97.3328 1.7932 12.2713 
v -97.1599 1.64392 11.9429 
v -96.8085 1.63126 12.1337 
v -96.9814 1.78054 12.462 
v -97.1552 0.0549952 12.6677 
v -97.3281 0.204271 12.9961 
v -96.9814 1.78054 12.462 
v -97.3328 1.7932 12.2713 
v -97.3281 0.204271 12.9961 
v -97.6795 0.21693 12.8053 
v -97.6795 0.21693 12.8053 
v -97.5066 0.0676541 12.477 
v -97.3281 0.204271 12.9961 
v -97.1552 0.0549952 12.6677 
v -97.3328 1.7932 12.2713 
v -97.1599 1.64392 11.9429 
v -97.6795 0.21693 12.8053 
v -97.5066 0.0676541 12.477 

vn 0.433071 -0.370079 -0.818898 
vn 0.433071 -0.370079 -0.818898 
vn 0.433071 -0.370079 -0.818898 
vn 0.433071 -0.370079 -0.818898 
vn 0.204724 0.929134 -0.314961 
vn 0.204724 0.929134 -0.314961 
vn 0.204724 0.929134 -0.314961 
vn 0.204724 0.929134 -0.314961 
vn 0.88189 -0.0314961 0.480315 
vn 0.88189 -0.0314961 0.480315 
vn 0.88189 -0.0314961 0.480315 
vn 0.88189 -0.0314961 0.480315 
vn -0.433071 0.370079 0.818898 
vn -0.433071 0.370079 0.818898 
vn -0.433071 0.370079 0.818898 
vn -0.433071 0.370079 0.818898 
vn -0.204724 -0.929134 0.314961 
vn -0.204724 -0.929134 0.314961 
vn -0.204724 -0.929134 0.314961 
vn -0.204724 -0.929134 0.314961 
vn -0.88189 0.0314961 -0.480315 
vn -0.88189 0.0314961 -0.480315 
vn -0.88189 0.0314961 -0.480315 
vn -0.88189 0.0314961 -0.480315 

vt 1.55 0.5 
vt 1.5 0.5 
vt 1.55 0.2875 
vt 1.5 0.2875 
vt 1.55 0.5 
vt 1.5 0.5 
vt 1.55 0.45 
vt 1.5 0.45 
vt 1.55 0.5 
vt 1.5 0.5 
vt 1.55 0.2875 
vt 1.5 0.2875 
vt 1.55 0.5 
vt 1.5 0.5 
vt 1.55 0.2875 
vt 1.5 0.2875 
vt 1.55 0.5 
vt 1.5 0.5 
vt 1.55 0.45 
vt 1.5 0.45 
vt 1.55 0.5 
vt 1.5 0.5 
vt 1.55 0.2875 
vt 1.5 0.2875 

usemtl Part118Mtl

f 5617/5617/5617 5618/5618/5618 5619/5619/5619 
f 5619/5619/5619 5618/5618/5618 5620/5620/5620 
f 5621/5621/5621 5622/5622/5622 5623/5623/5623 
f 5623/5623/5623 5622/5622/5622 5624/5624/5624 
f 5625/5625/5625 5626/5626/5626 5627/5627/5627 
f 5627/5627/5627 5626/5626/5626 5628/5628/5628 
f 5629/5629/5629 5630/5630/5630 5631/5631/5631 
f 5631/5631/5631 5630/5630/5630 5632/5632/5632 
f 5633/5633/5633 5634/5634/5634 5635/5635/5635 
f 5635/5635/5635 5634/5634/5634 5636/5636/5636 
f 5637/5637/5637 5638/5638/5638 5639/5639/5639 
f 5639/5639/5639 5638/5638/5638 5640/5640/5640 

g Part236

v -97.572 2.4534 12.6401 
v -97.172 2.4534 12.6401 
v -97.572 0.153405 12.6401 
v -97.172 0.153405 12.6401 
v -97.172 2.4534 13.0401 
v -97.172 2.4534 12.6401 
v -97.572 2.4534 13.0401 
v -97.572 2.4534 12.6401 
v -97.172 2.4534 12.6401 
v -97.172 2.4534 13.0401 
v -97.172 0.153405 12.6401 
v -97.172 0.153405 13.0401 
v -97.172 2.4534 13.0401 
v -97.572 2.4534 13.0401 
v -97.172 0.153405 13.0401 
v -97.572 0.153405 13.0401 
v -97.572 0.153405 13.0401 
v -97.572 0.153405 12.6401 
v -97.172 0.153405 13.0401 
v -97.172 0.153405 12.6401 
v -97.572 2.4534 13.0401 
v -97.572 2.4534 12.6401 
v -97.572 0.153405 13.0401 
v -97.572 0.153405 12.6401 

vn 0 0 -1 
vn 0 0 -1 
vn 0 0 -1 
vn 0 0 -1 
vn 0 1 0 
vn 0 1 0 
vn 0 1 0 
vn 0 1 0 
vn 1 0 0 
vn 1 0 0 
vn 1 0 0 
vn 1 0 0 
vn 0 0 1 
vn 0 0 1 
vn 0 0 1 
vn 0 0 1 
vn 0 -1 0 
vn 0 -1 0 
vn 0 -1 0 
vn 0 -1 0 
vn -1 0 0 
vn -1 0 0 
vn -1 0 0 
vn -1 0 0 

vt 6.8 0 
vt 6.75 0 
vt 6.8 -0.2875 
vt 6.75 -0.2875 
vt 6.8 0 
vt 6.75 0 
vt 6.8 -0.05 
vt 6.75 -0.05 
vt 6.8 0 
vt 6.75 0 
vt 6.8 -0.2875 
vt 6.75 -0.2875 
vt 6.8 0 
vt 6.75 0 
vt 6.8 -0.2875 
vt 6.75 -0.2875 
vt 6.8 0 
vt 6.75 0 
vt 6.8 -0.05 
vt 6.75 -0.05 
vt 6.8 0 
vt 6.75 0 
vt 6.8 -0.2875 
vt 6.75 -0.2875 

usemtl Part122Mtl

f 5641/5641/5641 5642/5642/5642 5643/5643/5643 
f 5643/5643/5643 5642/5642/5642 5644/5644/5644 
f 5645/5645/5645 5646/5646/5646 5647/5647/5647 
f 5647/5647/5647 5646/5646/5646 5648/5648/5648 
f 5649/5649/5649 5650/5650/5650 5651/5651/5651 
f 5651/5651/5651 5650/5650/5650 5652/5652/5652 
f 5653/5653/5653 5654/5654/5654 5655/5655/5655 
f 5655/5655/5655 5654/5654/5654 5656/5656/5656 
f 5657/5657/5657 5658/5658/5658 5659/5659/5659 
f 5659/5659/5659 5658/5658/5658 5660/5660/5660 
f 5661/5661/5661 5662/5662/5662 5663/5663/5663 
f 5663/5663/5663 5662/5662/5662 5664/5664/5664 

g Part237

v -97.8194 1.7729 14.7432 
v -97.5183 1.77135 14.4799 
v -98.277 0.218519 14.2288 
v -97.9758 0.216969 13.9656 
v -97.278 1.60938 14.7557 
v -97.5183 1.77135 14.4799 
v -97.5792 1.61093 15.0189 
v -97.8194 1.7729 14.7432 
v -97.5183 1.77135 14.4799 
v -97.278 1.60938 14.7557 
v -97.9758 0.216969 13.9656 
v -97.7356 0.0549983 14.2414 
v -97.278 1.60938 14.7557 
v -97.5792 1.61093 15.0189 
v -97.7356 0.0549983 14.2414 
v -98.0368 0.0565485 14.5046 
v -98.0368 0.0565485 14.5046 
v -98.277 0.218519 14.2288 
v -97.7356 0.0549983 14.2414 
v -97.9758 0.216969 13.9656 
v -97.5792 1.61093 15.0189 
v -97.8194 1.7729 14.7432 
v -98.0368 0.0565485 14.5046 
v -98.277 0.218519 14.2288 

vn -0.598425 0.401575 -0.692913 
vn -0.598425 0.401575 -0.692913 
vn -0.598425 0.401575 -0.692913 
vn -0.598425 0.401575 -0.692913 
vn 0.267717 0.913386 0.299213 
vn 0.267717 0.913386 0.299213 
vn 0.267717 0.913386 0.299213 
vn 0.267717 0.913386 0.299213 
vn 0.755906 0 -0.661417 
vn 0.755906 0 -0.661417 
vn 0.755906 0 -0.661417 
vn 0.755906 0 -0.661417 
vn 0.598425 -0.401575 0.692913 
vn 0.598425 -0.401575 0.692913 
vn 0.598425 -0.401575 0.692913 
vn 0.598425 -0.401575 0.692913 
vn -0.267717 -0.913386 -0.299213 
vn -0.267717 -0.913386 -0.299213 
vn -0.267717 -0.913386 -0.299213 
vn -0.267717 -0.913386 -0.299213 
vn -0.755906 0 0.661417 
vn -0.755906 0 0.661417 
vn -0.755906 0 0.661417 
vn -0.755906 0 0.661417 

vt 7.55 -1 
vt 7.5 -1 
vt 7.55 -1.2125 
vt 7.5 -1.2125 
vt 7.55 -1 
vt 7.5 -1 
vt 7.55 -1.05 
vt 7.5 -1.05 
vt 7.55 -1 
vt 7.5 -1 
vt 7.55 -1.2125 
vt 7.5 -1.2125 
vt 7.55 -1 
vt 7.5 -1 
vt 7.55 -1.2125 
vt 7.5 -1.2125 
vt 7.55 -1 
vt 7.5 -1 
vt 7.55 -1.05 
vt 7.5 -1.05 
vt 7.55 -1 
vt 7.5 -1 
vt 7.55 -1.2125 
vt 7.5 -1.2125 

usemtl Part123Mtl

f 5665/5665/5665 5666/5666/5666 5667/5667/5667 
f 5667/5667/5667 5666/5666/5666 5668/5668/5668 
f 5669/5669/5669 5670/5670/5670 5671/5671/5671 
f 5671/5671/5671 5670/5670/5670 5672/5672/5672 
f 5673/5673/5673 5674/5674/5674 5675/5675/5675 
f 5675/5675/5675 5674/5674/5674 5676/5676/5676 
f 5677/5677/5677 5678/5678/5678 5679/5679/5679 
f 5679/5679/5679 5678/5678/5678 5680/5680/5680 
f 5681/5681/5681 5682/5682/5682 5683/5683/5683 
f 5683/5683/5683 5682/5682/5682 5684/5684/5684 
f 5685/5685/5685 5686/5686/5686 5687/5687/5687 
f 5687/5687/5687 5686/5686/5686 5688/5688/5688 

g Part238

v -98.6105 1.7967 13.6653 
v -98.2598 1.86199 13.8464 
v -98.5499 0.164443 14.1366 
v -98.1993 0.229728 14.3176 
v -98.4518 1.95273 14.1854 
v -98.2598 1.86199 13.8464 
v -98.8025 1.88745 14.0043 
v -98.6105 1.7967 13.6653 
v -98.2598 1.86199 13.8464 
v -98.4518 1.95273 14.1854 
v -98.1993 0.229728 14.3176 
v -98.3913 0.320472 14.6566 
v -98.4518 1.95273 14.1854 
v -98.8025 1.88745 14.0043 
v -98.3913 0.320472 14.6566 
v -98.7419 0.255187 14.4755 
v -98.7419 0.255187 14.4755 
v -98.5499 0.164443 14.1366 
v -98.3913 0.320472 14.6566 
v -98.1993 0.229728 14.3176 
v -98.8025 1.88745 14.0043 
v -98.6105 1.7967 13.6653 
v -98.7419 0.255187 14.4755 
v -98.5499 0.164443 14.1366 

vn 0.480315 -0.228346 -0.850394 
vn 0.480315 -0.228346 -0.850394 
vn 0.480315 -0.228346 -0.850394 
vn 0.480315 -0.228346 -0.850394 
vn -0.0393701 0.96063 -0.275591 
vn -0.0393701 0.96063 -0.275591 
vn -0.0393701 0.96063 -0.275591 
vn -0.0393701 0.96063 -0.275591 
vn 0.874016 0.165354 0.448819 
vn 0.874016 0.165354 0.448819 
vn 0.874016 0.165354 0.448819 
vn 0.874016 0.165354 0.448819 
vn -0.480315 0.228346 0.850394 
vn -0.480315 0.228346 0.850394 
vn -0.480315 0.228346 0.850394 
vn -0.480315 0.228346 0.850394 
vn 0.0393701 -0.96063 0.275591 
vn 0.0393701 -0.96063 0.275591 
vn 0.0393701 -0.96063 0.275591 
vn 0.0393701 -0.96063 0.275591 
vn -0.874016 -0.165354 -0.448819 
vn -0.874016 -0.165354 -0.448819 
vn -0.874016 -0.165354 -0.448819 
vn -0.874016 -0.165354 -0.448819 

vt 0.55 1 
vt 0.5 1 
vt 0.55 0.7875 
vt 0.5 0.7875 
vt 0.55 1 
vt 0.5 1 
vt 0.55 0.95 
vt 0.5 0.95 
vt 0.55 1 
vt 0.5 1 
vt 0.55 0.7875 
vt 0.5 0.7875 
vt 0.55 1 
vt 0.5 1 
vt 0.55 0.7875 
vt 0.5 0.7875 
vt 0.55 1 
vt 0.5 1 
vt 0.55 0.95 
vt 0.5 0.95 
vt 0.55 1 
vt 0.5 1 
vt 0.55 0.7875 
vt 0.5 0.7875 

usemtl Part118Mtl

f 5689/5689/5689 5690/5690/5690 5691/5691/5691 
f 5691/5691/5691 5690/5690/5690 5692/5692/5692 
f 5693/5693/5693 5694/5694/5694 5695/5695/5695 
f 5695/5695/5695 5694/5694/5694 5696/5696/5696 
f 5697/5697/5697 5698/5698/5698 5699/5699/5699 
f 5699/5699/5699 5698/5698/5698 5700/5700/5700 
f 5701/5701/5701 5702/5702/5702 5703/5703/5703 
f 5703/5703/5703 5702/5702/5702 5704/5704/5704 
f 5705/5705/5705 5706/5706/5706 5707/5707/5707 
f 5707/5707/5707 5706/5706/5706 5708/5708/5708 
f 5709/5709/5709 5710/5710/5710 5711/5711/5711 
f 5711/5711/5711 5710/5710/5710 5712/5712/5712 

g Part239

v -97.972 1.73876 13.5806 
v -97.6207 1.7261 13.7714 
v -98.3187 0.162495 14.1146 
v -97.9674 0.149836 14.3054 
v -97.7935 1.87538 14.0997 
v -97.6207 1.7261 13.7714 
v -98.1449 1.88804 13.909 
v -97.972 1.73876 13.5806 
v -97.6207 1.7261 13.7714 
v -97.7935 1.87538 14.0997 
v -97.9674 0.149836 14.3054 
v -98.1402 0.299112 14.6338 
v -97.7935 1.87538 14.0997 
v -98.1449 1.88804 13.909 
v -98.1402 0.299112 14.6338 
v -98.4916 0.311771 14.443 
v -98.4916 0.311771 14.443 
v -98.3187 0.162495 14.1146 
v -98.1402 0.299112 14.6338 
v -97.9674 0.149836 14.3054 
v -98.1449 1.88804 13.909 
v -97.972 1.73876 13.5806 
v -98.4916 0.311771 14.443 
v -98.3187 0.162495 14.1146 

vn 0.433071 -0.370079 -0.818898 
vn 0.433071 -0.370079 -0.818898 
vn 0.433071 -0.370079 -0.818898 
vn 0.433071 -0.370079 -0.818898 
vn 0.204724 0.929134 -0.314961 
vn 0.204724 0.929134 -0.314961 
vn 0.204724 0.929134 -0.314961 
vn 0.204724 0.929134 -0.314961 
vn 0.88189 -0.0314961 0.480315 
vn 0.88189 -0.0314961 0.480315 
vn 0.88189 -0.0314961 0.480315 
vn 0.88189 -0.0314961 0.480315 
vn -0.433071 0.370079 0.818898 
vn -0.433071 0.370079 0.818898 
vn -0.433071 0.370079 0.818898 
vn -0.433071 0.370079 0.818898 
vn -0.204724 -0.929134 0.314961 
vn -0.204724 -0.929134 0.314961 
vn -0.204724 -0.929134 0.314961 
vn -0.204724 -0.929134 0.314961 
vn -0.88189 0.0314961 -0.480315 
vn -0.88189 0.0314961 -0.480315 
vn -0.88189 0.0314961 -0.480315 
vn -0.88189 0.0314961 -0.480315 

vt 6.3 -3 
vt 6.25 -3 
vt 6.3 -3.2125 
vt 6.25 -3.2125 
vt 6.3 -3 
vt 6.25 -3 
vt 6.3 -3.05 
vt 6.25 -3.05 
vt 6.3 -3 
vt 6.25 -3 
vt 6.3 -3.2125 
vt 6.25 -3.2125 
vt 6.3 -3 
vt 6.25 -3 
vt 6.3 -3.2125 
vt 6.25 -3.2125 
vt 6.3 -3 
vt 6.25 -3 
vt 6.3 -3.05 
vt 6.25 -3.05 
vt 6.3 -3 
vt 6.25 -3 
vt 6.3 -3.2125 
vt 6.25 -3.2125 

usemtl Part118Mtl

f 5713/5713/5713 5714/5714/5714 5715/5715/5715 
f 5715/5715/5715 5714/5714/5714 5716/5716/5716 
f 5717/5717/5717 5718/5718/5718 5719/5719/5719 
f 5719/5719/5719 5718/5718/5718 5720/5720/5720 
f 5721/5721/5721 5722/5722/5722 5723/5723/5723 
f 5723/5723/5723 5722/5722/5722 5724/5724/5724 
f 5725/5725/5725 5726/5726/5726 5727/5727/5727 
f 5727/5727/5727 5726/5726/5726 5728/5728/5728 
f 5729/5729/5729 5730/5730/5730 5731/5731/5731 
f 5731/5731/5731 5730/5730/5730 5732/5732/5732 
f 5733/5733/5733 5734/5734/5734 5735/5735/5735 
f 5735/5735/5735 5734/5734/5734 5736/5736/5736 

g Part240

v -98.3841 2.54824 14.2778 
v -97.9841 2.54824 14.2778 
v -98.3841 0.248242 14.2778 
v -97.9841 0.248242 14.2778 
v -97.9841 2.54824 14.6778 
v -97.9841 2.54824 14.2778 
v -98.3841 2.54824 14.6778 
v -98.3841 2.54824 14.2778 
v -97.9841 2.54824 14.2778 
v -97.9841 2.54824 14.6778 
v -97.9841 0.248242 14.2778 
v -97.9841 0.248242 14.6778 
v -97.9841 2.54824 14.6778 
v -98.3841 2.54824 14.6778 
v -97.9841 0.248242 14.6778 
v -98.3841 0.248242 14.6778 
v -98.3841 0.248242 14.6778 
v -98.3841 0.248242 14.2778 
v -97.9841 0.248242 14.6778 
v -97.9841 0.248242 14.2778 
v -98.3841 2.54824 14.6778 
v -98.3841 2.54824 14.2778 
v -98.3841 0.248242 14.6778 
v -98.3841 0.248242 14.2778 

vn 0 0 -1 
vn 0 0 -1 
vn 0 0 -1 
vn 0 0 -1 
vn 0 1 0 
vn 0 1 0 
vn 0 1 0 
vn 0 1 0 
vn 1 0 0 
vn 1 0 0 
vn 1 0 0 
vn 1 0 0 
vn 0 0 1 
vn 0 0 1 
vn 0 0 1 
vn 0 0 1 
vn 0 -1 0 
vn 0 -1 0 
vn 0 -1 0 
vn 0 -1 0 
vn -1 0 0 
vn -1 0 0 
vn -1 0 0 
vn -1 0 0 

vt 6.05 -1 
vt 6 -1 
vt 6.05 -1.2875 
vt 6 -1.2875 
vt 6.05 -1 
vt 6 -1 
vt 6.05 -1.05 
vt 6 -1.05 
vt 6.05 -1 
vt 6 -1 
vt 6.05 -1.2875 
vt 6 -1.2875 
vt 6.05 -1 
vt 6 -1 
vt 6.05 -1.2875 
vt 6 -1.2875 
vt 6.05 -1 
vt 6 -1 
vt 6.05 -1.05 
vt 6 -1.05 
vt 6.05 -1 
vt 6 -1 
vt 6.05 -1.2875 
vt 6 -1.2875 

usemtl Part118Mtl

f 5737/5737/5737 5738/5738/5738 5739/5739/5739 
f 5739/5739/5739 5738/5738/5738 5740/5740/5740 
f 5741/5741/5741 5742/5742/5742 5743/5743/5743 
f 5743/5743/5743 5742/5742/5742 5744/5744/5744 
f 5745/5745/5745 5746/5746/5746 5747/5747/5747 
f 5747/5747/5747 5746/5746/5746 5748/5748/5748 
f 5749/5749/5749 5750/5750/5750 5751/5751/5751 
f 5751/5751/5751 5750/5750/5750 5752/5752/5752 
f 5753/5753/5753 5754/5754/5754 5755/5755/5755 
f 5755/5755/5755 5754/5754/5754 5756/5756/5756 
f 5757/5757/5757 5758/5758/5758 5759/5759/5759 
f 5759/5759/5759 5758/5758/5758 5760/5760/5760 

g Part241

v -91.7984 1.70187 -49.9724 
v -91.4477 1.76715 -49.7913 
v -91.7378 0.0696077 -49.5011 
v -91.3872 0.134892 -49.32 
v -91.6397 1.8579 -49.4523 
v -91.4477 1.76715 -49.7913 
v -91.9904 1.79261 -49.6334 
v -91.7984 1.70187 -49.9724 
v -91.4477 1.76715 -49.7913 
v -91.6397 1.8579 -49.4523 
v -91.3872 0.134892 -49.32 
v -91.5792 0.225637 -48.9811 
v -91.6397 1.8579 -49.4523 
v -91.9904 1.79261 -49.6334 
v -91.5792 0.225637 -48.9811 
v -91.9298 0.160352 -49.1622 
v -91.9298 0.160352 -49.1622 
v -91.7378 0.0696077 -49.5011 
v -91.5792 0.225637 -48.9811 
v -91.3872 0.134892 -49.32 
v -91.9904 1.79261 -49.6334 
v -91.7984 1.70187 -49.9724 
v -91.9298 0.160352 -49.1622 
v -91.7378 0.0696077 -49.5011 

vn 0.480315 -0.228346 -0.850394 
vn 0.480315 -0.228346 -0.850394 
vn 0.480315 -0.228346 -0.850394 
vn 0.480315 -0.228346 -0.850394 
vn -0.0393701 0.96063 -0.275591 
vn -0.0393701 0.96063 -0.275591 
vn -0.0393701 0.96063 -0.275591 
vn -0.0393701 0.96063 -0.275591 
vn 0.874016 0.165354 0.448819 
vn 0.874016 0.165354 0.448819 
vn 0.874016 0.165354 0.448819 
vn 0.874016 0.165354 0.448819 
vn -0.480315 0.228346 0.850394 
vn -0.480315 0.228346 0.850394 
vn -0.480315 0.228346 0.850394 
vn -0.480315 0.228346 0.850394 
vn 0.0393701 -0.96063 0.275591 
vn 0.0393701 -0.96063 0.275591 
vn 0.0393701 -0.96063 0.275591 
vn 0.0393701 -0.96063 0.275591 
vn -0.874016 -0.165354 -0.448819 
vn -0.874016 -0.165354 -0.448819 
vn -0.874016 -0.165354 -0.448819 
vn -0.874016 -0.165354 -0.448819 

vt 3.05 -1.5 
vt 3 -1.5 
vt 3.05 -1.7125 
vt 3 -1.7125 
vt 3.05 -1.5 
vt 3 -1.5 
vt 3.05 -1.55 
vt 3 -1.55 
vt 3.05 -1.5 
vt 3 -1.5 
vt 3.05 -1.7125 
vt 3 -1.7125 
vt 3.05 -1.5 
vt 3 -1.5 
vt 3.05 -1.7125 
vt 3 -1.7125 
vt 3.05 -1.5 
vt 3 -1.5 
vt 3.05 -1.55 
vt 3 -1.55 
vt 3.05 -1.5 
vt 3 -1.5 
vt 3.05 -1.7125 
vt 3 -1.7125 

usemtl Part118Mtl

f 5761/5761/5761 5762/5762/5762 5763/5763/5763 
f 5763/5763/5763 5762/5762/5762 5764/5764/5764 
f 5765/5765/5765 5766/5766/5766 5767/5767/5767 
f 5767/5767/5767 5766/5766/5766 5768/5768/5768 
f 5769/5769/5769 5770/5770/5770 5771/5771/5771 
f 5771/5771/5771 5770/5770/5770 5772/5772/5772 
f 5773/5773/5773 5774/5774/5774 5775/5775/5775 
f 5775/5775/5775 5774/5774/5774 5776/5776/5776 
f 5777/5777/5777 5778/5778/5778 5779/5779/5779 
f 5779/5779/5779 5778/5778/5778 5780/5780/5780 
f 5781/5781/5781 5782/5782/5782 5783/5783/5783 
f 5783/5783/5783 5782/5782/5782 5784/5784/5784 

g Part242

v -91.1599 1.64392 -50.0571 
v -90.8085 1.63126 -49.8663 
v -91.5066 0.0676541 -49.523 
v -91.1552 0.0549952 -49.3323 
v -90.9814 1.78054 -49.538 
v -90.8085 1.63126 -49.8663 
v -91.3328 1.7932 -49.7287 
v -91.1599 1.64392 -50.0571 
v -90.8085 1.63126 -49.8663 
v -90.9814 1.78054 -49.538 
v -91.1552 0.0549952 -49.3323 
v -91.3281 0.204271 -49.0039 
v -90.9814 1.78054 -49.538 
v -91.3328 1.7932 -49.7287 
v -91.3281 0.204271 -49.0039 
v -91.6795 0.21693 -49.1947 
v -91.6795 0.21693 -49.1947 
v -91.5066 0.0676541 -49.523 
v -91.3281 0.204271 -49.0039 
v -91.1552 0.0549952 -49.3323 
v -91.3328 1.7932 -49.7287 
v -91.1599 1.64392 -50.0571 
v -91.6795 0.21693 -49.1947 
v -91.5066 0.0676541 -49.523 

vn 0.433071 -0.370079 -0.818898 
vn 0.433071 -0.370079 -0.818898 
vn 0.433071 -0.370079 -0.818898 
vn 0.433071 -0.370079 -0.818898 
vn 0.204724 0.929134 -0.314961 
vn 0.204724 0.929134 -0.314961 
vn 0.204724 0.929134 -0.314961 
vn 0.204724 0.929134 -0.314961 
vn 0.88189 -0.0314961 0.480315 
vn 0.88189 -0.0314961 0.480315 
vn 0.88189 -0.0314961 0.480315 
vn 0.88189 -0.0314961 0.480315 
vn -0.433071 0.370079 0.818898 
vn -0.433071 0.370079 0.818898 
vn -0.433071 0.370079 0.818898 
vn -0.433071 0.370079 0.818898 
vn -0.204724 -0.929134 0.314961 
vn -0.204724 -0.929134 0.314961 
vn -0.204724 -0.929134 0.314961 
vn -0.204724 -0.929134 0.314961 
vn -0.88189 0.0314961 -0.480315 
vn -0.88189 0.0314961 -0.480315 
vn -0.88189 0.0314961 -0.480315 
vn -0.88189 0.0314961 -0.480315 

vt 7.8 -1 
vt 7.75 -1 
vt 7.8 -1.2125 
vt 7.75 -1.2125 
vt 7.8 -1 
vt 7.75 -1 
vt 7.8 -1.05 
vt 7.75 -1.05 
vt 7.8 -1 
vt 7.75 -1 
vt 7.8 -1.2125 
vt 7.75 -1.2125 
vt 7.8 -1 
vt 7.75 -1 
vt 7.8 -1.2125 
vt 7.75 -1.2125 
vt 7.8 -1 
vt 7.75 -1 
vt 7.8 -1.05 
vt 7.75 -1.05 
vt 7.8 -1 
vt 7.75 -1 
vt 7.8 -1.2125 
vt 7.75 -1.2125 

usemtl Part118Mtl

f 5785/5785/5785 5786/5786/5786 5787/5787/5787 
f 5787/5787/5787 5786/5786/5786 5788/5788/5788 
f 5789/5789/5789 5790/5790/5790 5791/5791/5791 
f 5791/5791/5791 5790/5790/5790 5792/5792/5792 
f 5793/5793/5793 5794/5794/5794 5795/5795/5795 
f 5795/5795/5795 5794/5794/5794 5796/5796/5796 
f 5797/5797/5797 5798/5798/5798 5799/5799/5799 
f 5799/5799/5799 5798/5798/5798 5800/5800/5800 
f 5801/5801/5801 5802/5802/5802 5803/5803/5803 
f 5803/5803/5803 5802/5802/5802 5804/5804/5804 
f 5805/5805/5805 5806/5806/5806 5807/5807/5807 
f 5807/5807/5807 5806/5806/5806 5808/5808/5808 

g Part243

v -91.572 2.4534 -49.3599 
v -91.172 2.4534 -49.3599 
v -91.572 0.153405 -49.3599 
v -91.172 0.153405 -49.3599 
v -91.172 2.4534 -48.9599 
v -91.172 2.4534 -49.3599 
v -91.572 2.4534 -48.9599 
v -91.572 2.4534 -49.3599 
v -91.172 2.4534 -49.3599 
v -91.172 2.4534 -48.9599 
v -91.172 0.153405 -49.3599 
v -91.172 0.153405 -48.9599 
v -91.172 2.4534 -48.9599 
v -91.572 2.4534 -48.9599 
v -91.172 0.153405 -48.9599 
v -91.572 0.153405 -48.9599 
v -91.572 0.153405 -48.9599 
v -91.572 0.153405 -49.3599 
v -91.172 0.153405 -48.9599 
v -91.172 0.153405 -49.3599 
v -91.572 2.4534 -48.9599 
v -91.572 2.4534 -49.3599 
v -91.572 0.153405 -48.9599 
v -91.572 0.153405 -49.3599 

vn 0 0 -1 
vn 0 0 -1 
vn 0 0 -1 
vn 0 0 -1 
vn 0 1 0 
vn 0 1 0 
vn 0 1 0 
vn 0 1 0 
vn 1 0 0 
vn 1 0 0 
vn 1 0 0 
vn 1 0 0 
vn 0 0 1 
vn 0 0 1 
vn 0 0 1 
vn 0 0 1 
vn 0 -1 0 
vn 0 -1 0 
vn 0 -1 0 
vn 0 -1 0 
vn -1 0 0 
vn -1 0 0 
vn -1 0 0 
vn -1 0 0 

vt 3.3 -5.75 
vt 3.25 -5.75 
vt 3.3 -6.0375 
vt 3.25 -6.0375 
vt 3.3 -5.75 
vt 3.25 -5.75 
vt 3.3 -5.8 
vt 3.25 -5.8 
vt 3.3 -5.75 
vt 3.25 -5.75 
vt 3.3 -6.0375 
vt 3.25 -6.0375 
vt 3.3 -5.75 
vt 3.25 -5.75 
vt 3.3 -6.0375 
vt 3.25 -6.0375 
vt 3.3 -5.75 
vt 3.25 -5.75 
vt 3.3 -5.8 
vt 3.25 -5.8 
vt 3.3 -5.75 
vt 3.25 -5.75 
vt 3.3 -6.0375 
vt 3.25 -6.0375 

usemtl Part122Mtl

f 5809/5809/5809 5810/5810/5810 5811/5811/5811 
f 5811/5811/5811 5810/5810/5810 5812/5812/5812 
f 5813/5813/5813 5814/5814/5814 5815/5815/5815 
f 5815/5815/5815 5814/5814/5814 5816/5816/5816 
f 5817/5817/5817 5818/5818/5818 5819/5819/5819 
f 5819/5819/5819 5818/5818/5818 5820/5820/5820 
f 5821/5821/5821 5822/5822/5822 5823/5823/5823 
f 5823/5823/5823 5822/5822/5822 5824/5824/5824 
f 5825/5825/5825 5826/5826/5826 5827/5827/5827 
f 5827/5827/5827 5826/5826/5826 5828/5828/5828 
f 5829/5829/5829 5830/5830/5830 5831/5831/5831 
f 5831/5831/5831 5830/5830/5830 5832/5832/5832 

g Part244

v -91.8194 1.7729 -47.2568 
v -91.5183 1.77135 -47.5201 
v -92.277 0.218519 -47.7712 
v -91.9758 0.216969 -48.0344 
v -91.278 1.60938 -47.2443 
v -91.5183 1.77135 -47.5201 
v -91.5792 1.61093 -46.9811 
v -91.8194 1.7729 -47.2568 
v -91.5183 1.77135 -47.5201 
v -91.278 1.60938 -47.2443 
v -91.9758 0.216969 -48.0344 
v -91.7356 0.0549983 -47.7586 
v -91.278 1.60938 -47.2443 
v -91.5792 1.61093 -46.9811 
v -91.7356 0.0549983 -47.7586 
v -92.0368 0.0565485 -47.4954 
v -92.0368 0.0565485 -47.4954 
v -92.277 0.218519 -47.7712 
v -91.7356 0.0549983 -47.7586 
v -91.9758 0.216969 -48.0344 
v -91.5792 1.61093 -46.9811 
v -91.8194 1.7729 -47.2568 
v -92.0368 0.0565485 -47.4954 
v -92.277 0.218519 -47.7712 

vn -0.598425 0.401575 -0.692913 
vn -0.598425 0.401575 -0.692913 
vn -0.598425 0.401575 -0.692913 
vn -0.598425 0.401575 -0.692913 
vn 0.267717 0.913386 0.299213 
vn 0.267717 0.913386 0.299213 
vn 0.267717 0.913386 0.299213 
vn 0.267717 0.913386 0.299213 
vn 0.755906 0 -0.661417 
vn 0.755906 0 -0.661417 
vn 0.755906 0 -0.661417 
vn 0.755906 0 -0.661417 
vn 0.598425 -0.401575 0.692913 
vn 0.598425 -0.401575 0.692913 
vn 0.598425 -0.401575 0.692913 
vn 0.598425 -0.401575 0.692913 
vn -0.267717 -0.913386 -0.299213 
vn -0.267717 -0.913386 -0.299213 
vn -0.267717 -0.913386 -0.299213 
vn -0.267717 -0.913386 -0.299213 
vn -0.755906 0 0.661417 
vn -0.755906 0 0.661417 
vn -0.755906 0 0.661417 
vn -0.755906 0 0.661417 

vt 5.8 -0.5 
vt 5.75 -0.5 
vt 5.8 -0.7125 
vt 5.75 -0.7125 
vt 5.8 -0.5 
vt 5.75 -0.5 
vt 5.8 -0.55 
vt 5.75 -0.55 
vt 5.8 -0.5 
vt 5.75 -0.5 
vt 5.8 -0.7125 
vt 5.75 -0.7125 
vt 5.8 -0.5 
vt 5.75 -0.5 
vt 5.8 -0.7125 
vt 5.75 -0.7125 
vt 5.8 -0.5 
vt 5.75 -0.5 
vt 5.8 -0.55 
vt 5.75 -0.55 
vt 5.8 -0.5 
vt 5.75 -0.5 
vt 5.8 -0.7125 
vt 5.75 -0.7125 

usemtl Part123Mtl

f 5833/5833/5833 5834/5834/5834 5835/5835/5835 
f 5835/5835/5835 5834/5834/5834 5836/5836/5836 
f 5837/5837/5837 5838/5838/5838 5839/5839/5839 
f 5839/5839/5839 5838/5838/5838 5840/5840/5840 
f 5841/5841/5841 5842/5842/5842 5843/5843/5843 
f 5843/5843/5843 5842/5842/5842 5844/5844/5844 
f 5845/5845/5845 5846/5846/5846 5847/5847/5847 
f 5847/5847/5847 5846/5846/5846 5848/5848/5848 
f 5849/5849/5849 5850/5850/5850 5851/5851/5851 
f 5851/5851/5851 5850/5850/5850 5852/5852/5852 
f 5853/5853/5853 5854/5854/5854 5855/5855/5855 
f 5855/5855/5855 5854/5854/5854 5856/5856/5856 

g Part245

v -92.6105 1.7967 -48.3347 
v -92.2598 1.86199 -48.1536 
v -92.5499 0.164443 -47.8634 
v -92.1993 0.229728 -47.6824 
v -92.4518 1.95273 -47.8146 
v -92.2598 1.86199 -48.1536 
v -92.8025 1.88745 -47.9957 
v -92.6105 1.7967 -48.3347 
v -92.2598 1.86199 -48.1536 
v -92.4518 1.95273 -47.8146 
v -92.1993 0.229728 -47.6824 
v -92.3913 0.320472 -47.3434 
v -92.4518 1.95273 -47.8146 
v -92.8025 1.88745 -47.9957 
v -92.3913 0.320472 -47.3434 
v -92.7419 0.255187 -47.5245 
v -92.7419 0.255187 -47.5245 
v -92.5499 0.164443 -47.8634 
v -92.3913 0.320472 -47.3434 
v -92.1993 0.229728 -47.6824 
v -92.8025 1.88745 -47.9957 
v -92.6105 1.7967 -48.3347 
v -92.7419 0.255187 -47.5245 
v -92.5499 0.164443 -47.8634 

vn 0.480315 -0.228346 -0.850394 
vn 0.480315 -0.228346 -0.850394 
vn 0.480315 -0.228346 -0.850394 
vn 0.480315 -0.228346 -0.850394 
vn -0.0393701 0.96063 -0.275591 
vn -0.0393701 0.96063 -0.275591 
vn -0.0393701 0.96063 -0.275591 
vn -0.0393701 0.96063 -0.275591 
vn 0.874016 0.165354 0.448819 
vn 0.874016 0.165354 0.448819 
vn 0.874016 0.165354 0.448819 
vn 0.874016 0.165354 0.448819 
vn -0.480315 0.228346 0.850394 
vn -0.480315 0.228346 0.850394 
vn -0.480315 0.228346 0.850394 
vn -0.480315 0.228346 0.850394 
vn 0.0393701 -0.96063 0.275591 
vn 0.0393701 -0.96063 0.275591 
vn 0.0393701 -0.96063 0.275591 
vn 0.0393701 -0.96063 0.275591 
vn -0.874016 -0.165354 -0.448819 
vn -0.874016 -0.165354 -0.448819 
vn -0.874016 -0.165354 -0.448819 
vn -0.874016 -0.165354 -0.448819 

vt 7.3 -2 
vt 7.25 -2 
vt 7.3 -2.2125 
vt 7.25 -2.2125 
vt 7.3 -2 
vt 7.25 -2 
vt 7.3 -2.05 
vt 7.25 -2.05 
vt 7.3 -2 
vt 7.25 -2 
vt 7.3 -2.2125 
vt 7.25 -2.2125 
vt 7.3 -2 
vt 7.25 -2 
vt 7.3 -2.2125 
vt 7.25 -2.2125 
vt 7.3 -2 
vt 7.25 -2 
vt 7.3 -2.05 
vt 7.25 -2.05 
vt 7.3 -2 
vt 7.25 -2 
vt 7.3 -2.2125 
vt 7.25 -2.2125 

usemtl Part118Mtl

f 5857/5857/5857 5858/5858/5858 5859/5859/5859 
f 5859/5859/5859 5858/5858/5858 5860/5860/5860 
f 5861/5861/5861 5862/5862/5862 5863/5863/5863 
f 5863/5863/5863 5862/5862/5862 5864/5864/5864 
f 5865/5865/5865 5866/5866/5866 5867/5867/5867 
f 5867/5867/5867 5866/5866/5866 5868/5868/5868 
f 5869/5869/5869 5870/5870/5870 5871/5871/5871 
f 5871/5871/5871 5870/5870/5870 5872/5872/5872 
f 5873/5873/5873 5874/5874/5874 5875/5875/5875 
f 5875/5875/5875 5874/5874/5874 5876/5876/5876 
f 5877/5877/5877 5878/5878/5878 5879/5879/5879 
f 5879/5879/5879 5878/5878/5878 5880/5880/5880 

g Part246

v -91.972 1.73876 -48.4194 
v -91.6207 1.7261 -48.2286 
v -92.3187 0.162495 -47.8854 
v -91.9674 0.149836 -47.6946 
v -91.7935 1.87538 -47.9003 
v -91.6207 1.7261 -48.2286 
v -92.1449 1.88804 -48.091 
v -91.972 1.73876 -48.4194 
v -91.6207 1.7261 -48.2286 
v -91.7935 1.87538 -47.9003 
v -91.9674 0.149836 -47.6946 
v -92.1402 0.299112 -47.3662 
v -91.7935 1.87538 -47.9003 
v -92.1449 1.88804 -48.091 
v -92.1402 0.299112 -47.3662 
v -92.4916 0.311771 -47.557 
v -92.4916 0.311771 -47.557 
v -92.3187 0.162495 -47.8854 
v -92.1402 0.299112 -47.3662 
v -91.9674 0.149836 -47.6946 
v -92.1449 1.88804 -48.091 
v -91.972 1.73876 -48.4194 
v -92.4916 0.311771 -47.557 
v -92.3187 0.162495 -47.8854 

vn 0.433071 -0.370079 -0.818898 
vn 0.433071 -0.370079 -0.818898 
vn 0.433071 -0.370079 -0.818898 
vn 0.433071 -0.370079 -0.818898 
vn 0.204724 0.929134 -0.314961 
vn 0.204724 0.929134 -0.314961 
vn 0.204724 0.929134 -0.314961 
vn 0.204724 0.929134 -0.314961 
vn 0.88189 -0.0314961 0.480315 
vn 0.88189 -0.0314961 0.480315 
vn 0.88189 -0.0314961 0.480315 
vn 0.88189 -0.0314961 0.480315 
vn -0.433071 0.370079 0.818898 
vn -0.433071 0.370079 0.818898 
vn -0.433071 0.370079 0.818898 
vn -0.433071 0.370079 0.818898 
vn -0.204724 -0.929134 0.314961 
vn -0.204724 -0.929134 0.314961 
vn -0.204724 -0.929134 0.314961 
vn -0.204724 -0.929134 0.314961 
vn -0.88189 0.0314961 -0.480315 
vn -0.88189 0.0314961 -0.480315 
vn -0.88189 0.0314961 -0.480315 
vn -0.88189 0.0314961 -0.480315 

vt 1.05 1 
vt 1 1 
vt 1.05 0.7875 
vt 1 0.7875 
vt 1.05 1 
vt 1 1 
vt 1.05 0.95 
vt 1 0.95 
vt 1.05 1 
vt 1 1 
vt 1.05 0.7875 
vt 1 0.7875 
vt 1.05 1 
vt 1 1 
vt 1.05 0.7875 
vt 1 0.7875 
vt 1.05 1 
vt 1 1 
vt 1.05 0.95 
vt 1 0.95 
vt 1.05 1 
vt 1 1 
vt 1.05 0.7875 
vt 1 0.7875 

usemtl Part118Mtl

f 5881/5881/5881 5882/5882/5882 5883/5883/5883 
f 5883/5883/5883 5882/5882/5882 5884/5884/5884 
f 5885/5885/5885 5886/5886/5886 5887/5887/5887 
f 5887/5887/5887 5886/5886/5886 5888/5888/5888 
f 5889/5889/5889 5890/5890/5890 5891/5891/5891 
f 5891/5891/5891 5890/5890/5890 5892/5892/5892 
f 5893/5893/5893 5894/5894/5894 5895/5895/5895 
f 5895/5895/5895 5894/5894/5894 5896/5896/5896 
f 5897/5897/5897 5898/5898/5898 5899/5899/5899 
f 5899/5899/5899 5898/5898/5898 5900/5900/5900 
f 5901/5901/5901 5902/5902/5902 5903/5903/5903 
f 5903/5903/5903 5902/5902/5902 5904/5904/5904 

g Part247

v -92.3841 2.54824 -47.7222 
v -91.9841 2.54824 -47.7222 
v -92.3841 0.248242 -47.7222 
v -91.9841 0.248242 -47.7222 
v -91.9841 2.54824 -47.3222 
v -91.9841 2.54824 -47.7222 
v -92.3841 2.54824 -47.3222 
v -92.3841 2.54824 -47.7222 
v -91.9841 2.54824 -47.7222 
v -91.9841 2.54824 -47.3222 
v -91.9841 0.248242 -47.7222 
v -91.9841 0.248242 -47.3222 
v -91.9841 2.54824 -47.3222 
v -92.3841 2.54824 -47.3222 
v -91.9841 0.248242 -47.3222 
v -92.3841 0.248242 -47.3222 
v -92.3841 0.248242 -47.3222 
v -92.3841 0.248242 -47.7222 
v -91.9841 0.248242 -47.3222 
v -91.9841 0.248242 -47.7222 
v -92.3841 2.54824 -47.3222 
v -92.3841 2.54824 -47.7222 
v -92.3841 0.248242 -47.3222 
v -92.3841 0.248242 -47.7222 

vn 0 0 -1 
vn 0 0 -1 
vn 0 0 -1 
vn 0 0 -1 
vn 0 1 0 
vn 0 1 0 
vn 0 1 0 
vn 0 1 0 
vn 1 0 0 
vn 1 0 0 
vn 1 0 0 
vn 1 0 0 
vn 0 0 1 
vn 0 0 1 
vn 0 0 1 
vn 0 0 1 
vn 0 -1 0 
vn 0 -1 0 
vn 0 -1 0 
vn 0 -1 0 
vn -1 0 0 
vn -1 0 0 
vn -1 0 0 
vn -1 0 0 

vt 3.55 -0.25 
vt 3.5 -0.25 
vt 3.55 -0.5375 
vt 3.5 -0.5375 
vt 3.55 -0.25 
vt 3.5 -0.25 
vt 3.55 -0.3 
vt 3.5 -0.3 
vt 3.55 -0.25 
vt 3.5 -0.25 
vt 3.55 -0.5375 
vt 3.5 -0.5375 
vt 3.55 -0.25 
vt 3.5 -0.25 
vt 3.55 -0.5375 
vt 3.5 -0.5375 
vt 3.55 -0.25 
vt 3.5 -0.25 
vt 3.55 -0.3 
vt 3.5 -0.3 
vt 3.55 -0.25 
vt 3.5 -0.25 
vt 3.55 -0.5375 
vt 3.5 -0.5375 

usemtl Part118Mtl

f 5905/5905/5905 5906/5906/5906 5907/5907/5907 
f 5907/5907/5907 5906/5906/5906 5908/5908/5908 
f 5909/5909/5909 5910/5910/5910 5911/5911/5911 
f 5911/5911/5911 5910/5910/5910 5912/5912/5912 
f 5913/5913/5913 5914/5914/5914 5915/5915/5915 
f 5915/5915/5915 5914/5914/5914 5916/5916/5916 
f 5917/5917/5917 5918/5918/5918 5919/5919/5919 
f 5919/5919/5919 5918/5918/5918 5920/5920/5920 
f 5921/5921/5921 5922/5922/5922 5923/5923/5923 
f 5923/5923/5923 5922/5922/5922 5924/5924/5924 
f 5925/5925/5925 5926/5926/5926 5927/5927/5927 
f 5927/5927/5927 5926/5926/5926 5928/5928/5928 

g Height171

v 48.6368 2.05512 60.5731 
v 32.6977 2.05512 61.9676 
v 48.6368 -3.14488 60.5731 
v 32.6977 -3.14488 61.9676 
v 30.606 2.05512 38.0589 
v 32.6977 2.05512 61.9676 
v 46.5451 2.05512 36.6644 
v 48.6368 2.05512 60.5731 
v 32.6977 2.05512 61.9676 
v 30.606 2.05512 38.0589 
v 32.6977 -3.14488 61.9676 
v 30.606 -3.14488 38.0589 
v 30.606 2.05512 38.0589 
v 46.5451 2.05512 36.6644 
v 30.606 -3.14488 38.0589 
v 46.5451 -3.14488 36.6644 
v 46.5451 -3.14488 36.6644 
v 48.6368 -3.14488 60.5731 
v 30.606 -3.14488 38.0589 
v 32.6977 -3.14488 61.9676 
v 46.5451 2.05512 36.6644 
v 48.6368 2.05512 60.5731 
v 46.5451 -3.14488 36.6644 
v 48.6368 -3.14488 60.5731 

vn 0.0866142 0 1 
vn 0.0866142 0 1 
vn 0.0866142 0 1 
vn 0.0866142 0 1 
vn 0 1 0 
vn 0 1 0 
vn 0 1 0 
vn 0 1 0 
vn -1 0 0.0866142 
vn -1 0 0.0866142 
vn -1 0 0.0866142 
vn -1 0 0.0866142 
vn -0.0866142 0 -1 
vn -0.0866142 0 -1 
vn -0.0866142 0 -1 
vn -0.0866142 0 -1 
vn 0 -1 0 
vn 0 -1 0 
vn 0 -1 0 
vn 0 -1 0 
vn 1 0 -0.0866142 
vn 1 0 -0.0866142 
vn 1 0 -0.0866142 
vn 1 0 -0.0866142 

vt 4.5 -1.25 
vt 2.5 -1.25 
vt 4.5 -1.9 
vt 2.5 -1.9 
vt 5.5 -1.25 
vt 2.5 -1.25 
vt 5.5 -3.25 
vt 2.5 -3.25 
vt 5.5 -1.25 
vt 2.5 -1.25 
vt 5.5 -1.9 
vt 2.5 -1.9 
vt 4.5 -1.25 
vt 2.5 -1.25 
vt 4.5 -1.9 
vt 2.5 -1.9 
vt 5.5 -1.25 
vt 2.5 -1.25 
vt 5.5 -3.25 
vt 2.5 -3.25 
vt 5.5 -1.25 
vt 2.5 -1.25 
vt 5.5 -1.9 
vt 2.5 -1.9 

usemtl Height171Mtl

f 5929/5929/5929 5930/5930/5930 5931/5931/5931 
f 5931/5931/5931 5930/5930/5930 5932/5932/5932 
f 5933/5933/5933 5934/5934/5934 5935/5935/5935 
f 5935/5935/5935 5934/5934/5934 5936/5936/5936 
f 5937/5937/5937 5938/5938/5938 5939/5939/5939 
f 5939/5939/5939 5938/5938/5938 5940/5940/5940 
f 5941/5941/5941 5942/5942/5942 5943/5943/5943 
f 5943/5943/5943 5942/5942/5942 5944/5944/5944 
f 5945/5945/5945 5946/5946/5946 5947/5947/5947 
f 5947/5947/5947 5946/5946/5946 5948/5948/5948 
f 5949/5949/5949 5950/5950/5950 5951/5951/5951 
f 5951/5951/5951 5950/5950/5950 5952/5952/5952 

g Height172

v 30.606 2.06012 38.0589 
v 32.6977 2.06012 61.9676 
v 46.5451 2.06012 36.6644 
v 48.6368 2.06012 60.5731 

vn 0 1 0 
vn 0 1 0 
vn 0 1 0 
vn 0 1 0 

vt 3 1 
vt 0 1 
vt 3 -1 
vt 0 -1 

usemtl Height172Mtl

f 5953/5953/5953 5954/5954/5954 5955/5955/5955 
f 5955/5955/5955 5954/5954/5954 5956/5956/5956 

g Height161

v 42.087 3.05512 67.6833 
v 28.1403 3.05512 66.4631 
v 42.087 -2.14488 67.6833 
v 28.1403 -2.14488 66.4631 
v 30.2321 3.05512 42.5545 
v 28.1403 3.05512 66.4631 
v 44.1788 3.05512 43.7746 
v 42.087 3.05512 67.6833 
v 28.1403 3.05512 66.4631 
v 30.2321 3.05512 42.5545 
v 28.1403 -2.14488 66.4631 
v 30.2321 -2.14488 42.5545 
v 30.2321 3.05512 42.5545 
v 44.1788 3.05512 43.7746 
v 30.2321 -2.14488 42.5545 
v 44.1788 -2.14488 43.7746 
v 44.1788 -2.14488 43.7746 
v 42.087 -2.14488 67.6833 
v 30.2321 -2.14488 42.5545 
v 28.1403 -2.14488 66.4631 
v 44.1788 3.05512 43.7746 
v 42.087 3.05512 67.6833 
v 44.1788 -2.14488 43.7746 
v 42.087 -2.14488 67.6833 

vn -0.0866142 0 1 
vn -0.0866142 0 1 
vn -0.0866142 0 1 
vn -0.0866142 0 1 
vn 0 1 0 
vn 0 1 0 
vn 0 1 0 
vn 0 1 0 
vn -1 0 -0.0866142 
vn -1 0 -0.0866142 
vn -1 0 -0.0866142 
vn -1 0 -0.0866142 
vn 0.0866142 0 -1 
vn 0.0866142 0 -1 
vn 0.0866142 0 -1 
vn 0.0866142 0 -1 
vn 0 -1 0 
vn 0 -1 0 
vn 0 -1 0 
vn 0 -1 0 
vn 1 0 0.0866142 
vn 1 0 0.0866142 
vn 1 0 0.0866142 
vn 1 0 0.0866142 

vt 6 0.5 
vt 4.25 0.5 
vt 6 -0.15 
vt 4.25 -0.15 
vt 7.25 0.5 
vt 4.25 0.5 
vt 7.25 -1.25 
vt 4.25 -1.25 
vt 7.25 0.5 
vt 4.25 0.5 
vt 7.25 -0.15 
vt 4.25 -0.15 
vt 6 0.5 
vt 4.25 0.5 
vt 6 -0.15 
vt 4.25 -0.15 
vt 7.25 0.5 
vt 4.25 0.5 
vt 7.25 -1.25 
vt 4.25 -1.25 
vt 7.25 0.5 
vt 4.25 0.5 
vt 7.25 -0.15 
vt 4.25 -0.15 

usemtl Height171Mtl

f 5957/5957/5957 5958/5958/5958 5959/5959/5959 
f 5959/5959/5959 5958/5958/5958 5960/5960/5960 
f 5961/5961/5961 5962/5962/5962 5963/5963/5963 
f 5963/5963/5963 5962/5962/5962 5964/5964/5964 
f 5965/5965/5965 5966/5966/5966 5967/5967/5967 
f 5967/5967/5967 5966/5966/5966 5968/5968/5968 
f 5969/5969/5969 5970/5970/5970 5971/5971/5971 
f 5971/5971/5971 5970/5970/5970 5972/5972/5972 
f 5973/5973/5973 5974/5974/5974 5975/5975/5975 
f 5975/5975/5975 5974/5974/5974 5976/5976/5976 
f 5977/5977/5977 5978/5978/5978 5979/5979/5979 
f 5979/5979/5979 5978/5978/5978 5980/5980/5980 

g Height162

v 30.2321 3.06012 42.5545 
v 28.1403 3.06012 66.4631 
v 44.1788 3.06012 43.7746 
v 42.087 3.06012 67.6833 

vn 0 1 0 
vn 0 1 0 
vn 0 1 0 
vn 0 1 0 

vt 3 1 
vt 0 1 
vt 3 -0.75 
vt 0 -0.75 

usemtl Height172Mtl

f 5981/5981/5981 5982/5982/5982 5983/5983/5983 
f 5983/5983/5983 5982/5982/5982 5984/5984/5984 

g Height151

v 42.199 1.25512 -11.416 
v 35.835 1.25512 -5.052 
v 42.199 -2.94488 -11.416 
v 35.835 -2.94488 -5.052 
v 26.6426 1.25512 -14.2444 
v 35.835 1.25512 -5.052 
v 33.0066 1.25512 -20.6083 
v 42.199 1.25512 -11.416 
v 35.835 1.25512 -5.052 
v 26.6426 1.25512 -14.2444 
v 35.835 -2.94488 -5.052 
v 26.6426 -2.94488 -14.2444 
v 26.6426 1.25512 -14.2444 
v 33.0066 1.25512 -20.6083 
v 26.6426 -2.94488 -14.2444 
v 33.0066 -2.94488 -20.6083 
v 33.0066 -2.94488 -20.6083 
v 42.199 -2.94488 -11.416 
v 26.6426 -2.94488 -14.2444 
v 35.835 -2.94488 -5.052 
v 33.0066 1.25512 -20.6083 
v 42.199 1.25512 -11.416 
v 33.0066 -2.94488 -20.6083 
v 42.199 -2.94488 -11.416 

vn 0.708661 0 0.708661 
vn 0.708661 0 0.708661 
vn 0.708661 0 0.708661 
vn 0.708661 0 0.708661 
vn 0 1 0 
vn 0 1 0 
vn 0 1 0 
vn 0 1 0 
vn -0.708661 0 0.708661 
vn -0.708661 0 0.708661 
vn -0.708661 0 0.708661 
vn -0.708661 0 0.708661 
vn -0.708661 0 -0.708661 
vn -0.708661 0 -0.708661 
vn -0.708661 0 -0.708661 
vn -0.708661 0 -0.708661 
vn 0 -1 0 
vn 0 -1 0 
vn 0 -1 0 
vn 0 -1 0 
vn 0.708661 0 -0.708661 
vn 0.708661 0 -0.708661 
vn 0.708661 0 -0.708661 
vn 0.708661 0 -0.708661 

vt 2.125 -0.25 
vt 1 -0.25 
vt 2.125 -0.775 
vt 1 -0.775 
vt 2.625 -0.25 
vt 1 -0.25 
vt 2.625 -1.375 
vt 1 -1.375 
vt 2.625 -0.25 
vt 1 -0.25 
vt 2.625 -0.775 
vt 1 -0.775 
vt 2.125 -0.25 
vt 1 -0.25 
vt 2.125 -0.775 
vt 1 -0.775 
vt 2.625 -0.25 
vt 1 -0.25 
vt 2.625 -1.375 
vt 1 -1.375 
vt 2.625 -0.25 
vt 1 -0.25 
vt 2.625 -0.775 
vt 1 -0.775 

usemtl Height171Mtl

f 5985/5985/5985 5986/5986/5986 5987/5987/5987 
f 5987/5987/5987 5986/5986/5986 5988/5988/5988 
f 5989/5989/5989 5990/5990/5990 5991/5991/5991 
f 5991/5991/5991 5990/5990/5990 5992/5992/5992 
f 5993/5993/5993 5994/5994/5994 5995/5995/5995 
f 5995/5995/5995 5994/5994/5994 5996/5996/5996 
f 5997/5997/5997 5998/5998/5998 5999/5999/5999 
f 5999/5999/5999 5998/5998/5998 6000/6000/6000 
f 6001/6001/6001 6002/6002/6002 6003/6003/6003 
f 6003/6003/6003 6002/6002/6002 6004/6004/6004 
f 6005/6005/6005 6006/6006/6006 6007/6007/6007 
f 6007/6007/6007 6006/6006/6006 6008/6008/6008 

g Height152

v 26.6426 1.26012 -14.2444 
v 35.835 1.26012 -5.052 
v 33.0066 1.26012 -20.6083 
v 42.199 1.26012 -11.416 

vn 0 1 0 
vn 0 1 0 
vn 0 1 0 
vn 0 1 0 

vt 1.625 1 
vt 0 1 
vt 1.625 -0.125 
vt 0 -0.125 

usemtl Height172Mtl

f 6009/6009/6009 6010/6010/6010 6011/6011/6011 
f 6011/6011/6011 6010/6010/6010 6012/6012/6012 

g Height141

v 48.563 2.25512 -6.46621 
v 41.4919 2.25512 0.604854 
v 48.563 -1.94488 -6.46621 
v 41.4919 -1.94488 0.604854 
v 32.2995 2.25512 -8.58753 
v 41.4919 2.25512 0.604854 
v 39.3706 2.25512 -15.6586 
v 48.563 2.25512 -6.46621 
v 41.4919 2.25512 0.604854 
v 32.2995 2.25512 -8.58753 
v 41.4919 -1.94488 0.604854 
v 32.2995 -1.94488 -8.58753 
v 32.2995 2.25512 -8.58753 
v 39.3706 2.25512 -15.6586 
v 32.2995 -1.94488 -8.58753 
v 39.3706 -1.94488 -15.6586 
v 39.3706 -1.94488 -15.6586 
v 48.563 -1.94488 -6.46621 
v 32.2995 -1.94488 -8.58753 
v 41.4919 -1.94488 0.604854 
v 39.3706 2.25512 -15.6586 
v 48.563 2.25512 -6.46621 
v 39.3706 -1.94488 -15.6586 
v 48.563 -1.94488 -6.46621 

vn 0.708661 0 0.708661 
vn 0.708661 0 0.708661 
vn 0.708661 0 0.708661 
vn 0.708661 0 0.708661 
vn 0 1 0 
vn 0 1 0 
vn 0 1 0 
vn 0 1 0 
vn -0.708661 0 0.708661 
vn -0.708661 0 0.708661 
vn -0.708661 0 0.708661 
vn -0.708661 0 0.708661 
vn -0.708661 0 -0.708661 
vn -0.708661 0 -0.708661 
vn -0.708661 0 -0.708661 
vn -0.708661 0 -0.708661 
vn 0 -1 0 
vn 0 -1 0 
vn 0 -1 0 
vn 0 -1 0 
vn 0.708661 0 -0.708661 
vn 0.708661 0 -0.708661 
vn 0.708661 0 -0.708661 
vn 0.708661 0 -0.708661 

vt 5 -3 
vt 3.75 -3 
vt 5 -3.525 
vt 3.75 -3.525 
vt 5.375 -3 
vt 3.75 -3 
vt 5.375 -4.25 
vt 3.75 -4.25 
vt 5.375 -3 
vt 3.75 -3 
vt 5.375 -3.525 
vt 3.75 -3.525 
vt 5 -3 
vt 3.75 -3 
vt 5 -3.525 
vt 3.75 -3.525 
vt 5.375 -3 
vt 3.75 -3 
vt 5.375 -4.25 
vt 3.75 -4.25 
vt 5.375 -3 
vt 3.75 -3 
vt 5.375 -3.525 
vt 3.75 -3.525 

usemtl Height171Mtl

f 6013/6013/6013 6014/6014/6014 6015/6015/6015 
f 6015/6015/6015 6014/6014/6014 6016/6016/6016 
f 6017/6017/6017 6018/6018/6018 6019/6019/6019 
f 6019/6019/6019 6018/6018/6018 6020/6020/6020 
f 6021/6021/6021 6022/6022/6022 6023/6023/6023 
f 6023/6023/6023 6022/6022/6022 6024/6024/6024 
f 6025/6025/6025 6026/6026/6026 6027/6027/6027 
f 6027/6027/6027 6026/6026/6026 6028/6028/6028 
f 6029/6029/6029 6030/6030/6030 6031/6031/6031 
f 6031/6031/6031 6030/6030/6030 6032/6032/6032 
f 6033/6033/6033 6034/6034/6034 6035/6035/6035 
f 6035/6035/6035 6034/6034/6034 6036/6036/6036 

g Height142

v 32.2995 2.26012 -8.58753 
v 41.4919 2.26012 0.604854 
v 39.3706 2.26012 -15.6586 
v 48.563 2.26012 -6.46621 

vn 0 1 0 
vn 0 1 0 
vn 0 1 0 
vn 0 1 0 

vt 1.625 1 
vt 0 1 
vt 1.625 -0.25 
vt 0 -0.25 

usemtl Height172Mtl

f 6037/6037/6037 6038/6038/6038 6039/6039/6039 
f 6039/6039/6039 6038/6038/6038 6040/6040/6040 

g Height131

v -20.6514 2.25473 13.26 
v -10.6894 2.25473 12.3885 
v -20.6514 -1.94527 13.26 
v -10.6894 -1.94527 12.3885 
v -9.29492 2.25473 28.3276 
v -10.6894 2.25473 12.3885 
v -19.2569 2.25473 29.1991 
v -20.6514 2.25473 13.26 
v -10.6894 2.25473 12.3885 
v -9.29492 2.25473 28.3276 
v -10.6894 -1.94527 12.3885 
v -9.29492 -1.94527 28.3276 
v -9.29492 2.25473 28.3276 
v -19.2569 2.25473 29.1991 
v -9.29492 -1.94527 28.3276 
v -19.2569 -1.94527 29.1991 
v -19.2569 -1.94527 29.1991 
v -20.6514 -1.94527 13.26 
v -9.29492 -1.94527 28.3276 
v -10.6894 -1.94527 12.3885 
v -19.2569 2.25473 29.1991 
v -20.6514 2.25473 13.26 
v -19.2569 -1.94527 29.1991 
v -20.6514 -1.94527 13.26 

vn -0.0866142 0 -1 
vn -0.0866142 0 -1 
vn -0.0866142 0 -1 
vn -0.0866142 0 -1 
vn 0 1 0 
vn 0 1 0 
vn 0 1 0 
vn 0 1 0 
vn 1 0 -0.0866142 
vn 1 0 -0.0866142 
vn 1 0 -0.0866142 
vn 1 0 -0.0866142 
vn 0.0866142 0 1 
vn 0.0866142 0 1 
vn 0.0866142 0 1 
vn 0.0866142 0 1 
vn 0 -1 0 
vn 0 -1 0 
vn 0 -1 0 
vn 0 -1 0 
vn -1 0 0.0866142 
vn -1 0 0.0866142 
vn -1 0 0.0866142 
vn -1 0 0.0866142 

vt 7 -6.75 
vt 5.75 -6.75 
vt 7 -7.275 
vt 5.75 -7.275 
vt 7.75 -6.75 
vt 5.75 -6.75 
vt 7.75 -8 
vt 5.75 -8 
vt 7.75 -6.75 
vt 5.75 -6.75 
vt 7.75 -7.275 
vt 5.75 -7.275 
vt 7 -6.75 
vt 5.75 -6.75 
vt 7 -7.275 
vt 5.75 -7.275 
vt 7.75 -6.75 
vt 5.75 -6.75 
vt 7.75 -8 
vt 5.75 -8 
vt 7.75 -6.75 
vt 5.75 -6.75 
vt 7.75 -7.275 
vt 5.75 -7.275 

usemtl Height171Mtl

f 6041/6041/6041 6042/6042/6042 6043/6043/6043 
f 6043/6043/6043 6042/6042/6042 6044/6044/6044 
f 6045/6045/6045 6046/6046/6046 6047/6047/6047 
f 6047/6047/6047 6046/6046/6046 6048/6048/6048 
f 6049/6049/6049 6050/6050/6050 6051/6051/6051 
f 6051/6051/6051 6050/6050/6050 6052/6052/6052 
f 6053/6053/6053 6054/6054/6054 6055/6055/6055 
f 6055/6055/6055 6054/6054/6054 6056/6056/6056 
f 6057/6057/6057 6058/6058/6058 6059/6059/6059 
f 6059/6059/6059 6058/6058/6058 6060/6060/6060 
f 6061/6061/6061 6062/6062/6062 6063/6063/6063 
f 6063/6063/6063 6062/6062/6062 6064/6064/6064 

g Height132

v -9.29492 2.25973 28.3276 
v -10.6894 2.25973 12.3885 
v -19.2569 2.25973 29.1991 
v -20.6514 2.25973 13.26 

vn 0 1 0 
vn 0 1 0 
vn 0 1 0 
vn 0 1 0 

vt 2 1 
vt 0 1 
vt 2 -0.25 
vt 0 -0.25 

usemtl Height132Mtl

f 6065/6065/6065 6066/6066/6066 6067/6067/6067 
f 6067/6067/6067 6066/6066/6066 6068/6068/6068 

g Floor1

v 127.421 0.054998 -73.9811 
v 127.421 0.054998 76.0189 
v 127.421 -0.145002 -73.9811 
v 127.421 -0.145002 76.0189 
v -122.579 0.054998 76.0189 
v 127.421 0.054998 76.0189 
v -122.579 0.054998 -73.9811 
v 127.421 0.054998 -73.9811 
v 127.421 0.054998 76.0189 
v -122.579 0.054998 76.0189 
v 127.421 -0.145002 76.0189 
v -122.579 -0.145002 76.0189 
v -122.579 0.054998 76.0189 
v -122.579 0.054998 -73.9811 
v -122.579 -0.145002 76.0189 
v -122.579 -0.145002 -73.9811 
v -122.579 -0.145002 -73.9811 
v 127.421 -0.145002 -73.9811 
v -122.579 -0.145002 76.0189 
v 127.421 -0.145002 76.0189 
v -122.579 0.054998 -73.9811 
v 127.421 0.054998 -73.9811 
v -122.579 -0.145002 -73.9811 
v 127.421 -0.145002 -73.9811 

vn 1 0 0 
vn 1 0 0 
vn 1 0 0 
vn 1 0 0 
vn 0 1 0 
vn 0 1 0 
vn 0 1 0 
vn 0 1 0 
vn 0 0 1 
vn 0 0 1 
vn 0 0 1 
vn 0 0 1 
vn -1 0 0 
vn -1 0 0 
vn -1 0 0 
vn -1 0 0 
vn 0 -1 0 
vn 0 -1 0 
vn 0 -1 0 
vn 0 -1 0 
vn 0 0 -1 
vn 0 0 -1 
vn 0 0 -1 
vn 0 0 -1 

vt 19.75 -6.25 
vt 1 -6.25 
vt 19.75 -6.275 
vt 1 -6.275 
vt 32.25 -6.25 
vt 1 -6.25 
vt 32.25 -25 
vt 1 -25 
vt 32.25 -6.25 
vt 1 -6.25 
vt 32.25 -6.275 
vt 1 -6.275 
vt 19.75 -6.25 
vt 1 -6.25 
vt 19.75 -6.275 
vt 1 -6.275 
vt 32.25 -6.25 
vt 1 -6.25 
vt 32.25 -25 
vt 1 -25 
vt 32.25 -6.25 
vt 1 -6.25 
vt 32.25 -6.275 
vt 1 -6.275 

usemtl Floor1Mtl

f 6069/6069/6069 6070/6070/6070 6071/6071/6071 
f 6071/6071/6071 6070/6070/6070 6072/6072/6072 
f 6073/6073/6073 6074/6074/6074 6075/6075/6075 
f 6075/6075/6075 6074/6074/6074 6076/6076/6076 
f 6077/6077/6077 6078/6078/6078 6079/6079/6079 
f 6079/6079/6079 6078/6078/6078 6080/6080/6080 
f 6081/6081/6081 6082/6082/6082 6083/6083/6083 
f 6083/6083/6083 6082/6082/6082 6084/6084/6084 
f 6085/6085/6085 6086/6086/6086 6087/6087/6087 
f 6087/6087/6087 6086/6086/6086 6088/6088/6088 
f 6089/6089/6089 6090/6090/6090 6091/6091/6091 
f 6091/6091/6091 6090/6090/6090 6092/6092/6092 

g Floor2

v -122.579 0.059998 76.0189 
v 127.421 0.059998 76.0189 
v -122.579 0.059998 -73.9811 
v 127.421 0.059998 -73.9811 

vn 0 1 0 
vn 0 1 0 
vn 0 1 0 
vn 0 1 0 

vt 31.25 1 
vt 0 1 
vt 31.25 -17.75 
vt 0 -17.75 

usemtl Floor2Mtl

f 6093/6093/6093 6094/6094/6094 6095/6095/6095 
f 6095/6095/6095 6094/6094/6094 6096/6096/6096 

g Reloadstation1

v -84.7792 6.05491 47.0189 
v -84.7792 6.05491 39.0189 
v -84.7792 0.0549068 47.0189 
v -84.7792 0.0549068 39.0189 
v -80.7792 6.05491 39.0189 
v -84.7792 6.05491 39.0189 
v -80.7792 6.05491 47.0189 
v -84.7792 6.05491 47.0189 
v -84.7792 6.05491 39.0189 
v -80.7792 6.05491 39.0189 
v -84.7792 0.0549068 39.0189 
v -80.7792 0.0549068 39.0189 
v -80.7792 6.05491 39.0189 
v -80.7792 6.05491 47.0189 
v -80.7792 0.0549068 39.0189 
v -80.7792 0.0549068 47.0189 
v -80.7792 0.0549068 47.0189 
v -84.7792 0.0549068 47.0189 
v -80.7792 0.0549068 39.0189 
v -84.7792 0.0549068 39.0189 
v -80.7792 6.05491 47.0189 
v -84.7792 6.05491 47.0189 
v -80.7792 0.0549068 47.0189 
v -84.7792 0.0549068 47.0189 

vn -1 0 0 
vn -1 0 0 
vn -1 0 0 
vn -1 0 0 
vn 0 1 0 
vn 0 1 0 
vn 0 1 0 
vn 0 1 0 
vn 0 0 -1 
vn 0 0 -1 
vn 0 0 -1 
vn 0 0 -1 
vn 1 0 0 
vn 1 0 0 
vn 1 0 0 
vn 1 0 0 
vn 0 -1 0 
vn 0 -1 0 
vn 0 -1 0 
vn 0 -1 0 
vn 0 0 1 
vn 0 0 1 
vn 0 0 1 
vn 0 0 1 

vt 3.75 -5 
vt 2.75 -5 
vt 3.75 -5.75 
vt 2.75 -5.75 
vt 3.25 -5 
vt 2.75 -5 
vt 3.25 -6 
vt 2.75 -6 
vt 3.25 -5 
vt 2.75 -5 
vt 3.25 -5.75 
vt 2.75 -5.75 
vt 3.75 -5 
vt 2.75 -5 
vt 3.75 -5.75 
vt 2.75 -5.75 
vt 3.25 -5 
vt 2.75 -5 
vt 3.25 -6 
vt 2.75 -6 
vt 3.25 -5 
vt 2.75 -5 
vt 3.25 -5.75 
vt 2.75 -5.75 

usemtl Reloadstation1Mtl

f 6097/6097/6097 6098/6098/6098 6099/6099/6099 
f 6099/6099/6099 6098/6098/6098 6100/6100/6100 
f 6101/6101/6101 6102/6102/6102 6103/6103/6103 
f 6103/6103/6103 6102/6102/6102 6104/6104/6104 
f 6105/6105/6105 6106/6106/6106 6107/6107/6107 
f 6107/6107/6107 6106/6106/6106 6108/6108/6108 
f 6109/6109/6109 6110/6110/6110 6111/6111/6111 
f 6111/6111/6111 6110/6110/6110 6112/6112/6112 
f 6113/6113/6113 6114/6114/6114 6115/6115/6115 
f 6115/6115/6115 6114/6114/6114 6116/6116/6116 
f 6117/6117/6117 6118/6118/6118 6119/6119/6119 
f 6119/6119/6119 6118/6118/6118 6120/6120/6120 

g Reloadstation2

v 89.6208 6.05491 -44.9811 
v 89.6208 6.05491 -36.9811 
v 89.6208 0.0549068 -44.9811 
v 89.6208 0.0549068 -36.9811 
v 85.6208 6.05491 -36.9811 
v 89.6208 6.05491 -36.9811 
v 85.6208 6.05491 -44.9811 
v 89.6208 6.05491 -44.9811 
v 89.6208 6.05491 -36.9811 
v 85.6208 6.05491 -36.9811 
v 89.6208 0.0549068 -36.9811 
v 85.6208 0.0549068 -36.9811 
v 85.6208 6.05491 -36.9811 
v 85.6208 6.05491 -44.9811 
v 85.6208 0.0549068 -36.9811 
v 85.6208 0.0549068 -44.9811 
v 85.6208 0.0549068 -44.9811 
v 89.6208 0.0549068 -44.9811 
v 85.6208 0.0549068 -36.9811 
v 89.6208 0.0549068 -36.9811 
v 85.6208 6.05491 -44.9811 
v 89.6208 6.05491 -44.9811 
v 85.6208 0.0549068 -44.9811 
v 89.6208 0.0549068 -44.9811 

vn 1 0 0 
vn 1 0 0 
vn 1 0 0 
vn 1 0 0 
vn 0 1 0 
vn 0 1 0 
vn 0 1 0 
vn 0 1 0 
vn 0 0 1 
vn 0 0 1 
vn 0 0 1 
vn 0 0 1 
vn -1 0 0 
vn -1 0 0 
vn -1 0 0 
vn -1 0 0 
vn 0 -1 0 
vn 0 -1 0 
vn 0 -1 0 
vn 0 -1 0 
vn 0 0 -1 
vn 0 0 -1 
vn 0 0 -1 
vn 0 0 -1 

vt 1.25 -4 
vt 0.25 -4 
vt 1.25 -4.75 
vt 0.25 -4.75 
vt 0.75 -4 
vt 0.25 -4 
vt 0.75 -5 
vt 0.25 -5 
vt 0.75 -4 
vt 0.25 -4 
vt 0.75 -4.75 
vt 0.25 -4.75 
vt 1.25 -4 
vt 0.25 -4 
vt 1.25 -4.75 
vt 0.25 -4.75 
vt 0.75 -4 
vt 0.25 -4 
vt 0.75 -5 
vt 0.25 -5 
vt 0.75 -4 
vt 0.25 -4 
vt 0.75 -4.75 
vt 0.25 -4.75 

usemtl Reloadstation1Mtl

f 6121/6121/6121 6122/6122/6122 6123/6123/6123 
f 6123/6123/6123 6122/6122/6122 6124/6124/6124 
f 6125/6125/6125 6126/6126/6126 6127/6127/6127 
f 6127/6127/6127 6126/6126/6126 6128/6128/6128 
f 6129/6129/6129 6130/6130/6130 6131/6131/6131 
f 6131/6131/6131 6130/6130/6130 6132/6132/6132 
f 6133/6133/6133 6134/6134/6134 6135/6135/6135 
f 6135/6135/6135 6134/6134/6134 6136/6136/6136 
f 6137/6137/6137 6138/6138/6138 6139/6139/6139 
f 6139/6139/6139 6138/6138/6138 6140/6140/6140 
f 6141/6141/6141 6142/6142/6142 6143/6143/6143 
f 6143/6143/6143 6142/6142/6142 6144/6144/6144 

g Reloadstation3

v 89.6258 6.05491 -44.9811 
v 89.6258 6.05491 -36.9811 
v 89.6258 0.0549068 -44.9811 
v 89.6258 0.0549068 -36.9811 

vn 1 0 0 
vn 1 0 0 
vn 1 0 0 
vn 1 0 0 

vt 1 1 
vt 0 1 
vt 1 0.25 
vt 0 0.25 

usemtl Height132Mtl

f 6145/6145/6145 6146/6146/6146 6147/6147/6147 
f 6147/6147/6147 6146/6146/6146 6148/6148/6148 

g Height91

v -1.29251 10.455 20.0189 
v -9.29251 10.455 20.0189 
v -1.29251 3.255 20.0189 
v -9.29251 3.255 20.0189 
v -9.29251 10.455 4.01893 
v -9.29251 10.455 20.0189 
v -1.29251 10.455 4.01893 
v -1.29251 10.455 20.0189 
v -9.29251 10.455 20.0189 
v -9.29251 10.455 4.01893 
v -9.29251 3.255 20.0189 
v -9.29251 3.255 4.01893 
v -9.29251 10.455 4.01893 
v -1.29251 10.455 4.01893 
v -9.29251 3.255 4.01893 
v -1.29251 3.255 4.01893 
v -1.29251 3.255 4.01893 
v -1.29251 3.255 20.0189 
v -9.29251 3.255 4.01893 
v -9.29251 3.255 20.0189 
v -1.29251 10.455 4.01893 
v -1.29251 10.455 20.0189 
v -1.29251 3.255 4.01893 
v -1.29251 3.255 20.0189 

vn 0 0 1 
vn 0 0 1 
vn 0 0 1 
vn 0 0 1 
vn 0 1 0 
vn 0 1 0 
vn 0 1 0 
vn 0 1 0 
vn -1 0 0 
vn -1 0 0 
vn -1 0 0 
vn -1 0 0 
vn 0 0 -1 
vn 0 0 -1 
vn 0 0 -1 
vn 0 0 -1 
vn 0 -1 0 
vn 0 -1 0 
vn 0 -1 0 
vn 0 -1 0 
vn 1 0 0 
vn 1 0 0 
vn 1 0 0 
vn 1 0 0 

vt 7.75 -1.75 
vt 6.75 -1.75 
vt 7.75 -2.65 
vt 6.75 -2.65 
vt 8.75 -1.75 
vt 6.75 -1.75 
vt 8.75 -2.75 
vt 6.75 -2.75 
vt 8.75 -1.75 
vt 6.75 -1.75 
vt 8.75 -2.65 
vt 6.75 -2.65 
vt 7.75 -1.75 
vt 6.75 -1.75 
vt 7.75 -2.65 
vt 6.75 -2.65 
vt 8.75 -1.75 
vt 6.75 -1.75 
vt 8.75 -2.75 
vt 6.75 -2.75 
vt 8.75 -1.75 
vt 6.75 -1.75 
vt 8.75 -2.65 
vt 6.75 -2.65 

usemtl Height171Mtl

f 6149/6149/6149 6150/6150/6150 6151/6151/6151 
f 6151/6151/6151 6150/6150/6150 6152/6152/6152 
f 6153/6153/6153 6154/6154/6154 6155/6155/6155 
f 6155/6155/6155 6154/6154/6154 6156/6156/6156 
f 6157/6157/6157 6158/6158/6158 6159/6159/6159 
f 6159/6159/6159 6158/6158/6158 6160/6160/6160 
f 6161/6161/6161 6162/6162/6162 6163/6163/6163 
f 6163/6163/6163 6162/6162/6162 6164/6164/6164 
f 6165/6165/6165 6166/6166/6166 6167/6167/6167 
f 6167/6167/6167 6166/6166/6166 6168/6168/6168 
f 6169/6169/6169 6170/6170/6170 6171/6171/6171 
f 6171/6171/6171 6170/6170/6170 6172/6172/6172 

g Height92

v -9.29251 10.46 4.01893 
v -9.29251 10.46 20.0189 
v -1.29251 10.46 4.01893 
v -1.29251 10.46 20.0189 

vn 0 1 0 
vn 0 1 0 
vn 0 1 0 
vn 0 1 0 

vt 2 1 
vt 0 1 
vt 2 0 
vt 0 0 

usemtl Height92Mtl

f 6173/6173/6173 6174/6174/6174 6175/6175/6175 
f 6175/6175/6175 6174/6174/6174 6176/6176/6176 

g Height81

v 24.1341 10.2554 46.0189 
v 29.1341 10.2554 46.0189 
v 24.1341 3.0554 46.0189 
v 29.1341 3.0554 46.0189 
v 29.1341 10.2554 62.0189 
v 29.1341 10.2554 46.0189 
v 24.1341 10.2554 62.0189 
v 24.1341 10.2554 46.0189 
v 29.1341 10.2554 46.0189 
v 29.1341 10.2554 62.0189 
v 29.1341 3.0554 46.0189 
v 29.1341 3.0554 62.0189 
v 29.1341 10.2554 62.0189 
v 24.1341 10.2554 62.0189 
v 29.1341 3.0554 62.0189 
v 24.1341 3.0554 62.0189 
v 24.1341 3.0554 62.0189 
v 24.1341 3.0554 46.0189 
v 29.1341 3.0554 62.0189 
v 29.1341 3.0554 46.0189 
v 24.1341 10.2554 62.0189 
v 24.1341 10.2554 46.0189 
v 24.1341 3.0554 62.0189 
v 24.1341 3.0554 46.0189 

vn 0 0 -1 
vn 0 0 -1 
vn 0 0 -1 
vn 0 0 -1 
vn 0 1 0 
vn 0 1 0 
vn 0 1 0 
vn 0 1 0 
vn 1 0 0 
vn 1 0 0 
vn 1 0 0 
vn 1 0 0 
vn 0 0 1 
vn 0 0 1 
vn 0 0 1 
vn 0 0 1 
vn 0 -1 0 
vn 0 -1 0 
vn 0 -1 0 
vn 0 -1 0 
vn -1 0 0 
vn -1 0 0 
vn -1 0 0 
vn -1 0 0 

vt 2.625 1 
vt 2 1 
vt 2.625 0.1 
vt 2 0.1 
vt 4 1 
vt 2 1 
vt 4 0.375 
vt 2 0.375 
vt 4 1 
vt 2 1 
vt 4 0.1 
vt 2 0.1 
vt 2.625 1 
vt 2 1 
vt 2.625 0.1 
vt 2 0.1 
vt 4 1 
vt 2 1 
vt 4 0.375 
vt 2 0.375 
vt 4 1 
vt 2 1 
vt 4 0.1 
vt 2 0.1 

usemtl Height171Mtl

f 6177/6177/6177 6178/6178/6178 6179/6179/6179 
f 6179/6179/6179 6178/6178/6178 6180/6180/6180 
f 6181/6181/6181 6182/6182/6182 6183/6183/6183 
f 6183/6183/6183 6182/6182/6182 6184/6184/6184 
f 6185/6185/6185 6186/6186/6186 6187/6187/6187 
f 6187/6187/6187 6186/6186/6186 6188/6188/6188 
f 6189/6189/6189 6190/6190/6190 6191/6191/6191 
f 6191/6191/6191 6190/6190/6190 6192/6192/6192 
f 6193/6193/6193 6194/6194/6194 6195/6195/6195 
f 6195/6195/6195 6194/6194/6194 6196/6196/6196 
f 6197/6197/6197 6198/6198/6198 6199/6199/6199 
f 6199/6199/6199 6198/6198/6198 6200/6200/6200 

g Height82

v 29.1341 10.2604 62.0189 
v 29.1341 10.2604 46.0189 
v 24.1341 10.2604 62.0189 
v 24.1341 10.2604 46.0189 

vn 0 1 0 
vn 0 1 0 
vn 0 1 0 
vn 0 1 0 

vt 2 1 
vt 0 1 
vt 2 0.375 
vt 0 0.375 

usemtl Height92Mtl

f 6201/6201/6201 6202/6202/6202 6203/6203/6203 
f 6203/6203/6203 6202/6202/6202 6204/6204/6204 

g Height71

v 20.9342 9.055 64.0189 
v 20.9342 9.055 55.0189 
v 20.9342 -0.144996 64.0189 
v 20.9342 -0.144996 55.0189 
v 32.9342 9.055 55.0189 
v 20.9342 9.055 55.0189 
v 32.9342 9.055 64.0189 
v 20.9342 9.055 64.0189 
v 20.9342 9.055 55.0189 
v 32.9342 9.055 55.0189 
v 20.9342 -0.144996 55.0189 
v 32.9342 -0.144996 55.0189 
v 32.9342 9.055 55.0189 
v 32.9342 9.055 64.0189 
v 32.9342 -0.144996 55.0189 
v 32.9342 -0.144996 64.0189 
v 32.9342 -0.144996 64.0189 
v 20.9342 -0.144996 64.0189 
v 32.9342 -0.144996 55.0189 
v 20.9342 -0.144996 55.0189 
v 32.9342 9.055 64.0189 
v 20.9342 9.055 64.0189 
v 32.9342 -0.144996 64.0189 
v 20.9342 -0.144996 64.0189 

vn -1 0 0 
vn -1 0 0 
vn -1 0 0 
vn -1 0 0 
vn 0 1 0 
vn 0 1 0 
vn 0 1 0 
vn 0 1 0 
vn 0 0 -1 
vn 0 0 -1 
vn 0 0 -1 
vn 0 0 -1 
vn 1 0 0 
vn 1 0 0 
vn 1 0 0 
vn 1 0 0 
vn 0 -1 0 
vn 0 -1 0 
vn 0 -1 0 
vn 0 -1 0 
vn 0 0 1 
vn 0 0 1 
vn 0 0 1 
vn 0 0 1 

vt 4.125 -5.25 
vt 3 -5.25 
vt 4.125 -6.4 
vt 3 -6.4 
vt 4.5 -5.25 
vt 3 -5.25 
vt 4.5 -6.375 
vt 3 -6.375 
vt 4.5 -5.25 
vt 3 -5.25 
vt 4.5 -6.4 
vt 3 -6.4 
vt 4.125 -5.25 
vt 3 -5.25 
vt 4.125 -6.4 
vt 3 -6.4 
vt 4.5 -5.25 
vt 3 -5.25 
vt 4.5 -6.375 
vt 3 -6.375 
vt 4.5 -5.25 
vt 3 -5.25 
vt 4.5 -6.4 
vt 3 -6.4 

usemtl Height171Mtl

f 6205/6205/6205 6206/6206/6206 6207/6207/6207 
f 6207/6207/6207 6206/6206/6206 6208/6208/6208 
f 6209/6209/6209 6210/6210/6210 6211/6211/6211 
f 6211/6211/6211 6210/6210/6210 6212/6212/6212 
f 6213/6213/6213 6214/6214/6214 6215/6215/6215 
f 6215/6215/6215 6214/6214/6214 6216/6216/6216 
f 6217/6217/6217 6218/6218/6218 6219/6219/6219 
f 6219/6219/6219 6218/6218/6218 6220/6220/6220 
f 6221/6221/6221 6222/6222/6222 6223/6223/6223 
f 6223/6223/6223 6222/6222/6222 6224/6224/6224 
f 6225/6225/6225 6226/6226/6226 6227/6227/6227 
f 6227/6227/6227 6226/6226/6226 6228/6228/6228 

g Height72

v 32.9342 9.06 55.0189 
v 20.9342 9.06 55.0189 
v 32.9342 9.06 64.0189 
v 20.9342 9.06 64.0189 

vn 0 1 0 
vn 0 1 0 
vn 0 1 0 
vn 0 1 0 

vt 1.5 1 
vt 0 1 
vt 1.5 -0.125 
vt 0 -0.125 

usemtl Height132Mtl

f 6229/6229/6229 6230/6230/6230 6231/6231/6231 
f 6231/6231/6231 6230/6230/6230 6232/6232/6232 

g Height61

v 28.9342 7.055 68.0189 
v 28.9342 7.055 50.0189 
v 28.9342 -2.145 68.0189 
v 28.9342 -2.145 50.0189 
v 35.9342 7.055 50.0189 
v 28.9342 7.055 50.0189 
v 35.9342 7.055 68.0189 
v 28.9342 7.055 68.0189 
v 28.9342 7.055 50.0189 
v 35.9342 7.055 50.0189 
v 28.9342 -2.145 50.0189 
v 35.9342 -2.145 50.0189 
v 35.9342 7.055 50.0189 
v 35.9342 7.055 68.0189 
v 35.9342 -2.145 50.0189 
v 35.9342 -2.145 68.0189 
v 35.9342 -2.145 68.0189 
v 28.9342 -2.145 68.0189 
v 35.9342 -2.145 50.0189 
v 28.9342 -2.145 50.0189 
v 35.9342 7.055 68.0189 
v 28.9342 7.055 68.0189 
v 35.9342 -2.145 68.0189 
v 28.9342 -2.145 68.0189 

vn -1 0 0 
vn -1 0 0 
vn -1 0 0 
vn -1 0 0 
vn 0 1 0 
vn 0 1 0 
vn 0 1 0 
vn 0 1 0 
vn 0 0 -1 
vn 0 0 -1 
vn 0 0 -1 
vn 0 0 -1 
vn 1 0 0 
vn 1 0 0 
vn 1 0 0 
vn 1 0 0 
vn 0 -1 0 
vn 0 -1 0 
vn 0 -1 0 
vn 0 -1 0 
vn 0 0 1 
vn 0 0 1 
vn 0 0 1 
vn 0 0 1 

vt 7.25 0.75 
vt 5 0.75 
vt 7.25 -0.4 
vt 5 -0.4 
vt 5.875 0.75 
vt 5 0.75 
vt 5.875 -1.5 
vt 5 -1.5 
vt 5.875 0.75 
vt 5 0.75 
vt 5.875 -0.4 
vt 5 -0.4 
vt 7.25 0.75 
vt 5 0.75 
vt 7.25 -0.4 
vt 5 -0.4 
vt 5.875 0.75 
vt 5 0.75 
vt 5.875 -1.5 
vt 5 -1.5 
vt 5.875 0.75 
vt 5 0.75 
vt 5.875 -0.4 
vt 5 -0.4 

usemtl Height171Mtl

f 6233/6233/6233 6234/6234/6234 6235/6235/6235 
f 6235/6235/6235 6234/6234/6234 6236/6236/6236 
f 6237/6237/6237 6238/6238/6238 6239/6239/6239 
f 6239/6239/6239 6238/6238/6238 6240/6240/6240 
f 6241/6241/6241 6242/6242/6242 6243/6243/6243 
f 6243/6243/6243 6242/6242/6242 6244/6244/6244 
f 6245/6245/6245 6246/6246/6246 6247/6247/6247 
f 6247/6247/6247 6246/6246/6246 6248/6248/6248 
f 6249/6249/6249 6250/6250/6250 6251/6251/6251 
f 6251/6251/6251 6250/6250/6250 6252/6252/6252 
f 6253/6253/6253 6254/6254/6254 6255/6255/6255 
f 6255/6255/6255 6254/6254/6254 6256/6256/6256 

g Height62

v 35.9342 7.06 50.0189 
v 28.9342 7.06 50.0189 
v 35.9342 7.06 68.0189 
v 28.9342 7.06 68.0189 

vn 0 1 0 
vn 0 1 0 
vn 0 1 0 
vn 0 1 0 

vt 0.875 1 
vt 0 1 
vt 0.875 -1.25 
vt 0 -1.25 

usemtl Height62Mtl

f 6257/6257/6257 6258/6258/6258 6259/6259/6259 
f 6259/6259/6259 6258/6258/6258 6260/6260/6260 

g Height51

v 39.4593 5.05512 63.9103 
v 25.5125 5.05512 65.1305 
v 39.4593 -0.144876 63.9103 
v 25.5125 -0.144876 65.1305 
v 23.4208 5.05512 41.2218 
v 25.5125 5.05512 65.1305 
v 37.3675 5.05512 40.0017 
v 39.4593 5.05512 63.9103 
v 25.5125 5.05512 65.1305 
v 23.4208 5.05512 41.2218 
v 25.5125 -0.144876 65.1305 
v 23.4208 -0.144876 41.2218 
v 23.4208 5.05512 41.2218 
v 37.3675 5.05512 40.0017 
v 23.4208 -0.144876 41.2218 
v 37.3675 -0.144876 40.0017 
v 37.3675 -0.144876 40.0017 
v 39.4593 -0.144876 63.9103 
v 23.4208 -0.144876 41.2218 
v 25.5125 -0.144876 65.1305 
v 37.3675 5.05512 40.0017 
v 39.4593 5.05512 63.9103 
v 37.3675 -0.144876 40.0017 
v 39.4593 -0.144876 63.9103 

vn 0.0866142 0 1 
vn 0.0866142 0 1 
vn 0.0866142 0 1 
vn 0.0866142 0 1 
vn 0 1 0 
vn 0 1 0 
vn 0 1 0 
vn 0 1 0 
vn -1 0 0.0866142 
vn -1 0 0.0866142 
vn -1 0 0.0866142 
vn -1 0 0.0866142 
vn -0.0866142 0 -1 
vn -0.0866142 0 -1 
vn -0.0866142 0 -1 
vn -0.0866142 0 -1 
vn 0 -1 0 
vn 0 -1 0 
vn 0 -1 0 
vn 0 -1 0 
vn 1 0 -0.0866142 
vn 1 0 -0.0866142 
vn 1 0 -0.0866142 
vn 1 0 -0.0866142 

vt 4.5 -1.25 
vt 2.75 -1.25 
vt 4.5 -1.9 
vt 2.75 -1.9 
vt 5.75 -1.25 
vt 2.75 -1.25 
vt 5.75 -3 
vt 2.75 -3 
vt 5.75 -1.25 
vt 2.75 -1.25 
vt 5.75 -1.9 
vt 2.75 -1.9 
vt 4.5 -1.25 
vt 2.75 -1.25 
vt 4.5 -1.9 
vt 2.75 -1.9 
vt 5.75 -1.25 
vt 2.75 -1.25 
vt 5.75 -3 
vt 2.75 -3 
vt 5.75 -1.25 
vt 2.75 -1.25 
vt 5.75 -1.9 
vt 2.75 -1.9 

usemtl Height171Mtl

f 6261/6261/6261 6262/6262/6262 6263/6263/6263 
f 6263/6263/6263 6262/6262/6262 6264/6264/6264 
f 6265/6265/6265 6266/6266/6266 6267/6267/6267 
f 6267/6267/6267 6266/6266/6266 6268/6268/6268 
f 6269/6269/6269 6270/6270/6270 6271/6271/6271 
f 6271/6271/6271 6270/6270/6270 6272/6272/6272 
f 6273/6273/6273 6274/6274/6274 6275/6275/6275 
f 6275/6275/6275 6274/6274/6274 6276/6276/6276 
f 6277/6277/6277 6278/6278/6278 6279/6279/6279 
f 6279/6279/6279 6278/6278/6278 6280/6280/6280 
f 6281/6281/6281 6282/6282/6282 6283/6283/6283 
f 6283/6283/6283 6282/6282/6282 6284/6284/6284 

g Height52

v 23.4208 5.06012 41.2218 
v 25.5125 5.06012 65.1305 
v 37.3675 5.06012 40.0017 
v 39.4593 5.06012 63.9103 

vn 0 1 0 
vn 0 1 0 
vn 0 1 0 
vn 0 1 0 

vt 3 1 
vt 0 1 
vt 3 -0.75 
vt 0 -0.75 

usemtl Height172Mtl

f 6285/6285/6285 6286/6286/6286 6287/6287/6287 
f 6287/6287/6287 6286/6286/6286 6288/6288/6288 

g Height41

v 50.3413 6.255 1.97326 
v 47.1274 6.255 -1.85696 
v 50.3413 -1.945 1.97326 
v 47.1274 -1.945 -1.85696 
v 51.7237 6.255 -5.71368 
v 47.1274 6.255 -1.85696 
v 54.9376 6.255 -1.88346 
v 50.3413 6.255 1.97326 
v 47.1274 6.255 -1.85696 
v 51.7237 6.255 -5.71368 
v 47.1274 -1.945 -1.85696 
v 51.7237 -1.945 -5.71368 
v 51.7237 6.255 -5.71368 
v 54.9376 6.255 -1.88346 
v 51.7237 -1.945 -5.71368 
v 54.9376 -1.945 -1.88346 
v 54.9376 -1.945 -1.88346 
v 50.3413 -1.945 1.97326 
v 51.7237 -1.945 -5.71368 
v 47.1274 -1.945 -1.85696 
v 54.9376 6.255 -1.88346 
v 50.3413 6.255 1.97326 
v 54.9376 -1.945 -1.88346 
v 50.3413 -1.945 1.97326 

vn -0.76378 0 0.645669 
vn -0.76378 0 0.645669 
vn -0.76378 0 0.645669 
vn -0.76378 0 0.645669 
vn 0 1 0 
vn 0 1 0 
vn 0 1 0 
vn 0 1 0 
vn -0.645669 0 -0.76378 
vn -0.645669 0 -0.76378 
vn -0.645669 0 -0.76378 
vn -0.645669 0 -0.76378 
vn 0.76378 0 -0.645669 
vn 0.76378 0 -0.645669 
vn 0.76378 0 -0.645669 
vn 0.76378 0 -0.645669 
vn 0 -1 0 
vn 0 -1 0 
vn 0 -1 0 
vn 0 -1 0 
vn 0.645669 0 0.76378 
vn 0.645669 0 0.76378 
vn 0.645669 0 0.76378 
vn 0.645669 0 0.76378 

vt 6.125 -4 
vt 5.5 -4 
vt 6.125 -5.025 
vt 5.5 -5.025 
vt 6.25 -4 
vt 5.5 -4 
vt 6.25 -4.625 
vt 5.5 -4.625 
vt 6.25 -4 
vt 5.5 -4 
vt 6.25 -5.025 
vt 5.5 -5.025 
vt 6.125 -4 
vt 5.5 -4 
vt 6.125 -5.025 
vt 5.5 -5.025 
vt 6.25 -4 
vt 5.5 -4 
vt 6.25 -4.625 
vt 5.5 -4.625 
vt 6.25 -4 
vt 5.5 -4 
vt 6.25 -5.025 
vt 5.5 -5.025 

usemtl Height171Mtl

f 6289/6289/6289 6290/6290/6290 6291/6291/6291 
f 6291/6291/6291 6290/6290/6290 6292/6292/6292 
f 6293/6293/6293 6294/6294/6294 6295/6295/6295 
f 6295/6295/6295 6294/6294/6294 6296/6296/6296 
f 6297/6297/6297 6298/6298/6298 6299/6299/6299 
f 6299/6299/6299 6298/6298/6298 6300/6300/6300 
f 6301/6301/6301 6302/6302/6302 6303/6303/6303 
f 6303/6303/6303 6302/6302/6302 6304/6304/6304 
f 6305/6305/6305 6306/6306/6306 6307/6307/6307 
f 6307/6307/6307 6306/6306/6306 6308/6308/6308 
f 6309/6309/6309 6310/6310/6310 6311/6311/6311 
f 6311/6311/6311 6310/6310/6310 6312/6312/6312 

g Height42

v 51.7237 6.26 -5.71368 
v 47.1274 6.26 -1.85696 
v 54.9376 6.26 -1.88346 
v 50.3413 6.26 1.97326 

vn 0 1 0 
vn 0 1 0 
vn 0 1 0 
vn 0 1 0 

vt 0.75 1 
vt 0 1 
vt 0.75 0.375 
vt 0 0.375 

usemtl Height92Mtl

f 6313/6313/6313 6314/6314/6314 6315/6315/6315 
f 6315/6315/6315 6314/6314/6314 6316/6316/6316 

g Height31

v 53.5127 4.25512 -2.93068 
v 46.4416 4.25512 4.14039 
v 53.5127 0.0551174 -2.93068 
v 46.4416 0.0551174 4.14039 
v 37.2492 4.25512 -5.052 
v 46.4416 4.25512 4.14039 
v 44.3203 4.25512 -12.1231 
v 53.5127 4.25512 -2.93068 
v 46.4416 4.25512 4.14039 
v 37.2492 4.25512 -5.052 
v 46.4416 0.0551174 4.14039 
v 37.2492 0.0551174 -5.052 
v 37.2492 4.25512 -5.052 
v 44.3203 4.25512 -12.1231 
v 37.2492 0.0551174 -5.052 
v 44.3203 0.0551174 -12.1231 
v 44.3203 0.0551174 -12.1231 
v 53.5127 0.0551174 -2.93068 
v 37.2492 0.0551174 -5.052 
v 46.4416 0.0551174 4.14039 
v 44.3203 4.25512 -12.1231 
v 53.5127 4.25512 -2.93068 
v 44.3203 0.0551174 -12.1231 
v 53.5127 0.0551174 -2.93068 

vn 0.708661 0 0.708661 
vn 0.708661 0 0.708661 
vn 0.708661 0 0.708661 
vn 0.708661 0 0.708661 
vn 0 1 0 
vn 0 1 0 
vn 0 1 0 
vn 0 1 0 
vn -0.708661 0 0.708661 
vn -0.708661 0 0.708661 
vn -0.708661 0 0.708661 
vn -0.708661 0 0.708661 
vn -0.708661 0 -0.708661 
vn -0.708661 0 -0.708661 
vn -0.708661 0 -0.708661 
vn -0.708661 0 -0.708661 
vn 0 -1 0 
vn 0 -1 0 
vn 0 -1 0 
vn 0 -1 0 
vn 0.708661 0 -0.708661 
vn 0.708661 0 -0.708661 
vn 0.708661 0 -0.708661 
vn 0.708661 0 -0.708661 

vt 7.5 -1.75 
vt 6.25 -1.75 
vt 7.5 -2.275 
vt 6.25 -2.275 
vt 7.875 -1.75 
vt 6.25 -1.75 
vt 7.875 -3 
vt 6.25 -3 
vt 7.875 -1.75 
vt 6.25 -1.75 
vt 7.875 -2.275 
vt 6.25 -2.275 
vt 7.5 -1.75 
vt 6.25 -1.75 
vt 7.5 -2.275 
vt 6.25 -2.275 
vt 7.875 -1.75 
vt 6.25 -1.75 
vt 7.875 -3 
vt 6.25 -3 
vt 7.875 -1.75 
vt 6.25 -1.75 
vt 7.875 -2.275 
vt 6.25 -2.275 

usemtl Height171Mtl

f 6317/6317/6317 6318/6318/6318 6319/6319/6319 
f 6319/6319/6319 6318/6318/6318 6320/6320/6320 
f 6321/6321/6321 6322/6322/6322 6323/6323/6323 
f 6323/6323/6323 6322/6322/6322 6324/6324/6324 
f 6325/6325/6325 6326/6326/6326 6327/6327/6327 
f 6327/6327/6327 6326/6326/6326 6328/6328/6328 
f 6329/6329/6329 6330/6330/6330 6331/6331/6331 
f 6331/6331/6331 6330/6330/6330 6332/6332/6332 
f 6333/6333/6333 6334/6334/6334 6335/6335/6335 
f 6335/6335/6335 6334/6334/6334 6336/6336/6336 
f 6337/6337/6337 6338/6338/6338 6339/6339/6339 
f 6339/6339/6339 6338/6338/6338 6340/6340/6340 

g Height32

v 37.2492 4.26012 -5.052 
v 46.4416 4.26012 4.14039 
v 44.3203 4.26012 -12.1231 
v 53.5127 4.26012 -2.93068 

vn 0 1 0 
vn 0 1 0 
vn 0 1 0 
vn 0 1 0 

vt 1.625 1 
vt 0 1 
vt 1.625 -0.25 
vt 0 -0.25 

usemtl Height172Mtl

f 6341/6341/6341 6342/6342/6342 6343/6343/6343 
f 6343/6343/6343 6342/6342/6342 6344/6344/6344 

g Height21

v 53.0622 8.255 11.4388 
v 47.2772 8.255 4.54442 
v 53.0622 0.054997 11.4388 
v 47.2772 0.054997 4.54442 
v 56.4697 8.255 -3.16904 
v 47.2772 8.255 4.54442 
v 62.2548 8.255 3.72536 
v 53.0622 8.255 11.4388 
v 47.2772 8.255 4.54442 
v 56.4697 8.255 -3.16904 
v 47.2772 0.054997 4.54442 
v 56.4697 0.054997 -3.16904 
v 56.4697 8.255 -3.16904 
v 62.2548 8.255 3.72536 
v 56.4697 0.054997 -3.16904 
v 62.2548 0.054997 3.72536 
v 62.2548 0.054997 3.72536 
v 53.0622 0.054997 11.4388 
v 56.4697 0.054997 -3.16904 
v 47.2772 0.054997 4.54442 
v 62.2548 8.255 3.72536 
v 53.0622 8.255 11.4388 
v 62.2548 0.054997 3.72536 
v 53.0622 0.054997 11.4388 

vn -0.76378 0 0.645669 
vn -0.76378 0 0.645669 
vn -0.76378 0 0.645669 
vn -0.76378 0 0.645669 
vn 0 1 0 
vn 0 1 0 
vn 0 1 0 
vn 0 1 0 
vn -0.645669 0 -0.76378 
vn -0.645669 0 -0.76378 
vn -0.645669 0 -0.76378 
vn -0.645669 0 -0.76378 
vn 0.76378 0 -0.645669 
vn 0.76378 0 -0.645669 
vn 0.76378 0 -0.645669 
vn 0.76378 0 -0.645669 
vn 0 -1 0 
vn 0 -1 0 
vn 0 -1 0 
vn 0 -1 0 
vn 0.645669 0 0.76378 
vn 0.645669 0 0.76378 
vn 0.645669 0 0.76378 
vn 0.645669 0 0.76378 

vt 3.125 -5.25 
vt 2 -5.25 
vt 3.125 -6.275 
vt 2 -6.275 
vt 3.5 -5.25 
vt 2 -5.25 
vt 3.5 -6.375 
vt 2 -6.375 
vt 3.5 -5.25 
vt 2 -5.25 
vt 3.5 -6.275 
vt 2 -6.275 
vt 3.125 -5.25 
vt 2 -5.25 
vt 3.125 -6.275 
vt 2 -6.275 
vt 3.5 -5.25 
vt 2 -5.25 
vt 3.5 -6.375 
vt 2 -6.375 
vt 3.5 -5.25 
vt 2 -5.25 
vt 3.5 -6.275 
vt 2 -6.275 

usemtl Height171Mtl

f 6345/6345/6345 6346/6346/6346 6347/6347/6347 
f 6347/6347/6347 6346/6346/6346 6348/6348/6348 
f 6349/6349/6349 6350/6350/6350 6351/6351/6351 
f 6351/6351/6351 6350/6350/6350 6352/6352/6352 
f 6353/6353/6353 6354/6354/6354 6355/6355/6355 
f 6355/6355/6355 6354/6354/6354 6356/6356/6356 
f 6357/6357/6357 6358/6358/6358 6359/6359/6359 
f 6359/6359/6359 6358/6358/6358 6360/6360/6360 
f 6361/6361/6361 6362/6362/6362 6363/6363/6363 
f 6363/6363/6363 6362/6362/6362 6364/6364/6364 
f 6365/6365/6365 6366/6366/6366 6367/6367/6367 
f 6367/6367/6367 6366/6366/6366 6368/6368/6368 

g Height22

v 56.4697 8.26 -3.16904 
v 47.2772 8.26 4.54442 
v 62.2548 8.26 3.72536 
v 53.0622 8.26 11.4388 

vn 0 1 0 
vn 0 1 0 
vn 0 1 0 
vn 0 1 0 

vt 1.5 1 
vt 0 1 
vt 1.5 -0.125 
vt 0 -0.125 

usemtl Height172Mtl

f 6369/6369/6369 6370/6370/6370 6371/6371/6371 
f 6371/6371/6371 6370/6370/6370 6372/6372/6372 

g Height121

v -5.57918 9.255 2.01895 
v -5.57918 9.255 15.019 
v -5.57918 -0.945003 2.01895 
v -5.57918 -0.945003 15.019 
v -19.5792 9.255 15.019 
v -5.57918 9.255 15.019 
v -19.5792 9.255 2.01895 
v -5.57918 9.255 2.01895 
v -5.57918 9.255 15.019 
v -19.5792 9.255 15.019 
v -5.57918 -0.945003 15.019 
v -19.5792 -0.945003 15.019 
v -19.5792 9.255 15.019 
v -19.5792 9.255 2.01895 
v -19.5792 -0.945003 15.019 
v -19.5792 -0.945003 2.01895 
v -19.5792 -0.945003 2.01895 
v -5.57918 -0.945003 2.01895 
v -19.5792 -0.945003 15.019 
v -5.57918 -0.945003 15.019 
v -19.5792 9.255 2.01895 
v -5.57918 9.255 2.01895 
v -19.5792 -0.945003 2.01895 
v -5.57918 -0.945003 2.01895 

vn 1 0 0 
vn 1 0 0 
vn 1 0 0 
vn 1 0 0 
vn 0 1 0 
vn 0 1 0 
vn 0 1 0 
vn 0 1 0 
vn 0 0 1 
vn 0 0 1 
vn 0 0 1 
vn 0 0 1 
vn -1 0 0 
vn -1 0 0 
vn -1 0 0 
vn -1 0 0 
vn 0 -1 0 
vn 0 -1 0 
vn 0 -1 0 
vn 0 -1 0 
vn 0 0 -1 
vn 0 0 -1 
vn 0 0 -1 
vn 0 0 -1 

vt 7.875 -6.25 
vt 6.25 -6.25 
vt 7.875 -7.525 
vt 6.25 -7.525 
vt 8 -6.25 
vt 6.25 -6.25 
vt 8 -7.875 
vt 6.25 -7.875 
vt 8 -6.25 
vt 6.25 -6.25 
vt 8 -7.525 
vt 6.25 -7.525 
vt 7.875 -6.25 
vt 6.25 -6.25 
vt 7.875 -7.525 
vt 6.25 -7.525 
vt 8 -6.25 
vt 6.25 -6.25 
vt 8 -7.875 
vt 6.25 -7.875 
vt 8 -6.25 
vt 6.25 -6.25 
vt 8 -7.525 
vt 6.25 -7.525 

usemtl Height171Mtl

f 6373/6373/6373 6374/6374/6374 6375/6375/6375 
f 6375/6375/6375 6374/6374/6374 6376/6376/6376 
f 6377/6377/6377 6378/6378/6378 6379/6379/6379 
f 6379/6379/6379 6378/6378/6378 6380/6380/6380 
f 6381/6381/6381 6382/6382/6382 6383/6383/6383 
f 6383/6383/6383 6382/6382/6382 6384/6384/6384 
f 6385/6385/6385 6386/6386/6386 6387/6387/6387 
f 6387/6387/6387 6386/6386/6386 6388/6388/6388 
f 6389/6389/6389 6390/6390/6390 6391/6391/6391 
f 6391/6391/6391 6390/6390/6390 6392/6392/6392 
f 6393/6393/6393 6394/6394/6394 6395/6395/6395 
f 6395/6395/6395 6394/6394/6394 6396/6396/6396 

g Height122

v -19.5792 9.26 15.019 
v -5.57918 9.26 15.019 
v -19.5792 9.26 2.01895 
v -5.57918 9.26 2.01895 

vn 0 1 0 
vn 0 1 0 
vn 0 1 0 
vn 0 1 0 

vt 1.75 1 
vt 0 1 
vt 1.75 -0.625 
vt 0 -0.625 

usemtl Height132Mtl

f 6397/6397/6397 6398/6398/6398 6399/6399/6399 
f 6399/6399/6399 6398/6398/6398 6400/6400/6400 

g Height111

v -9.09259 7.25461 11.0189 
v -9.09259 7.25461 19.019 
v -9.09259 -0.945392 11.0189 
v -9.09259 -0.945392 19.019 
v -23.0926 7.25461 19.019 
v -9.09259 7.25461 19.019 
v -23.0926 7.25461 11.0189 
v -9.09259 7.25461 11.0189 
v -9.09259 7.25461 19.019 
v -23.0926 7.25461 19.019 
v -9.09259 -0.945392 19.019 
v -23.0926 -0.945392 19.019 
v -23.0926 7.25461 19.019 
v -23.0926 7.25461 11.0189 
v -23.0926 -0.945392 19.019 
v -23.0926 -0.945392 11.0189 
v -23.0926 -0.945392 11.0189 
v -9.09259 -0.945392 11.0189 
v -23.0926 -0.945392 19.019 
v -9.09259 -0.945392 19.019 
v -23.0926 7.25461 11.0189 
v -9.09259 7.25461 11.0189 
v -23.0926 -0.945392 11.0189 
v -9.09259 -0.945392 11.0189 

vn 1 0 0 
vn 1 0 0 
vn 1 0 0 
vn 1 0 0 
vn 0 1 0 
vn 0 1 0 
vn 0 1 0 
vn 0 1 0 
vn 0 0 1 
vn 0 0 1 
vn 0 0 1 
vn 0 0 1 
vn -1 0 0 
vn -1 0 0 
vn -1 0 0 
vn -1 0 0 
vn 0 -1 0 
vn 0 -1 0 
vn 0 -1 0 
vn 0 -1 0 
vn 0 0 -1 
vn 0 0 -1 
vn 0 0 -1 
vn 0 0 -1 

vt 7.75 -0.25 
vt 6.75 -0.25 
vt 7.75 -1.275 
vt 6.75 -1.275 
vt 8.5 -0.25 
vt 6.75 -0.25 
vt 8.5 -1.25 
vt 6.75 -1.25 
vt 8.5 -0.25 
vt 6.75 -0.25 
vt 8.5 -1.275 
vt 6.75 -1.275 
vt 7.75 -0.25 
vt 6.75 -0.25 
vt 7.75 -1.275 
vt 6.75 -1.275 
vt 8.5 -0.25 
vt 6.75 -0.25 
vt 8.5 -1.25 
vt 6.75 -1.25 
vt 8.5 -0.25 
vt 6.75 -0.25 
vt 8.5 -1.275 
vt 6.75 -1.275 

usemtl Height171Mtl

f 6401/6401/6401 6402/6402/6402 6403/6403/6403 
f 6403/6403/6403 6402/6402/6402 6404/6404/6404 
f 6405/6405/6405 6406/6406/6406 6407/6407/6407 
f 6407/6407/6407 6406/6406/6406 6408/6408/6408 
f 6409/6409/6409 6410/6410/6410 6411/6411/6411 
f 6411/6411/6411 6410/6410/6410 6412/6412/6412 
f 6413/6413/6413 6414/6414/6414 6415/6415/6415 
f 6415/6415/6415 6414/6414/6414 6416/6416/6416 
f 6417/6417/6417 6418/6418/6418 6419/6419/6419 
f 6419/6419/6419 6418/6418/6418 6420/6420/6420 
f 6421/6421/6421 6422/6422/6422 6423/6423/6423 
f 6423/6423/6423 6422/6422/6422 6424/6424/6424 

g Height112

v -23.0926 7.25961 19.019 
v -9.09259 7.25961 19.019 
v -23.0926 7.25961 11.0189 
v -9.09259 7.25961 11.0189 

vn 0 1 0 
vn 0 1 0 
vn 0 1 0 
vn 0 1 0 

vt 1.75 1 
vt 0 1 
vt 1.75 0 
vt 0 0 

usemtl Height92Mtl

f 6425/6425/6425 6426/6426/6426 6427/6427/6427 
f 6427/6427/6427 6426/6426/6426 6428/6428/6428 

g Height101

v -16.6666 3.25473 12.9114 
v -0.727443 3.25473 11.5169 
v -16.6666 -0.945272 12.9114 
v -0.727443 -0.945272 11.5169 
v 0.405581 3.25473 24.4674 
v -0.727443 3.25473 11.5169 
v -15.5335 3.25473 25.8619 
v -16.6666 3.25473 12.9114 
v -0.727443 3.25473 11.5169 
v 0.405581 3.25473 24.4674 
v -0.727443 -0.945272 11.5169 
v 0.405581 -0.945272 24.4674 
v 0.405581 3.25473 24.4674 
v -15.5335 3.25473 25.8619 
v 0.405581 -0.945272 24.4674 
v -15.5335 -0.945272 25.8619 
v -15.5335 -0.945272 25.8619 
v -16.6666 -0.945272 12.9114 
v 0.405581 -0.945272 24.4674 
v -0.727443 -0.945272 11.5169 
v -15.5335 3.25473 25.8619 
v -16.6666 3.25473 12.9114 
v -15.5335 -0.945272 25.8619 
v -16.6666 -0.945272 12.9114 

vn -0.0866142 0 -1 
vn -0.0866142 0 -1 
vn -0.0866142 0 -1 
vn -0.0866142 0 -1 
vn 0 1 0 
vn 0 1 0 
vn 0 1 0 
vn 0 1 0 
vn 1 0 -0.0866142 
vn 1 0 -0.0866142 
vn 1 0 -0.0866142 
vn 1 0 -0.0866142 
vn 0.0866142 0 1 
vn 0.0866142 0 1 
vn 0.0866142 0 1 
vn 0.0866142 0 1 
vn 0 -1 0 
vn 0 -1 0 
vn 0 -1 0 
vn 0 -1 0 
vn -1 0 0.0866142 
vn -1 0 0.0866142 
vn -1 0 0.0866142 
vn -1 0 0.0866142 

vt 6.5 0 
vt 4.5 0 
vt 6.5 -0.525 
vt 4.5 -0.525 
vt 6.125 0 
vt 4.5 0 
vt 6.125 -2 
vt 4.5 -2 
vt 6.125 0 
vt 4.5 0 
vt 6.125 -0.525 
vt 4.5 -0.525 
vt 6.5 0 
vt 4.5 0 
vt 6.5 -0.525 
vt 4.5 -0.525 
vt 6.125 0 
vt 4.5 0 
vt 6.125 -2 
vt 4.5 -2 
vt 6.125 0 
vt 4.5 0 
vt 6.125 -0.525 
vt 4.5 -0.525 

usemtl Height171Mtl

f 6429/6429/6429 6430/6430/6430 6431/6431/6431 
f 6431/6431/6431 6430/6430/6430 6432/6432/6432 
f 6433/6433/6433 6434/6434/6434 6435/6435/6435 
f 6435/6435/6435 6434/6434/6434 6436/6436/6436 
f 6437/6437/6437 6438/6438/6438 6439/6439/6439 
f 6439/6439/6439 6438/6438/6438 6440/6440/6440 
f 6441/6441/6441 6442/6442/6442 6443/6443/6443 
f 6443/6443/6443 6442/6442/6442 6444/6444/6444 
f 6445/6445/6445 6446/6446/6446 6447/6447/6447 
f 6447/6447/6447 6446/6446/6446 6448/6448/6448 
f 6449/6449/6449 6450/6450/6450 6451/6451/6451 
f 6451/6451/6451 6450/6450/6450 6452/6452/6452 

g Height102

v 0.405581 3.25973 24.4674 
v -0.727443 3.25973 11.5169 
v -15.5335 3.25973 25.8619 
v -16.6666 3.25973 12.9114 

vn 0 1 0 
vn 0 1 0 
vn 0 1 0 
vn 0 1 0 

vt 1.625 1 
vt 0 1 
vt 1.625 -1 
vt 0 -1 

usemtl Height132Mtl

f 6453/6453/6453 6454/6454/6454 6455/6455/6455 
f 6455/6455/6455 6454/6454/6454 6456/6456/6456 

g Height11

v 40.8792 10.4554 -1.83572 
v 44.7094 10.4554 -5.04966 
v 40.8792 3.25539 -1.83572 
v 44.7094 3.25539 -5.04966 
v 54.994 10.4554 7.20705 
v 44.7094 10.4554 -5.04966 
v 51.1638 10.4554 10.421 
v 40.8792 10.4554 -1.83572 
v 44.7094 10.4554 -5.04966 
v 54.994 10.4554 7.20705 
v 44.7094 3.25539 -5.04966 
v 54.994 3.25539 7.20705 
v 54.994 10.4554 7.20705 
v 51.1638 10.4554 10.421 
v 54.994 3.25539 7.20705 
v 51.1638 3.25539 10.421 
v 51.1638 3.25539 10.421 
v 40.8792 3.25539 -1.83572 
v 54.994 3.25539 7.20705 
v 44.7094 3.25539 -5.04966 
v 51.1638 10.4554 10.421 
v 40.8792 10.4554 -1.83572 
v 51.1638 3.25539 10.421 
v 40.8792 3.25539 -1.83572 

vn -0.645669 0 -0.76378 
vn -0.645669 0 -0.76378 
vn -0.645669 0 -0.76378 
vn -0.645669 0 -0.76378 
vn 0 1 0 
vn 0 1 0 
vn 0 1 0 
vn 0 1 0 
vn 0.76378 0 -0.645669 
vn 0.76378 0 -0.645669 
vn 0.76378 0 -0.645669 
vn 0.76378 0 -0.645669 
vn 0.645669 0 0.76378 
vn 0.645669 0 0.76378 
vn 0.645669 0 0.76378 
vn 0.645669 0 0.76378 
vn 0 -1 0 
vn 0 -1 0 
vn 0 -1 0 
vn 0 -1 0 
vn -0.76378 0 0.645669 
vn -0.76378 0 0.645669 
vn -0.76378 0 0.645669 
vn -0.76378 0 0.645669 

vt 6.375 0.25 
vt 5.75 0.25 
vt 6.375 -0.65 
vt 5.75 -0.65 
vt 7.75 0.25 
vt 5.75 0.25 
vt 7.75 -0.375 
vt 5.75 -0.375 
vt 7.75 0.25 
vt 5.75 0.25 
vt 7.75 -0.65 
vt 5.75 -0.65 
vt 6.375 0.25 
vt 5.75 0.25 
vt 6.375 -0.65 
vt 5.75 -0.65 
vt 7.75 0.25 
vt 5.75 0.25 
vt 7.75 -0.375 
vt 5.75 -0.375 
vt 7.75 0.25 
vt 5.75 0.25 
vt 7.75 -0.65 
vt 5.75 -0.65 

usemtl Height171Mtl

f 6457/6457/6457 6458/6458/6458 6459/6459/6459 
f 6459/6459/6459 6458/6458/6458 6460/6460/6460 
f 6461/6461/6461 6462/6462/6462 6463/6463/6463 
f 6463/6463/6463 6462/6462/6462 6464/6464/6464 
f 6465/6465/6465 6466/6466/6466 6467/6467/6467 
f 6467/6467/6467 6466/6466/6466 6468/6468/6468 
f 6469/6469/6469 6470/6470/6470 6471/6471/6471 
f 6471/6471/6471 6470/6470/6470 6472/6472/6472 
f 6473/6473/6473 6474/6474/6474 6475/6475/6475 
f 6475/6475/6475 6474/6474/6474 6476/6476/6476 
f 6477/6477/6477 6478/6478/6478 6479/6479/6479 
f 6479/6479/6479 6478/6478/6478 6480/6480/6480 

g Height12

v 54.994 10.4604 7.20705 
v 44.7094 10.4604 -5.04966 
v 51.1638 10.4604 10.421 
v 40.8792 10.4604 -1.83572 

vn 0 1 0 
vn 0 1 0 
vn 0 1 0 
vn 0 1 0 

vt 2 1 
vt 0 1 
vt 2 0.375 
vt 0 0.375 

usemtl Height12Mtl

f 6481/6481/6481 6482/6482/6482 6483/6483/6483 
f 6483/6483/6483 6482/6482/6482 6484/6484/6484 

g Height1

v -121.579 16.055 -73.9811 
v -121.579 16.055 76.0189 
v -121.579 0.0549965 -73.9811 
v -121.579 0.0549965 76.0189 
v -122.579 16.055 76.0189 
v -121.579 16.055 76.0189 
v -122.579 16.055 -73.9811 
v -121.579 16.055 -73.9811 
v -121.579 16.055 76.0189 
v -122.579 16.055 76.0189 
v -121.579 0.0549965 76.0189 
v -122.579 0.0549965 76.0189 
v -122.579 16.055 76.0189 
v -122.579 16.055 -73.9811 
v -122.579 0.0549965 76.0189 
v -122.579 0.0549965 -73.9811 
v -122.579 0.0549965 -73.9811 
v -121.579 0.0549965 -73.9811 
v -122.579 0.0549965 76.0189 
v -121.579 0.0549965 76.0189 
v -122.579 16.055 -73.9811 
v -121.579 16.055 -73.9811 
v -122.579 0.0549965 -73.9811 
v -121.579 0.0549965 -73.9811 

vn 1 0 0 
vn 1 0 0 
vn 1 0 0 
vn 1 0 0 
vn 0 1 0 
vn 0 1 0 
vn 0 1 0 
vn 0 1 0 
vn 0 0 1 
vn 0 0 1 
vn 0 0 1 
vn 0 0 1 
vn -1 0 0 
vn -1 0 0 
vn -1 0 0 
vn -1 0 0 
vn 0 -1 0 
vn 0 -1 0 
vn 0 -1 0 
vn 0 -1 0 
vn 0 0 -1 
vn 0 0 -1 
vn 0 0 -1 
vn 0 0 -1 

vt 25.25 -4 
vt 6.5 -4 
vt 25.25 -6 
vt 6.5 -6 
vt 6.625 -4 
vt 6.5 -4 
vt 6.625 -22.75 
vt 6.5 -22.75 
vt 6.625 -4 
vt 6.5 -4 
vt 6.625 -6 
vt 6.5 -6 
vt 25.25 -4 
vt 6.5 -4 
vt 25.25 -6 
vt 6.5 -6 
vt 6.625 -4 
vt 6.5 -4 
vt 6.625 -22.75 
vt 6.5 -22.75 
vt 6.625 -4 
vt 6.5 -4 
vt 6.625 -6 
vt 6.5 -6 

usemtl Height1Mtl

f 6485/6485/6485 6486/6486/6486 6487/6487/6487 
f 6487/6487/6487 6486/6486/6486 6488/6488/6488 
f 6489/6489/6489 6490/6490/6490 6491/6491/6491 
f 6491/6491/6491 6490/6490/6490 6492/6492/6492 
f 6493/6493/6493 6494/6494/6494 6495/6495/6495 
f 6495/6495/6495 6494/6494/6494 6496/6496/6496 
f 6497/6497/6497 6498/6498/6498 6499/6499/6499 
f 6499/6499/6499 6498/6498/6498 6500/6500/6500 
f 6501/6501/6501 6502/6502/6502 6503/6503/6503 
f 6503/6503/6503 6502/6502/6502 6504/6504/6504 
f 6505/6505/6505 6506/6506/6506 6507/6507/6507 
f 6507/6507/6507 6506/6506/6506 6508/6508/6508 

g Height2

v -121.579 15.4554 6.01894 
v -121.379 15.4554 6.01894 
v -121.579 3.25541 6.01894 
v -121.379 3.25541 6.01894 
v -121.379 15.4554 35.0189 
v -121.379 15.4554 6.01894 
v -121.579 15.4554 35.0189 
v -121.579 15.4554 6.01894 
v -121.379 15.4554 6.01894 
v -121.379 15.4554 35.0189 
v -121.379 3.25541 6.01894 
v -121.379 3.25541 35.0189 
v -121.379 15.4554 35.0189 
v -121.579 15.4554 35.0189 
v -121.379 3.25541 35.0189 
v -121.579 3.25541 35.0189 
v -121.579 3.25541 35.0189 
v -121.579 3.25541 6.01894 
v -121.379 3.25541 35.0189 
v -121.379 3.25541 6.01894 
v -121.579 15.4554 35.0189 
v -121.579 15.4554 6.01894 
v -121.579 3.25541 35.0189 
v -121.579 3.25541 6.01894 

vn 0 0 -1 
vn 0 0 -1 
vn 0 0 -1 
vn 0 0 -1 
vn 0 1 0 
vn 0 1 0 
vn 0 1 0 
vn 0 1 0 
vn 1 0 0 
vn 1 0 0 
vn 1 0 0 
vn 1 0 0 
vn 0 0 1 
vn 0 0 1 
vn 0 0 1 
vn 0 0 1 
vn 0 -1 0 
vn 0 -1 0 
vn 0 -1 0 
vn 0 -1 0 
vn -1 0 0 
vn -1 0 0 
vn -1 0 0 
vn -1 0 0 

vt 4.025 -0.25 
vt 4 -0.25 
vt 4.025 -1.775 
vt 4 -1.775 
vt 7.625 -0.25 
vt 4 -0.25 
vt 7.625 -0.275 
vt 4 -0.275 
vt 7.625 -0.25 
vt 4 -0.25 
vt 7.625 -1.775 
vt 4 -1.775 
vt 4.025 -0.25 
vt 4 -0.25 
vt 4.025 -1.775 
vt 4 -1.775 
vt 7.625 -0.25 
vt 4 -0.25 
vt 7.625 -0.275 
vt 4 -0.275 
vt 7.625 -0.25 
vt 4 -0.25 
vt 7.625 -1.775 
vt 4 -1.775 

usemtl Height2Mtl

f 6509/6509/6509 6510/6510/6510 6511/6511/6511 
f 6511/6511/6511 6510/6510/6510 6512/6512/6512 
f 6513/6513/6513 6514/6514/6514 6515/6515/6515 
f 6515/6515/6515 6514/6514/6514 6516/6516/6516 
f 6517/6517/6517 6518/6518/6518 6519/6519/6519 
f 6519/6519/6519 6518/6518/6518 6520/6520/6520 
f 6521/6521/6521 6522/6522/6522 6523/6523/6523 
f 6523/6523/6523 6522/6522/6522 6524/6524/6524 
f 6525/6525/6525 6526/6526/6526 6527/6527/6527 
f 6527/6527/6527 6526/6526/6526 6528/6528/6528 
f 6529/6529/6529 6530/6530/6530 6531/6531/6531 
f 6531/6531/6531 6530/6530/6530 6532/6532/6532 

g Height3

v -65.7601 12.4551 -7.93005 
v -66.6086 12.4551 -7.08152 
v -65.7601 0.255118 -7.93005 
v -66.6086 0.255118 -7.08152 
v -92.7716 12.4551 -33.2445 
v -66.6086 12.4551 -7.08152 
v -91.923 12.4551 -34.093 
v -65.7601 12.4551 -7.93005 
v -66.6086 12.4551 -7.08152 
v -92.7716 12.4551 -33.2445 
v -66.6086 0.255118 -7.08152 
v -92.7716 0.255118 -33.2445 
v -92.7716 12.4551 -33.2445 
v -91.923 12.4551 -34.093 
v -92.7716 0.255118 -33.2445 
v -91.923 0.255118 -34.093 
v -91.923 0.255118 -34.093 
v -65.7601 0.255118 -7.93005 
v -92.7716 0.255118 -33.2445 
v -66.6086 0.255118 -7.08152 
v -91.923 12.4551 -34.093 
v -65.7601 12.4551 -7.93005 
v -91.923 0.255118 -34.093 
v -65.7601 0.255118 -7.93005 

vn 0.708661 0 0.708661 
vn 0.708661 0 0.708661 
vn 0.708661 0 0.708661 
vn 0.708661 0 0.708661 
vn 0 1 0 
vn 0 1 0 
vn 0 1 0 
vn 0 1 0 
vn -0.708661 0 0.708661 
vn -0.708661 0 0.708661 
vn -0.708661 0 0.708661 
vn -0.708661 0 0.708661 
vn -0.708661 0 -0.708661 
vn -0.708661 0 -0.708661 
vn -0.708661 0 -0.708661 
vn -0.708661 0 -0.708661 
vn 0 -1 0 
vn 0 -1 0 
vn 0 -1 0 
vn 0 -1 0 
vn 0.708661 0 -0.708661 
vn 0.708661 0 -0.708661 
vn 0.708661 0 -0.708661 
vn 0.708661 0 -0.708661 

vt 2.9 -4.25 
vt 2.75 -4.25 
vt 2.9 -5.775 
vt 2.75 -5.775 
vt 7.375 -4.25 
vt 2.75 -4.25 
vt 7.375 -4.4 
vt 2.75 -4.4 
vt 7.375 -4.25 
vt 2.75 -4.25 
vt 7.375 -5.775 
vt 2.75 -5.775 
vt 2.9 -4.25 
vt 2.75 -4.25 
vt 2.9 -5.775 
vt 2.75 -5.775 
vt 7.375 -4.25 
vt 2.75 -4.25 
vt 7.375 -4.4 
vt 2.75 -4.4 
vt 7.375 -4.25 
vt 2.75 -4.25 
vt 7.375 -5.775 
vt 2.75 -5.775 

usemtl Height2Mtl

f 6533/6533/6533 6534/6534/6534 6535/6535/6535 
f 6535/6535/6535 6534/6534/6534 6536/6536/6536 
f 6537/6537/6537 6538/6538/6538 6539/6539/6539 
f 6539/6539/6539 6538/6538/6538 6540/6540/6540 
f 6541/6541/6541 6542/6542/6542 6543/6543/6543 
f 6543/6543/6543 6542/6542/6542 6544/6544/6544 
f 6545/6545/6545 6546/6546/6546 6547/6547/6547 
f 6547/6547/6547 6546/6546/6546 6548/6548/6548 
f 6549/6549/6549 6550/6550/6550 6551/6551/6551 
f 6551/6551/6551 6550/6550/6550 6552/6552/6552 
f 6553/6553/6553 6554/6554/6554 6555/6555/6555 
f 6555/6555/6555 6554/6554/6554 6556/6556/6556 

g Height4

v -65.9015 12.6554 -7.78875 
v -75.0939 12.6554 1.40364 
v -65.9015 12.4554 -7.78875 
v -75.0939 12.4554 1.40364 
v -101.257 12.6554 -24.7593 
v -75.0939 12.6554 1.40364 
v -92.0645 12.6554 -33.9517 
v -65.9015 12.6554 -7.78875 
v -75.0939 12.6554 1.40364 
v -101.257 12.6554 -24.7593 
v -75.0939 12.4554 1.40364 
v -101.257 12.4554 -24.7593 
v -101.257 12.6554 -24.7593 
v -92.0645 12.6554 -33.9517 
v -101.257 12.4554 -24.7593 
v -92.0645 12.4554 -33.9517 
v -92.0645 12.4554 -33.9517 
v -65.9015 12.4554 -7.78875 
v -101.257 12.4554 -24.7593 
v -75.0939 12.4554 1.40364 
v -92.0645 12.6554 -33.9517 
v -65.9015 12.6554 -7.78875 
v -92.0645 12.4554 -33.9517 
v -65.9015 12.4554 -7.78875 

vn 0.708661 0 0.708661 
vn 0.708661 0 0.708661 
vn 0.708661 0 0.708661 
vn 0.708661 0 0.708661 
vn 0 1 0 
vn 0 1 0 
vn 0 1 0 
vn 0 1 0 
vn -0.708661 0 0.708661 
vn -0.708661 0 0.708661 
vn -0.708661 0 0.708661 
vn -0.708661 0 0.708661 
vn -0.708661 0 -0.708661 
vn -0.708661 0 -0.708661 
vn -0.708661 0 -0.708661 
vn -0.708661 0 -0.708661 
vn 0 -1 0 
vn 0 -1 0 
vn 0 -1 0 
vn 0 -1 0 
vn 0.708661 0 -0.708661 
vn 0.708661 0 -0.708661 
vn 0.708661 0 -0.708661 
vn 0.708661 0 -0.708661 

vt 4.875 -2.25 
vt 3.25 -2.25 
vt 4.875 -2.275 
vt 3.25 -2.275 
vt 7.875 -2.25 
vt 3.25 -2.25 
vt 7.875 -3.875 
vt 3.25 -3.875 
vt 7.875 -2.25 
vt 3.25 -2.25 
vt 7.875 -2.275 
vt 3.25 -2.275 
vt 4.875 -2.25 
vt 3.25 -2.25 
vt 4.875 -2.275 
vt 3.25 -2.275 
vt 7.875 -2.25 
vt 3.25 -2.25 
vt 7.875 -3.875 
vt 3.25 -3.875 
vt 7.875 -2.25 
vt 3.25 -2.25 
vt 7.875 -2.275 
vt 3.25 -2.275 

usemtl Height2Mtl

f 6557/6557/6557 6558/6558/6558 6559/6559/6559 
f 6559/6559/6559 6558/6558/6558 6560/6560/6560 
f 6561/6561/6561 6562/6562/6562 6563/6563/6563 
f 6563/6563/6563 6562/6562/6562 6564/6564/6564 
f 6565/6565/6565 6566/6566/6566 6567/6567/6567 
f 6567/6567/6567 6566/6566/6566 6568/6568/6568 
f 6569/6569/6569 6570/6570/6570 6571/6571/6571 
f 6571/6571/6571 6570/6570/6570 6572/6572/6572 
f 6573/6573/6573 6574/6574/6574 6575/6575/6575 
f 6575/6575/6575 6574/6574/6574 6576/6576/6576 
f 6577/6577/6577 6578/6578/6578 6579/6579/6579 
f 6579/6579/6579 6578/6578/6578 6580/6580/6580 

g Height5

v -74.2454 12.4551 0.555058 
v -75.0939 12.4551 1.40359 
v -74.2454 0.255118 0.555058 
v -75.0939 0.255118 1.40359 
v -101.257 12.4551 -24.7594 
v -75.0939 12.4551 1.40359 
v -100.408 12.4551 -25.6079 
v -74.2454 12.4551 0.555058 
v -75.0939 12.4551 1.40359 
v -101.257 12.4551 -24.7594 
v -75.0939 0.255118 1.40359 
v -101.257 0.255118 -24.7594 
v -101.257 12.4551 -24.7594 
v -100.408 12.4551 -25.6079 
v -101.257 0.255118 -24.7594 
v -100.408 0.255118 -25.6079 
v -100.408 0.255118 -25.6079 
v -74.2454 0.255118 0.555058 
v -101.257 0.255118 -24.7594 
v -75.0939 0.255118 1.40359 
v -100.408 12.4551 -25.6079 
v -74.2454 12.4551 0.555058 
v -100.408 0.255118 -25.6079 
v -74.2454 0.255118 0.555058 

vn 0.708661 0 0.708661 
vn 0.708661 0 0.708661 
vn 0.708661 0 0.708661 
vn 0.708661 0 0.708661 
vn 0 1 0 
vn 0 1 0 
vn 0 1 0 
vn 0 1 0 
vn -0.708661 0 0.708661 
vn -0.708661 0 0.708661 
vn -0.708661 0 0.708661 
vn -0.708661 0 0.708661 
vn -0.708661 0 -0.708661 
vn -0.708661 0 -0.708661 
vn -0.708661 0 -0.708661 
vn -0.708661 0 -0.708661 
vn 0 -1 0 
vn 0 -1 0 
vn 0 -1 0 
vn 0 -1 0 
vn 0.708661 0 -0.708661 
vn 0.708661 0 -0.708661 
vn 0.708661 0 -0.708661 
vn 0.708661 0 -0.708661 

vt 2.4 -2.25 
vt 2.25 -2.25 
vt 2.4 -3.775 
vt 2.25 -3.775 
vt 6.875 -2.25 
vt 2.25 -2.25 
vt 6.875 -2.4 
vt 2.25 -2.4 
vt 6.875 -2.25 
vt 2.25 -2.25 
vt 6.875 -3.775 
vt 2.25 -3.775 
vt 2.4 -2.25 
vt 2.25 -2.25 
vt 2.4 -3.775 
vt 2.25 -3.775 
vt 6.875 -2.25 
vt 2.25 -2.25 
vt 6.875 -2.4 
vt 2.25 -2.4 
vt 6.875 -2.25 
vt 2.25 -2.25 
vt 6.875 -3.775 
vt 2.25 -3.775 

usemtl Height2Mtl

f 6581/6581/6581 6582/6582/6582 6583/6583/6583 
f 6583/6583/6583 6582/6582/6582 6584/6584/6584 
f 6585/6585/6585 6586/6586/6586 6587/6587/6587 
f 6587/6587/6587 6586/6586/6586 6588/6588/6588 
f 6589/6589/6589 6590/6590/6590 6591/6591/6591 
f 6591/6591/6591 6590/6590/6590 6592/6592/6592 
f 6593/6593/6593 6594/6594/6594 6595/6595/6595 
f 6595/6595/6595 6594/6594/6594 6596/6596/6596 
f 6597/6597/6597 6598/6598/6598 6599/6599/6599 
f 6599/6599/6599 6598/6598/6598 6600/6600/6600 
f 6601/6601/6601 6602/6602/6602 6603/6603/6603 
f 6603/6603/6603 6602/6602/6602 6604/6604/6604 

g Height6

v -65.9015 0.254949 -7.78875 
v -75.0939 0.254949 1.40364 
v -65.9015 0.0549492 -7.78875 
v -75.0939 0.0549492 1.40364 
v -101.257 0.254949 -24.7593 
v -75.0939 0.254949 1.40364 
v -92.0645 0.254949 -33.9517 
v -65.9015 0.254949 -7.78875 
v -75.0939 0.254949 1.40364 
v -101.257 0.254949 -24.7593 
v -75.0939 0.0549492 1.40364 
v -101.257 0.0549492 -24.7593 
v -101.257 0.254949 -24.7593 
v -92.0645 0.254949 -33.9517 
v -101.257 0.0549492 -24.7593 
v -92.0645 0.0549492 -33.9517 
v -92.0645 0.0549492 -33.9517 
v -65.9015 0.0549492 -7.78875 
v -101.257 0.0549492 -24.7593 
v -75.0939 0.0549492 1.40364 
v -92.0645 0.254949 -33.9517 
v -65.9015 0.254949 -7.78875 
v -92.0645 0.0549492 -33.9517 
v -65.9015 0.0549492 -7.78875 

vn 0.708661 0 0.708661 
vn 0.708661 0 0.708661 
vn 0.708661 0 0.708661 
vn 0.708661 0 0.708661 
vn 0 1 0 
vn 0 1 0 
vn 0 1 0 
vn 0 1 0 
vn -0.708661 0 0.708661 
vn -0.708661 0 0.708661 
vn -0.708661 0 0.708661 
vn -0.708661 0 0.708661 
vn -0.708661 0 -0.708661 
vn -0.708661 0 -0.708661 
vn -0.708661 0 -0.708661 
vn -0.708661 0 -0.708661 
vn 0 -1 0 
vn 0 -1 0 
vn 0 -1 0 
vn 0 -1 0 
vn 0.708661 0 -0.708661 
vn 0.708661 0 -0.708661 
vn 0.708661 0 -0.708661 
vn 0.708661 0 -0.708661 

vt 2.375 -5.5 
vt 0.75 -5.5 
vt 2.375 -5.525 
vt 0.75 -5.525 
vt 5.375 -5.5 
vt 0.75 -5.5 
vt 5.375 -7.125 
vt 0.75 -7.125 
vt 5.375 -5.5 
vt 0.75 -5.5 
vt 5.375 -5.525 
vt 0.75 -5.525 
vt 2.375 -5.5 
vt 0.75 -5.5 
vt 2.375 -5.525 
vt 0.75 -5.525 
vt 5.375 -5.5 
vt 0.75 -5.5 
vt 5.375 -7.125 
vt 0.75 -7.125 
vt 5.375 -5.5 
vt 0.75 -5.5 
vt 5.375 -5.525 
vt 0.75 -5.525 

usemtl Height2Mtl

f 6605/6605/6605 6606/6606/6606 6607/6607/6607 
f 6607/6607/6607 6606/6606/6606 6608/6608/6608 
f 6609/6609/6609 6610/6610/6610 6611/6611/6611 
f 6611/6611/6611 6610/6610/6610 6612/6612/6612 
f 6613/6613/6613 6614/6614/6614 6615/6615/6615 
f 6615/6615/6615 6614/6614/6614 6616/6616/6616 
f 6617/6617/6617 6618/6618/6618 6619/6619/6619 
f 6619/6619/6619 6618/6618/6618 6620/6620/6620 
f 6621/6621/6621 6622/6622/6622 6623/6623/6623 
f 6623/6623/6623 6622/6622/6622 6624/6624/6624 
f 6625/6625/6625 6626/6626/6626 6627/6627/6627 
f 6627/6627/6627 6626/6626/6626 6628/6628/6628 

g Height7

v -79.3792 12.455 75.0189 
v -121.579 12.455 75.0189 
v -79.3792 12.255 75.0189 
v -121.579 12.255 75.0189 
v -121.579 12.455 37.0189 
v -121.579 12.455 75.0189 
v -79.3792 12.455 37.0189 
v -79.3792 12.455 75.0189 
v -121.579 12.455 75.0189 
v -121.579 12.455 37.0189 
v -121.579 12.255 75.0189 
v -121.579 12.255 37.0189 
v -121.579 12.455 37.0189 
v -79.3792 12.455 37.0189 
v -121.579 12.255 37.0189 
v -79.3792 12.255 37.0189 
v -79.3792 12.255 37.0189 
v -79.3792 12.255 75.0189 
v -121.579 12.255 37.0189 
v -121.579 12.255 75.0189 
v -79.3792 12.455 37.0189 
v -79.3792 12.455 75.0189 
v -79.3792 12.255 37.0189 
v -79.3792 12.255 75.0189 

vn 0 0 1 
vn 0 0 1 
vn 0 0 1 
vn 0 0 1 
vn 0 1 0 
vn 0 1 0 
vn 0 1 0 
vn 0 1 0 
vn -1 0 0 
vn -1 0 0 
vn -1 0 0 
vn -1 0 0 
vn 0 0 -1 
vn 0 0 -1 
vn 0 0 -1 
vn 0 0 -1 
vn 0 -1 0 
vn 0 -1 0 
vn 0 -1 0 
vn 0 -1 0 
vn 1 0 0 
vn 1 0 0 
vn 1 0 0 
vn 1 0 0 

vt 7.525 -1.75 
vt 2.25 -1.75 
vt 7.525 -1.775 
vt 2.25 -1.775 
vt 7 -1.75 
vt 2.25 -1.75 
vt 7 -7.025 
vt 2.25 -7.025 
vt 7 -1.75 
vt 2.25 -1.75 
vt 7 -1.775 
vt 2.25 -1.775 
vt 7.525 -1.75 
vt 2.25 -1.75 
vt 7.525 -1.775 
vt 2.25 -1.775 
vt 7 -1.75 
vt 2.25 -1.75 
vt 7 -7.025 
vt 2.25 -7.025 
vt 7 -1.75 
vt 2.25 -1.75 
vt 7 -1.775 
vt 2.25 -1.775 

usemtl Height7Mtl

f 6629/6629/6629 6630/6630/6630 6631/6631/6631 
f 6631/6631/6631 6630/6630/6630 6632/6632/6632 
f 6633/6633/6633 6634/6634/6634 6635/6635/6635 
f 6635/6635/6635 6634/6634/6634 6636/6636/6636 
f 6637/6637/6637 6638/6638/6638 6639/6639/6639 
f 6639/6639/6639 6638/6638/6638 6640/6640/6640 
f 6641/6641/6641 6642/6642/6642 6643/6643/6643 
f 6643/6643/6643 6642/6642/6642 6644/6644/6644 
f 6645/6645/6645 6646/6646/6646 6647/6647/6647 
f 6647/6647/6647 6646/6646/6646 6648/6648/6648 
f 6649/6649/6649 6650/6650/6650 6651/6651/6651 
f 6651/6651/6651 6650/6650/6650 6652/6652/6652 

g Height8

v -121.579 12.255 38.219 
v -121.579 12.255 38.019 
v -121.579 0.054997 38.219 
v -121.579 0.054997 38.019 
v -92.5792 12.255 38.019 
v -121.579 12.255 38.019 
v -92.5792 12.255 38.219 
v -121.579 12.255 38.219 
v -121.579 12.255 38.019 
v -92.5792 12.255 38.019 
v -121.579 0.054997 38.019 
v -92.5792 0.054997 38.019 
v -92.5792 12.255 38.019 
v -92.5792 12.255 38.219 
v -92.5792 0.054997 38.019 
v -92.5792 0.054997 38.219 
v -92.5792 0.054997 38.219 
v -121.579 0.054997 38.219 
v -92.5792 0.054997 38.019 
v -121.579 0.054997 38.019 
v -92.5792 12.255 38.219 
v -121.579 12.255 38.219 
v -92.5792 0.054997 38.219 
v -121.579 0.054997 38.219 

vn -1 0 0 
vn -1 0 0 
vn -1 0 0 
vn -1 0 0 
vn 0 1 0 
vn 0 1 0 
vn 0 1 0 
vn 0 1 0 
vn 0 0 -1 
vn 0 0 -1 
vn 0 0 -1 
vn 0 0 -1 
vn 1 0 0 
vn 1 0 0 
vn 1 0 0 
vn 1 0 0 
vn 0 -1 0 
vn 0 -1 0 
vn 0 -1 0 
vn 0 -1 0 
vn 0 0 1 
vn 0 0 1 
vn 0 0 1 
vn 0 0 1 

vt 2.525 -4.25 
vt 2.5 -4.25 
vt 2.525 -5.775 
vt 2.5 -5.775 
vt 6.125 -4.25 
vt 2.5 -4.25 
vt 6.125 -4.275 
vt 2.5 -4.275 
vt 6.125 -4.25 
vt 2.5 -4.25 
vt 6.125 -5.775 
vt 2.5 -5.775 
vt 2.525 -4.25 
vt 2.5 -4.25 
vt 2.525 -5.775 
vt 2.5 -5.775 
vt 6.125 -4.25 
vt 2.5 -4.25 
vt 6.125 -4.275 
vt 2.5 -4.275 
vt 6.125 -4.25 
vt 2.5 -4.25 
vt 6.125 -5.775 
vt 2.5 -5.775 

usemtl Height8Mtl

f 6653/6653/6653 6654/6654/6654 6655/6655/6655 
f 6655/6655/6655 6654/6654/6654 6656/6656/6656 
f 6657/6657/6657 6658/6658/6658 6659/6659/6659 
f 6659/6659/6659 6658/6658/6658 6660/6660/6660 
f 6661/6661/6661 6662/6662/6662 6663/6663/6663 
f 6663/6663/6663 6662/6662/6662 6664/6664/6664 
f 6665/6665/6665 6666/6666/6666 6667/6667/6667 
f 6667/6667/6667 6666/6666/6666 6668/6668/6668 
f 6669/6669/6669 6670/6670/6670 6671/6671/6671 
f 6671/6671/6671 6670/6670/6670 6672/6672/6672 
f 6673/6673/6673 6674/6674/6674 6675/6675/6675 
f 6675/6675/6675 6674/6674/6674 6676/6676/6676 

g Height9

v -36.5792 15.855 -33.9811 
v -36.5792 15.855 -28.9811 
v -36.5792 12.655 -33.9811 
v -36.5792 12.655 -28.9811 
v -40.5792 15.855 -28.9811 
v -36.5792 15.855 -28.9811 
v -40.5792 15.855 -33.9811 
v -36.5792 15.855 -33.9811 
v -36.5792 15.855 -28.9811 
v -40.5792 15.855 -28.9811 
v -36.5792 12.655 -28.9811 
v -40.5792 12.655 -28.9811 
v -40.5792 15.855 -28.9811 
v -40.5792 15.855 -33.9811 
v -40.5792 12.655 -28.9811 
v -40.5792 12.655 -33.9811 
v -40.5792 12.655 -33.9811 
v -36.5792 12.655 -33.9811 
v -40.5792 12.655 -28.9811 
v -36.5792 12.655 -28.9811 
v -40.5792 15.855 -33.9811 
v -36.5792 15.855 -33.9811 
v -40.5792 12.655 -33.9811 
v -36.5792 12.655 -33.9811 

vn 1 0 0 
vn 1 0 0 
vn 1 0 0 
vn 1 0 0 
vn 0 1 0 
vn 0 1 0 
vn 0 1 0 
vn 0 1 0 
vn 0 0 1 
vn 0 0 1 
vn 0 0 1 
vn 0 0 1 
vn -1 0 0 
vn -1 0 0 
vn -1 0 0 
vn -1 0 0 
vn 0 -1 0 
vn 0 -1 0 
vn 0 -1 0 
vn 0 -1 0 
vn 0 0 -1 
vn 0 0 -1 
vn 0 0 -1 
vn 0 0 -1 

vt 1.875 -5.25 
vt 1.25 -5.25 
vt 1.875 -5.65 
vt 1.25 -5.65 
vt 1.75 -5.25 
vt 1.25 -5.25 
vt 1.75 -5.875 
vt 1.25 -5.875 
vt 1.75 -5.25 
vt 1.25 -5.25 
vt 1.75 -5.65 
vt 1.25 -5.65 
vt 1.875 -5.25 
vt 1.25 -5.25 
vt 1.875 -5.65 
vt 1.25 -5.65 
vt 1.75 -5.25 
vt 1.25 -5.25 
vt 1.75 -5.875 
vt 1.25 -5.875 
vt 1.75 -5.25 
vt 1.25 -5.25 
vt 1.75 -5.65 
vt 1.25 -5.65 

usemtl Height171Mtl

f 6677/6677/6677 6678/6678/6678 6679/6679/6679 
f 6679/6679/6679 6678/6678/6678 6680/6680/6680 
f 6681/6681/6681 6682/6682/6682 6683/6683/6683 
f 6683/6683/6683 6682/6682/6682 6684/6684/6684 
f 6685/6685/6685 6686/6686/6686 6687/6687/6687 
f 6687/6687/6687 6686/6686/6686 6688/6688/6688 
f 6689/6689/6689 6690/6690/6690 6691/6691/6691 
f 6691/6691/6691 6690/6690/6690 6692/6692/6692 
f 6693/6693/6693 6694/6694/6694 6695/6695/6695 
f 6695/6695/6695 6694/6694/6694 6696/6696/6696 
f 6697/6697/6697 6698/6698/6698 6699/6699/6699 
f 6699/6699/6699 6698/6698/6698 6700/6700/6700 

g Height10

v -35.5792 19.055 -29.9811 
v -40.5792 19.055 -29.9811 
v -35.5792 15.855 -29.9811 
v -40.5792 15.855 -29.9811 
v -40.5792 19.055 -33.9811 
v -40.5792 19.055 -29.9811 
v -35.5792 19.055 -33.9811 
v -35.5792 19.055 -29.9811 
v -40.5792 19.055 -29.9811 
v -40.5792 19.055 -33.9811 
v -40.5792 15.855 -29.9811 
v -40.5792 15.855 -33.9811 
v -40.5792 19.055 -33.9811 
v -35.5792 19.055 -33.9811 
v -40.5792 15.855 -33.9811 
v -35.5792 15.855 -33.9811 
v -35.5792 15.855 -33.9811 
v -35.5792 15.855 -29.9811 
v -40.5792 15.855 -33.9811 
v -40.5792 15.855 -29.9811 
v -35.5792 19.055 -33.9811 
v -35.5792 19.055 -29.9811 
v -35.5792 15.855 -33.9811 
v -35.5792 15.855 -29.9811 

vn 0 0 1 
vn 0 0 1 
vn 0 0 1 
vn 0 0 1 
vn 0 1 0 
vn 0 1 0 
vn 0 1 0 
vn 0 1 0 
vn -1 0 0 
vn -1 0 0 
vn -1 0 0 
vn -1 0 0 
vn 0 0 -1 
vn 0 0 -1 
vn 0 0 -1 
vn 0 0 -1 
vn 0 -1 0 
vn 0 -1 0 
vn 0 -1 0 
vn 0 -1 0 
vn 1 0 0 
vn 1 0 0 
vn 1 0 0 
vn 1 0 0 

vt 2.125 -2.5 
vt 1.5 -2.5 
vt 2.125 -2.9 
vt 1.5 -2.9 
vt 2 -2.5 
vt 1.5 -2.5 
vt 2 -3.125 
vt 1.5 -3.125 
vt 2 -2.5 
vt 1.5 -2.5 
vt 2 -2.9 
vt 1.5 -2.9 
vt 2.125 -2.5 
vt 1.5 -2.5 
vt 2.125 -2.9 
vt 1.5 -2.9 
vt 2 -2.5 
vt 1.5 -2.5 
vt 2 -3.125 
vt 1.5 -3.125 
vt 2 -2.5 
vt 1.5 -2.5 
vt 2 -2.9 
vt 1.5 -2.9 

usemtl Height171Mtl

f 6701/6701/6701 6702/6702/6702 6703/6703/6703 
f 6703/6703/6703 6702/6702/6702 6704/6704/6704 
f 6705/6705/6705 6706/6706/6706 6707/6707/6707 
f 6707/6707/6707 6706/6706/6706 6708/6708/6708 
f 6709/6709/6709 6710/6710/6710 6711/6711/6711 
f 6711/6711/6711 6710/6710/6710 6712/6712/6712 
f 6713/6713/6713 6714/6714/6714 6715/6715/6715 
f 6715/6715/6715 6714/6714/6714 6716/6716/6716 
f 6717/6717/6717 6718/6718/6718 6719/6719/6719 
f 6719/6719/6719 6718/6718/6718 6720/6720/6720 
f 6721/6721/6721 6722/6722/6722 6723/6723/6723 
f 6723/6723/6723 6722/6722/6722 6724/6724/6724 

g Height11

v -5.57919 12.455 -72.9811 
v -5.57919 12.455 -59.9811 
v -5.57919 0.0549974 -72.9811 
v -5.57919 0.0549974 -59.9811 
v -42.5792 12.455 -59.9811 
v -5.57919 12.455 -59.9811 
v -42.5792 12.455 -72.9811 
v -5.57919 12.455 -72.9811 
v -5.57919 12.455 -59.9811 
v -42.5792 12.455 -59.9811 
v -5.57919 0.0549974 -59.9811 
v -42.5792 0.0549974 -59.9811 
v -42.5792 12.455 -59.9811 
v -42.5792 12.455 -72.9811 
v -42.5792 0.0549974 -59.9811 
v -42.5792 0.0549974 -72.9811 
v -42.5792 0.0549974 -72.9811 
v -5.57919 0.0549974 -72.9811 
v -42.5792 0.0549974 -59.9811 
v -5.57919 0.0549974 -59.9811 
v -42.5792 12.455 -72.9811 
v -5.57919 12.455 -72.9811 
v -42.5792 0.0549974 -72.9811 
v -5.57919 0.0549974 -72.9811 

vn 1 0 0 
vn 1 0 0 
vn 1 0 0 
vn 1 0 0 
vn 0 1 0 
vn 0 1 0 
vn 0 1 0 
vn 0 1 0 
vn 0 0 1 
vn 0 0 1 
vn 0 0 1 
vn 0 0 1 
vn -1 0 0 
vn -1 0 0 
vn -1 0 0 
vn -1 0 0 
vn 0 -1 0 
vn 0 -1 0 
vn 0 -1 0 
vn 0 -1 0 
vn 0 0 -1 
vn 0 0 -1 
vn 0 0 -1 
vn 0 0 -1 

vt 5.875 -1 
vt 4.25 -1 
vt 5.875 -2.55 
vt 4.25 -2.55 
vt 8.875 -1 
vt 4.25 -1 
vt 8.875 -2.625 
vt 4.25 -2.625 
vt 8.875 -1 
vt 4.25 -1 
vt 8.875 -2.55 
vt 4.25 -2.55 
vt 5.875 -1 
vt 4.25 -1 
vt 5.875 -2.55 
vt 4.25 -2.55 
vt 8.875 -1 
vt 4.25 -1 
vt 8.875 -2.625 
vt 4.25 -2.625 
vt 8.875 -1 
vt 4.25 -1 
vt 8.875 -2.55 
vt 4.25 -2.55 

usemtl Height2Mtl

f 6725/6725/6725 6726/6726/6726 6727/6727/6727 
f 6727/6727/6727 6726/6726/6726 6728/6728/6728 
f 6729/6729/6729 6730/6730/6730 6731/6731/6731 
f 6731/6731/6731 6730/6730/6730 6732/6732/6732 
f 6733/6733/6733 6734/6734/6734 6735/6735/6735 
f 6735/6735/6735 6734/6734/6734 6736/6736/6736 
f 6737/6737/6737 6738/6738/6738 6739/6739/6739 
f 6739/6739/6739 6738/6738/6738 6740/6740/6740 
f 6741/6741/6741 6742/6742/6742 6743/6743/6743 
f 6743/6743/6743 6742/6742/6742 6744/6744/6744 
f 6745/6745/6745 6746/6746/6746 6747/6747/6747 
f 6747/6747/6747 6746/6746/6746 6748/6748/6748 

g Height12

v -121.579 16.055 -73.9811 
v 126.421 16.055 -73.9811 
v -121.579 0.0549965 -73.9811 
v 126.421 0.0549965 -73.9811 
v 126.421 16.055 -72.9811 
v 126.421 16.055 -73.9811 
v -121.579 16.055 -72.9811 
v -121.579 16.055 -73.9811 
v 126.421 16.055 -73.9811 
v 126.421 16.055 -72.9811 
v 126.421 0.0549965 -73.9811 
v 126.421 0.0549965 -72.9811 
v 126.421 16.055 -72.9811 
v -121.579 16.055 -72.9811 
v 126.421 0.0549965 -72.9811 
v -121.579 0.0549965 -72.9811 
v -121.579 0.0549965 -72.9811 
v -121.579 0.0549965 -73.9811 
v 126.421 0.0549965 -72.9811 
v 126.421 0.0549965 -73.9811 
v -121.579 16.055 -72.9811 
v -121.579 16.055 -73.9811 
v -121.579 0.0549965 -72.9811 
v -121.579 0.0549965 -73.9811 

vn 0 0 -1 
vn 0 0 -1 
vn 0 0 -1 
vn 0 0 -1 
vn 0 1 0 
vn 0 1 0 
vn 0 1 0 
vn 0 1 0 
vn 1 0 0 
vn 1 0 0 
vn 1 0 0 
vn 1 0 0 
vn 0 0 1 
vn 0 0 1 
vn 0 0 1 
vn 0 0 1 
vn 0 -1 0 
vn 0 -1 0 
vn 0 -1 0 
vn 0 -1 0 
vn -1 0 0 
vn -1 0 0 
vn -1 0 0 
vn -1 0 0 

vt 37.5 -2.5 
vt 6.5 -2.5 
vt 37.5 -4.5 
vt 6.5 -4.5 
vt 6.625 -2.5 
vt 6.5 -2.5 
vt 6.625 -33.5 
vt 6.5 -33.5 
vt 6.625 -2.5 
vt 6.5 -2.5 
vt 6.625 -4.5 
vt 6.5 -4.5 
vt 37.5 -2.5 
vt 6.5 -2.5 
vt 37.5 -4.5 
vt 6.5 -4.5 
vt 6.625 -2.5 
vt 6.5 -2.5 
vt 6.625 -33.5 
vt 6.5 -33.5 
vt 6.625 -2.5 
vt 6.5 -2.5 
vt 6.625 -4.5 
vt 6.5 -4.5 

usemtl Height1Mtl

f 6749/6749/6749 6750/6750/6750 6751/6751/6751 
f 6751/6751/6751 6750/6750/6750 6752/6752/6752 
f 6753/6753/6753 6754/6754/6754 6755/6755/6755 
f 6755/6755/6755 6754/6754/6754 6756/6756/6756 
f 6757/6757/6757 6758/6758/6758 6759/6759/6759 
f 6759/6759/6759 6758/6758/6758 6760/6760/6760 
f 6761/6761/6761 6762/6762/6762 6763/6763/6763 
f 6763/6763/6763 6762/6762/6762 6764/6764/6764 
f 6765/6765/6765 6766/6766/6766 6767/6767/6767 
f 6767/6767/6767 6766/6766/6766 6768/6768/6768 
f 6769/6769/6769 6770/6770/6770 6771/6771/6771 
f 6771/6771/6771 6770/6770/6770 6772/6772/6772 

g Height13

v 13.4208 12.455 -59.7811 
v 13.4208 12.455 -60.9811 
v 13.4208 0.254996 -59.7811 
v 13.4208 0.254996 -60.9811 
v 50.4208 12.455 -60.9811 
v 13.4208 12.455 -60.9811 
v 50.4208 12.455 -59.7811 
v 13.4208 12.455 -59.7811 
v 13.4208 12.455 -60.9811 
v 50.4208 12.455 -60.9811 
v 13.4208 0.254996 -60.9811 
v 50.4208 0.254996 -60.9811 
v 50.4208 12.455 -60.9811 
v 50.4208 12.455 -59.7811 
v 50.4208 0.254996 -60.9811 
v 50.4208 0.254996 -59.7811 
v 50.4208 0.254996 -59.7811 
v 13.4208 0.254996 -59.7811 
v 50.4208 0.254996 -60.9811 
v 13.4208 0.254996 -60.9811 
v 50.4208 12.455 -59.7811 
v 13.4208 12.455 -59.7811 
v 50.4208 0.254996 -59.7811 
v 13.4208 0.254996 -59.7811 

vn -1 0 0 
vn -1 0 0 
vn -1 0 0 
vn -1 0 0 
vn 0 1 0 
vn 0 1 0 
vn 0 1 0 
vn 0 1 0 
vn 0 0 -1 
vn 0 0 -1 
vn 0 0 -1 
vn 0 0 -1 
vn 1 0 0 
vn 1 0 0 
vn 1 0 0 
vn 1 0 0 
vn 0 -1 0 
vn 0 -1 0 
vn 0 -1 0 
vn 0 -1 0 
vn 0 0 1 
vn 0 0 1 
vn 0 0 1 
vn 0 0 1 

vt 7.4 -4 
vt 7.25 -4 
vt 7.4 -5.525 
vt 7.25 -5.525 
vt 11.875 -4 
vt 7.25 -4 
vt 11.875 -4.15 
vt 7.25 -4.15 
vt 11.875 -4 
vt 7.25 -4 
vt 11.875 -5.525 
vt 7.25 -5.525 
vt 7.4 -4 
vt 7.25 -4 
vt 7.4 -5.525 
vt 7.25 -5.525 
vt 11.875 -4 
vt 7.25 -4 
vt 11.875 -4.15 
vt 7.25 -4.15 
vt 11.875 -4 
vt 7.25 -4 
vt 11.875 -5.525 
vt 7.25 -5.525 

usemtl Height8Mtl

f 6773/6773/6773 6774/6774/6774 6775/6775/6775 
f 6775/6775/6775 6774/6774/6774 6776/6776/6776 
f 6777/6777/6777 6778/6778/6778 6779/6779/6779 
f 6779/6779/6779 6778/6778/6778 6780/6780/6780 
f 6781/6781/6781 6782/6782/6782 6783/6783/6783 
f 6783/6783/6783 6782/6782/6782 6784/6784/6784 
f 6785/6785/6785 6786/6786/6786 6787/6787/6787 
f 6787/6787/6787 6786/6786/6786 6788/6788/6788 
f 6789/6789/6789 6790/6790/6790 6791/6791/6791 
f 6791/6791/6791 6790/6790/6790 6792/6792/6792 
f 6793/6793/6793 6794/6794/6794 6795/6795/6795 
f 6795/6795/6795 6794/6794/6794 6796/6796/6796 

g Height14

v -14.5792 12.455 -48.9811 
v -14.5792 12.455 -35.9811 
v -14.5792 0.0549974 -48.9811 
v -14.5792 0.0549974 -35.9811 
v -51.5792 12.455 -35.9811 
v -14.5792 12.455 -35.9811 
v -51.5792 12.455 -48.9811 
v -14.5792 12.455 -48.9811 
v -14.5792 12.455 -35.9811 
v -51.5792 12.455 -35.9811 
v -14.5792 0.0549974 -35.9811 
v -51.5792 0.0549974 -35.9811 
v -51.5792 12.455 -35.9811 
v -51.5792 12.455 -48.9811 
v -51.5792 0.0549974 -35.9811 
v -51.5792 0.0549974 -48.9811 
v -51.5792 0.0549974 -48.9811 
v -14.5792 0.0549974 -48.9811 
v -51.5792 0.0549974 -35.9811 
v -14.5792 0.0549974 -35.9811 
v -51.5792 12.455 -48.9811 
v -14.5792 12.455 -48.9811 
v -51.5792 0.0549974 -48.9811 
v -14.5792 0.0549974 -48.9811 

vn 1 0 0 
vn 1 0 0 
vn 1 0 0 
vn 1 0 0 
vn 0 1 0 
vn 0 1 0 
vn 0 1 0 
vn 0 1 0 
vn 0 0 1 
vn 0 0 1 
vn 0 0 1 
vn 0 0 1 
vn -1 0 0 
vn -1 0 0 
vn -1 0 0 
vn -1 0 0 
vn 0 -1 0 
vn 0 -1 0 
vn 0 -1 0 
vn 0 -1 0 
vn 0 0 -1 
vn 0 0 -1 
vn 0 0 -1 
vn 0 0 -1 

vt 9.375 -6.75 
vt 7.75 -6.75 
vt 9.375 -8.3 
vt 7.75 -8.3 
vt 12.375 -6.75 
vt 7.75 -6.75 
vt 12.375 -8.375 
vt 7.75 -8.375 
vt 12.375 -6.75 
vt 7.75 -6.75 
vt 12.375 -8.3 
vt 7.75 -8.3 
vt 9.375 -6.75 
vt 7.75 -6.75 
vt 9.375 -8.3 
vt 7.75 -8.3 
vt 12.375 -6.75 
vt 7.75 -6.75 
vt 12.375 -8.375 
vt 7.75 -8.375 
vt 12.375 -6.75 
vt 7.75 -6.75 
vt 12.375 -8.3 
vt 7.75 -8.3 

usemtl Height7Mtl

f 6797/6797/6797 6798/6798/6798 6799/6799/6799 
f 6799/6799/6799 6798/6798/6798 6800/6800/6800 
f 6801/6801/6801 6802/6802/6802 6803/6803/6803 
f 6803/6803/6803 6802/6802/6802 6804/6804/6804 
f 6805/6805/6805 6806/6806/6806 6807/6807/6807 
f 6807/6807/6807 6806/6806/6806 6808/6808/6808 
f 6809/6809/6809 6810/6810/6810 6811/6811/6811 
f 6811/6811/6811 6810/6810/6810 6812/6812/6812 
f 6813/6813/6813 6814/6814/6814 6815/6815/6815 
f 6815/6815/6815 6814/6814/6814 6816/6816/6816 
f 6817/6817/6817 6818/6818/6818 6819/6819/6819 
f 6819/6819/6819 6818/6818/6818 6820/6820/6820 

g Height15

v -47.5792 25.055 -22.9811 
v -47.5792 25.055 -35.9811 
v -47.5792 24.855 -22.9811 
v -47.5792 24.855 -35.9811 
v -10.5792 25.055 -35.9811 
v -47.5792 25.055 -35.9811 
v -10.5792 25.055 -22.9811 
v -47.5792 25.055 -22.9811 
v -47.5792 25.055 -35.9811 
v -10.5792 25.055 -35.9811 
v -47.5792 24.855 -35.9811 
v -10.5792 24.855 -35.9811 
v -10.5792 25.055 -35.9811 
v -10.5792 25.055 -22.9811 
v -10.5792 24.855 -35.9811 
v -10.5792 24.855 -22.9811 
v -10.5792 24.855 -22.9811 
v -47.5792 24.855 -22.9811 
v -10.5792 24.855 -35.9811 
v -47.5792 24.855 -35.9811 
v -10.5792 25.055 -22.9811 
v -47.5792 25.055 -22.9811 
v -10.5792 24.855 -22.9811 
v -47.5792 24.855 -22.9811 

vn -1 0 0 
vn -1 0 0 
vn -1 0 0 
vn -1 0 0 
vn 0 1 0 
vn 0 1 0 
vn 0 1 0 
vn 0 1 0 
vn 0 0 -1 
vn 0 0 -1 
vn 0 0 -1 
vn 0 0 -1 
vn 1 0 0 
vn 1 0 0 
vn 1 0 0 
vn 1 0 0 
vn 0 -1 0 
vn 0 -1 0 
vn 0 -1 0 
vn 0 -1 0 
vn 0 0 1 
vn 0 0 1 
vn 0 0 1 
vn 0 0 1 

vt 6.625 -4.75 
vt 5 -4.75 
vt 6.625 -4.775 
vt 5 -4.775 
vt 9.625 -4.75 
vt 5 -4.75 
vt 9.625 -6.375 
vt 5 -6.375 
vt 9.625 -4.75 
vt 5 -4.75 
vt 9.625 -4.775 
vt 5 -4.775 
vt 6.625 -4.75 
vt 5 -4.75 
vt 6.625 -4.775 
vt 5 -4.775 
vt 9.625 -4.75 
vt 5 -4.75 
vt 9.625 -6.375 
vt 5 -6.375 
vt 9.625 -4.75 
vt 5 -4.75 
vt 9.625 -4.775 
vt 5 -4.775 

usemtl Height15Mtl

f 6821/6821/6821 6822/6822/6822 6823/6823/6823 
f 6823/6823/6823 6822/6822/6822 6824/6824/6824 
f 6825/6825/6825 6826/6826/6826 6827/6827/6827 
f 6827/6827/6827 6826/6826/6826 6828/6828/6828 
f 6829/6829/6829 6830/6830/6830 6831/6831/6831 
f 6831/6831/6831 6830/6830/6830 6832/6832/6832 
f 6833/6833/6833 6834/6834/6834 6835/6835/6835 
f 6835/6835/6835 6834/6834/6834 6836/6836/6836 
f 6837/6837/6837 6838/6838/6838 6839/6839/6839 
f 6839/6839/6839 6838/6838/6838 6840/6840/6840 
f 6841/6841/6841 6842/6842/6842 6843/6843/6843 
f 6843/6843/6843 6842/6842/6842 6844/6844/6844 

g Height16

v -47.5792 24.855 -34.7811 
v -47.5792 24.855 -35.9811 
v -47.5792 12.655 -34.7811 
v -47.5792 12.655 -35.9811 
v -10.5792 24.855 -35.9811 
v -47.5792 24.855 -35.9811 
v -10.5792 24.855 -34.7811 
v -47.5792 24.855 -34.7811 
v -47.5792 24.855 -35.9811 
v -10.5792 24.855 -35.9811 
v -47.5792 12.655 -35.9811 
v -10.5792 12.655 -35.9811 
v -10.5792 24.855 -35.9811 
v -10.5792 24.855 -34.7811 
v -10.5792 12.655 -35.9811 
v -10.5792 12.655 -34.7811 
v -10.5792 12.655 -34.7811 
v -47.5792 12.655 -34.7811 
v -10.5792 12.655 -35.9811 
v -47.5792 12.655 -35.9811 
v -10.5792 24.855 -34.7811 
v -47.5792 24.855 -34.7811 
v -10.5792 12.655 -34.7811 
v -47.5792 12.655 -34.7811 

vn -1 0 0 
vn -1 0 0 
vn -1 0 0 
vn -1 0 0 
vn 0 1 0 
vn 0 1 0 
vn 0 1 0 
vn 0 1 0 
vn 0 0 -1 
vn 0 0 -1 
vn 0 0 -1 
vn 0 0 -1 
vn 1 0 0 
vn 1 0 0 
vn 1 0 0 
vn 1 0 0 
vn 0 -1 0 
vn 0 -1 0 
vn 0 -1 0 
vn 0 -1 0 
vn 0 0 1 
vn 0 0 1 
vn 0 0 1 
vn 0 0 1 

vt 7.9 -3.75 
vt 7.75 -3.75 
vt 7.9 -5.275 
vt 7.75 -5.275 
vt 12.375 -3.75 
vt 7.75 -3.75 
vt 12.375 -3.9 
vt 7.75 -3.9 
vt 12.375 -3.75 
vt 7.75 -3.75 
vt 12.375 -5.275 
vt 7.75 -5.275 
vt 7.9 -3.75 
vt 7.75 -3.75 
vt 7.9 -5.275 
vt 7.75 -5.275 
vt 12.375 -3.75 
vt 7.75 -3.75 
vt 12.375 -3.9 
vt 7.75 -3.9 
vt 12.375 -3.75 
vt 7.75 -3.75 
vt 12.375 -5.275 
vt 7.75 -5.275 

usemtl Height15Mtl

f 6845/6845/6845 6846/6846/6846 6847/6847/6847 
f 6847/6847/6847 6846/6846/6846 6848/6848/6848 
f 6849/6849/6849 6850/6850/6850 6851/6851/6851 
f 6851/6851/6851 6850/6850/6850 6852/6852/6852 
f 6853/6853/6853 6854/6854/6854 6855/6855/6855 
f 6855/6855/6855 6854/6854/6854 6856/6856/6856 
f 6857/6857/6857 6858/6858/6858 6859/6859/6859 
f 6859/6859/6859 6858/6858/6858 6860/6860/6860 
f 6861/6861/6861 6862/6862/6862 6863/6863/6863 
f 6863/6863/6863 6862/6862/6862 6864/6864/6864 
f 6865/6865/6865 6866/6866/6866 6867/6867/6867 
f 6867/6867/6867 6866/6866/6866 6868/6868/6868 

g Height17

v -25.5792 24.855 -35.9811 
v -38.5792 24.855 -35.9811 
v -25.5792 12.455 -35.9811 
v -38.5792 12.455 -35.9811 
v -38.5792 24.855 -72.9811 
v -38.5792 24.855 -35.9811 
v -25.5792 24.855 -72.9811 
v -25.5792 24.855 -35.9811 
v -38.5792 24.855 -35.9811 
v -38.5792 24.855 -72.9811 
v -38.5792 12.455 -35.9811 
v -38.5792 12.455 -72.9811 
v -38.5792 24.855 -72.9811 
v -25.5792 24.855 -72.9811 
v -38.5792 12.455 -72.9811 
v -25.5792 12.455 -72.9811 
v -25.5792 12.455 -72.9811 
v -25.5792 12.455 -35.9811 
v -38.5792 12.455 -72.9811 
v -38.5792 12.455 -35.9811 
v -25.5792 24.855 -72.9811 
v -25.5792 24.855 -35.9811 
v -25.5792 12.455 -72.9811 
v -25.5792 12.455 -35.9811 

vn 0 0 1 
vn 0 0 1 
vn 0 0 1 
vn 0 0 1 
vn 0 1 0 
vn 0 1 0 
vn 0 1 0 
vn 0 1 0 
vn -1 0 0 
vn -1 0 0 
vn -1 0 0 
vn -1 0 0 
vn 0 0 -1 
vn 0 0 -1 
vn 0 0 -1 
vn 0 0 -1 
vn 0 -1 0 
vn 0 -1 0 
vn 0 -1 0 
vn 0 -1 0 
vn 1 0 0 
vn 1 0 0 
vn 1 0 0 
vn 1 0 0 

vt 3.625 -4.5 
vt 2 -4.5 
vt 3.625 -6.05 
vt 2 -6.05 
vt 6.625 -4.5 
vt 2 -4.5 
vt 6.625 -6.125 
vt 2 -6.125 
vt 6.625 -4.5 
vt 2 -4.5 
vt 6.625 -6.05 
vt 2 -6.05 
vt 3.625 -4.5 
vt 2 -4.5 
vt 3.625 -6.05 
vt 2 -6.05 
vt 6.625 -4.5 
vt 2 -4.5 
vt 6.625 -6.125 
vt 2 -6.125 
vt 6.625 -4.5 
vt 2 -4.5 
vt 6.625 -6.05 
vt 2 -6.05 

usemtl Height8Mtl

f 6869/6869/6869 6870/6870/6870 6871/6871/6871 
f 6871/6871/6871 6870/6870/6870 6872/6872/6872 
f 6873/6873/6873 6874/6874/6874 6875/6875/6875 
f 6875/6875/6875 6874/6874/6874 6876/6876/6876 
f 6877/6877/6877 6878/6878/6878 6879/6879/6879 
f 6879/6879/6879 6878/6878/6878 6880/6880/6880 
f 6881/6881/6881 6882/6882/6882 6883/6883/6883 
f 6883/6883/6883 6882/6882/6882 6884/6884/6884 
f 6885/6885/6885 6886/6886/6886 6887/6887/6887 
f 6887/6887/6887 6886/6886/6886 6888/6888/6888 
f 6889/6889/6889 6890/6890/6890 6891/6891/6891 
f 6891/6891/6891 6890/6890/6890 6892/6892/6892 

g Height18

v -47.5792 24.855 -22.7811 
v -47.5792 24.855 -23.9811 
v -47.5792 12.655 -22.7811 
v -47.5792 12.655 -23.9811 
v -10.5792 24.855 -23.9811 
v -47.5792 24.855 -23.9811 
v -10.5792 24.855 -22.7811 
v -47.5792 24.855 -22.7811 
v -47.5792 24.855 -23.9811 
v -10.5792 24.855 -23.9811 
v -47.5792 12.655 -23.9811 
v -10.5792 12.655 -23.9811 
v -10.5792 24.855 -23.9811 
v -10.5792 24.855 -22.7811 
v -10.5792 12.655 -23.9811 
v -10.5792 12.655 -22.7811 
v -10.5792 12.655 -22.7811 
v -47.5792 12.655 -22.7811 
v -10.5792 12.655 -23.9811 
v -47.5792 12.655 -23.9811 
v -10.5792 24.855 -22.7811 
v -47.5792 24.855 -22.7811 
v -10.5792 12.655 -22.7811 
v -47.5792 12.655 -22.7811 

vn -1 0 0 
vn -1 0 0 
vn -1 0 0 
vn -1 0 0 
vn 0 1 0 
vn 0 1 0 
vn 0 1 0 
vn 0 1 0 
vn 0 0 -1 
vn 0 0 -1 
vn 0 0 -1 
vn 0 0 -1 
vn 1 0 0 
vn 1 0 0 
vn 1 0 0 
vn 1 0 0 
vn 0 -1 0 
vn 0 -1 0 
vn 0 -1 0 
vn 0 -1 0 
vn 0 0 1 
vn 0 0 1 
vn 0 0 1 
vn 0 0 1 

vt 7.65 -3 
vt 7.5 -3 
vt 7.65 -4.525 
vt 7.5 -4.525 
vt 12.125 -3 
vt 7.5 -3 
vt 12.125 -3.15 
vt 7.5 -3.15 
vt 12.125 -3 
vt 7.5 -3 
vt 12.125 -4.525 
vt 7.5 -4.525 
vt 7.65 -3 
vt 7.5 -3 
vt 7.65 -4.525 
vt 7.5 -4.525 
vt 12.125 -3 
vt 7.5 -3 
vt 12.125 -3.15 
vt 7.5 -3.15 
vt 12.125 -3 
vt 7.5 -3 
vt 12.125 -4.525 
vt 7.5 -4.525 

usemtl Height15Mtl

f 6893/6893/6893 6894/6894/6894 6895/6895/6895 
f 6895/6895/6895 6894/6894/6894 6896/6896/6896 
f 6897/6897/6897 6898/6898/6898 6899/6899/6899 
f 6899/6899/6899 6898/6898/6898 6900/6900/6900 
f 6901/6901/6901 6902/6902/6902 6903/6903/6903 
f 6903/6903/6903 6902/6902/6902 6904/6904/6904 
f 6905/6905/6905 6906/6906/6906 6907/6907/6907 
f 6907/6907/6907 6906/6906/6906 6908/6908/6908 
f 6909/6909/6909 6910/6910/6910 6911/6911/6911 
f 6911/6911/6911 6910/6910/6910 6912/6912/6912 
f 6913/6913/6913 6914/6914/6914 6915/6915/6915 
f 6915/6915/6915 6914/6914/6914 6916/6916/6916 

g Height19

v -80.7792 12.255 38.0189 
v -80.5792 12.255 38.0189 
v -80.7792 0.054997 38.0189 
v -80.5792 0.054997 38.0189 
v -80.5792 12.255 75.0189 
v -80.5792 12.255 38.0189 
v -80.7792 12.255 75.0189 
v -80.7792 12.255 38.0189 
v -80.5792 12.255 38.0189 
v -80.5792 12.255 75.0189 
v -80.5792 0.054997 38.0189 
v -80.5792 0.054997 75.0189 
v -80.5792 12.255 75.0189 
v -80.7792 12.255 75.0189 
v -80.5792 0.054997 75.0189 
v -80.7792 0.054997 75.0189 
v -80.7792 0.054997 75.0189 
v -80.7792 0.054997 38.0189 
v -80.5792 0.054997 75.0189 
v -80.5792 0.054997 38.0189 
v -80.7792 12.255 75.0189 
v -80.7792 12.255 38.0189 
v -80.7792 0.054997 75.0189 
v -80.7792 0.054997 38.0189 

vn 0 0 -1 
vn 0 0 -1 
vn 0 0 -1 
vn 0 0 -1 
vn 0 1 0 
vn 0 1 0 
vn 0 1 0 
vn 0 1 0 
vn 1 0 0 
vn 1 0 0 
vn 1 0 0 
vn 1 0 0 
vn 0 0 1 
vn 0 0 1 
vn 0 0 1 
vn 0 0 1 
vn 0 -1 0 
vn 0 -1 0 
vn 0 -1 0 
vn 0 -1 0 
vn -1 0 0 
vn -1 0 0 
vn -1 0 0 
vn -1 0 0 

vt 5.275 -2.25 
vt 5.25 -2.25 
vt 5.275 -3.775 
vt 5.25 -3.775 
vt 9.875 -2.25 
vt 5.25 -2.25 
vt 9.875 -2.275 
vt 5.25 -2.275 
vt 9.875 -2.25 
vt 5.25 -2.25 
vt 9.875 -3.775 
vt 5.25 -3.775 
vt 5.275 -2.25 
vt 5.25 -2.25 
vt 5.275 -3.775 
vt 5.25 -3.775 
vt 9.875 -2.25 
vt 5.25 -2.25 
vt 9.875 -2.275 
vt 5.25 -2.275 
vt 9.875 -2.25 
vt 5.25 -2.25 
vt 9.875 -3.775 
vt 5.25 -3.775 

usemtl Height7Mtl

f 6917/6917/6917 6918/6918/6918 6919/6919/6919 
f 6919/6919/6919 6918/6918/6918 6920/6920/6920 
f 6921/6921/6921 6922/6922/6922 6923/6923/6923 
f 6923/6923/6923 6922/6922/6922 6924/6924/6924 
f 6925/6925/6925 6926/6926/6926 6927/6927/6927 
f 6927/6927/6927 6926/6926/6926 6928/6928/6928 
f 6929/6929/6929 6930/6930/6930 6931/6931/6931 
f 6931/6931/6931 6930/6930/6930 6932/6932/6932 
f 6933/6933/6933 6934/6934/6934 6935/6935/6935 
f 6935/6935/6935 6934/6934/6934 6936/6936/6936 
f 6937/6937/6937 6938/6938/6938 6939/6939/6939 
f 6939/6939/6939 6938/6938/6938 6940/6940/6940 

g Height20

v 13.4208 12.455 -47.7811 
v 13.4208 12.455 -48.9811 
v 13.4208 0.254996 -47.7811 
v 13.4208 0.254996 -48.9811 
v 50.4208 12.455 -48.9811 
v 13.4208 12.455 -48.9811 
v 50.4208 12.455 -47.7811 
v 13.4208 12.455 -47.7811 
v 13.4208 12.455 -48.9811 
v 50.4208 12.455 -48.9811 
v 13.4208 0.254996 -48.9811 
v 50.4208 0.254996 -48.9811 
v 50.4208 12.455 -48.9811 
v 50.4208 12.455 -47.7811 
v 50.4208 0.254996 -48.9811 
v 50.4208 0.254996 -47.7811 
v 50.4208 0.254996 -47.7811 
v 13.4208 0.254996 -47.7811 
v 50.4208 0.254996 -48.9811 
v 13.4208 0.254996 -48.9811 
v 50.4208 12.455 -47.7811 
v 13.4208 12.455 -47.7811 
v 50.4208 0.254996 -47.7811 
v 13.4208 0.254996 -47.7811 

vn -1 0 0 
vn -1 0 0 
vn -1 0 0 
vn -1 0 0 
vn 0 1 0 
vn 0 1 0 
vn 0 1 0 
vn 0 1 0 
vn 0 0 -1 
vn 0 0 -1 
vn 0 0 -1 
vn 0 0 -1 
vn 1 0 0 
vn 1 0 0 
vn 1 0 0 
vn 1 0 0 
vn 0 -1 0 
vn 0 -1 0 
vn 0 -1 0 
vn 0 -1 0 
vn 0 0 1 
vn 0 0 1 
vn 0 0 1 
vn 0 0 1 

vt 2.9 -1.5 
vt 2.75 -1.5 
vt 2.9 -3.025 
vt 2.75 -3.025 
vt 7.375 -1.5 
vt 2.75 -1.5 
vt 7.375 -1.65 
vt 2.75 -1.65 
vt 7.375 -1.5 
vt 2.75 -1.5 
vt 7.375 -3.025 
vt 2.75 -3.025 
vt 2.9 -1.5 
vt 2.75 -1.5 
vt 2.9 -3.025 
vt 2.75 -3.025 
vt 7.375 -1.5 
vt 2.75 -1.5 
vt 7.375 -1.65 
vt 2.75 -1.65 
vt 7.375 -1.5 
vt 2.75 -1.5 
vt 7.375 -3.025 
vt 2.75 -3.025 

usemtl Height8Mtl

f 6941/6941/6941 6942/6942/6942 6943/6943/6943 
f 6943/6943/6943 6942/6942/6942 6944/6944/6944 
f 6945/6945/6945 6946/6946/6946 6947/6947/6947 
f 6947/6947/6947 6946/6946/6946 6948/6948/6948 
f 6949/6949/6949 6950/6950/6950 6951/6951/6951 
f 6951/6951/6951 6950/6950/6950 6952/6952/6952 
f 6953/6953/6953 6954/6954/6954 6955/6955/6955 
f 6955/6955/6955 6954/6954/6954 6956/6956/6956 
f 6957/6957/6957 6958/6958/6958 6959/6959/6959 
f 6959/6959/6959 6958/6958/6958 6960/6960/6960 
f 6961/6961/6961 6962/6962/6962 6963/6963/6963 
f 6963/6963/6963 6962/6962/6962 6964/6964/6964 

g Height21

v -121.579 16.055 75.0189 
v 126.421 16.055 75.0189 
v -121.579 0.0549965 75.0189 
v 126.421 0.0549965 75.0189 
v 126.421 16.055 76.0189 
v 126.421 16.055 75.0189 
v -121.579 16.055 76.0189 
v -121.579 16.055 75.0189 
v 126.421 16.055 75.0189 
v 126.421 16.055 76.0189 
v 126.421 0.0549965 75.0189 
v 126.421 0.0549965 76.0189 
v 126.421 16.055 76.0189 
v -121.579 16.055 76.0189 
v 126.421 0.0549965 76.0189 
v -121.579 0.0549965 76.0189 
v -121.579 0.0549965 76.0189 
v -121.579 0.0549965 75.0189 
v 126.421 0.0549965 76.0189 
v 126.421 0.0549965 75.0189 
v -121.579 16.055 76.0189 
v -121.579 16.055 75.0189 
v -121.579 0.0549965 76.0189 
v -121.579 0.0549965 75.0189 

vn 0 0 -1 
vn 0 0 -1 
vn 0 0 -1 
vn 0 0 -1 
vn 0 1 0 
vn 0 1 0 
vn 0 1 0 
vn 0 1 0 
vn 1 0 0 
vn 1 0 0 
vn 1 0 0 
vn 1 0 0 
vn 0 0 1 
vn 0 0 1 
vn 0 0 1 
vn 0 0 1 
vn 0 -1 0 
vn 0 -1 0 
vn 0 -1 0 
vn 0 -1 0 
vn -1 0 0 
vn -1 0 0 
vn -1 0 0 
vn -1 0 0 

vt 34.75 -4 
vt 3.75 -4 
vt 34.75 -6 
vt 3.75 -6 
vt 3.875 -4 
vt 3.75 -4 
vt 3.875 -35 
vt 3.75 -35 
vt 3.875 -4 
vt 3.75 -4 
vt 3.875 -6 
vt 3.75 -6 
vt 34.75 -4 
vt 3.75 -4 
vt 34.75 -6 
vt 3.75 -6 
vt 3.875 -4 
vt 3.75 -4 
vt 3.875 -35 
vt 3.75 -35 
vt 3.875 -4 
vt 3.75 -4 
vt 3.875 -6 
vt 3.75 -6 

usemtl Height1Mtl

f 6965/6965/6965 6966/6966/6966 6967/6967/6967 
f 6967/6967/6967 6966/6966/6966 6968/6968/6968 
f 6969/6969/6969 6970/6970/6970 6971/6971/6971 
f 6971/6971/6971 6970/6970/6970 6972/6972/6972 
f 6973/6973/6973 6974/6974/6974 6975/6975/6975 
f 6975/6975/6975 6974/6974/6974 6976/6976/6976 
f 6977/6977/6977 6978/6978/6978 6979/6979/6979 
f 6979/6979/6979 6978/6978/6978 6980/6980/6980 
f 6981/6981/6981 6982/6982/6982 6983/6983/6983 
f 6983/6983/6983 6982/6982/6982 6984/6984/6984 
f 6985/6985/6985 6986/6986/6986 6987/6987/6987 
f 6987/6987/6987 6986/6986/6986 6988/6988/6988 

g Height22

v 85.6208 12.255 -35.9811 
v 85.4208 12.255 -35.9811 
v 85.6208 0.054997 -35.9811 
v 85.4208 0.054997 -35.9811 
v 85.4208 12.255 -72.9811 
v 85.4208 12.255 -35.9811 
v 85.6208 12.255 -72.9811 
v 85.6208 12.255 -35.9811 
v 85.4208 12.255 -35.9811 
v 85.4208 12.255 -72.9811 
v 85.4208 0.054997 -35.9811 
v 85.4208 0.054997 -72.9811 
v 85.4208 12.255 -72.9811 
v 85.6208 12.255 -72.9811 
v 85.4208 0.054997 -72.9811 
v 85.6208 0.054997 -72.9811 
v 85.6208 0.054997 -72.9811 
v 85.6208 0.054997 -35.9811 
v 85.4208 0.054997 -72.9811 
v 85.4208 0.054997 -35.9811 
v 85.6208 12.255 -72.9811 
v 85.6208 12.255 -35.9811 
v 85.6208 0.054997 -72.9811 
v 85.6208 0.054997 -35.9811 

vn 0 0 1 
vn 0 0 1 
vn 0 0 1 
vn 0 0 1 
vn 0 1 0 
vn 0 1 0 
vn 0 1 0 
vn 0 1 0 
vn -1 0 0 
vn -1 0 0 
vn -1 0 0 
vn -1 0 0 
vn 0 0 -1 
vn 0 0 -1 
vn 0 0 -1 
vn 0 0 -1 
vn 0 -1 0 
vn 0 -1 0 
vn 0 -1 0 
vn 0 -1 0 
vn 1 0 0 
vn 1 0 0 
vn 1 0 0 
vn 1 0 0 

vt 4.525 -1 
vt 4.5 -1 
vt 4.525 -2.525 
vt 4.5 -2.525 
vt 9.125 -1 
vt 4.5 -1 
vt 9.125 -1.025 
vt 4.5 -1.025 
vt 9.125 -1 
vt 4.5 -1 
vt 9.125 -2.525 
vt 4.5 -2.525 
vt 4.525 -1 
vt 4.5 -1 
vt 4.525 -2.525 
vt 4.5 -2.525 
vt 9.125 -1 
vt 4.5 -1 
vt 9.125 -1.025 
vt 4.5 -1.025 
vt 9.125 -1 
vt 4.5 -1 
vt 9.125 -2.525 
vt 4.5 -2.525 

usemtl Height2Mtl

f 6989/6989/6989 6990/6990/6990 6991/6991/6991 
f 6991/6991/6991 6990/6990/6990 6992/6992/6992 
f 6993/6993/6993 6994/6994/6994 6995/6995/6995 
f 6995/6995/6995 6994/6994/6994 6996/6996/6996 
f 6997/6997/6997 6998/6998/6998 6999/6999/6999 
f 6999/6999/6999 6998/6998/6998 7000/7000/7000 
f 7001/7001/7001 7002/7002/7002 7003/7003/7003 
f 7003/7003/7003 7002/7002/7002 7004/7004/7004 
f 7005/7005/7005 7006/7006/7006 7007/7007/7007 
f 7007/7007/7007 7006/7006/7006 7008/7008/7008 
f 7009/7009/7009 7010/7010/7010 7011/7011/7011 
f 7011/7011/7011 7010/7010/7010 7012/7012/7012 

g Height23

v 80.6208 12.455 -35.9811 
v 79.4208 12.455 -35.9811 
v 80.6208 0.254996 -35.9811 
v 79.4208 0.254996 -35.9811 
v 79.4208 12.455 -72.9811 
v 79.4208 12.455 -35.9811 
v 80.6208 12.455 -72.9811 
v 80.6208 12.455 -35.9811 
v 79.4208 12.455 -35.9811 
v 79.4208 12.455 -72.9811 
v 79.4208 0.254996 -35.9811 
v 79.4208 0.254996 -72.9811 
v 79.4208 12.455 -72.9811 
v 80.6208 12.455 -72.9811 
v 79.4208 0.254996 -72.9811 
v 80.6208 0.254996 -72.9811 
v 80.6208 0.254996 -72.9811 
v 80.6208 0.254996 -35.9811 
v 79.4208 0.254996 -72.9811 
v 79.4208 0.254996 -35.9811 
v 80.6208 12.455 -72.9811 
v 80.6208 12.455 -35.9811 
v 80.6208 0.254996 -72.9811 
v 80.6208 0.254996 -35.9811 

vn 0 0 1 
vn 0 0 1 
vn 0 0 1 
vn 0 0 1 
vn 0 1 0 
vn 0 1 0 
vn 0 1 0 
vn 0 1 0 
vn -1 0 0 
vn -1 0 0 
vn -1 0 0 
vn -1 0 0 
vn 0 0 -1 
vn 0 0 -1 
vn 0 0 -1 
vn 0 0 -1 
vn 0 -1 0 
vn 0 -1 0 
vn 0 -1 0 
vn 0 -1 0 
vn 1 0 0 
vn 1 0 0 
vn 1 0 0 
vn 1 0 0 

vt 7.65 -1.25 
vt 7.5 -1.25 
vt 7.65 -2.775 
vt 7.5 -2.775 
vt 12.125 -1.25 
vt 7.5 -1.25 
vt 12.125 -1.4 
vt 7.5 -1.4 
vt 12.125 -1.25 
vt 7.5 -1.25 
vt 12.125 -2.775 
vt 7.5 -2.775 
vt 7.65 -1.25 
vt 7.5 -1.25 
vt 7.65 -2.775 
vt 7.5 -2.775 
vt 12.125 -1.25 
vt 7.5 -1.25 
vt 12.125 -1.4 
vt 7.5 -1.4 
vt 12.125 -1.25 
vt 7.5 -1.25 
vt 12.125 -2.775 
vt 7.5 -2.775 

usemtl Height23Mtl

f 7013/7013/7013 7014/7014/7014 7015/7015/7015 
f 7015/7015/7015 7014/7014/7014 7016/7016/7016 
f 7017/7017/7017 7018/7018/7018 7019/7019/7019 
f 7019/7019/7019 7018/7018/7018 7020/7020/7020 
f 7021/7021/7021 7022/7022/7022 7023/7023/7023 
f 7023/7023/7023 7022/7022/7022 7024/7024/7024 
f 7025/7025/7025 7026/7026/7026 7027/7027/7027 
f 7027/7027/7027 7026/7026/7026 7028/7028/7028 
f 7029/7029/7029 7030/7030/7030 7031/7031/7031 
f 7031/7031/7031 7030/7030/7030 7032/7032/7032 
f 7033/7033/7033 7034/7034/7034 7035/7035/7035 
f 7035/7035/7035 7034/7034/7034 7036/7036/7036 

g Height24

v -20.9792 15.355 -24.381 
v -20.9792 15.355 -27.981 
v -25.5792 15.355 -24.381 
v -25.5792 15.355 -27.981 
v -20.9792 13.155 -27.981 
v -20.9792 15.355 -27.981 
v -20.9792 13.155 -24.381 
v -20.9792 15.355 -24.381 
v -20.9792 15.355 -27.981 
v -20.9792 13.155 -27.981 
v -25.5792 15.355 -27.981 
v -25.5792 13.155 -27.981 
v -20.9792 13.155 -27.981 
v -20.9792 13.155 -24.381 
v -25.5792 13.155 -27.981 
v -25.5792 13.155 -24.381 
v -25.5792 13.155 -24.381 
v -25.5792 15.355 -24.381 
v -25.5792 13.155 -27.981 
v -25.5792 15.355 -27.981 
v -20.9792 13.155 -24.381 
v -20.9792 15.355 -24.381 
v -25.5792 13.155 -24.381 
v -25.5792 15.355 -24.381 

vn 0 1 0 
vn 0 1 0 
vn 0 1 0 
vn 0 1 0 
vn 1 0 0 
vn 1 0 0 
vn 1 0 0 
vn 1 0 0 
vn 0 0 -1 
vn 0 0 -1 
vn 0 0 -1 
vn 0 0 -1 
vn 0 -1 0 
vn 0 -1 0 
vn 0 -1 0 
vn 0 -1 0 
vn -1 0 0 
vn -1 0 0 
vn -1 0 0 
vn -1 0 0 
vn 0 0 1 
vn 0 0 1 
vn 0 0 1 
vn 0 0 1 

vt 7.2 -3.5 
vt 6.75 -3.5 
vt 7.2 -4.075 
vt 6.75 -4.075 
vt 7.025 -3.5 
vt 6.75 -3.5 
vt 7.025 -3.95 
vt 6.75 -3.95 
vt 7.025 -3.5 
vt 6.75 -3.5 
vt 7.025 -4.075 
vt 6.75 -4.075 
vt 7.2 -3.5 
vt 6.75 -3.5 
vt 7.2 -4.075 
vt 6.75 -4.075 
vt 7.025 -3.5 
vt 6.75 -3.5 
vt 7.025 -3.95 
vt 6.75 -3.95 
vt 7.025 -3.5 
vt 6.75 -3.5 
vt 7.025 -4.075 
vt 6.75 -4.075 

usemtl Height24Mtl

f 7037/7037/7037 7038/7038/7038 7039/7039/7039 
f 7039/7039/7039 7038/7038/7038 7040/7040/7040 
f 7041/7041/7041 7042/7042/7042 7043/7043/7043 
f 7043/7043/7043 7042/7042/7042 7044/7044/7044 
f 7045/7045/7045 7046/7046/7046 7047/7047/7047 
f 7047/7047/7047 7046/7046/7046 7048/7048/7048 
f 7049/7049/7049 7050/7050/7050 7051/7051/7051 
f 7051/7051/7051 7050/7050/7050 7052/7052/7052 
f 7053/7053/7053 7054/7054/7054 7055/7055/7055 
f 7055/7055/7055 7054/7054/7054 7056/7056/7056 
f 7057/7057/7057 7058/7058/7058 7059/7059/7059 
f 7059/7059/7059 7058/7058/7058 7060/7060/7060 

g Height25

v 68.6208 12.455 -35.9811 
v 67.4208 12.455 -35.9811 
v 68.6208 0.254996 -35.9811 
v 67.4208 0.254996 -35.9811 
v 67.4208 12.455 -72.9811 
v 67.4208 12.455 -35.9811 
v 68.6208 12.455 -72.9811 
v 68.6208 12.455 -35.9811 
v 67.4208 12.455 -35.9811 
v 67.4208 12.455 -72.9811 
v 67.4208 0.254996 -35.9811 
v 67.4208 0.254996 -72.9811 
v 67.4208 12.455 -72.9811 
v 68.6208 12.455 -72.9811 
v 67.4208 0.254996 -72.9811 
v 68.6208 0.254996 -72.9811 
v 68.6208 0.254996 -72.9811 
v 68.6208 0.254996 -35.9811 
v 67.4208 0.254996 -72.9811 
v 67.4208 0.254996 -35.9811 
v 68.6208 12.455 -72.9811 
v 68.6208 12.455 -35.9811 
v 68.6208 0.254996 -72.9811 
v 68.6208 0.254996 -35.9811 

vn 0 0 1 
vn 0 0 1 
vn 0 0 1 
vn 0 0 1 
vn 0 1 0 
vn 0 1 0 
vn 0 1 0 
vn 0 1 0 
vn -1 0 0 
vn -1 0 0 
vn -1 0 0 
vn -1 0 0 
vn 0 0 -1 
vn 0 0 -1 
vn 0 0 -1 
vn 0 0 -1 
vn 0 -1 0 
vn 0 -1 0 
vn 0 -1 0 
vn 0 -1 0 
vn 1 0 0 
vn 1 0 0 
vn 1 0 0 
vn 1 0 0 

vt 4.15 -1.75 
vt 4 -1.75 
vt 4.15 -3.275 
vt 4 -3.275 
vt 8.625 -1.75 
vt 4 -1.75 
vt 8.625 -1.9 
vt 4 -1.9 
vt 8.625 -1.75 
vt 4 -1.75 
vt 8.625 -3.275 
vt 4 -3.275 
vt 4.15 -1.75 
vt 4 -1.75 
vt 4.15 -3.275 
vt 4 -3.275 
vt 8.625 -1.75 
vt 4 -1.75 
vt 8.625 -1.9 
vt 4 -1.9 
vt 8.625 -1.75 
vt 4 -1.75 
vt 8.625 -3.275 
vt 4 -3.275 

usemtl Height23Mtl

f 7061/7061/7061 7062/7062/7062 7063/7063/7063 
f 7063/7063/7063 7062/7062/7062 7064/7064/7064 
f 7065/7065/7065 7066/7066/7066 7067/7067/7067 
f 7067/7067/7067 7066/7066/7066 7068/7068/7068 
f 7069/7069/7069 7070/7070/7070 7071/7071/7071 
f 7071/7071/7071 7070/7070/7070 7072/7072/7072 
f 7073/7073/7073 7074/7074/7074 7075/7075/7075 
f 7075/7075/7075 7074/7074/7074 7076/7076/7076 
f 7077/7077/7077 7078/7078/7078 7079/7079/7079 
f 7079/7079/7079 7078/7078/7078 7080/7080/7080 
f 7081/7081/7081 7082/7082/7082 7083/7083/7083 
f 7083/7083/7083 7082/7082/7082 7084/7084/7084 

g Height26

v -24.6993 18.5554 -27.981 
v -24.6993 18.5554 -24.381 
v -20.0993 18.5554 -27.981 
v -20.0993 18.5554 -24.381 
v -24.6993 16.3554 -24.381 
v -24.6993 18.5554 -24.381 
v -24.6993 16.3554 -27.981 
v -24.6993 18.5554 -27.981 
v -24.6993 18.5554 -24.381 
v -24.6993 16.3554 -24.381 
v -20.0993 18.5554 -24.381 
v -20.0993 16.3554 -24.381 
v -24.6993 16.3554 -24.381 
v -24.6993 16.3554 -27.981 
v -20.0993 16.3554 -24.381 
v -20.0993 16.3554 -27.981 
v -20.0993 16.3554 -27.981 
v -20.0993 18.5554 -27.981 
v -20.0993 16.3554 -24.381 
v -20.0993 18.5554 -24.381 
v -24.6993 16.3554 -27.981 
v -24.6993 18.5554 -27.981 
v -20.0993 16.3554 -27.981 
v -20.0993 18.5554 -27.981 

vn 0 1 0 
vn 0 1 0 
vn 0 1 0 
vn 0 1 0 
vn -1 0 0 
vn -1 0 0 
vn -1 0 0 
vn -1 0 0 
vn 0 0 1 
vn 0 0 1 
vn 0 0 1 
vn 0 0 1 
vn 0 -1 0 
vn 0 -1 0 
vn 0 -1 0 
vn 0 -1 0 
vn 1 0 0 
vn 1 0 0 
vn 1 0 0 
vn 1 0 0 
vn 0 0 -1 
vn 0 0 -1 
vn 0 0 -1 
vn 0 0 -1 

vt 6.7 -0.75 
vt 6.25 -0.75 
vt 6.7 -1.325 
vt 6.25 -1.325 
vt 6.525 -0.75 
vt 6.25 -0.75 
vt 6.525 -1.2 
vt 6.25 -1.2 
vt 6.525 -0.75 
vt 6.25 -0.75 
vt 6.525 -1.325 
vt 6.25 -1.325 
vt 6.7 -0.75 
vt 6.25 -0.75 
vt 6.7 -1.325 
vt 6.25 -1.325 
vt 6.525 -0.75 
vt 6.25 -0.75 
vt 6.525 -1.2 
vt 6.25 -1.2 
vt 6.525 -0.75 
vt 6.25 -0.75 
vt 6.525 -1.325 
vt 6.25 -1.325 

usemtl Height24Mtl

f 7085/7085/7085 7086/7086/7086 7087/7087/7087 
f 7087/7087/7087 7086/7086/7086 7088/7088/7088 
f 7089/7089/7089 7090/7090/7090 7091/7091/7091 
f 7091/7091/7091 7090/7090/7090 7092/7092/7092 
f 7093/7093/7093 7094/7094/7094 7095/7095/7095 
f 7095/7095/7095 7094/7094/7094 7096/7096/7096 
f 7097/7097/7097 7098/7098/7098 7099/7099/7099 
f 7099/7099/7099 7098/7098/7098 7100/7100/7100 
f 7101/7101/7101 7102/7102/7102 7103/7103/7103 
f 7103/7103/7103 7102/7102/7102 7104/7104/7104 
f 7105/7105/7105 7106/7106/7106 7107/7107/7107 
f 7107/7107/7107 7106/7106/7106 7108/7108/7108 

g Height27

v 13.4208 12.655 -47.9811 
v 13.4208 12.655 -60.9811 
v 13.4208 12.455 -47.9811 
v 13.4208 12.455 -60.9811 
v 50.4208 12.655 -60.9811 
v 13.4208 12.655 -60.9811 
v 50.4208 12.655 -47.9811 
v 13.4208 12.655 -47.9811 
v 13.4208 12.655 -60.9811 
v 50.4208 12.655 -60.9811 
v 13.4208 12.455 -60.9811 
v 50.4208 12.455 -60.9811 
v 50.4208 12.655 -60.9811 
v 50.4208 12.655 -47.9811 
v 50.4208 12.455 -60.9811 
v 50.4208 12.455 -47.9811 
v 50.4208 12.455 -47.9811 
v 13.4208 12.455 -47.9811 
v 50.4208 12.455 -60.9811 
v 13.4208 12.455 -60.9811 
v 50.4208 12.655 -47.9811 
v 13.4208 12.655 -47.9811 
v 50.4208 12.455 -47.9811 
v 13.4208 12.455 -47.9811 

vn -1 0 0 
vn -1 0 0 
vn -1 0 0 
vn -1 0 0 
vn 0 1 0 
vn 0 1 0 
vn 0 1 0 
vn 0 1 0 
vn 0 0 -1 
vn 0 0 -1 
vn 0 0 -1 
vn 0 0 -1 
vn 1 0 0 
vn 1 0 0 
vn 1 0 0 
vn 1 0 0 
vn 0 -1 0 
vn 0 -1 0 
vn 0 -1 0 
vn 0 -1 0 
vn 0 0 1 
vn 0 0 1 
vn 0 0 1 
vn 0 0 1 

vt 5.875 -5.25 
vt 4.25 -5.25 
vt 5.875 -5.275 
vt 4.25 -5.275 
vt 8.875 -5.25 
vt 4.25 -5.25 
vt 8.875 -6.875 
vt 4.25 -6.875 
vt 8.875 -5.25 
vt 4.25 -5.25 
vt 8.875 -5.275 
vt 4.25 -5.275 
vt 5.875 -5.25 
vt 4.25 -5.25 
vt 5.875 -5.275 
vt 4.25 -5.275 
vt 8.875 -5.25 
vt 4.25 -5.25 
vt 8.875 -6.875 
vt 4.25 -6.875 
vt 8.875 -5.25 
vt 4.25 -5.25 
vt 8.875 -5.275 
vt 4.25 -5.275 

usemtl Height8Mtl

f 7109/7109/7109 7110/7110/7110 7111/7111/7111 
f 7111/7111/7111 7110/7110/7110 7112/7112/7112 
f 7113/7113/7113 7114/7114/7114 7115/7115/7115 
f 7115/7115/7115 7114/7114/7114 7116/7116/7116 
f 7117/7117/7117 7118/7118/7118 7119/7119/7119 
f 7119/7119/7119 7118/7118/7118 7120/7120/7120 
f 7121/7121/7121 7122/7122/7122 7123/7123/7123 
f 7123/7123/7123 7122/7122/7122 7124/7124/7124 
f 7125/7125/7125 7126/7126/7126 7127/7127/7127 
f 7127/7127/7127 7126/7126/7126 7128/7128/7128 
f 7129/7129/7129 7130/7130/7130 7131/7131/7131 
f 7131/7131/7131 7130/7130/7130 7132/7132/7132 

g Height28

v 84.2208 12.455 -72.9811 
v 126.421 12.455 -72.9811 
v 84.2208 12.255 -72.9811 
v 126.421 12.255 -72.9811 
v 126.421 12.455 -34.9811 
v 126.421 12.455 -72.9811 
v 84.2208 12.455 -34.9811 
v 84.2208 12.455 -72.9811 
v 126.421 12.455 -72.9811 
v 126.421 12.455 -34.9811 
v 126.421 12.255 -72.9811 
v 126.421 12.255 -34.9811 
v 126.421 12.455 -34.9811 
v 84.2208 12.455 -34.9811 
v 126.421 12.255 -34.9811 
v 84.2208 12.255 -34.9811 
v 84.2208 12.255 -34.9811 
v 84.2208 12.255 -72.9811 
v 126.421 12.255 -34.9811 
v 126.421 12.255 -72.9811 
v 84.2208 12.455 -34.9811 
v 84.2208 12.455 -72.9811 
v 84.2208 12.255 -34.9811 
v 84.2208 12.255 -72.9811 

vn 0 0 -1 
vn 0 0 -1 
vn 0 0 -1 
vn 0 0 -1 
vn 0 1 0 
vn 0 1 0 
vn 0 1 0 
vn 0 1 0 
vn 1 0 0 
vn 1 0 0 
vn 1 0 0 
vn 1 0 0 
vn 0 0 1 
vn 0 0 1 
vn 0 0 1 
vn 0 0 1 
vn 0 -1 0 
vn 0 -1 0 
vn 0 -1 0 
vn 0 -1 0 
vn -1 0 0 
vn -1 0 0 
vn -1 0 0 
vn -1 0 0 

vt 6.275 0.75 
vt 1 0.75 
vt 6.275 0.725 
vt 1 0.725 
vt 5.75 0.75 
vt 1 0.75 
vt 5.75 -4.525 
vt 1 -4.525 
vt 5.75 0.75 
vt 1 0.75 
vt 5.75 0.725 
vt 1 0.725 
vt 6.275 0.75 
vt 1 0.75 
vt 6.275 0.725 
vt 1 0.725 
vt 5.75 0.75 
vt 1 0.75 
vt 5.75 -4.525 
vt 1 -4.525 
vt 5.75 0.75 
vt 1 0.75 
vt 5.75 0.725 
vt 1 0.725 

usemtl Height2Mtl

f 7133/7133/7133 7134/7134/7134 7135/7135/7135 
f 7135/7135/7135 7134/7134/7134 7136/7136/7136 
f 7137/7137/7137 7138/7138/7138 7139/7139/7139 
f 7139/7139/7139 7138/7138/7138 7140/7140/7140 
f 7141/7141/7141 7142/7142/7142 7143/7143/7143 
f 7143/7143/7143 7142/7142/7142 7144/7144/7144 
f 7145/7145/7145 7146/7146/7146 7147/7147/7147 
f 7147/7147/7147 7146/7146/7146 7148/7148/7148 
f 7149/7149/7149 7150/7150/7150 7151/7151/7151 
f 7151/7151/7151 7150/7150/7150 7152/7152/7152 
f 7153/7153/7153 7154/7154/7154 7155/7155/7155 
f 7155/7155/7155 7154/7154/7154 7156/7156/7156 

g Height29

v 13.4208 0.254999 -47.9811 
v 13.4208 0.254999 -60.9811 
v 13.4208 0.0549988 -47.9811 
v 13.4208 0.0549988 -60.9811 
v 50.4208 0.254999 -60.9811 
v 13.4208 0.254999 -60.9811 
v 50.4208 0.254999 -47.9811 
v 13.4208 0.254999 -47.9811 
v 13.4208 0.254999 -60.9811 
v 50.4208 0.254999 -60.9811 
v 13.4208 0.0549988 -60.9811 
v 50.4208 0.0549988 -60.9811 
v 50.4208 0.254999 -60.9811 
v 50.4208 0.254999 -47.9811 
v 50.4208 0.0549988 -60.9811 
v 50.4208 0.0549988 -47.9811 
v 50.4208 0.0549988 -47.9811 
v 13.4208 0.0549988 -47.9811 
v 50.4208 0.0549988 -60.9811 
v 13.4208 0.0549988 -60.9811 
v 50.4208 0.254999 -47.9811 
v 13.4208 0.254999 -47.9811 
v 50.4208 0.0549988 -47.9811 
v 13.4208 0.0549988 -47.9811 

vn -1 0 0 
vn -1 0 0 
vn -1 0 0 
vn -1 0 0 
vn 0 1 0 
vn 0 1 0 
vn 0 1 0 
vn 0 1 0 
vn 0 0 -1 
vn 0 0 -1 
vn 0 0 -1 
vn 0 0 -1 
vn 1 0 0 
vn 1 0 0 
vn 1 0 0 
vn 1 0 0 
vn 0 -1 0 
vn 0 -1 0 
vn 0 -1 0 
vn 0 -1 0 
vn 0 0 1 
vn 0 0 1 
vn 0 0 1 
vn 0 0 1 

vt 3.875 1 
vt 2.25 1 
vt 3.875 0.975 
vt 2.25 0.975 
vt 6.875 1 
vt 2.25 1 
vt 6.875 -0.625 
vt 2.25 -0.625 
vt 6.875 1 
vt 2.25 1 
vt 6.875 0.975 
vt 2.25 0.975 
vt 3.875 1 
vt 2.25 1 
vt 3.875 0.975 
vt 2.25 0.975 
vt 6.875 1 
vt 2.25 1 
vt 6.875 -0.625 
vt 2.25 -0.625 
vt 6.875 1 
vt 2.25 1 
vt 6.875 0.975 
vt 2.25 0.975 

usemtl Height8Mtl

f 7157/7157/7157 7158/7158/7158 7159/7159/7159 
f 7159/7159/7159 7158/7158/7158 7160/7160/7160 
f 7161/7161/7161 7162/7162/7162 7163/7163/7163 
f 7163/7163/7163 7162/7162/7162 7164/7164/7164 
f 7165/7165/7165 7166/7166/7166 7167/7167/7167 
f 7167/7167/7167 7166/7166/7166 7168/7168/7168 
f 7169/7169/7169 7170/7170/7170 7171/7171/7171 
f 7171/7171/7171 7170/7170/7170 7172/7172/7172 
f 7173/7173/7173 7174/7174/7174 7175/7175/7175 
f 7175/7175/7175 7174/7174/7174 7176/7176/7176 
f 7177/7177/7177 7178/7178/7178 7179/7179/7179 
f 7179/7179/7179 7178/7178/7178 7180/7180/7180 

g Height30

v -25.6392 15.8557 -28.181 
v -25.6392 15.8557 -24.181 
v -25.6392 12.8557 -28.181 
v -25.6392 12.8557 -24.181 
v -25.8392 15.8557 -24.181 
v -25.6392 15.8557 -24.181 
v -25.8392 15.8557 -28.181 
v -25.6392 15.8557 -28.181 
v -25.6392 15.8557 -24.181 
v -25.8392 15.8557 -24.181 
v -25.6392 12.8557 -24.181 
v -25.8392 12.8557 -24.181 
v -25.8392 15.8557 -24.181 
v -25.8392 15.8557 -28.181 
v -25.8392 12.8557 -24.181 
v -25.8392 12.8557 -28.181 
v -25.8392 12.8557 -28.181 
v -25.6392 12.8557 -28.181 
v -25.8392 12.8557 -24.181 
v -25.6392 12.8557 -24.181 
v -25.8392 15.8557 -28.181 
v -25.6392 15.8557 -28.181 
v -25.8392 12.8557 -28.181 
v -25.6392 12.8557 -28.181 

vn 1 0 0 
vn 1 0 0 
vn 1 0 0 
vn 1 0 0 
vn 0 1 0 
vn 0 1 0 
vn 0 1 0 
vn 0 1 0 
vn 0 0 1 
vn 0 0 1 
vn 0 0 1 
vn 0 0 1 
vn -1 0 0 
vn -1 0 0 
vn -1 0 0 
vn -1 0 0 
vn 0 -1 0 
vn 0 -1 0 
vn 0 -1 0 
vn 0 -1 0 
vn 0 0 -1 
vn 0 0 -1 
vn 0 0 -1 
vn 0 0 -1 

vt 1 0.25 
vt 0.5 0.25 
vt 1 -0.125 
vt 0.5 -0.125 
vt 0.525 0.25 
vt 0.5 0.25 
vt 0.525 -0.25 
vt 0.5 -0.25 
vt 0.525 0.25 
vt 0.5 0.25 
vt 0.525 -0.125 
vt 0.5 -0.125 
vt 1 0.25 
vt 0.5 0.25 
vt 1 -0.125 
vt 0.5 -0.125 
vt 0.525 0.25 
vt 0.5 0.25 
vt 0.525 -0.25 
vt 0.5 -0.25 
vt 0.525 0.25 
vt 0.5 0.25 
vt 0.525 -0.125 
vt 0.5 -0.125 

usemtl Height171Mtl

f 7181/7181/7181 7182/7182/7182 7183/7183/7183 
f 7183/7183/7183 7182/7182/7182 7184/7184/7184 
f 7185/7185/7185 7186/7186/7186 7187/7187/7187 
f 7187/7187/7187 7186/7186/7186 7188/7188/7188 
f 7189/7189/7189 7190/7190/7190 7191/7191/7191 
f 7191/7191/7191 7190/7190/7190 7192/7192/7192 
f 7193/7193/7193 7194/7194/7194 7195/7195/7195 
f 7195/7195/7195 7194/7194/7194 7196/7196/7196 
f 7197/7197/7197 7198/7198/7198 7199/7199/7199 
f 7199/7199/7199 7198/7198/7198 7200/7200/7200 
f 7201/7201/7201 7202/7202/7202 7203/7203/7203 
f 7203/7203/7203 7202/7202/7202 7204/7204/7204 

g Height31

v -20.8392 12.8554 -24.181 
v -25.8392 12.8554 -24.181 
v -20.8392 12.6554 -24.181 
v -25.8392 12.6554 -24.181 
v -25.8392 12.8554 -28.181 
v -25.8392 12.8554 -24.181 
v -20.8392 12.8554 -28.181 
v -20.8392 12.8554 -24.181 
v -25.8392 12.8554 -24.181 
v -25.8392 12.8554 -28.181 
v -25.8392 12.6554 -24.181 
v -25.8392 12.6554 -28.181 
v -25.8392 12.8554 -28.181 
v -20.8392 12.8554 -28.181 
v -25.8392 12.6554 -28.181 
v -20.8392 12.6554 -28.181 
v -20.8392 12.6554 -28.181 
v -20.8392 12.6554 -24.181 
v -25.8392 12.6554 -28.181 
v -25.8392 12.6554 -24.181 
v -20.8392 12.8554 -28.181 
v -20.8392 12.8554 -24.181 
v -20.8392 12.6554 -28.181 
v -20.8392 12.6554 -24.181 

vn 0 0 1 
vn 0 0 1 
vn 0 0 1 
vn 0 0 1 
vn 0 1 0 
vn 0 1 0 
vn 0 1 0 
vn 0 1 0 
vn -1 0 0 
vn -1 0 0 
vn -1 0 0 
vn -1 0 0 
vn 0 0 -1 
vn 0 0 -1 
vn 0 0 -1 
vn 0 0 -1 
vn 0 -1 0 
vn 0 -1 0 
vn 0 -1 0 
vn 0 -1 0 
vn 1 0 0 
vn 1 0 0 
vn 1 0 0 
vn 1 0 0 

vt 1.375 -3.5 
vt 0.75 -3.5 
vt 1.375 -3.525 
vt 0.75 -3.525 
vt 1.25 -3.5 
vt 0.75 -3.5 
vt 1.25 -4.125 
vt 0.75 -4.125 
vt 1.25 -3.5 
vt 0.75 -3.5 
vt 1.25 -3.525 
vt 0.75 -3.525 
vt 1.375 -3.5 
vt 0.75 -3.5 
vt 1.375 -3.525 
vt 0.75 -3.525 
vt 1.25 -3.5 
vt 0.75 -3.5 
vt 1.25 -4.125 
vt 0.75 -4.125 
vt 1.25 -3.5 
vt 0.75 -3.5 
vt 1.25 -3.525 
vt 0.75 -3.525 

usemtl Height171Mtl

f 7205/7205/7205 7206/7206/7206 7207/7207/7207 
f 7207/7207/7207 7206/7206/7206 7208/7208/7208 
f 7209/7209/7209 7210/7210/7210 7211/7211/7211 
f 7211/7211/7211 7210/7210/7210 7212/7212/7212 
f 7213/7213/7213 7214/7214/7214 7215/7215/7215 
f 7215/7215/7215 7214/7214/7214 7216/7216/7216 
f 7217/7217/7217 7218/7218/7218 7219/7219/7219 
f 7219/7219/7219 7218/7218/7218 7220/7220/7220 
f 7221/7221/7221 7222/7222/7222 7223/7223/7223 
f 7223/7223/7223 7222/7222/7222 7224/7224/7224 
f 7225/7225/7225 7226/7226/7226 7227/7227/7227 
f 7227/7227/7227 7226/7226/7226 7228/7228/7228 

g Height32

v -25.8392 15.8554 -28.1812 
v -20.8392 15.8554 -28.1812 
v -25.8392 12.8554 -28.1812 
v -20.8392 12.8554 -28.1812 
v -20.8392 15.8554 -27.9812 
v -20.8392 15.8554 -28.1812 
v -25.8392 15.8554 -27.9812 
v -25.8392 15.8554 -28.1812 
v -20.8392 15.8554 -28.1812 
v -20.8392 15.8554 -27.9812 
v -20.8392 12.8554 -28.1812 
v -20.8392 12.8554 -27.9812 
v -20.8392 15.8554 -27.9812 
v -25.8392 15.8554 -27.9812 
v -20.8392 12.8554 -27.9812 
v -25.8392 12.8554 -27.9812 
v -25.8392 12.8554 -27.9812 
v -25.8392 12.8554 -28.1812 
v -20.8392 12.8554 -27.9812 
v -20.8392 12.8554 -28.1812 
v -25.8392 15.8554 -27.9812 
v -25.8392 15.8554 -28.1812 
v -25.8392 12.8554 -27.9812 
v -25.8392 12.8554 -28.1812 

vn 0 0 -1 
vn 0 0 -1 
vn 0 0 -1 
vn 0 0 -1 
vn 0 1 0 
vn 0 1 0 
vn 0 1 0 
vn 0 1 0 
vn 1 0 0 
vn 1 0 0 
vn 1 0 0 
vn 1 0 0 
vn 0 0 1 
vn 0 0 1 
vn 0 0 1 
vn 0 0 1 
vn 0 -1 0 
vn 0 -1 0 
vn 0 -1 0 
vn 0 -1 0 
vn -1 0 0 
vn -1 0 0 
vn -1 0 0 
vn -1 0 0 

vt 1.125 1 
vt 0.5 1 
vt 1.125 0.625 
vt 0.5 0.625 
vt 0.525 1 
vt 0.5 1 
vt 0.525 0.375 
vt 0.5 0.375 
vt 0.525 1 
vt 0.5 1 
vt 0.525 0.625 
vt 0.5 0.625 
vt 1.125 1 
vt 0.5 1 
vt 1.125 0.625 
vt 0.5 0.625 
vt 0.525 1 
vt 0.5 1 
vt 0.525 0.375 
vt 0.5 0.375 
vt 0.525 1 
vt 0.5 1 
vt 0.525 0.625 
vt 0.5 0.625 

usemtl Height171Mtl

f 7229/7229/7229 7230/7230/7230 7231/7231/7231 
f 7231/7231/7231 7230/7230/7230 7232/7232/7232 
f 7233/7233/7233 7234/7234/7234 7235/7235/7235 
f 7235/7235/7235 7234/7234/7234 7236/7236/7236 
f 7237/7237/7237 7238/7238/7238 7239/7239/7239 
f 7239/7239/7239 7238/7238/7238 7240/7240/7240 
f 7241/7241/7241 7242/7242/7242 7243/7243/7243 
f 7243/7243/7243 7242/7242/7242 7244/7244/7244 
f 7245/7245/7245 7246/7246/7246 7247/7247/7247 
f 7247/7247/7247 7246/7246/7246 7248/7248/7248 
f 7249/7249/7249 7250/7250/7250 7251/7251/7251 
f 7251/7251/7251 7250/7250/7250 7252/7252/7252 

g Height33

v -24.8392 19.0554 -28.1812 
v -19.8392 19.0554 -28.1812 
v -24.8392 16.0554 -28.1812 
v -19.8392 16.0554 -28.1812 
v -19.8392 19.0554 -27.9812 
v -19.8392 19.0554 -28.1812 
v -24.8392 19.0554 -27.9812 
v -24.8392 19.0554 -28.1812 
v -19.8392 19.0554 -28.1812 
v -19.8392 19.0554 -27.9812 
v -19.8392 16.0554 -28.1812 
v -19.8392 16.0554 -27.9812 
v -19.8392 19.0554 -27.9812 
v -24.8392 19.0554 -27.9812 
v -19.8392 16.0554 -27.9812 
v -24.8392 16.0554 -27.9812 
v -24.8392 16.0554 -27.9812 
v -24.8392 16.0554 -28.1812 
v -19.8392 16.0554 -27.9812 
v -19.8392 16.0554 -28.1812 
v -24.8392 19.0554 -27.9812 
v -24.8392 19.0554 -28.1812 
v -24.8392 16.0554 -27.9812 
v -24.8392 16.0554 -28.1812 

vn 0 0 -1 
vn 0 0 -1 
vn 0 0 -1 
vn 0 0 -1 
vn 0 1 0 
vn 0 1 0 
vn 0 1 0 
vn 0 1 0 
vn 1 0 0 
vn 1 0 0 
vn 1 0 0 
vn 1 0 0 
vn 0 0 1 
vn 0 0 1 
vn 0 0 1 
vn 0 0 1 
vn 0 -1 0 
vn 0 -1 0 
vn 0 -1 0 
vn 0 -1 0 
vn -1 0 0 
vn -1 0 0 
vn -1 0 0 
vn -1 0 0 

vt 1.125 -4.25 
vt 0.5 -4.25 
vt 1.125 -4.625 
vt 0.5 -4.625 
vt 0.525 -4.25 
vt 0.5 -4.25 
vt 0.525 -4.875 
vt 0.5 -4.875 
vt 0.525 -4.25 
vt 0.5 -4.25 
vt 0.525 -4.625 
vt 0.5 -4.625 
vt 1.125 -4.25 
vt 0.5 -4.25 
vt 1.125 -4.625 
vt 0.5 -4.625 
vt 0.525 -4.25 
vt 0.5 -4.25 
vt 0.525 -4.875 
vt 0.5 -4.875 
vt 0.525 -4.25 
vt 0.5 -4.25 
vt 0.525 -4.625 
vt 0.5 -4.625 

usemtl Height171Mtl

f 7253/7253/7253 7254/7254/7254 7255/7255/7255 
f 7255/7255/7255 7254/7254/7254 7256/7256/7256 
f 7257/7257/7257 7258/7258/7258 7259/7259/7259 
f 7259/7259/7259 7258/7258/7258 7260/7260/7260 
f 7261/7261/7261 7262/7262/7262 7263/7263/7263 
f 7263/7263/7263 7262/7262/7262 7264/7264/7264 
f 7265/7265/7265 7266/7266/7266 7267/7267/7267 
f 7267/7267/7267 7266/7266/7266 7268/7268/7268 
f 7269/7269/7269 7270/7270/7270 7271/7271/7271 
f 7271/7271/7271 7270/7270/7270 7272/7272/7272 
f 7273/7273/7273 7274/7274/7274 7275/7275/7275 
f 7275/7275/7275 7274/7274/7274 7276/7276/7276 

g Height34

v -10.5792 12.455 -35.9811 
v -10.5792 12.455 -22.9811 
v -10.5792 0.0549974 -35.9811 
v -10.5792 0.0549974 -22.9811 
v -47.5792 12.455 -22.9811 
v -10.5792 12.455 -22.9811 
v -47.5792 12.455 -35.9811 
v -10.5792 12.455 -35.9811 
v -10.5792 12.455 -22.9811 
v -47.5792 12.455 -22.9811 
v -10.5792 0.0549974 -22.9811 
v -47.5792 0.0549974 -22.9811 
v -47.5792 12.455 -22.9811 
v -47.5792 12.455 -35.9811 
v -47.5792 0.0549974 -22.9811 
v -47.5792 0.0549974 -35.9811 
v -47.5792 0.0549974 -35.9811 
v -10.5792 0.0549974 -35.9811 
v -47.5792 0.0549974 -22.9811 
v -10.5792 0.0549974 -22.9811 
v -47.5792 12.455 -35.9811 
v -10.5792 12.455 -35.9811 
v -47.5792 0.0549974 -35.9811 
v -10.5792 0.0549974 -35.9811 

vn 1 0 0 
vn 1 0 0 
vn 1 0 0 
vn 1 0 0 
vn 0 1 0 
vn 0 1 0 
vn 0 1 0 
vn 0 1 0 
vn 0 0 1 
vn 0 0 1 
vn 0 0 1 
vn 0 0 1 
vn -1 0 0 
vn -1 0 0 
vn -1 0 0 
vn -1 0 0 
vn 0 -1 0 
vn 0 -1 0 
vn 0 -1 0 
vn 0 -1 0 
vn 0 0 -1 
vn 0 0 -1 
vn 0 0 -1 
vn 0 0 -1 

vt 3.625 -4 
vt 2 -4 
vt 3.625 -5.55 
vt 2 -5.55 
vt 6.625 -4 
vt 2 -4 
vt 6.625 -5.625 
vt 2 -5.625 
vt 6.625 -4 
vt 2 -4 
vt 6.625 -5.55 
vt 2 -5.55 
vt 3.625 -4 
vt 2 -4 
vt 3.625 -5.55 
vt 2 -5.55 
vt 6.625 -4 
vt 2 -4 
vt 6.625 -5.625 
vt 2 -5.625 
vt 6.625 -4 
vt 2 -4 
vt 6.625 -5.55 
vt 2 -5.55 

usemtl Height8Mtl

f 7277/7277/7277 7278/7278/7278 7279/7279/7279 
f 7279/7279/7279 7278/7278/7278 7280/7280/7280 
f 7281/7281/7281 7282/7282/7282 7283/7283/7283 
f 7283/7283/7283 7282/7282/7282 7284/7284/7284 
f 7285/7285/7285 7286/7286/7286 7287/7287/7287 
f 7287/7287/7287 7286/7286/7286 7288/7288/7288 
f 7289/7289/7289 7290/7290/7290 7291/7291/7291 
f 7291/7291/7291 7290/7290/7290 7292/7292/7292 
f 7293/7293/7293 7294/7294/7294 7295/7295/7295 
f 7295/7295/7295 7294/7294/7294 7296/7296/7296 
f 7297/7297/7297 7298/7298/7298 7299/7299/7299 
f 7299/7299/7299 7298/7298/7298 7300/7300/7300 

g Height35

v 80.4208 12.655 -35.9811 
v 67.4208 12.655 -35.9811 
v 80.4208 12.455 -35.9811 
v 67.4208 12.455 -35.9811 
v 67.4208 12.655 -72.9811 
v 67.4208 12.655 -35.9811 
v 80.4208 12.655 -72.9811 
v 80.4208 12.655 -35.9811 
v 67.4208 12.655 -35.9811 
v 67.4208 12.655 -72.9811 
v 67.4208 12.455 -35.9811 
v 67.4208 12.455 -72.9811 
v 67.4208 12.655 -72.9811 
v 80.4208 12.655 -72.9811 
v 67.4208 12.455 -72.9811 
v 80.4208 12.455 -72.9811 
v 80.4208 12.455 -72.9811 
v 80.4208 12.455 -35.9811 
v 67.4208 12.455 -72.9811 
v 67.4208 12.455 -35.9811 
v 80.4208 12.655 -72.9811 
v 80.4208 12.655 -35.9811 
v 80.4208 12.455 -72.9811 
v 80.4208 12.455 -35.9811 

vn 0 0 1 
vn 0 0 1 
vn 0 0 1 
vn 0 0 1 
vn 0 1 0 
vn 0 1 0 
vn 0 1 0 
vn 0 1 0 
vn -1 0 0 
vn -1 0 0 
vn -1 0 0 
vn -1 0 0 
vn 0 0 -1 
vn 0 0 -1 
vn 0 0 -1 
vn 0 0 -1 
vn 0 -1 0 
vn 0 -1 0 
vn 0 -1 0 
vn 0 -1 0 
vn 1 0 0 
vn 1 0 0 
vn 1 0 0 
vn 1 0 0 

vt 6.875 -6.75 
vt 5.25 -6.75 
vt 6.875 -6.775 
vt 5.25 -6.775 
vt 9.875 -6.75 
vt 5.25 -6.75 
vt 9.875 -8.375 
vt 5.25 -8.375 
vt 9.875 -6.75 
vt 5.25 -6.75 
vt 9.875 -6.775 
vt 5.25 -6.775 
vt 6.875 -6.75 
vt 5.25 -6.75 
vt 6.875 -6.775 
vt 5.25 -6.775 
vt 9.875 -6.75 
vt 5.25 -6.75 
vt 9.875 -8.375 
vt 5.25 -8.375 
vt 9.875 -6.75 
vt 5.25 -6.75 
vt 9.875 -6.775 
vt 5.25 -6.775 

usemtl Height23Mtl

f 7301/7301/7301 7302/7302/7302 7303/7303/7303 
f 7303/7303/7303 7302/7302/7302 7304/7304/7304 
f 7305/7305/7305 7306/7306/7306 7307/7307/7307 
f 7307/7307/7307 7306/7306/7306 7308/7308/7308 
f 7309/7309/7309 7310/7310/7310 7311/7311/7311 
f 7311/7311/7311 7310/7310/7310 7312/7312/7312 
f 7313/7313/7313 7314/7314/7314 7315/7315/7315 
f 7315/7315/7315 7314/7314/7314 7316/7316/7316 
f 7317/7317/7317 7318/7318/7318 7319/7319/7319 
f 7319/7319/7319 7318/7318/7318 7320/7320/7320 
f 7321/7321/7321 7322/7322/7322 7323/7323/7323 
f 7323/7323/7323 7322/7322/7322 7324/7324/7324 

g Height36

v -47.5792 12.655 -22.9811 
v -47.5792 12.655 -35.9811 
v -47.5792 12.455 -22.9811 
v -47.5792 12.455 -35.9811 
v -10.5792 12.655 -35.9811 
v -47.5792 12.655 -35.9811 
v -10.5792 12.655 -22.9811 
v -47.5792 12.655 -22.9811 
v -47.5792 12.655 -35.9811 
v -10.5792 12.655 -35.9811 
v -47.5792 12.455 -35.9811 
v -10.5792 12.455 -35.9811 
v -10.5792 12.655 -35.9811 
v -10.5792 12.655 -22.9811 
v -10.5792 12.455 -35.9811 
v -10.5792 12.455 -22.9811 
v -10.5792 12.455 -22.9811 
v -47.5792 12.455 -22.9811 
v -10.5792 12.455 -35.9811 
v -47.5792 12.455 -35.9811 
v -10.5792 12.655 -22.9811 
v -47.5792 12.655 -22.9811 
v -10.5792 12.455 -22.9811 
v -47.5792 12.455 -22.9811 

vn -1 0 0 
vn -1 0 0 
vn -1 0 0 
vn -1 0 0 
vn 0 1 0 
vn 0 1 0 
vn 0 1 0 
vn 0 1 0 
vn 0 0 -1 
vn 0 0 -1 
vn 0 0 -1 
vn 0 0 -1 
vn 1 0 0 
vn 1 0 0 
vn 1 0 0 
vn 1 0 0 
vn 0 -1 0 
vn 0 -1 0 
vn 0 -1 0 
vn 0 -1 0 
vn 0 0 1 
vn 0 0 1 
vn 0 0 1 
vn 0 0 1 

vt 5.375 -1 
vt 3.75 -1 
vt 5.375 -1.025 
vt 3.75 -1.025 
vt 8.375 -1 
vt 3.75 -1 
vt 8.375 -2.625 
vt 3.75 -2.625 
vt 8.375 -1 
vt 3.75 -1 
vt 8.375 -1.025 
vt 3.75 -1.025 
vt 5.375 -1 
vt 3.75 -1 
vt 5.375 -1.025 
vt 3.75 -1.025 
vt 8.375 -1 
vt 3.75 -1 
vt 8.375 -2.625 
vt 3.75 -2.625 
vt 8.375 -1 
vt 3.75 -1 
vt 8.375 -1.025 
vt 3.75 -1.025 

usemtl Height15Mtl

f 7325/7325/7325 7326/7326/7326 7327/7327/7327 
f 7327/7327/7327 7326/7326/7326 7328/7328/7328 
f 7329/7329/7329 7330/7330/7330 7331/7331/7331 
f 7331/7331/7331 7330/7330/7330 7332/7332/7332 
f 7333/7333/7333 7334/7334/7334 7335/7335/7335 
f 7335/7335/7335 7334/7334/7334 7336/7336/7336 
f 7337/7337/7337 7338/7338/7338 7339/7339/7339 
f 7339/7339/7339 7338/7338/7338 7340/7340/7340 
f 7341/7341/7341 7342/7342/7342 7343/7343/7343 
f 7343/7343/7343 7342/7342/7342 7344/7344/7344 
f 7345/7345/7345 7346/7346/7346 7347/7347/7347 
f 7347/7347/7347 7346/7346/7346 7348/7348/7348 

g Height37

v 2.42081 19.2554 13.819 
v 2.42081 19.2554 8.81899 
v 2.42081 16.0554 13.819 
v 2.42081 16.0554 8.81899 
v 6.42081 19.2554 8.81899 
v 2.42081 19.2554 8.81899 
v 6.42081 19.2554 13.819 
v 2.42081 19.2554 13.819 
v 2.42081 19.2554 8.81899 
v 6.42081 19.2554 8.81899 
v 2.42081 16.0554 8.81899 
v 6.42081 16.0554 8.81899 
v 6.42081 19.2554 8.81899 
v 6.42081 19.2554 13.819 
v 6.42081 16.0554 8.81899 
v 6.42081 16.0554 13.819 
v 6.42081 16.0554 13.819 
v 2.42081 16.0554 13.819 
v 6.42081 16.0554 8.81899 
v 2.42081 16.0554 8.81899 
v 6.42081 19.2554 13.819 
v 2.42081 19.2554 13.819 
v 6.42081 16.0554 13.819 
v 2.42081 16.0554 13.819 

vn -1 0 0 
vn -1 0 0 
vn -1 0 0 
vn -1 0 0 
vn 0 1 0 
vn 0 1 0 
vn 0 1 0 
vn 0 1 0 
vn 0 0 -1 
vn 0 0 -1 
vn 0 0 -1 
vn 0 0 -1 
vn 1 0 0 
vn 1 0 0 
vn 1 0 0 
vn 1 0 0 
vn 0 -1 0 
vn 0 -1 0 
vn 0 -1 0 
vn 0 -1 0 
vn 0 0 1 
vn 0 0 1 
vn 0 0 1 
vn 0 0 1 

vt 8.375 -6.5 
vt 7.75 -6.5 
vt 8.375 -6.9 
vt 7.75 -6.9 
vt 8.25 -6.5 
vt 7.75 -6.5 
vt 8.25 -7.125 
vt 7.75 -7.125 
vt 8.25 -6.5 
vt 7.75 -6.5 
vt 8.25 -6.9 
vt 7.75 -6.9 
vt 8.375 -6.5 
vt 7.75 -6.5 
vt 8.375 -6.9 
vt 7.75 -6.9 
vt 8.25 -6.5 
vt 7.75 -6.5 
vt 8.25 -7.125 
vt 7.75 -7.125 
vt 8.25 -6.5 
vt 7.75 -6.5 
vt 8.25 -6.9 
vt 7.75 -6.9 

usemtl Height171Mtl

f 7349/7349/7349 7350/7350/7350 7351/7351/7351 
f 7351/7351/7351 7350/7350/7350 7352/7352/7352 
f 7353/7353/7353 7354/7354/7354 7355/7355/7355 
f 7355/7355/7355 7354/7354/7354 7356/7356/7356 
f 7357/7357/7357 7358/7358/7358 7359/7359/7359 
f 7359/7359/7359 7358/7358/7358 7360/7360/7360 
f 7361/7361/7361 7362/7362/7362 7363/7363/7363 
f 7363/7363/7363 7362/7362/7362 7364/7364/7364 
f 7365/7365/7365 7366/7366/7366 7367/7367/7367 
f 7367/7367/7367 7366/7366/7366 7368/7368/7368 
f 7369/7369/7369 7370/7370/7370 7371/7371/7371 
f 7371/7371/7371 7370/7370/7370 7372/7372/7372 

g Height38

v 9.42081 16.055 13.0189 
v 4.42081 16.055 13.0189 
v 9.42081 12.855 13.0189 
v 4.42081 12.855 13.0189 
v 4.42081 16.055 9.01894 
v 4.42081 16.055 13.0189 
v 9.42081 16.055 9.01894 
v 9.42081 16.055 13.0189 
v 4.42081 16.055 13.0189 
v 4.42081 16.055 9.01894 
v 4.42081 12.855 13.0189 
v 4.42081 12.855 9.01894 
v 4.42081 16.055 9.01894 
v 9.42081 16.055 9.01894 
v 4.42081 12.855 9.01894 
v 9.42081 12.855 9.01894 
v 9.42081 12.855 9.01894 
v 9.42081 12.855 13.0189 
v 4.42081 12.855 9.01894 
v 4.42081 12.855 13.0189 
v 9.42081 16.055 9.01894 
v 9.42081 16.055 13.0189 
v 9.42081 12.855 9.01894 
v 9.42081 12.855 13.0189 

vn 0 0 1 
vn 0 0 1 
vn 0 0 1 
vn 0 0 1 
vn 0 1 0 
vn 0 1 0 
vn 0 1 0 
vn 0 1 0 
vn -1 0 0 
vn -1 0 0 
vn -1 0 0 
vn -1 0 0 
vn 0 0 -1 
vn 0 0 -1 
vn 0 0 -1 
vn 0 0 -1 
vn 0 -1 0 
vn 0 -1 0 
vn 0 -1 0 
vn 0 -1 0 
vn 1 0 0 
vn 1 0 0 
vn 1 0 0 
vn 1 0 0 

vt 7.875 -6.5 
vt 7.25 -6.5 
vt 7.875 -6.9 
vt 7.25 -6.9 
vt 7.75 -6.5 
vt 7.25 -6.5 
vt 7.75 -7.125 
vt 7.25 -7.125 
vt 7.75 -6.5 
vt 7.25 -6.5 
vt 7.75 -6.9 
vt 7.25 -6.9 
vt 7.875 -6.5 
vt 7.25 -6.5 
vt 7.875 -6.9 
vt 7.25 -6.9 
vt 7.75 -6.5 
vt 7.25 -6.5 
vt 7.75 -7.125 
vt 7.25 -7.125 
vt 7.75 -6.5 
vt 7.25 -6.5 
vt 7.75 -6.9 
vt 7.25 -6.9 

usemtl Height171Mtl

f 7373/7373/7373 7374/7374/7374 7375/7375/7375 
f 7375/7375/7375 7374/7374/7374 7376/7376/7376 
f 7377/7377/7377 7378/7378/7378 7379/7379/7379 
f 7379/7379/7379 7378/7378/7378 7380/7380/7380 
f 7381/7381/7381 7382/7382/7382 7383/7383/7383 
f 7383/7383/7383 7382/7382/7382 7384/7384/7384 
f 7385/7385/7385 7386/7386/7386 7387/7387/7387 
f 7387/7387/7387 7386/7386/7386 7388/7388/7388 
f 7389/7389/7389 7390/7390/7390 7391/7391/7391 
f 7391/7391/7391 7390/7390/7390 7392/7392/7392 
f 7393/7393/7393 7394/7394/7394 7395/7395/7395 
f 7395/7395/7395 7394/7394/7394 7396/7396/7396 

g Height39

v 4.42081 16.0554 8.81899 
v 4.42081 16.0554 13.819 
v 4.42081 12.8554 8.81899 
v 4.42081 12.8554 13.819 
v 0.420807 16.0554 13.819 
v 4.42081 16.0554 13.819 
v 0.420807 16.0554 8.81899 
v 4.42081 16.0554 8.81899 
v 4.42081 16.0554 13.819 
v 0.420807 16.0554 13.819 
v 4.42081 12.8554 13.819 
v 0.420807 12.8554 13.819 
v 0.420807 16.0554 13.819 
v 0.420807 16.0554 8.81899 
v 0.420807 12.8554 13.819 
v 0.420807 12.8554 8.81899 
v 0.420807 12.8554 8.81899 
v 4.42081 12.8554 8.81899 
v 0.420807 12.8554 13.819 
v 4.42081 12.8554 13.819 
v 0.420807 16.0554 8.81899 
v 4.42081 16.0554 8.81899 
v 0.420807 12.8554 8.81899 
v 4.42081 12.8554 8.81899 

vn 1 0 0 
vn 1 0 0 
vn 1 0 0 
vn 1 0 0 
vn 0 1 0 
vn 0 1 0 
vn 0 1 0 
vn 0 1 0 
vn 0 0 1 
vn 0 0 1 
vn 0 0 1 
vn 0 0 1 
vn -1 0 0 
vn -1 0 0 
vn -1 0 0 
vn -1 0 0 
vn 0 -1 0 
vn 0 -1 0 
vn 0 -1 0 
vn 0 -1 0 
vn 0 0 -1 
vn 0 0 -1 
vn 0 0 -1 
vn 0 0 -1 

vt 1.875 -5.5 
vt 1.25 -5.5 
vt 1.875 -5.9 
vt 1.25 -5.9 
vt 1.75 -5.5 
vt 1.25 -5.5 
vt 1.75 -6.125 
vt 1.25 -6.125 
vt 1.75 -5.5 
vt 1.25 -5.5 
vt 1.75 -5.9 
vt 1.25 -5.9 
vt 1.875 -5.5 
vt 1.25 -5.5 
vt 1.875 -5.9 
vt 1.25 -5.9 
vt 1.75 -5.5 
vt 1.25 -5.5 
vt 1.75 -6.125 
vt 1.25 -6.125 
vt 1.75 -5.5 
vt 1.25 -5.5 
vt 1.75 -5.9 
vt 1.25 -5.9 

usemtl Height171Mtl

f 7397/7397/7397 7398/7398/7398 7399/7399/7399 
f 7399/7399/7399 7398/7398/7398 7400/7400/7400 
f 7401/7401/7401 7402/7402/7402 7403/7403/7403 
f 7403/7403/7403 7402/7402/7402 7404/7404/7404 
f 7405/7405/7405 7406/7406/7406 7407/7407/7407 
f 7407/7407/7407 7406/7406/7406 7408/7408/7408 
f 7409/7409/7409 7410/7410/7410 7411/7411/7411 
f 7411/7411/7411 7410/7410/7410 7412/7412/7412 
f 7413/7413/7413 7414/7414/7414 7415/7415/7415 
f 7415/7415/7415 7414/7414/7414 7416/7416/7416 
f 7417/7417/7417 7418/7418/7418 7419/7419/7419 
f 7419/7419/7419 7418/7418/7418 7420/7420/7420 

g Height40

v 20.4208 12.455 -2.98106 
v 20.4208 12.455 10.0189 
v 20.4208 0.0549974 -2.98106 
v 20.4208 0.0549974 10.0189 
v -16.5792 12.455 10.0189 
v 20.4208 12.455 10.0189 
v -16.5792 12.455 -2.98106 
v 20.4208 12.455 -2.98106 
v 20.4208 12.455 10.0189 
v -16.5792 12.455 10.0189 
v 20.4208 0.0549974 10.0189 
v -16.5792 0.0549974 10.0189 
v -16.5792 12.455 10.0189 
v -16.5792 12.455 -2.98106 
v -16.5792 0.0549974 10.0189 
v -16.5792 0.0549974 -2.98106 
v -16.5792 0.0549974 -2.98106 
v 20.4208 0.0549974 -2.98106 
v -16.5792 0.0549974 10.0189 
v 20.4208 0.0549974 10.0189 
v -16.5792 12.455 -2.98106 
v 20.4208 12.455 -2.98106 
v -16.5792 0.0549974 -2.98106 
v 20.4208 0.0549974 -2.98106 

vn 1 0 0 
vn 1 0 0 
vn 1 0 0 
vn 1 0 0 
vn 0 1 0 
vn 0 1 0 
vn 0 1 0 
vn 0 1 0 
vn 0 0 1 
vn 0 0 1 
vn 0 0 1 
vn 0 0 1 
vn -1 0 0 
vn -1 0 0 
vn -1 0 0 
vn -1 0 0 
vn 0 -1 0 
vn 0 -1 0 
vn 0 -1 0 
vn 0 -1 0 
vn 0 0 -1 
vn 0 0 -1 
vn 0 0 -1 
vn 0 0 -1 

vt 6.625 -3.25 
vt 5 -3.25 
vt 6.625 -4.8 
vt 5 -4.8 
vt 9.625 -3.25 
vt 5 -3.25 
vt 9.625 -4.875 
vt 5 -4.875 
vt 9.625 -3.25 
vt 5 -3.25 
vt 9.625 -4.8 
vt 5 -4.8 
vt 6.625 -3.25 
vt 5 -3.25 
vt 6.625 -4.8 
vt 5 -4.8 
vt 9.625 -3.25 
vt 5 -3.25 
vt 9.625 -4.875 
vt 5 -4.875 
vt 9.625 -3.25 
vt 5 -3.25 
vt 9.625 -4.8 
vt 5 -4.8 

usemtl Height2Mtl

f 7421/7421/7421 7422/7422/7422 7423/7423/7423 
f 7423/7423/7423 7422/7422/7422 7424/7424/7424 
f 7425/7425/7425 7426/7426/7426 7427/7427/7427 
f 7427/7427/7427 7426/7426/7426 7428/7428/7428 
f 7429/7429/7429 7430/7430/7430 7431/7431/7431 
f 7431/7431/7431 7430/7430/7430 7432/7432/7432 
f 7433/7433/7433 7434/7434/7434 7435/7435/7435 
f 7435/7435/7435 7434/7434/7434 7436/7436/7436 
f 7437/7437/7437 7438/7438/7438 7439/7439/7439 
f 7439/7439/7439 7438/7438/7438 7440/7440/7440 
f 7441/7441/7441 7442/7442/7442 7443/7443/7443 
f 7443/7443/7443 7442/7442/7442 7444/7444/7444 

g Height41

v 35.4208 25.055 1.81896 
v 35.4208 25.055 3.01896 
v 35.4208 12.855 1.81896 
v 35.4208 12.855 3.01896 
v -1.57919 25.055 3.01896 
v 35.4208 25.055 3.01896 
v -1.57919 25.055 1.81896 
v 35.4208 25.055 1.81896 
v 35.4208 25.055 3.01896 
v -1.57919 25.055 3.01896 
v 35.4208 12.855 3.01896 
v -1.57919 12.855 3.01896 
v -1.57919 25.055 3.01896 
v -1.57919 25.055 1.81896 
v -1.57919 12.855 3.01896 
v -1.57919 12.855 1.81896 
v -1.57919 12.855 1.81896 
v 35.4208 12.855 1.81896 
v -1.57919 12.855 3.01896 
v 35.4208 12.855 3.01896 
v -1.57919 25.055 1.81896 
v 35.4208 25.055 1.81896 
v -1.57919 12.855 1.81896 
v 35.4208 12.855 1.81896 

vn 1 0 0 
vn 1 0 0 
vn 1 0 0 
vn 1 0 0 
vn 0 1 0 
vn 0 1 0 
vn 0 1 0 
vn 0 1 0 
vn 0 0 1 
vn 0 0 1 
vn 0 0 1 
vn 0 0 1 
vn -1 0 0 
vn -1 0 0 
vn -1 0 0 
vn -1 0 0 
vn 0 -1 0 
vn 0 -1 0 
vn 0 -1 0 
vn 0 -1 0 
vn 0 0 -1 
vn 0 0 -1 
vn 0 0 -1 
vn 0 0 -1 

vt 1.65 -6.25 
vt 1.5 -6.25 
vt 1.65 -7.775 
vt 1.5 -7.775 
vt 6.125 -6.25 
vt 1.5 -6.25 
vt 6.125 -6.4 
vt 1.5 -6.4 
vt 6.125 -6.25 
vt 1.5 -6.25 
vt 6.125 -7.775 
vt 1.5 -7.775 
vt 1.65 -6.25 
vt 1.5 -6.25 
vt 1.65 -7.775 
vt 1.5 -7.775 
vt 6.125 -6.25 
vt 1.5 -6.25 
vt 6.125 -6.4 
vt 1.5 -6.4 
vt 6.125 -6.25 
vt 1.5 -6.25 
vt 6.125 -7.775 
vt 1.5 -7.775 

usemtl Height41Mtl

f 7445/7445/7445 7446/7446/7446 7447/7447/7447 
f 7447/7447/7447 7446/7446/7446 7448/7448/7448 
f 7449/7449/7449 7450/7450/7450 7451/7451/7451 
f 7451/7451/7451 7450/7450/7450 7452/7452/7452 
f 7453/7453/7453 7454/7454/7454 7455/7455/7455 
f 7455/7455/7455 7454/7454/7454 7456/7456/7456 
f 7457/7457/7457 7458/7458/7458 7459/7459/7459 
f 7459/7459/7459 7458/7458/7458 7460/7460/7460 
f 7461/7461/7461 7462/7462/7462 7463/7463/7463 
f 7463/7463/7463 7462/7462/7462 7464/7464/7464 
f 7465/7465/7465 7466/7466/7466 7467/7467/7467 
f 7467/7467/7467 7466/7466/7466 7468/7468/7468 

g Height42

v 80.4208 0.254999 -35.9811 
v 67.4208 0.254999 -35.9811 
v 80.4208 0.0549988 -35.9811 
v 67.4208 0.0549988 -35.9811 
v 67.4208 0.254999 -72.9811 
v 67.4208 0.254999 -35.9811 
v 80.4208 0.254999 -72.9811 
v 80.4208 0.254999 -35.9811 
v 67.4208 0.254999 -35.9811 
v 67.4208 0.254999 -72.9811 
v 67.4208 0.0549988 -35.9811 
v 67.4208 0.0549988 -72.9811 
v 67.4208 0.254999 -72.9811 
v 80.4208 0.254999 -72.9811 
v 67.4208 0.0549988 -72.9811 
v 80.4208 0.0549988 -72.9811 
v 80.4208 0.0549988 -72.9811 
v 80.4208 0.0549988 -35.9811 
v 67.4208 0.0549988 -72.9811 
v 67.4208 0.0549988 -35.9811 
v 80.4208 0.254999 -72.9811 
v 80.4208 0.254999 -35.9811 
v 80.4208 0.0549988 -72.9811 
v 80.4208 0.0549988 -35.9811 

vn 0 0 1 
vn 0 0 1 
vn 0 0 1 
vn 0 0 1 
vn 0 1 0 
vn 0 1 0 
vn 0 1 0 
vn 0 1 0 
vn -1 0 0 
vn -1 0 0 
vn -1 0 0 
vn -1 0 0 
vn 0 0 -1 
vn 0 0 -1 
vn 0 0 -1 
vn 0 0 -1 
vn 0 -1 0 
vn 0 -1 0 
vn 0 -1 0 
vn 0 -1 0 
vn 1 0 0 
vn 1 0 0 
vn 1 0 0 
vn 1 0 0 

vt 6.625 -5.25 
vt 5 -5.25 
vt 6.625 -5.275 
vt 5 -5.275 
vt 9.625 -5.25 
vt 5 -5.25 
vt 9.625 -6.875 
vt 5 -6.875 
vt 9.625 -5.25 
vt 5 -5.25 
vt 9.625 -5.275 
vt 5 -5.275 
vt 6.625 -5.25 
vt 5 -5.25 
vt 6.625 -5.275 
vt 5 -5.275 
vt 9.625 -5.25 
vt 5 -5.25 
vt 9.625 -6.875 
vt 5 -6.875 
vt 9.625 -5.25 
vt 5 -5.25 
vt 9.625 -5.275 
vt 5 -5.275 

usemtl Height2Mtl

f 7469/7469/7469 7470/7470/7470 7471/7471/7471 
f 7471/7471/7471 7470/7470/7470 7472/7472/7472 
f 7473/7473/7473 7474/7474/7474 7475/7475/7475 
f 7475/7475/7475 7474/7474/7474 7476/7476/7476 
f 7477/7477/7477 7478/7478/7478 7479/7479/7479 
f 7479/7479/7479 7478/7478/7478 7480/7480/7480 
f 7481/7481/7481 7482/7482/7482 7483/7483/7483 
f 7483/7483/7483 7482/7482/7482 7484/7484/7484 
f 7485/7485/7485 7486/7486/7486 7487/7487/7487 
f 7487/7487/7487 7486/7486/7486 7488/7488/7488 
f 7489/7489/7489 7490/7490/7490 7491/7491/7491 
f 7491/7491/7491 7490/7490/7490 7492/7492/7492 

g Height43

v 126.421 12.255 -36.181 
v 126.421 12.255 -35.981 
v 126.421 0.054997 -36.181 
v 126.421 0.054997 -35.981 
v 97.4208 12.255 -35.981 
v 126.421 12.255 -35.981 
v 97.4208 12.255 -36.181 
v 126.421 12.255 -36.181 
v 126.421 12.255 -35.981 
v 97.4208 12.255 -35.981 
v 126.421 0.054997 -35.981 
v 97.4208 0.054997 -35.981 
v 97.4208 12.255 -35.981 
v 97.4208 12.255 -36.181 
v 97.4208 0.054997 -35.981 
v 97.4208 0.054997 -36.181 
v 97.4208 0.054997 -36.181 
v 126.421 0.054997 -36.181 
v 97.4208 0.054997 -35.981 
v 126.421 0.054997 -35.981 
v 97.4208 12.255 -36.181 
v 126.421 12.255 -36.181 
v 97.4208 0.054997 -36.181 
v 126.421 0.054997 -36.181 

vn 1 0 0 
vn 1 0 0 
vn 1 0 0 
vn 1 0 0 
vn 0 1 0 
vn 0 1 0 
vn 0 1 0 
vn 0 1 0 
vn 0 0 1 
vn 0 0 1 
vn 0 0 1 
vn 0 0 1 
vn -1 0 0 
vn -1 0 0 
vn -1 0 0 
vn -1 0 0 
vn 0 -1 0 
vn 0 -1 0 
vn 0 -1 0 
vn 0 -1 0 
vn 0 0 -1 
vn 0 0 -1 
vn 0 0 -1 
vn 0 0 -1 

vt 4.025 -2.75 
vt 4 -2.75 
vt 4.025 -4.275 
vt 4 -4.275 
vt 7.625 -2.75 
vt 4 -2.75 
vt 7.625 -2.775 
vt 4 -2.775 
vt 7.625 -2.75 
vt 4 -2.75 
vt 7.625 -4.275 
vt 4 -4.275 
vt 4.025 -2.75 
vt 4 -2.75 
vt 4.025 -4.275 
vt 4 -4.275 
vt 7.625 -2.75 
vt 4 -2.75 
vt 7.625 -2.775 
vt 4 -2.775 
vt 7.625 -2.75 
vt 4 -2.75 
vt 7.625 -4.275 
vt 4 -4.275 

usemtl Height23Mtl

f 7493/7493/7493 7494/7494/7494 7495/7495/7495 
f 7495/7495/7495 7494/7494/7494 7496/7496/7496 
f 7497/7497/7497 7498/7498/7498 7499/7499/7499 
f 7499/7499/7499 7498/7498/7498 7500/7500/7500 
f 7501/7501/7501 7502/7502/7502 7503/7503/7503 
f 7503/7503/7503 7502/7502/7502 7504/7504/7504 
f 7505/7505/7505 7506/7506/7506 7507/7507/7507 
f 7507/7507/7507 7506/7506/7506 7508/7508/7508 
f 7509/7509/7509 7510/7510/7510 7511/7511/7511 
f 7511/7511/7511 7510/7510/7510 7512/7512/7512 
f 7513/7513/7513 7514/7514/7514 7515/7515/7515 
f 7515/7515/7515 7514/7514/7514 7516/7516/7516 

g Height44

v -20.8392 15.8554 -24.1811 
v -25.8392 15.8554 -24.1811 
v -20.8392 12.8554 -24.1811 
v -25.8392 12.8554 -24.1811 
v -25.8392 15.8554 -24.3811 
v -25.8392 15.8554 -24.1811 
v -20.8392 15.8554 -24.3811 
v -20.8392 15.8554 -24.1811 
v -25.8392 15.8554 -24.1811 
v -25.8392 15.8554 -24.3811 
v -25.8392 12.8554 -24.1811 
v -25.8392 12.8554 -24.3811 
v -25.8392 15.8554 -24.3811 
v -20.8392 15.8554 -24.3811 
v -25.8392 12.8554 -24.3811 
v -20.8392 12.8554 -24.3811 
v -20.8392 12.8554 -24.3811 
v -20.8392 12.8554 -24.1811 
v -25.8392 12.8554 -24.3811 
v -25.8392 12.8554 -24.1811 
v -20.8392 15.8554 -24.3811 
v -20.8392 15.8554 -24.1811 
v -20.8392 12.8554 -24.3811 
v -20.8392 12.8554 -24.1811 

vn 0 0 1 
vn 0 0 1 
vn 0 0 1 
vn 0 0 1 
vn 0 1 0 
vn 0 1 0 
vn 0 1 0 
vn 0 1 0 
vn -1 0 0 
vn -1 0 0 
vn -1 0 0 
vn -1 0 0 
vn 0 0 -1 
vn 0 0 -1 
vn 0 0 -1 
vn 0 0 -1 
vn 0 -1 0 
vn 0 -1 0 
vn 0 -1 0 
vn 0 -1 0 
vn 1 0 0 
vn 1 0 0 
vn 1 0 0 
vn 1 0 0 

vt 5.125 -5 
vt 4.5 -5 
vt 5.125 -5.375 
vt 4.5 -5.375 
vt 4.525 -5 
vt 4.5 -5 
vt 4.525 -5.625 
vt 4.5 -5.625 
vt 4.525 -5 
vt 4.5 -5 
vt 4.525 -5.375 
vt 4.5 -5.375 
vt 5.125 -5 
vt 4.5 -5 
vt 5.125 -5.375 
vt 4.5 -5.375 
vt 4.525 -5 
vt 4.5 -5 
vt 4.525 -5.625 
vt 4.5 -5.625 
vt 4.525 -5 
vt 4.5 -5 
vt 4.525 -5.375 
vt 4.5 -5.375 

usemtl Height171Mtl

f 7517/7517/7517 7518/7518/7518 7519/7519/7519 
f 7519/7519/7519 7518/7518/7518 7520/7520/7520 
f 7521/7521/7521 7522/7522/7522 7523/7523/7523 
f 7523/7523/7523 7522/7522/7522 7524/7524/7524 
f 7525/7525/7525 7526/7526/7526 7527/7527/7527 
f 7527/7527/7527 7526/7526/7526 7528/7528/7528 
f 7529/7529/7529 7530/7530/7530 7531/7531/7531 
f 7531/7531/7531 7530/7530/7530 7532/7532/7532 
f 7533/7533/7533 7534/7534/7534 7535/7535/7535 
f 7535/7535/7535 7534/7534/7534 7536/7536/7536 
f 7537/7537/7537 7538/7538/7538 7539/7539/7539 
f 7539/7539/7539 7538/7538/7538 7540/7540/7540 

g Height45

v -24.8392 19.0554 -24.181 
v -24.8392 19.0554 -28.181 
v -24.8392 16.0554 -24.181 
v -24.8392 16.0554 -28.181 
v -24.6392 19.0554 -28.181 
v -24.8392 19.0554 -28.181 
v -24.6392 19.0554 -24.181 
v -24.8392 19.0554 -24.181 
v -24.8392 19.0554 -28.181 
v -24.6392 19.0554 -28.181 
v -24.8392 16.0554 -28.181 
v -24.6392 16.0554 -28.181 
v -24.6392 19.0554 -28.181 
v -24.6392 19.0554 -24.181 
v -24.6392 16.0554 -28.181 
v -24.6392 16.0554 -24.181 
v -24.6392 16.0554 -24.181 
v -24.8392 16.0554 -24.181 
v -24.6392 16.0554 -28.181 
v -24.8392 16.0554 -28.181 
v -24.6392 19.0554 -24.181 
v -24.8392 19.0554 -24.181 
v -24.6392 16.0554 -24.181 
v -24.8392 16.0554 -24.181 

vn -1 0 0 
vn -1 0 0 
vn -1 0 0 
vn -1 0 0 
vn 0 1 0 
vn 0 1 0 
vn 0 1 0 
vn 0 1 0 
vn 0 0 -1 
vn 0 0 -1 
vn 0 0 -1 
vn 0 0 -1 
vn 1 0 0 
vn 1 0 0 
vn 1 0 0 
vn 1 0 0 
vn 0 -1 0 
vn 0 -1 0 
vn 0 -1 0 
vn 0 -1 0 
vn 0 0 1 
vn 0 0 1 
vn 0 0 1 
vn 0 0 1 

vt 5.5 0.5 
vt 5 0.5 
vt 5.5 0.125 
vt 5 0.125 
vt 5.025 0.5 
vt 5 0.5 
vt 5.025 0 
vt 5 0 
vt 5.025 0.5 
vt 5 0.5 
vt 5.025 0.125 
vt 5 0.125 
vt 5.5 0.5 
vt 5 0.5 
vt 5.5 0.125 
vt 5 0.125 
vt 5.025 0.5 
vt 5 0.5 
vt 5.025 0 
vt 5 0 
vt 5.025 0.5 
vt 5 0.5 
vt 5.025 0.125 
vt 5 0.125 

usemtl Height171Mtl

f 7541/7541/7541 7542/7542/7542 7543/7543/7543 
f 7543/7543/7543 7542/7542/7542 7544/7544/7544 
f 7545/7545/7545 7546/7546/7546 7547/7547/7547 
f 7547/7547/7547 7546/7546/7546 7548/7548/7548 
f 7549/7549/7549 7550/7550/7550 7551/7551/7551 
f 7551/7551/7551 7550/7550/7550 7552/7552/7552 
f 7553/7553/7553 7554/7554/7554 7555/7555/7555 
f 7555/7555/7555 7554/7554/7554 7556/7556/7556 
f 7557/7557/7557 7558/7558/7558 7559/7559/7559 
f 7559/7559/7559 7558/7558/7558 7560/7560/7560 
f 7561/7561/7561 7562/7562/7562 7563/7563/7563 
f 7563/7563/7563 7562/7562/7562 7564/7564/7564 

g Height46

v -20.0392 19.0557 -24.181 
v -20.0392 19.0557 -28.181 
v -20.0392 16.0557 -24.181 
v -20.0392 16.0557 -28.181 
v -19.8392 19.0557 -28.181 
v -20.0392 19.0557 -28.181 
v -19.8392 19.0557 -24.181 
v -20.0392 19.0557 -24.181 
v -20.0392 19.0557 -28.181 
v -19.8392 19.0557 -28.181 
v -20.0392 16.0557 -28.181 
v -19.8392 16.0557 -28.181 
v -19.8392 19.0557 -28.181 
v -19.8392 19.0557 -24.181 
v -19.8392 16.0557 -28.181 
v -19.8392 16.0557 -24.181 
v -19.8392 16.0557 -24.181 
v -20.0392 16.0557 -24.181 
v -19.8392 16.0557 -28.181 
v -20.0392 16.0557 -28.181 
v -19.8392 19.0557 -24.181 
v -20.0392 19.0557 -24.181 
v -19.8392 16.0557 -24.181 
v -20.0392 16.0557 -24.181 

vn -1 0 0 
vn -1 0 0 
vn -1 0 0 
vn -1 0 0 
vn 0 1 0 
vn 0 1 0 
vn 0 1 0 
vn 0 1 0 
vn 0 0 -1 
vn 0 0 -1 
vn 0 0 -1 
vn 0 0 -1 
vn 1 0 0 
vn 1 0 0 
vn 1 0 0 
vn 1 0 0 
vn 0 -1 0 
vn 0 -1 0 
vn 0 -1 0 
vn 0 -1 0 
vn 0 0 1 
vn 0 0 1 
vn 0 0 1 
vn 0 0 1 

vt 2.25 -4 
vt 1.75 -4 
vt 2.25 -4.375 
vt 1.75 -4.375 
vt 1.775 -4 
vt 1.75 -4 
vt 1.775 -4.5 
vt 1.75 -4.5 
vt 1.775 -4 
vt 1.75 -4 
vt 1.775 -4.375 
vt 1.75 -4.375 
vt 2.25 -4 
vt 1.75 -4 
vt 2.25 -4.375 
vt 1.75 -4.375 
vt 1.775 -4 
vt 1.75 -4 
vt 1.775 -4.5 
vt 1.75 -4.5 
vt 1.775 -4 
vt 1.75 -4 
vt 1.775 -4.375 
vt 1.75 -4.375 

usemtl Height171Mtl

f 7565/7565/7565 7566/7566/7566 7567/7567/7567 
f 7567/7567/7567 7566/7566/7566 7568/7568/7568 
f 7569/7569/7569 7570/7570/7570 7571/7571/7571 
f 7571/7571/7571 7570/7570/7570 7572/7572/7572 
f 7573/7573/7573 7574/7574/7574 7575/7575/7575 
f 7575/7575/7575 7574/7574/7574 7576/7576/7576 
f 7577/7577/7577 7578/7578/7578 7579/7579/7579 
f 7579/7579/7579 7578/7578/7578 7580/7580/7580 
f 7581/7581/7581 7582/7582/7582 7583/7583/7583 
f 7583/7583/7583 7582/7582/7582 7584/7584/7584 
f 7585/7585/7585 7586/7586/7586 7587/7587/7587 
f 7587/7587/7587 7586/7586/7586 7588/7588/7588 

g Height47

v -19.8392 19.0554 -24.1811 
v -24.8392 19.0554 -24.1811 
v -19.8392 16.0554 -24.1811 
v -24.8392 16.0554 -24.1811 
v -24.8392 19.0554 -24.3811 
v -24.8392 19.0554 -24.1811 
v -19.8392 19.0554 -24.3811 
v -19.8392 19.0554 -24.1811 
v -24.8392 19.0554 -24.1811 
v -24.8392 19.0554 -24.3811 
v -24.8392 16.0554 -24.1811 
v -24.8392 16.0554 -24.3811 
v -24.8392 19.0554 -24.3811 
v -19.8392 19.0554 -24.3811 
v -24.8392 16.0554 -24.3811 
v -19.8392 16.0554 -24.3811 
v -19.8392 16.0554 -24.3811 
v -19.8392 16.0554 -24.1811 
v -24.8392 16.0554 -24.3811 
v -24.8392 16.0554 -24.1811 
v -19.8392 19.0554 -24.3811 
v -19.8392 19.0554 -24.1811 
v -19.8392 16.0554 -24.3811 
v -19.8392 16.0554 -24.1811 

vn 0 0 1 
vn 0 0 1 
vn 0 0 1 
vn 0 0 1 
vn 0 1 0 
vn 0 1 0 
vn 0 1 0 
vn 0 1 0 
vn -1 0 0 
vn -1 0 0 
vn -1 0 0 
vn -1 0 0 
vn 0 0 -1 
vn 0 0 -1 
vn 0 0 -1 
vn 0 0 -1 
vn 0 -1 0 
vn 0 -1 0 
vn 0 -1 0 
vn 0 -1 0 
vn 1 0 0 
vn 1 0 0 
vn 1 0 0 
vn 1 0 0 

vt 3.875 -3.75 
vt 3.25 -3.75 
vt 3.875 -4.125 
vt 3.25 -4.125 
vt 3.275 -3.75 
vt 3.25 -3.75 
vt 3.275 -4.375 
vt 3.25 -4.375 
vt 3.275 -3.75 
vt 3.25 -3.75 
vt 3.275 -4.125 
vt 3.25 -4.125 
vt 3.875 -3.75 
vt 3.25 -3.75 
vt 3.875 -4.125 
vt 3.25 -4.125 
vt 3.275 -3.75 
vt 3.25 -3.75 
vt 3.275 -4.375 
vt 3.25 -4.375 
vt 3.275 -3.75 
vt 3.25 -3.75 
vt 3.275 -4.125 
vt 3.25 -4.125 

usemtl Height171Mtl

f 7589/7589/7589 7590/7590/7590 7591/7591/7591 
f 7591/7591/7591 7590/7590/7590 7592/7592/7592 
f 7593/7593/7593 7594/7594/7594 7595/7595/7595 
f 7595/7595/7595 7594/7594/7594 7596/7596/7596 
f 7597/7597/7597 7598/7598/7598 7599/7599/7599 
f 7599/7599/7599 7598/7598/7598 7600/7600/7600 
f 7601/7601/7601 7602/7602/7602 7603/7603/7603 
f 7603/7603/7603 7602/7602/7602 7604/7604/7604 
f 7605/7605/7605 7606/7606/7606 7607/7607/7607 
f 7607/7607/7607 7606/7606/7606 7608/7608/7608 
f 7609/7609/7609 7610/7610/7610 7611/7611/7611 
f 7611/7611/7611 7610/7610/7610 7612/7612/7612 

g Height48

v -24.8392 16.0554 -28.181 
v -19.8392 16.0554 -28.181 
v -24.8392 15.8554 -28.181 
v -19.8392 15.8554 -28.181 
v -19.8392 16.0554 -24.181 
v -19.8392 16.0554 -28.181 
v -24.8392 16.0554 -24.181 
v -24.8392 16.0554 -28.181 
v -19.8392 16.0554 -28.181 
v -19.8392 16.0554 -24.181 
v -19.8392 15.8554 -28.181 
v -19.8392 15.8554 -24.181 
v -19.8392 16.0554 -24.181 
v -24.8392 16.0554 -24.181 
v -19.8392 15.8554 -24.181 
v -24.8392 15.8554 -24.181 
v -24.8392 15.8554 -24.181 
v -24.8392 15.8554 -28.181 
v -19.8392 15.8554 -24.181 
v -19.8392 15.8554 -28.181 
v -24.8392 16.0554 -24.181 
v -24.8392 16.0554 -28.181 
v -24.8392 15.8554 -24.181 
v -24.8392 15.8554 -28.181 

vn 0 0 -1 
vn 0 0 -1 
vn 0 0 -1 
vn 0 0 -1 
vn 0 1 0 
vn 0 1 0 
vn 0 1 0 
vn 0 1 0 
vn 1 0 0 
vn 1 0 0 
vn 1 0 0 
vn 1 0 0 
vn 0 0 1 
vn 0 0 1 
vn 0 0 1 
vn 0 0 1 
vn 0 -1 0 
vn 0 -1 0 
vn 0 -1 0 
vn 0 -1 0 
vn -1 0 0 
vn -1 0 0 
vn -1 0 0 
vn -1 0 0 

vt 5.625 -6.5 
vt 5 -6.5 
vt 5.625 -6.525 
vt 5 -6.525 
vt 5.5 -6.5 
vt 5 -6.5 
vt 5.5 -7.125 
vt 5 -7.125 
vt 5.5 -6.5 
vt 5 -6.5 
vt 5.5 -6.525 
vt 5 -6.525 
vt 5.625 -6.5 
vt 5 -6.5 
vt 5.625 -6.525 
vt 5 -6.525 
vt 5.5 -6.5 
vt 5 -6.5 
vt 5.5 -7.125 
vt 5 -7.125 
vt 5.5 -6.5 
vt 5 -6.5 
vt 5.5 -6.525 
vt 5 -6.525 

usemtl Height171Mtl

f 7613/7613/7613 7614/7614/7614 7615/7615/7615 
f 7615/7615/7615 7614/7614/7614 7616/7616/7616 
f 7617/7617/7617 7618/7618/7618 7619/7619/7619 
f 7619/7619/7619 7618/7618/7618 7620/7620/7620 
f 7621/7621/7621 7622/7622/7622 7623/7623/7623 
f 7623/7623/7623 7622/7622/7622 7624/7624/7624 
f 7625/7625/7625 7626/7626/7626 7627/7627/7627 
f 7627/7627/7627 7626/7626/7626 7628/7628/7628 
f 7629/7629/7629 7630/7630/7630 7631/7631/7631 
f 7631/7631/7631 7630/7630/7630 7632/7632/7632 
f 7633/7633/7633 7634/7634/7634 7635/7635/7635 
f 7635/7635/7635 7634/7634/7634 7636/7636/7636 

g Height49

v -20.8392 15.8554 -28.181 
v -20.8392 15.8554 -24.181 
v -20.8392 12.8554 -28.181 
v -20.8392 12.8554 -24.181 
v -21.0392 15.8554 -24.181 
v -20.8392 15.8554 -24.181 
v -21.0392 15.8554 -28.181 
v -20.8392 15.8554 -28.181 
v -20.8392 15.8554 -24.181 
v -21.0392 15.8554 -24.181 
v -20.8392 12.8554 -24.181 
v -21.0392 12.8554 -24.181 
v -21.0392 15.8554 -24.181 
v -21.0392 15.8554 -28.181 
v -21.0392 12.8554 -24.181 
v -21.0392 12.8554 -28.181 
v -21.0392 12.8554 -28.181 
v -20.8392 12.8554 -28.181 
v -21.0392 12.8554 -24.181 
v -20.8392 12.8554 -24.181 
v -21.0392 15.8554 -28.181 
v -20.8392 15.8554 -28.181 
v -21.0392 12.8554 -28.181 
v -20.8392 12.8554 -28.181 

vn 1 0 0 
vn 1 0 0 
vn 1 0 0 
vn 1 0 0 
vn 0 1 0 
vn 0 1 0 
vn 0 1 0 
vn 0 1 0 
vn 0 0 1 
vn 0 0 1 
vn 0 0 1 
vn 0 0 1 
vn -1 0 0 
vn -1 0 0 
vn -1 0 0 
vn -1 0 0 
vn 0 -1 0 
vn 0 -1 0 
vn 0 -1 0 
vn 0 -1 0 
vn 0 0 -1 
vn 0 0 -1 
vn 0 0 -1 
vn 0 0 -1 

vt 1.5 -0.75 
vt 1 -0.75 
vt 1.5 -1.125 
vt 1 -1.125 
vt 1.025 -0.75 
vt 1 -0.75 
vt 1.025 -1.25 
vt 1 -1.25 
vt 1.025 -0.75 
vt 1 -0.75 
vt 1.025 -1.125 
vt 1 -1.125 
vt 1.5 -0.75 
vt 1 -0.75 
vt 1.5 -1.125 
vt 1 -1.125 
vt 1.025 -0.75 
vt 1 -0.75 
vt 1.025 -1.25 
vt 1 -1.25 
vt 1.025 -0.75 
vt 1 -0.75 
vt 1.025 -1.125 
vt 1 -1.125 

usemtl Height171Mtl

f 7637/7637/7637 7638/7638/7638 7639/7639/7639 
f 7639/7639/7639 7638/7638/7638 7640/7640/7640 
f 7641/7641/7641 7642/7642/7642 7643/7643/7643 
f 7643/7643/7643 7642/7642/7642 7644/7644/7644 
f 7645/7645/7645 7646/7646/7646 7647/7647/7647 
f 7647/7647/7647 7646/7646/7646 7648/7648/7648 
f 7649/7649/7649 7650/7650/7650 7651/7651/7651 
f 7651/7651/7651 7650/7650/7650 7652/7652/7652 
f 7653/7653/7653 7654/7654/7654 7655/7655/7655 
f 7655/7655/7655 7654/7654/7654 7656/7656/7656 
f 7657/7657/7657 7658/7658/7658 7659/7659/7659 
f 7659/7659/7659 7658/7658/7658 7660/7660/7660 

g Height50

v -21.3792 12.455 75.0189 
v -22.5792 12.455 75.0189 
v -21.3792 0.254996 75.0189 
v -22.5792 0.254996 75.0189 
v -22.5792 12.455 38.0189 
v -22.5792 12.455 75.0189 
v -21.3792 12.455 38.0189 
v -21.3792 12.455 75.0189 
v -22.5792 12.455 75.0189 
v -22.5792 12.455 38.0189 
v -22.5792 0.254996 75.0189 
v -22.5792 0.254996 38.0189 
v -22.5792 12.455 38.0189 
v -21.3792 12.455 38.0189 
v -22.5792 0.254996 38.0189 
v -21.3792 0.254996 38.0189 
v -21.3792 0.254996 38.0189 
v -21.3792 0.254996 75.0189 
v -22.5792 0.254996 38.0189 
v -22.5792 0.254996 75.0189 
v -21.3792 12.455 38.0189 
v -21.3792 12.455 75.0189 
v -21.3792 0.254996 38.0189 
v -21.3792 0.254996 75.0189 

vn 0 0 1 
vn 0 0 1 
vn 0 0 1 
vn 0 0 1 
vn 0 1 0 
vn 0 1 0 
vn 0 1 0 
vn 0 1 0 
vn -1 0 0 
vn -1 0 0 
vn -1 0 0 
vn -1 0 0 
vn 0 0 -1 
vn 0 0 -1 
vn 0 0 -1 
vn 0 0 -1 
vn 0 -1 0 
vn 0 -1 0 
vn 0 -1 0 
vn 0 -1 0 
vn 1 0 0 
vn 1 0 0 
vn 1 0 0 
vn 1 0 0 

vt 0.65 1 
vt 0.5 1 
vt 0.65 -0.525 
vt 0.5 -0.525 
vt 5.125 1 
vt 0.5 1 
vt 5.125 0.85 
vt 0.5 0.85 
vt 5.125 1 
vt 0.5 1 
vt 5.125 -0.525 
vt 0.5 -0.525 
vt 0.65 1 
vt 0.5 1 
vt 0.65 -0.525 
vt 0.5 -0.525 
vt 5.125 1 
vt 0.5 1 
vt 5.125 0.85 
vt 0.5 0.85 
vt 5.125 1 
vt 0.5 1 
vt 5.125 -0.525 
vt 0.5 -0.525 

usemtl Height8Mtl

f 7661/7661/7661 7662/7662/7662 7663/7663/7663 
f 7663/7663/7663 7662/7662/7662 7664/7664/7664 
f 7665/7665/7665 7666/7666/7666 7667/7667/7667 
f 7667/7667/7667 7666/7666/7666 7668/7668/7668 
f 7669/7669/7669 7670/7670/7670 7671/7671/7671 
f 7671/7671/7671 7670/7670/7670 7672/7672/7672 
f 7673/7673/7673 7674/7674/7674 7675/7675/7675 
f 7675/7675/7675 7674/7674/7674 7676/7676/7676 
f 7677/7677/7677 7678/7678/7678 7679/7679/7679 
f 7679/7679/7679 7678/7678/7678 7680/7680/7680 
f 7681/7681/7681 7682/7682/7682 7683/7683/7683 
f 7683/7683/7683 7682/7682/7682 7684/7684/7684 

g Height51

v 20.7569 25.4554 58.0998 
v 21.933 25.4554 71.0465 
v 20.7569 13.0554 58.0998 
v 21.933 13.0554 71.0465 
v -14.9153 25.4554 74.3937 
v 21.933 25.4554 71.0465 
v -16.0914 25.4554 61.447 
v 20.7569 25.4554 58.0998 
v 21.933 25.4554 71.0465 
v -14.9153 25.4554 74.3937 
v 21.933 13.0554 71.0465 
v -14.9153 13.0554 74.3937 
v -14.9153 25.4554 74.3937 
v -16.0914 25.4554 61.447 
v -14.9153 13.0554 74.3937 
v -16.0914 13.0554 61.447 
v -16.0914 13.0554 61.447 
v 20.7569 13.0554 58.0998 
v -14.9153 13.0554 74.3937 
v 21.933 13.0554 71.0465 
v -16.0914 25.4554 61.447 
v 20.7569 25.4554 58.0998 
v -16.0914 13.0554 61.447 
v 20.7569 13.0554 58.0998 

vn 0.992126 0 -0.0866142 
vn 0.992126 0 -0.0866142 
vn 0.992126 0 -0.0866142 
vn 0.992126 0 -0.0866142 
vn 0 1 0 
vn 0 1 0 
vn 0 1 0 
vn 0 1 0 
vn 0.0866142 0 0.992126 
vn 0.0866142 0 0.992126 
vn 0.0866142 0 0.992126 
vn 0.0866142 0 0.992126 
vn -0.992126 0 0.0866142 
vn -0.992126 0 0.0866142 
vn -0.992126 0 0.0866142 
vn -0.992126 0 0.0866142 
vn 0 -1 0 
vn 0 -1 0 
vn 0 -1 0 
vn 0 -1 0 
vn -0.0866142 0 -0.992126 
vn -0.0866142 0 -0.992126 
vn -0.0866142 0 -0.992126 
vn -0.0866142 0 -0.992126 

vt 4.625 -0.75 
vt 3 -0.75 
vt 4.625 -2.3 
vt 3 -2.3 
vt 7.625 -0.75 
vt 3 -0.75 
vt 7.625 -2.375 
vt 3 -2.375 
vt 7.625 -0.75 
vt 3 -0.75 
vt 7.625 -2.3 
vt 3 -2.3 
vt 4.625 -0.75 
vt 3 -0.75 
vt 4.625 -2.3 
vt 3 -2.3 
vt 7.625 -0.75 
vt 3 -0.75 
vt 7.625 -2.375 
vt 3 -2.375 
vt 7.625 -0.75 
vt 3 -0.75 
vt 7.625 -2.3 
vt 3 -2.3 

usemtl Height51Mtl

f 7685/7685/7685 7686/7686/7686 7687/7687/7687 
f 7687/7687/7687 7686/7686/7686 7688/7688/7688 
f 7689/7689/7689 7690/7690/7690 7691/7691/7691 
f 7691/7691/7691 7690/7690/7690 7692/7692/7692 
f 7693/7693/7693 7694/7694/7694 7695/7695/7695 
f 7695/7695/7695 7694/7694/7694 7696/7696/7696 
f 7697/7697/7697 7698/7698/7698 7699/7699/7699 
f 7699/7699/7699 7698/7698/7698 7700/7700/7700 
f 7701/7701/7701 7702/7702/7702 7703/7703/7703 
f 7703/7703/7703 7702/7702/7702 7704/7704/7704 
f 7705/7705/7705 7706/7706/7706 7707/7707/7707 
f 7707/7707/7707 7706/7706/7706 7708/7708/7708 

g Height52

v -33.3792 12.455 75.0189 
v -34.5792 12.455 75.0189 
v -33.3792 0.254996 75.0189 
v -34.5792 0.254996 75.0189 
v -34.5792 12.455 38.0189 
v -34.5792 12.455 75.0189 
v -33.3792 12.455 38.0189 
v -33.3792 12.455 75.0189 
v -34.5792 12.455 75.0189 
v -34.5792 12.455 38.0189 
v -34.5792 0.254996 75.0189 
v -34.5792 0.254996 38.0189 
v -34.5792 12.455 38.0189 
v -33.3792 12.455 38.0189 
v -34.5792 0.254996 38.0189 
v -33.3792 0.254996 38.0189 
v -33.3792 0.254996 38.0189 
v -33.3792 0.254996 75.0189 
v -34.5792 0.254996 38.0189 
v -34.5792 0.254996 75.0189 
v -33.3792 12.455 38.0189 
v -33.3792 12.455 75.0189 
v -33.3792 0.254996 38.0189 
v -33.3792 0.254996 75.0189 

vn 0 0 1 
vn 0 0 1 
vn 0 0 1 
vn 0 0 1 
vn 0 1 0 
vn 0 1 0 
vn 0 1 0 
vn 0 1 0 
vn -1 0 0 
vn -1 0 0 
vn -1 0 0 
vn -1 0 0 
vn 0 0 -1 
vn 0 0 -1 
vn 0 0 -1 
vn 0 0 -1 
vn 0 -1 0 
vn 0 -1 0 
vn 0 -1 0 
vn 0 -1 0 
vn 1 0 0 
vn 1 0 0 
vn 1 0 0 
vn 1 0 0 

vt 2.15 -6.25 
vt 2 -6.25 
vt 2.15 -7.775 
vt 2 -7.775 
vt 6.625 -6.25 
vt 2 -6.25 
vt 6.625 -6.4 
vt 2 -6.4 
vt 6.625 -6.25 
vt 2 -6.25 
vt 6.625 -7.775 
vt 2 -7.775 
vt 2.15 -6.25 
vt 2 -6.25 
vt 2.15 -7.775 
vt 2 -7.775 
vt 6.625 -6.25 
vt 2 -6.25 
vt 6.625 -6.4 
vt 2 -6.4 
vt 6.625 -6.25 
vt 2 -6.25 
vt 6.625 -7.775 
vt 2 -7.775 

usemtl Height8Mtl

f 7709/7709/7709 7710/7710/7710 7711/7711/7711 
f 7711/7711/7711 7710/7710/7710 7712/7712/7712 
f 7713/7713/7713 7714/7714/7714 7715/7715/7715 
f 7715/7715/7715 7714/7714/7714 7716/7716/7716 
f 7717/7717/7717 7718/7718/7718 7719/7719/7719 
f 7719/7719/7719 7718/7718/7718 7720/7720/7720 
f 7721/7721/7721 7722/7722/7722 7723/7723/7723 
f 7723/7723/7723 7722/7722/7722 7724/7724/7724 
f 7725/7725/7725 7726/7726/7726 7727/7727/7727 
f 7727/7727/7727 7726/7726/7726 7728/7728/7728 
f 7729/7729/7729 7730/7730/7730 7731/7731/7731 
f 7731/7731/7731 7730/7730/7730 7732/7732/7732 

g Height53

v -21.5792 0.254999 75.0189 
v -34.5792 0.254999 75.0189 
v -21.5792 0.0549988 75.0189 
v -34.5792 0.0549988 75.0189 
v -34.5792 0.254999 38.0189 
v -34.5792 0.254999 75.0189 
v -21.5792 0.254999 38.0189 
v -21.5792 0.254999 75.0189 
v -34.5792 0.254999 75.0189 
v -34.5792 0.254999 38.0189 
v -34.5792 0.0549988 75.0189 
v -34.5792 0.0549988 38.0189 
v -34.5792 0.254999 38.0189 
v -21.5792 0.254999 38.0189 
v -34.5792 0.0549988 38.0189 
v -21.5792 0.0549988 38.0189 
v -21.5792 0.0549988 38.0189 
v -21.5792 0.0549988 75.0189 
v -34.5792 0.0549988 38.0189 
v -34.5792 0.0549988 75.0189 
v -21.5792 0.254999 38.0189 
v -21.5792 0.254999 75.0189 
v -21.5792 0.0549988 38.0189 
v -21.5792 0.0549988 75.0189 

vn 0 0 1 
vn 0 0 1 
vn 0 0 1 
vn 0 0 1 
vn 0 1 0 
vn 0 1 0 
vn 0 1 0 
vn 0 1 0 
vn -1 0 0 
vn -1 0 0 
vn -1 0 0 
vn -1 0 0 
vn 0 0 -1 
vn 0 0 -1 
vn 0 0 -1 
vn 0 0 -1 
vn 0 -1 0 
vn 0 -1 0 
vn 0 -1 0 
vn 0 -1 0 
vn 1 0 0 
vn 1 0 0 
vn 1 0 0 
vn 1 0 0 

vt 6.875 -5 
vt 5.25 -5 
vt 6.875 -5.025 
vt 5.25 -5.025 
vt 9.875 -5 
vt 5.25 -5 
vt 9.875 -6.625 
vt 5.25 -6.625 
vt 9.875 -5 
vt 5.25 -5 
vt 9.875 -5.025 
vt 5.25 -5.025 
vt 6.875 -5 
vt 5.25 -5 
vt 6.875 -5.025 
vt 5.25 -5.025 
vt 9.875 -5 
vt 5.25 -5 
vt 9.875 -6.625 
vt 5.25 -6.625 
vt 9.875 -5 
vt 5.25 -5 
vt 9.875 -5.025 
vt 5.25 -5.025 

usemtl Height8Mtl

f 7733/7733/7733 7734/7734/7734 7735/7735/7735 
f 7735/7735/7735 7734/7734/7734 7736/7736/7736 
f 7737/7737/7737 7738/7738/7738 7739/7739/7739 
f 7739/7739/7739 7738/7738/7738 7740/7740/7740 
f 7741/7741/7741 7742/7742/7742 7743/7743/7743 
f 7743/7743/7743 7742/7742/7742 7744/7744/7744 
f 7745/7745/7745 7746/7746/7746 7747/7747/7747 
f 7747/7747/7747 7746/7746/7746 7748/7748/7748 
f 7749/7749/7749 7750/7750/7750 7751/7751/7751 
f 7751/7751/7751 7750/7750/7750 7752/7752/7752 
f 7753/7753/7753 7754/7754/7754 7755/7755/7755 
f 7755/7755/7755 7754/7754/7754 7756/7756/7756 

g Height54

v -2.57919 12.455 75.0189 
v -15.5792 12.455 75.0189 
v -2.57919 0.0549974 75.0189 
v -15.5792 0.0549974 75.0189 
v -15.5792 12.455 38.0189 
v -15.5792 12.455 75.0189 
v -2.57919 12.455 38.0189 
v -2.57919 12.455 75.0189 
v -15.5792 12.455 75.0189 
v -15.5792 12.455 38.0189 
v -15.5792 0.0549974 75.0189 
v -15.5792 0.0549974 38.0189 
v -15.5792 12.455 38.0189 
v -2.57919 12.455 38.0189 
v -15.5792 0.0549974 38.0189 
v -2.57919 0.0549974 38.0189 
v -2.57919 0.0549974 38.0189 
v -2.57919 0.0549974 75.0189 
v -15.5792 0.0549974 38.0189 
v -15.5792 0.0549974 75.0189 
v -2.57919 12.455 38.0189 
v -2.57919 12.455 75.0189 
v -2.57919 0.0549974 38.0189 
v -2.57919 0.0549974 75.0189 

vn 0 0 1 
vn 0 0 1 
vn 0 0 1 
vn 0 0 1 
vn 0 1 0 
vn 0 1 0 
vn 0 1 0 
vn 0 1 0 
vn -1 0 0 
vn -1 0 0 
vn -1 0 0 
vn -1 0 0 
vn 0 0 -1 
vn 0 0 -1 
vn 0 0 -1 
vn 0 0 -1 
vn 0 -1 0 
vn 0 -1 0 
vn 0 -1 0 
vn 0 -1 0 
vn 1 0 0 
vn 1 0 0 
vn 1 0 0 
vn 1 0 0 

vt 4.125 -3.25 
vt 2.5 -3.25 
vt 4.125 -4.8 
vt 2.5 -4.8 
vt 7.125 -3.25 
vt 2.5 -3.25 
vt 7.125 -4.875 
vt 2.5 -4.875 
vt 7.125 -3.25 
vt 2.5 -3.25 
vt 7.125 -4.8 
vt 2.5 -4.8 
vt 4.125 -3.25 
vt 2.5 -3.25 
vt 4.125 -4.8 
vt 2.5 -4.8 
vt 7.125 -3.25 
vt 2.5 -3.25 
vt 7.125 -4.875 
vt 2.5 -4.875 
vt 7.125 -3.25 
vt 2.5 -3.25 
vt 7.125 -4.8 
vt 2.5 -4.8 

usemtl Height7Mtl

f 7757/7757/7757 7758/7758/7758 7759/7759/7759 
f 7759/7759/7759 7758/7758/7758 7760/7760/7760 
f 7761/7761/7761 7762/7762/7762 7763/7763/7763 
f 7763/7763/7763 7762/7762/7762 7764/7764/7764 
f 7765/7765/7765 7766/7766/7766 7767/7767/7767 
f 7767/7767/7767 7766/7766/7766 7768/7768/7768 
f 7769/7769/7769 7770/7770/7770 7771/7771/7771 
f 7771/7771/7771 7770/7770/7770 7772/7772/7772 
f 7773/7773/7773 7774/7774/7774 7775/7775/7775 
f 7775/7775/7775 7774/7774/7774 7776/7776/7776 
f 7777/7777/7777 7778/7778/7778 7779/7779/7779 
f 7779/7779/7779 7778/7778/7778 7780/7780/7780 

g Height55

v -21.5792 12.655 75.0189 
v -34.5792 12.655 75.0189 
v -21.5792 12.455 75.0189 
v -34.5792 12.455 75.0189 
v -34.5792 12.655 38.0189 
v -34.5792 12.655 75.0189 
v -21.5792 12.655 38.0189 
v -21.5792 12.655 75.0189 
v -34.5792 12.655 75.0189 
v -34.5792 12.655 38.0189 
v -34.5792 12.455 75.0189 
v -34.5792 12.455 38.0189 
v -34.5792 12.655 38.0189 
v -21.5792 12.655 38.0189 
v -34.5792 12.455 38.0189 
v -21.5792 12.455 38.0189 
v -21.5792 12.455 38.0189 
v -21.5792 12.455 75.0189 
v -34.5792 12.455 38.0189 
v -34.5792 12.455 75.0189 
v -21.5792 12.655 38.0189 
v -21.5792 12.655 75.0189 
v -21.5792 12.455 38.0189 
v -21.5792 12.455 75.0189 

vn 0 0 1 
vn 0 0 1 
vn 0 0 1 
vn 0 0 1 
vn 0 1 0 
vn 0 1 0 
vn 0 1 0 
vn 0 1 0 
vn -1 0 0 
vn -1 0 0 
vn -1 0 0 
vn -1 0 0 
vn 0 0 -1 
vn 0 0 -1 
vn 0 0 -1 
vn 0 0 -1 
vn 0 -1 0 
vn 0 -1 0 
vn 0 -1 0 
vn 0 -1 0 
vn 1 0 0 
vn 1 0 0 
vn 1 0 0 
vn 1 0 0 

vt 7.875 -5.25 
vt 6.25 -5.25 
vt 7.875 -5.275 
vt 6.25 -5.275 
vt 10.875 -5.25 
vt 6.25 -5.25 
vt 10.875 -6.875 
vt 6.25 -6.875 
vt 10.875 -5.25 
vt 6.25 -5.25 
vt 10.875 -5.275 
vt 6.25 -5.275 
vt 7.875 -5.25 
vt 6.25 -5.25 
vt 7.875 -5.275 
vt 6.25 -5.275 
vt 10.875 -5.25 
vt 6.25 -5.25 
vt 10.875 -6.875 
vt 6.25 -6.875 
vt 10.875 -5.25 
vt 6.25 -5.25 
vt 10.875 -5.275 
vt 6.25 -5.275 

usemtl Height8Mtl

f 7781/7781/7781 7782/7782/7782 7783/7783/7783 
f 7783/7783/7783 7782/7782/7782 7784/7784/7784 
f 7785/7785/7785 7786/7786/7786 7787/7787/7787 
f 7787/7787/7787 7786/7786/7786 7788/7788/7788 
f 7789/7789/7789 7790/7790/7790 7791/7791/7791 
f 7791/7791/7791 7790/7790/7790 7792/7792/7792 
f 7793/7793/7793 7794/7794/7794 7795/7795/7795 
f 7795/7795/7795 7794/7794/7794 7796/7796/7796 
f 7797/7797/7797 7798/7798/7798 7799/7799/7799 
f 7799/7799/7799 7798/7798/7798 7800/7800/7800 
f 7801/7801/7801 7802/7802/7802 7803/7803/7803 
f 7803/7803/7803 7802/7802/7802 7804/7804/7804 

g Height56

v -25.7792 6.15471 63.1589 
v -29.3792 6.1547 63.1589 
v -25.7792 6.15471 67.7589 
v -29.3792 6.1547 67.7589 
v -29.3792 3.9547 63.1589 
v -29.3792 6.1547 63.1589 
v -25.7792 3.9547 63.1589 
v -25.7792 6.15471 63.1589 
v -29.3792 6.1547 63.1589 
v -29.3792 3.9547 63.1589 
v -29.3792 6.1547 67.7589 
v -29.3792 3.9547 67.7589 
v -29.3792 3.9547 63.1589 
v -25.7792 3.9547 63.1589 
v -29.3792 3.9547 67.7589 
v -25.7792 3.9547 67.7589 
v -25.7792 3.9547 67.7589 
v -25.7792 6.15471 67.7589 
v -29.3792 3.9547 67.7589 
v -29.3792 6.1547 67.7589 
v -25.7792 3.9547 63.1589 
v -25.7792 6.15471 63.1589 
v -25.7792 3.9547 67.7589 
v -25.7792 6.15471 67.7589 

vn 0 1 0 
vn 0 1 0 
vn 0 1 0 
vn 0 1 0 
vn 0 0 -1 
vn 0 0 -1 
vn 0 0 -1 
vn 0 0 -1 
vn -1 0 0 
vn -1 0 0 
vn -1 0 0 
vn -1 0 0 
vn 0 -1 0 
vn 0 -1 0 
vn 0 -1 0 
vn 0 -1 0 
vn 0 0 1 
vn 0 0 1 
vn 0 0 1 
vn 0 0 1 
vn 1 0 0 
vn 1 0 0 
vn 1 0 0 
vn 1 0 0 

vt 4.2 0.75 
vt 3.75 0.75 
vt 4.2 0.175 
vt 3.75 0.175 
vt 4.025 0.75 
vt 3.75 0.75 
vt 4.025 0.3 
vt 3.75 0.3 
vt 4.025 0.75 
vt 3.75 0.75 
vt 4.025 0.175 
vt 3.75 0.175 
vt 4.2 0.75 
vt 3.75 0.75 
vt 4.2 0.175 
vt 3.75 0.175 
vt 4.025 0.75 
vt 3.75 0.75 
vt 4.025 0.3 
vt 3.75 0.3 
vt 4.025 0.75 
vt 3.75 0.75 
vt 4.025 0.175 
vt 3.75 0.175 

usemtl Height24Mtl

f 7805/7805/7805 7806/7806/7806 7807/7807/7807 
f 7807/7807/7807 7806/7806/7806 7808/7808/7808 
f 7809/7809/7809 7810/7810/7810 7811/7811/7811 
f 7811/7811/7811 7810/7810/7810 7812/7812/7812 
f 7813/7813/7813 7814/7814/7814 7815/7815/7815 
f 7815/7815/7815 7814/7814/7814 7816/7816/7816 
f 7817/7817/7817 7818/7818/7818 7819/7819/7819 
f 7819/7819/7819 7818/7818/7818 7820/7820/7820 
f 7821/7821/7821 7822/7822/7822 7823/7823/7823 
f 7823/7823/7823 7822/7822/7822 7824/7824/7824 
f 7825/7825/7825 7826/7826/7826 7827/7827/7827 
f 7827/7827/7827 7826/7826/7826 7828/7828/7828 

g Height57

v -25.5792 6.655 63.0189 
v -25.5792 6.655 68.0189 
v -25.5792 3.655 63.0189 
v -25.5792 3.655 68.0189 
v -25.7792 6.655 68.0189 
v -25.5792 6.655 68.0189 
v -25.7792 6.655 63.0189 
v -25.5792 6.655 63.0189 
v -25.5792 6.655 68.0189 
v -25.7792 6.655 68.0189 
v -25.5792 3.655 68.0189 
v -25.7792 3.655 68.0189 
v -25.7792 6.655 68.0189 
v -25.7792 6.655 63.0189 
v -25.7792 3.655 68.0189 
v -25.7792 3.655 63.0189 
v -25.7792 3.655 63.0189 
v -25.5792 3.655 63.0189 
v -25.7792 3.655 68.0189 
v -25.5792 3.655 68.0189 
v -25.7792 6.655 63.0189 
v -25.5792 6.655 63.0189 
v -25.7792 3.655 63.0189 
v -25.5792 3.655 63.0189 

vn 1 0 0 
vn 1 0 0 
vn 1 0 0 
vn 1 0 0 
vn 0 1 0 
vn 0 1 0 
vn 0 1 0 
vn 0 1 0 
vn 0 0 1 
vn 0 0 1 
vn 0 0 1 
vn 0 0 1 
vn -1 0 0 
vn -1 0 0 
vn -1 0 0 
vn -1 0 0 
vn 0 -1 0 
vn 0 -1 0 
vn 0 -1 0 
vn 0 -1 0 
vn 0 0 -1 
vn 0 0 -1 
vn 0 0 -1 
vn 0 0 -1 

vt 5.875 -5.5 
vt 5.25 -5.5 
vt 5.875 -5.875 
vt 5.25 -5.875 
vt 5.275 -5.5 
vt 5.25 -5.5 
vt 5.275 -6.125 
vt 5.25 -6.125 
vt 5.275 -5.5 
vt 5.25 -5.5 
vt 5.275 -5.875 
vt 5.25 -5.875 
vt 5.875 -5.5 
vt 5.25 -5.5 
vt 5.875 -5.875 
vt 5.25 -5.875 
vt 5.275 -5.5 
vt 5.25 -5.5 
vt 5.275 -6.125 
vt 5.25 -6.125 
vt 5.275 -5.5 
vt 5.25 -5.5 
vt 5.275 -5.875 
vt 5.25 -5.875 

usemtl Height171Mtl

f 7829/7829/7829 7830/7830/7830 7831/7831/7831 
f 7831/7831/7831 7830/7830/7830 7832/7832/7832 
f 7833/7833/7833 7834/7834/7834 7835/7835/7835 
f 7835/7835/7835 7834/7834/7834 7836/7836/7836 
f 7837/7837/7837 7838/7838/7838 7839/7839/7839 
f 7839/7839/7839 7838/7838/7838 7840/7840/7840 
f 7841/7841/7841 7842/7842/7842 7843/7843/7843 
f 7843/7843/7843 7842/7842/7842 7844/7844/7844 
f 7845/7845/7845 7846/7846/7846 7847/7847/7847 
f 7847/7847/7847 7846/7846/7846 7848/7848/7848 
f 7849/7849/7849 7850/7850/7850 7851/7851/7851 
f 7851/7851/7851 7850/7850/7850 7852/7852/7852 

g Height58

v -25.5792 3.655 63.0189 
v -25.5792 3.655 68.0189 
v -25.5792 3.455 63.0189 
v -25.5792 3.455 68.0189 
v -29.5792 3.655 68.0189 
v -25.5792 3.655 68.0189 
v -29.5792 3.655 63.0189 
v -25.5792 3.655 63.0189 
v -25.5792 3.655 68.0189 
v -29.5792 3.655 68.0189 
v -25.5792 3.455 68.0189 
v -29.5792 3.455 68.0189 
v -29.5792 3.655 68.0189 
v -29.5792 3.655 63.0189 
v -29.5792 3.455 68.0189 
v -29.5792 3.455 63.0189 
v -29.5792 3.455 63.0189 
v -25.5792 3.455 63.0189 
v -29.5792 3.455 68.0189 
v -25.5792 3.455 68.0189 
v -29.5792 3.655 63.0189 
v -25.5792 3.655 63.0189 
v -29.5792 3.455 63.0189 
v -25.5792 3.455 63.0189 

vn 1 0 0 
vn 1 0 0 
vn 1 0 0 
vn 1 0 0 
vn 0 1 0 
vn 0 1 0 
vn 0 1 0 
vn 0 1 0 
vn 0 0 1 
vn 0 0 1 
vn 0 0 1 
vn 0 0 1 
vn -1 0 0 
vn -1 0 0 
vn -1 0 0 
vn -1 0 0 
vn 0 -1 0 
vn 0 -1 0 
vn 0 -1 0 
vn 0 -1 0 
vn 0 0 -1 
vn 0 0 -1 
vn 0 0 -1 
vn 0 0 -1 

vt 4.875 -3.5 
vt 4.25 -3.5 
vt 4.875 -3.525 
vt 4.25 -3.525 
vt 4.75 -3.5 
vt 4.25 -3.5 
vt 4.75 -4.125 
vt 4.25 -4.125 
vt 4.75 -3.5 
vt 4.25 -3.5 
vt 4.75 -3.525 
vt 4.25 -3.525 
vt 4.875 -3.5 
vt 4.25 -3.5 
vt 4.875 -3.525 
vt 4.25 -3.525 
vt 4.75 -3.5 
vt 4.25 -3.5 
vt 4.75 -4.125 
vt 4.25 -4.125 
vt 4.75 -3.5 
vt 4.25 -3.5 
vt 4.75 -3.525 
vt 4.25 -3.525 

usemtl Height171Mtl

f 7853/7853/7853 7854/7854/7854 7855/7855/7855 
f 7855/7855/7855 7854/7854/7854 7856/7856/7856 
f 7857/7857/7857 7858/7858/7858 7859/7859/7859 
f 7859/7859/7859 7858/7858/7858 7860/7860/7860 
f 7861/7861/7861 7862/7862/7862 7863/7863/7863 
f 7863/7863/7863 7862/7862/7862 7864/7864/7864 
f 7865/7865/7865 7866/7866/7866 7867/7867/7867 
f 7867/7867/7867 7866/7866/7866 7868/7868/7868 
f 7869/7869/7869 7870/7870/7870 7871/7871/7871 
f 7871/7871/7871 7870/7870/7870 7872/7872/7872 
f 7873/7873/7873 7874/7874/7874 7875/7875/7875 
f 7875/7875/7875 7874/7874/7874 7876/7876/7876 

g Height59

v -30.5792 3.455 65.0189 
v -30.5792 3.455 60.0189 
v -30.5792 0.454998 65.0189 
v -30.5792 0.454998 60.0189 
v -30.3792 3.455 60.0189 
v -30.5792 3.455 60.0189 
v -30.3792 3.455 65.0189 
v -30.5792 3.455 65.0189 
v -30.5792 3.455 60.0189 
v -30.3792 3.455 60.0189 
v -30.5792 0.454998 60.0189 
v -30.3792 0.454998 60.0189 
v -30.3792 3.455 60.0189 
v -30.3792 3.455 65.0189 
v -30.3792 0.454998 60.0189 
v -30.3792 0.454998 65.0189 
v -30.3792 0.454998 65.0189 
v -30.5792 0.454998 65.0189 
v -30.3792 0.454998 60.0189 
v -30.5792 0.454998 60.0189 
v -30.3792 3.455 65.0189 
v -30.5792 3.455 65.0189 
v -30.3792 0.454998 65.0189 
v -30.5792 0.454998 65.0189 

vn -1 0 0 
vn -1 0 0 
vn -1 0 0 
vn -1 0 0 
vn 0 1 0 
vn 0 1 0 
vn 0 1 0 
vn 0 1 0 
vn 0 0 -1 
vn 0 0 -1 
vn 0 0 -1 
vn 0 0 -1 
vn 1 0 0 
vn 1 0 0 
vn 1 0 0 
vn 1 0 0 
vn 0 -1 0 
vn 0 -1 0 
vn 0 -1 0 
vn 0 -1 0 
vn 0 0 1 
vn 0 0 1 
vn 0 0 1 
vn 0 0 1 

vt 7.125 -6 
vt 6.5 -6 
vt 7.125 -6.375 
vt 6.5 -6.375 
vt 6.525 -6 
vt 6.5 -6 
vt 6.525 -6.625 
vt 6.5 -6.625 
vt 6.525 -6 
vt 6.5 -6 
vt 6.525 -6.375 
vt 6.5 -6.375 
vt 7.125 -6 
vt 6.5 -6 
vt 7.125 -6.375 
vt 6.5 -6.375 
vt 6.525 -6 
vt 6.5 -6 
vt 6.525 -6.625 
vt 6.5 -6.625 
vt 6.525 -6 
vt 6.5 -6 
vt 6.525 -6.375 
vt 6.5 -6.375 

usemtl Height171Mtl

f 7877/7877/7877 7878/7878/7878 7879/7879/7879 
f 7879/7879/7879 7878/7878/7878 7880/7880/7880 
f 7881/7881/7881 7882/7882/7882 7883/7883/7883 
f 7883/7883/7883 7882/7882/7882 7884/7884/7884 
f 7885/7885/7885 7886/7886/7886 7887/7887/7887 
f 7887/7887/7887 7886/7886/7886 7888/7888/7888 
f 7889/7889/7889 7890/7890/7890 7891/7891/7891 
f 7891/7891/7891 7890/7890/7890 7892/7892/7892 
f 7893/7893/7893 7894/7894/7894 7895/7895/7895 
f 7895/7895/7895 7894/7894/7894 7896/7896/7896 
f 7897/7897/7897 7898/7898/7898 7899/7899/7899 
f 7899/7899/7899 7898/7898/7898 7900/7900/7900 

g Height60

v -30.5792 0.454996 65.0189 
v -30.5792 0.454996 60.0189 
v -30.5792 0.254996 65.0189 
v -30.5792 0.254996 60.0189 
v -26.5792 0.454996 60.0189 
v -30.5792 0.454996 60.0189 
v -26.5792 0.454996 65.0189 
v -30.5792 0.454996 65.0189 
v -30.5792 0.454996 60.0189 
v -26.5792 0.454996 60.0189 
v -30.5792 0.254996 60.0189 
v -26.5792 0.254996 60.0189 
v -26.5792 0.454996 60.0189 
v -26.5792 0.454996 65.0189 
v -26.5792 0.254996 60.0189 
v -26.5792 0.254996 65.0189 
v -26.5792 0.254996 65.0189 
v -30.5792 0.254996 65.0189 
v -26.5792 0.254996 60.0189 
v -30.5792 0.254996 60.0189 
v -26.5792 0.454996 65.0189 
v -30.5792 0.454996 65.0189 
v -26.5792 0.254996 65.0189 
v -30.5792 0.254996 65.0189 

vn -1 0 0 
vn -1 0 0 
vn -1 0 0 
vn -1 0 0 
vn 0 1 0 
vn 0 1 0 
vn 0 1 0 
vn 0 1 0 
vn 0 0 -1 
vn 0 0 -1 
vn 0 0 -1 
vn 0 0 -1 
vn 1 0 0 
vn 1 0 0 
vn 1 0 0 
vn 1 0 0 
vn 0 -1 0 
vn 0 -1 0 
vn 0 -1 0 
vn 0 -1 0 
vn 0 0 1 
vn 0 0 1 
vn 0 0 1 
vn 0 0 1 

vt 3.625 -3.25 
vt 3 -3.25 
vt 3.625 -3.275 
vt 3 -3.275 
vt 3.5 -3.25 
vt 3 -3.25 
vt 3.5 -3.875 
vt 3 -3.875 
vt 3.5 -3.25 
vt 3 -3.25 
vt 3.5 -3.275 
vt 3 -3.275 
vt 3.625 -3.25 
vt 3 -3.25 
vt 3.625 -3.275 
vt 3 -3.275 
vt 3.5 -3.25 
vt 3 -3.25 
vt 3.5 -3.875 
vt 3 -3.875 
vt 3.5 -3.25 
vt 3 -3.25 
vt 3.5 -3.275 
vt 3 -3.275 

usemtl Height171Mtl

f 7901/7901/7901 7902/7902/7902 7903/7903/7903 
f 7903/7903/7903 7902/7902/7902 7904/7904/7904 
f 7905/7905/7905 7906/7906/7906 7907/7907/7907 
f 7907/7907/7907 7906/7906/7906 7908/7908/7908 
f 7909/7909/7909 7910/7910/7910 7911/7911/7911 
f 7911/7911/7911 7910/7910/7910 7912/7912/7912 
f 7913/7913/7913 7914/7914/7914 7915/7915/7915 
f 7915/7915/7915 7914/7914/7914 7916/7916/7916 
f 7917/7917/7917 7918/7918/7918 7919/7919/7919 
f 7919/7919/7919 7918/7918/7918 7920/7920/7920 
f 7921/7921/7921 7922/7922/7922 7923/7923/7923 
f 7923/7923/7923 7922/7922/7922 7924/7924/7924 

g Height61

v -29.5792 6.65495 67.8188 
v -25.5792 6.65495 67.8188 
v -29.5792 3.65495 67.8188 
v -25.5792 3.65495 67.8188 
v -25.5792 6.65495 68.0188 
v -25.5792 6.65495 67.8188 
v -29.5792 6.65495 68.0188 
v -29.5792 6.65495 67.8188 
v -25.5792 6.65495 67.8188 
v -25.5792 6.65495 68.0188 
v -25.5792 3.65495 67.8188 
v -25.5792 3.65495 68.0188 
v -25.5792 6.65495 68.0188 
v -29.5792 6.65495 68.0188 
v -25.5792 3.65495 68.0188 
v -29.5792 3.65495 68.0188 
v -29.5792 3.65495 68.0188 
v -29.5792 3.65495 67.8188 
v -25.5792 3.65495 68.0188 
v -25.5792 3.65495 67.8188 
v -29.5792 6.65495 68.0188 
v -29.5792 6.65495 67.8188 
v -29.5792 3.65495 68.0188 
v -29.5792 3.65495 67.8188 

vn 0 0 -1 
vn 0 0 -1 
vn 0 0 -1 
vn 0 0 -1 
vn 0 1 0 
vn 0 1 0 
vn 0 1 0 
vn 0 1 0 
vn 1 0 0 
vn 1 0 0 
vn 1 0 0 
vn 1 0 0 
vn 0 0 1 
vn 0 0 1 
vn 0 0 1 
vn 0 0 1 
vn 0 -1 0 
vn 0 -1 0 
vn 0 -1 0 
vn 0 -1 0 
vn -1 0 0 
vn -1 0 0 
vn -1 0 0 
vn -1 0 0 

vt 6.5 -6.75 
vt 6 -6.75 
vt 6.5 -7.125 
vt 6 -7.125 
vt 6.025 -6.75 
vt 6 -6.75 
vt 6.025 -7.25 
vt 6 -7.25 
vt 6.025 -6.75 
vt 6 -6.75 
vt 6.025 -7.125 
vt 6 -7.125 
vt 6.5 -6.75 
vt 6 -6.75 
vt 6.5 -7.125 
vt 6 -7.125 
vt 6.025 -6.75 
vt 6 -6.75 
vt 6.025 -7.25 
vt 6 -7.25 
vt 6.025 -6.75 
vt 6 -6.75 
vt 6.025 -7.125 
vt 6 -7.125 

usemtl Height171Mtl

f 7925/7925/7925 7926/7926/7926 7927/7927/7927 
f 7927/7927/7927 7926/7926/7926 7928/7928/7928 
f 7929/7929/7929 7930/7930/7930 7931/7931/7931 
f 7931/7931/7931 7930/7930/7930 7932/7932/7932 
f 7933/7933/7933 7934/7934/7934 7935/7935/7935 
f 7935/7935/7935 7934/7934/7934 7936/7936/7936 
f 7937/7937/7937 7938/7938/7938 7939/7939/7939 
f 7939/7939/7939 7938/7938/7938 7940/7940/7940 
f 7941/7941/7941 7942/7942/7942 7943/7943/7943 
f 7943/7943/7943 7942/7942/7942 7944/7944/7944 
f 7945/7945/7945 7946/7946/7946 7947/7947/7947 
f 7947/7947/7947 7946/7946/7946 7948/7948/7948 

g Height62

v -29.5792 6.655 63.019 
v -25.5792 6.655 63.019 
v -29.5792 3.655 63.019 
v -25.5792 3.655 63.019 
v -25.5792 6.655 63.219 
v -25.5792 6.655 63.019 
v -29.5792 6.655 63.219 
v -29.5792 6.655 63.019 
v -25.5792 6.655 63.019 
v -25.5792 6.655 63.219 
v -25.5792 3.655 63.019 
v -25.5792 3.655 63.219 
v -25.5792 6.655 63.219 
v -29.5792 6.655 63.219 
v -25.5792 3.655 63.219 
v -29.5792 3.655 63.219 
v -29.5792 3.655 63.219 
v -29.5792 3.655 63.019 
v -25.5792 3.655 63.219 
v -25.5792 3.655 63.019 
v -29.5792 6.655 63.219 
v -29.5792 6.655 63.019 
v -29.5792 3.655 63.219 
v -29.5792 3.655 63.019 

vn 0 0 -1 
vn 0 0 -1 
vn 0 0 -1 
vn 0 0 -1 
vn 0 1 0 
vn 0 1 0 
vn 0 1 0 
vn 0 1 0 
vn 1 0 0 
vn 1 0 0 
vn 1 0 0 
vn 1 0 0 
vn 0 0 1 
vn 0 0 1 
vn 0 0 1 
vn 0 0 1 
vn 0 -1 0 
vn 0 -1 0 
vn 0 -1 0 
vn 0 -1 0 
vn -1 0 0 
vn -1 0 0 
vn -1 0 0 
vn -1 0 0 

vt 6.25 -4.5 
vt 5.75 -4.5 
vt 6.25 -4.875 
vt 5.75 -4.875 
vt 5.775 -4.5 
vt 5.75 -4.5 
vt 5.775 -5 
vt 5.75 -5 
vt 5.775 -4.5 
vt 5.75 -4.5 
vt 5.775 -4.875 
vt 5.75 -4.875 
vt 6.25 -4.5 
vt 5.75 -4.5 
vt 6.25 -4.875 
vt 5.75 -4.875 
vt 5.775 -4.5 
vt 5.75 -4.5 
vt 5.775 -5 
vt 5.75 -5 
vt 5.775 -4.5 
vt 5.75 -4.5 
vt 5.775 -4.875 
vt 5.75 -4.875 

usemtl Height171Mtl

f 7949/7949/7949 7950/7950/7950 7951/7951/7951 
f 7951/7951/7951 7950/7950/7950 7952/7952/7952 
f 7953/7953/7953 7954/7954/7954 7955/7955/7955 
f 7955/7955/7955 7954/7954/7954 7956/7956/7956 
f 7957/7957/7957 7958/7958/7958 7959/7959/7959 
f 7959/7959/7959 7958/7958/7958 7960/7960/7960 
f 7961/7961/7961 7962/7962/7962 7963/7963/7963 
f 7963/7963/7963 7962/7962/7962 7964/7964/7964 
f 7965/7965/7965 7966/7966/7966 7967/7967/7967 
f 7967/7967/7967 7966/7966/7966 7968/7968/7968 
f 7969/7969/7969 7970/7970/7970 7971/7971/7971 
f 7971/7971/7971 7970/7970/7970 7972/7972/7972 

g Height63

v -22.5792 3.455 64.0189 
v -22.5792 3.455 69.0189 
v -22.5792 0.454998 64.0189 
v -22.5792 0.454998 69.0189 
v -22.7792 3.455 69.0189 
v -22.5792 3.455 69.0189 
v -22.7792 3.455 64.0189 
v -22.5792 3.455 64.0189 
v -22.5792 3.455 69.0189 
v -22.7792 3.455 69.0189 
v -22.5792 0.454998 69.0189 
v -22.7792 0.454998 69.0189 
v -22.7792 3.455 69.0189 
v -22.7792 3.455 64.0189 
v -22.7792 0.454998 69.0189 
v -22.7792 0.454998 64.0189 
v -22.7792 0.454998 64.0189 
v -22.5792 0.454998 64.0189 
v -22.7792 0.454998 69.0189 
v -22.5792 0.454998 69.0189 
v -22.7792 3.455 64.0189 
v -22.5792 3.455 64.0189 
v -22.7792 0.454998 64.0189 
v -22.5792 0.454998 64.0189 

vn 1 0 0 
vn 1 0 0 
vn 1 0 0 
vn 1 0 0 
vn 0 1 0 
vn 0 1 0 
vn 0 1 0 
vn 0 1 0 
vn 0 0 1 
vn 0 0 1 
vn 0 0 1 
vn 0 0 1 
vn -1 0 0 
vn -1 0 0 
vn -1 0 0 
vn -1 0 0 
vn 0 -1 0 
vn 0 -1 0 
vn 0 -1 0 
vn 0 -1 0 
vn 0 0 -1 
vn 0 0 -1 
vn 0 0 -1 
vn 0 0 -1 

vt 7.625 -6.25 
vt 7 -6.25 
vt 7.625 -6.625 
vt 7 -6.625 
vt 7.025 -6.25 
vt 7 -6.25 
vt 7.025 -6.875 
vt 7 -6.875 
vt 7.025 -6.25 
vt 7 -6.25 
vt 7.025 -6.625 
vt 7 -6.625 
vt 7.625 -6.25 
vt 7 -6.25 
vt 7.625 -6.625 
vt 7 -6.625 
vt 7.025 -6.25 
vt 7 -6.25 
vt 7.025 -6.875 
vt 7 -6.875 
vt 7.025 -6.25 
vt 7 -6.25 
vt 7.025 -6.625 
vt 7 -6.625 

usemtl Height171Mtl

f 7973/7973/7973 7974/7974/7974 7975/7975/7975 
f 7975/7975/7975 7974/7974/7974 7976/7976/7976 
f 7977/7977/7977 7978/7978/7978 7979/7979/7979 
f 7979/7979/7979 7978/7978/7978 7980/7980/7980 
f 7981/7981/7981 7982/7982/7982 7983/7983/7983 
f 7983/7983/7983 7982/7982/7982 7984/7984/7984 
f 7985/7985/7985 7986/7986/7986 7987/7987/7987 
f 7987/7987/7987 7986/7986/7986 7988/7988/7988 
f 7989/7989/7989 7990/7990/7990 7991/7991/7991 
f 7991/7991/7991 7990/7990/7990 7992/7992/7992 
f 7993/7993/7993 7994/7994/7994 7995/7995/7995 
f 7995/7995/7995 7994/7994/7994 7996/7996/7996 

g Height64

v -26.5792 3.455 69.0189 
v -26.5792 3.455 64.0189 
v -26.5792 0.454998 69.0189 
v -26.5792 0.454998 64.0189 
v -26.3792 3.455 64.0189 
v -26.5792 3.455 64.0189 
v -26.3792 3.455 69.0189 
v -26.5792 3.455 69.0189 
v -26.5792 3.455 64.0189 
v -26.3792 3.455 64.0189 
v -26.5792 0.454998 64.0189 
v -26.3792 0.454998 64.0189 
v -26.3792 3.455 64.0189 
v -26.3792 3.455 69.0189 
v -26.3792 0.454998 64.0189 
v -26.3792 0.454998 69.0189 
v -26.3792 0.454998 69.0189 
v -26.5792 0.454998 69.0189 
v -26.3792 0.454998 64.0189 
v -26.5792 0.454998 64.0189 
v -26.3792 3.455 69.0189 
v -26.5792 3.455 69.0189 
v -26.3792 0.454998 69.0189 
v -26.5792 0.454998 69.0189 

vn -1 0 0 
vn -1 0 0 
vn -1 0 0 
vn -1 0 0 
vn 0 1 0 
vn 0 1 0 
vn 0 1 0 
vn 0 1 0 
vn 0 0 -1 
vn 0 0 -1 
vn 0 0 -1 
vn 0 0 -1 
vn 1 0 0 
vn 1 0 0 
vn 1 0 0 
vn 1 0 0 
vn 0 -1 0 
vn 0 -1 0 
vn 0 -1 0 
vn 0 -1 0 
vn 0 0 1 
vn 0 0 1 
vn 0 0 1 
vn 0 0 1 

vt 1.625 -6.25 
vt 1 -6.25 
vt 1.625 -6.625 
vt 1 -6.625 
vt 1.025 -6.25 
vt 1 -6.25 
vt 1.025 -6.875 
vt 1 -6.875 
vt 1.025 -6.25 
vt 1 -6.25 
vt 1.025 -6.625 
vt 1 -6.625 
vt 1.625 -6.25 
vt 1 -6.25 
vt 1.625 -6.625 
vt 1 -6.625 
vt 1.025 -6.25 
vt 1 -6.25 
vt 1.025 -6.875 
vt 1 -6.875 
vt 1.025 -6.25 
vt 1 -6.25 
vt 1.025 -6.625 
vt 1 -6.625 

usemtl Height171Mtl

f 7997/7997/7997 7998/7998/7998 7999/7999/7999 
f 7999/7999/7999 7998/7998/7998 8000/8000/8000 
f 8001/8001/8001 8002/8002/8002 8003/8003/8003 
f 8003/8003/8003 8002/8002/8002 8004/8004/8004 
f 8005/8005/8005 8006/8006/8006 8007/8007/8007 
f 8007/8007/8007 8006/8006/8006 8008/8008/8008 
f 8009/8009/8009 8010/8010/8010 8011/8011/8011 
f 8011/8011/8011 8010/8010/8010 8012/8012/8012 
f 8013/8013/8013 8014/8014/8014 8015/8015/8015 
f 8015/8015/8015 8014/8014/8014 8016/8016/8016 
f 8017/8017/8017 8018/8018/8018 8019/8019/8019 
f 8019/8019/8019 8018/8018/8018 8020/8020/8020 

g Height65

v -26.5792 3.45504 68.8188 
v -22.5792 3.45504 68.8188 
v -26.5792 0.455044 68.8188 
v -22.5792 0.455044 68.8188 
v -22.5792 3.45504 69.0188 
v -22.5792 3.45504 68.8188 
v -26.5792 3.45504 69.0188 
v -26.5792 3.45504 68.8188 
v -22.5792 3.45504 68.8188 
v -22.5792 3.45504 69.0188 
v -22.5792 0.455044 68.8188 
v -22.5792 0.455044 69.0188 
v -22.5792 3.45504 69.0188 
v -26.5792 3.45504 69.0188 
v -22.5792 0.455044 69.0188 
v -26.5792 0.455044 69.0188 
v -26.5792 0.455044 69.0188 
v -26.5792 0.455044 68.8188 
v -22.5792 0.455044 69.0188 
v -22.5792 0.455044 68.8188 
v -26.5792 3.45504 69.0188 
v -26.5792 3.45504 68.8188 
v -26.5792 0.455044 69.0188 
v -26.5792 0.455044 68.8188 

vn 0 0 -1 
vn 0 0 -1 
vn 0 0 -1 
vn 0 0 -1 
vn 0 1 0 
vn 0 1 0 
vn 0 1 0 
vn 0 1 0 
vn 1 0 0 
vn 1 0 0 
vn 1 0 0 
vn 1 0 0 
vn 0 0 1 
vn 0 0 1 
vn 0 0 1 
vn 0 0 1 
vn 0 -1 0 
vn 0 -1 0 
vn 0 -1 0 
vn 0 -1 0 
vn -1 0 0 
vn -1 0 0 
vn -1 0 0 
vn -1 0 0 

vt 0.75 -4.25 
vt 0.25 -4.25 
vt 0.75 -4.625 
vt 0.25 -4.625 
vt 0.275 -4.25 
vt 0.25 -4.25 
vt 0.275 -4.75 
vt 0.25 -4.75 
vt 0.275 -4.25 
vt 0.25 -4.25 
vt 0.275 -4.625 
vt 0.25 -4.625 
vt 0.75 -4.25 
vt 0.25 -4.25 
vt 0.75 -4.625 
vt 0.25 -4.625 
vt 0.275 -4.25 
vt 0.25 -4.25 
vt 0.275 -4.75 
vt 0.25 -4.75 
vt 0.275 -4.25 
vt 0.25 -4.25 
vt 0.275 -4.625 
vt 0.25 -4.625 

usemtl Height171Mtl

f 8021/8021/8021 8022/8022/8022 8023/8023/8023 
f 8023/8023/8023 8022/8022/8022 8024/8024/8024 
f 8025/8025/8025 8026/8026/8026 8027/8027/8027 
f 8027/8027/8027 8026/8026/8026 8028/8028/8028 
f 8029/8029/8029 8030/8030/8030 8031/8031/8031 
f 8031/8031/8031 8030/8030/8030 8032/8032/8032 
f 8033/8033/8033 8034/8034/8034 8035/8035/8035 
f 8035/8035/8035 8034/8034/8034 8036/8036/8036 
f 8037/8037/8037 8038/8038/8038 8039/8039/8039 
f 8039/8039/8039 8038/8038/8038 8040/8040/8040 
f 8041/8041/8041 8042/8042/8042 8043/8043/8043 
f 8043/8043/8043 8042/8042/8042 8044/8044/8044 

g Height66

v -22.5792 0.454996 64.0189 
v -22.5792 0.454996 69.0189 
v -22.5792 0.254996 64.0189 
v -22.5792 0.254996 69.0189 
v -26.5792 0.454996 69.0189 
v -22.5792 0.454996 69.0189 
v -26.5792 0.454996 64.0189 
v -22.5792 0.454996 64.0189 
v -22.5792 0.454996 69.0189 
v -26.5792 0.454996 69.0189 
v -22.5792 0.254996 69.0189 
v -26.5792 0.254996 69.0189 
v -26.5792 0.454996 69.0189 
v -26.5792 0.454996 64.0189 
v -26.5792 0.254996 69.0189 
v -26.5792 0.254996 64.0189 
v -26.5792 0.254996 64.0189 
v -22.5792 0.254996 64.0189 
v -26.5792 0.254996 69.0189 
v -22.5792 0.254996 69.0189 
v -26.5792 0.454996 64.0189 
v -22.5792 0.454996 64.0189 
v -26.5792 0.254996 64.0189 
v -22.5792 0.254996 64.0189 

vn 1 0 0 
vn 1 0 0 
vn 1 0 0 
vn 1 0 0 
vn 0 1 0 
vn 0 1 0 
vn 0 1 0 
vn 0 1 0 
vn 0 0 1 
vn 0 0 1 
vn 0 0 1 
vn 0 0 1 
vn -1 0 0 
vn -1 0 0 
vn -1 0 0 
vn -1 0 0 
vn 0 -1 0 
vn 0 -1 0 
vn 0 -1 0 
vn 0 -1 0 
vn 0 0 -1 
vn 0 0 -1 
vn 0 0 -1 
vn 0 0 -1 

vt 4.625 -1 
vt 4 -1 
vt 4.625 -1.025 
vt 4 -1.025 
vt 4.5 -1 
vt 4 -1 
vt 4.5 -1.625 
vt 4 -1.625 
vt 4.5 -1 
vt 4 -1 
vt 4.5 -1.025 
vt 4 -1.025 
vt 4.625 -1 
vt 4 -1 
vt 4.625 -1.025 
vt 4 -1.025 
vt 4.5 -1 
vt 4 -1 
vt 4.5 -1.625 
vt 4 -1.625 
vt 4.5 -1 
vt 4 -1 
vt 4.5 -1.025 
vt 4 -1.025 

usemtl Height171Mtl

f 8045/8045/8045 8046/8046/8046 8047/8047/8047 
f 8047/8047/8047 8046/8046/8046 8048/8048/8048 
f 8049/8049/8049 8050/8050/8050 8051/8051/8051 
f 8051/8051/8051 8050/8050/8050 8052/8052/8052 
f 8053/8053/8053 8054/8054/8054 8055/8055/8055 
f 8055/8055/8055 8054/8054/8054 8056/8056/8056 
f 8057/8057/8057 8058/8058/8058 8059/8059/8059 
f 8059/8059/8059 8058/8058/8058 8060/8060/8060 
f 8061/8061/8061 8062/8062/8062 8063/8063/8063 
f 8063/8063/8063 8062/8062/8062 8064/8064/8064 
f 8065/8065/8065 8066/8066/8066 8067/8067/8067 
f 8067/8067/8067 8066/8066/8066 8068/8068/8068 

g Height67

v -29.5792 6.655 68.0189 
v -29.5792 6.655 63.0189 
v -29.5792 3.655 68.0189 
v -29.5792 3.655 63.0189 
v -29.3792 6.655 63.0189 
v -29.5792 6.655 63.0189 
v -29.3792 6.655 68.0189 
v -29.5792 6.655 68.0189 
v -29.5792 6.655 63.0189 
v -29.3792 6.655 63.0189 
v -29.5792 3.655 63.0189 
v -29.3792 3.655 63.0189 
v -29.3792 6.655 63.0189 
v -29.3792 6.655 68.0189 
v -29.3792 3.655 63.0189 
v -29.3792 3.655 68.0189 
v -29.3792 3.655 68.0189 
v -29.5792 3.655 68.0189 
v -29.3792 3.655 63.0189 
v -29.5792 3.655 63.0189 
v -29.3792 6.655 68.0189 
v -29.5792 6.655 68.0189 
v -29.3792 3.655 68.0189 
v -29.5792 3.655 68.0189 

vn -1 0 0 
vn -1 0 0 
vn -1 0 0 
vn -1 0 0 
vn 0 1 0 
vn 0 1 0 
vn 0 1 0 
vn 0 1 0 
vn 0 0 -1 
vn 0 0 -1 
vn 0 0 -1 
vn 0 0 -1 
vn 1 0 0 
vn 1 0 0 
vn 1 0 0 
vn 1 0 0 
vn 0 -1 0 
vn 0 -1 0 
vn 0 -1 0 
vn 0 -1 0 
vn 0 0 1 
vn 0 0 1 
vn 0 0 1 
vn 0 0 1 

vt 4.125 -2.75 
vt 3.5 -2.75 
vt 4.125 -3.125 
vt 3.5 -3.125 
vt 3.525 -2.75 
vt 3.5 -2.75 
vt 3.525 -3.375 
vt 3.5 -3.375 
vt 3.525 -2.75 
vt 3.5 -2.75 
vt 3.525 -3.125 
vt 3.5 -3.125 
vt 4.125 -2.75 
vt 3.5 -2.75 
vt 4.125 -3.125 
vt 3.5 -3.125 
vt 3.525 -2.75 
vt 3.5 -2.75 
vt 3.525 -3.375 
vt 3.5 -3.375 
vt 3.525 -2.75 
vt 3.5 -2.75 
vt 3.525 -3.125 
vt 3.5 -3.125 

usemtl Height171Mtl

f 8069/8069/8069 8070/8070/8070 8071/8071/8071 
f 8071/8071/8071 8070/8070/8070 8072/8072/8072 
f 8073/8073/8073 8074/8074/8074 8075/8075/8075 
f 8075/8075/8075 8074/8074/8074 8076/8076/8076 
f 8077/8077/8077 8078/8078/8078 8079/8079/8079 
f 8079/8079/8079 8078/8078/8078 8080/8080/8080 
f 8081/8081/8081 8082/8082/8082 8083/8083/8083 
f 8083/8083/8083 8082/8082/8082 8084/8084/8084 
f 8085/8085/8085 8086/8086/8086 8087/8087/8087 
f 8087/8087/8087 8086/8086/8086 8088/8088/8088 
f 8089/8089/8089 8090/8090/8090 8091/8091/8091 
f 8091/8091/8091 8090/8090/8090 8092/8092/8092 

g Height68

v -26.5792 3.455 64.019 
v -22.5792 3.455 64.019 
v -26.5792 0.454998 64.019 
v -22.5792 0.454998 64.019 
v -22.5792 3.455 64.219 
v -22.5792 3.455 64.019 
v -26.5792 3.455 64.219 
v -26.5792 3.455 64.019 
v -22.5792 3.455 64.019 
v -22.5792 3.455 64.219 
v -22.5792 0.454998 64.019 
v -22.5792 0.454998 64.219 
v -22.5792 3.455 64.219 
v -26.5792 3.455 64.219 
v -22.5792 0.454998 64.219 
v -26.5792 0.454998 64.219 
v -26.5792 0.454998 64.219 
v -26.5792 0.454998 64.019 
v -22.5792 0.454998 64.219 
v -22.5792 0.454998 64.019 
v -26.5792 3.455 64.219 
v -26.5792 3.455 64.019 
v -26.5792 0.454998 64.219 
v -26.5792 0.454998 64.019 

vn 0 0 -1 
vn 0 0 -1 
vn 0 0 -1 
vn 0 0 -1 
vn 0 1 0 
vn 0 1 0 
vn 0 1 0 
vn 0 1 0 
vn 1 0 0 
vn 1 0 0 
vn 1 0 0 
vn 1 0 0 
vn 0 0 1 
vn 0 0 1 
vn 0 0 1 
vn 0 0 1 
vn 0 -1 0 
vn 0 -1 0 
vn 0 -1 0 
vn 0 -1 0 
vn -1 0 0 
vn -1 0 0 
vn -1 0 0 
vn -1 0 0 

vt 5 -2.5 
vt 4.5 -2.5 
vt 5 -2.875 
vt 4.5 -2.875 
vt 4.525 -2.5 
vt 4.5 -2.5 
vt 4.525 -3 
vt 4.5 -3 
vt 4.525 -2.5 
vt 4.5 -2.5 
vt 4.525 -2.875 
vt 4.5 -2.875 
vt 5 -2.5 
vt 4.5 -2.5 
vt 5 -2.875 
vt 4.5 -2.875 
vt 4.525 -2.5 
vt 4.5 -2.5 
vt 4.525 -3 
vt 4.5 -3 
vt 4.525 -2.5 
vt 4.5 -2.5 
vt 4.525 -2.875 
vt 4.5 -2.875 

usemtl Height171Mtl

f 8093/8093/8093 8094/8094/8094 8095/8095/8095 
f 8095/8095/8095 8094/8094/8094 8096/8096/8096 
f 8097/8097/8097 8098/8098/8098 8099/8099/8099 
f 8099/8099/8099 8098/8098/8098 8100/8100/8100 
f 8101/8101/8101 8102/8102/8102 8103/8103/8103 
f 8103/8103/8103 8102/8102/8102 8104/8104/8104 
f 8105/8105/8105 8106/8106/8106 8107/8107/8107 
f 8107/8107/8107 8106/8106/8106 8108/8108/8108 
f 8109/8109/8109 8110/8110/8110 8111/8111/8111 
f 8111/8111/8111 8110/8110/8110 8112/8112/8112 
f 8113/8113/8113 8114/8114/8114 8115/8115/8115 
f 8115/8115/8115 8114/8114/8114 8116/8116/8116 

g Height69

v -26.5792 3.455 65.0191 
v -30.5792 3.455 65.0191 
v -26.5792 0.454998 65.0191 
v -30.5792 0.454998 65.0191 
v -30.5792 3.455 64.8191 
v -30.5792 3.455 65.0191 
v -26.5792 3.455 64.8191 
v -26.5792 3.455 65.0191 
v -30.5792 3.455 65.0191 
v -30.5792 3.455 64.8191 
v -30.5792 0.454998 65.0191 
v -30.5792 0.454998 64.8191 
v -30.5792 3.455 64.8191 
v -26.5792 3.455 64.8191 
v -30.5792 0.454998 64.8191 
v -26.5792 0.454998 64.8191 
v -26.5792 0.454998 64.8191 
v -26.5792 0.454998 65.0191 
v -30.5792 0.454998 64.8191 
v -30.5792 0.454998 65.0191 
v -26.5792 3.455 64.8191 
v -26.5792 3.455 65.0191 
v -26.5792 0.454998 64.8191 
v -26.5792 0.454998 65.0191 

vn 0 0 1 
vn 0 0 1 
vn 0 0 1 
vn 0 0 1 
vn 0 1 0 
vn 0 1 0 
vn 0 1 0 
vn 0 1 0 
vn -1 0 0 
vn -1 0 0 
vn -1 0 0 
vn -1 0 0 
vn 0 0 -1 
vn 0 0 -1 
vn 0 0 -1 
vn 0 0 -1 
vn 0 -1 0 
vn 0 -1 0 
vn 0 -1 0 
vn 0 -1 0 
vn 1 0 0 
vn 1 0 0 
vn 1 0 0 
vn 1 0 0 

vt 2.75 -2.25 
vt 2.25 -2.25 
vt 2.75 -2.625 
vt 2.25 -2.625 
vt 2.275 -2.25 
vt 2.25 -2.25 
vt 2.275 -2.75 
vt 2.25 -2.75 
vt 2.275 -2.25 
vt 2.25 -2.25 
vt 2.275 -2.625 
vt 2.25 -2.625 
vt 2.75 -2.25 
vt 2.25 -2.25 
vt 2.75 -2.625 
vt 2.25 -2.625 
vt 2.275 -2.25 
vt 2.25 -2.25 
vt 2.275 -2.75 
vt 2.25 -2.75 
vt 2.275 -2.25 
vt 2.25 -2.25 
vt 2.275 -2.625 
vt 2.25 -2.625 

usemtl Height171Mtl

f 8117/8117/8117 8118/8118/8118 8119/8119/8119 
f 8119/8119/8119 8118/8118/8118 8120/8120/8120 
f 8121/8121/8121 8122/8122/8122 8123/8123/8123 
f 8123/8123/8123 8122/8122/8122 8124/8124/8124 
f 8125/8125/8125 8126/8126/8126 8127/8127/8127 
f 8127/8127/8127 8126/8126/8126 8128/8128/8128 
f 8129/8129/8129 8130/8130/8130 8131/8131/8131 
f 8131/8131/8131 8130/8130/8130 8132/8132/8132 
f 8133/8133/8133 8134/8134/8134 8135/8135/8135 
f 8135/8135/8135 8134/8134/8134 8136/8136/8136 
f 8137/8137/8137 8138/8138/8138 8139/8139/8139 
f 8139/8139/8139 8138/8138/8138 8140/8140/8140 

g Height70

v -32.5792 3.455 65.019 
v -27.5792 3.455 65.019 
v -32.5792 0.454998 65.019 
v -27.5792 0.454998 65.019 
v -27.5792 3.455 65.219 
v -27.5792 3.455 65.019 
v -32.5792 3.455 65.219 
v -32.5792 3.455 65.019 
v -27.5792 3.455 65.019 
v -27.5792 3.455 65.219 
v -27.5792 0.454998 65.019 
v -27.5792 0.454998 65.219 
v -27.5792 3.455 65.219 
v -32.5792 3.455 65.219 
v -27.5792 0.454998 65.219 
v -32.5792 0.454998 65.219 
v -32.5792 0.454998 65.219 
v -32.5792 0.454998 65.019 
v -27.5792 0.454998 65.219 
v -27.5792 0.454998 65.019 
v -32.5792 3.455 65.219 
v -32.5792 3.455 65.019 
v -32.5792 0.454998 65.219 
v -32.5792 0.454998 65.019 

vn 0 0 -1 
vn 0 0 -1 
vn 0 0 -1 
vn 0 0 -1 
vn 0 1 0 
vn 0 1 0 
vn 0 1 0 
vn 0 1 0 
vn 1 0 0 
vn 1 0 0 
vn 1 0 0 
vn 1 0 0 
vn 0 0 1 
vn 0 0 1 
vn 0 0 1 
vn 0 0 1 
vn 0 -1 0 
vn 0 -1 0 
vn 0 -1 0 
vn 0 -1 0 
vn -1 0 0 
vn -1 0 0 
vn -1 0 0 
vn -1 0 0 

vt 7.375 -0.75 
vt 6.75 -0.75 
vt 7.375 -1.125 
vt 6.75 -1.125 
vt 6.775 -0.75 
vt 6.75 -0.75 
vt 6.775 -1.375 
vt 6.75 -1.375 
vt 6.775 -0.75 
vt 6.75 -0.75 
vt 6.775 -1.125 
vt 6.75 -1.125 
vt 7.375 -0.75 
vt 6.75 -0.75 
vt 7.375 -1.125 
vt 6.75 -1.125 
vt 6.775 -0.75 
vt 6.75 -0.75 
vt 6.775 -1.375 
vt 6.75 -1.375 
vt 6.775 -0.75 
vt 6.75 -0.75 
vt 6.775 -1.125 
vt 6.75 -1.125 

usemtl Height171Mtl

f 8141/8141/8141 8142/8142/8142 8143/8143/8143 
f 8143/8143/8143 8142/8142/8142 8144/8144/8144 
f 8145/8145/8145 8146/8146/8146 8147/8147/8147 
f 8147/8147/8147 8146/8146/8146 8148/8148/8148 
f 8149/8149/8149 8150/8150/8150 8151/8151/8151 
f 8151/8151/8151 8150/8150/8150 8152/8152/8152 
f 8153/8153/8153 8154/8154/8154 8155/8155/8155 
f 8155/8155/8155 8154/8154/8154 8156/8156/8156 
f 8157/8157/8157 8158/8158/8158 8159/8159/8159 
f 8159/8159/8159 8158/8158/8158 8160/8160/8160 
f 8161/8161/8161 8162/8162/8162 8163/8163/8163 
f 8163/8163/8163 8162/8162/8162 8164/8164/8164 

g Height71

v -32.5792 3.455 69.0189 
v -32.5792 3.455 65.0189 
v -32.5792 0.454998 69.0189 
v -32.5792 0.454998 65.0189 
v -32.3792 3.455 65.0189 
v -32.5792 3.455 65.0189 
v -32.3792 3.455 69.0189 
v -32.5792 3.455 69.0189 
v -32.5792 3.455 65.0189 
v -32.3792 3.455 65.0189 
v -32.5792 0.454998 65.0189 
v -32.3792 0.454998 65.0189 
v -32.3792 3.455 65.0189 
v -32.3792 3.455 69.0189 
v -32.3792 0.454998 65.0189 
v -32.3792 0.454998 69.0189 
v -32.3792 0.454998 69.0189 
v -32.5792 0.454998 69.0189 
v -32.3792 0.454998 65.0189 
v -32.5792 0.454998 65.0189 
v -32.3792 3.455 69.0189 
v -32.5792 3.455 69.0189 
v -32.3792 0.454998 69.0189 
v -32.5792 0.454998 69.0189 

vn -1 0 0 
vn -1 0 0 
vn -1 0 0 
vn -1 0 0 
vn 0 1 0 
vn 0 1 0 
vn 0 1 0 
vn 0 1 0 
vn 0 0 -1 
vn 0 0 -1 
vn 0 0 -1 
vn 0 0 -1 
vn 1 0 0 
vn 1 0 0 
vn 1 0 0 
vn 1 0 0 
vn 0 -1 0 
vn 0 -1 0 
vn 0 -1 0 
vn 0 -1 0 
vn 0 0 1 
vn 0 0 1 
vn 0 0 1 
vn 0 0 1 

vt 4.25 -3.5 
vt 3.75 -3.5 
vt 4.25 -3.875 
vt 3.75 -3.875 
vt 3.775 -3.5 
vt 3.75 -3.5 
vt 3.775 -4 
vt 3.75 -4 
vt 3.775 -3.5 
vt 3.75 -3.5 
vt 3.775 -3.875 
vt 3.75 -3.875 
vt 4.25 -3.5 
vt 3.75 -3.5 
vt 4.25 -3.875 
vt 3.75 -3.875 
vt 3.775 -3.5 
vt 3.75 -3.5 
vt 3.775 -4 
vt 3.75 -4 
vt 3.775 -3.5 
vt 3.75 -3.5 
vt 3.775 -3.875 
vt 3.75 -3.875 

usemtl Height171Mtl

f 8165/8165/8165 8166/8166/8166 8167/8167/8167 
f 8167/8167/8167 8166/8166/8166 8168/8168/8168 
f 8169/8169/8169 8170/8170/8170 8171/8171/8171 
f 8171/8171/8171 8170/8170/8170 8172/8172/8172 
f 8173/8173/8173 8174/8174/8174 8175/8175/8175 
f 8175/8175/8175 8174/8174/8174 8176/8176/8176 
f 8177/8177/8177 8178/8178/8178 8179/8179/8179 
f 8179/8179/8179 8178/8178/8178 8180/8180/8180 
f 8181/8181/8181 8182/8182/8182 8183/8183/8183 
f 8183/8183/8183 8182/8182/8182 8184/8184/8184 
f 8185/8185/8185 8186/8186/8186 8187/8187/8187 
f 8187/8187/8187 8186/8186/8186 8188/8188/8188 

g Height72

v -32.5792 0.454996 65.0189 
v -27.5792 0.454996 65.0189 
v -32.5792 0.254996 65.0189 
v -27.5792 0.254996 65.0189 
v -27.5792 0.454996 69.0189 
v -27.5792 0.454996 65.0189 
v -32.5792 0.454996 69.0189 
v -32.5792 0.454996 65.0189 
v -27.5792 0.454996 65.0189 
v -27.5792 0.454996 69.0189 
v -27.5792 0.254996 65.0189 
v -27.5792 0.254996 69.0189 
v -27.5792 0.454996 69.0189 
v -32.5792 0.454996 69.0189 
v -27.5792 0.254996 69.0189 
v -32.5792 0.254996 69.0189 
v -32.5792 0.254996 69.0189 
v -32.5792 0.254996 65.0189 
v -27.5792 0.254996 69.0189 
v -27.5792 0.254996 65.0189 
v -32.5792 0.454996 69.0189 
v -32.5792 0.454996 65.0189 
v -32.5792 0.254996 69.0189 
v -32.5792 0.254996 65.0189 

vn 0 0 -1 
vn 0 0 -1 
vn 0 0 -1 
vn 0 0 -1 
vn 0 1 0 
vn 0 1 0 
vn 0 1 0 
vn 0 1 0 
vn 1 0 0 
vn 1 0 0 
vn 1 0 0 
vn 1 0 0 
vn 0 0 1 
vn 0 0 1 
vn 0 0 1 
vn 0 0 1 
vn 0 -1 0 
vn 0 -1 0 
vn 0 -1 0 
vn 0 -1 0 
vn -1 0 0 
vn -1 0 0 
vn -1 0 0 
vn -1 0 0 

vt 6.125 -5.75 
vt 5.5 -5.75 
vt 6.125 -5.775 
vt 5.5 -5.775 
vt 6 -5.75 
vt 5.5 -5.75 
vt 6 -6.375 
vt 5.5 -6.375 
vt 6 -5.75 
vt 5.5 -5.75 
vt 6 -5.775 
vt 5.5 -5.775 
vt 6.125 -5.75 
vt 5.5 -5.75 
vt 6.125 -5.775 
vt 5.5 -5.775 
vt 6 -5.75 
vt 5.5 -5.75 
vt 6 -6.375 
vt 5.5 -6.375 
vt 6 -5.75 
vt 5.5 -5.75 
vt 6 -5.775 
vt 5.5 -5.775 

usemtl Height171Mtl

f 8189/8189/8189 8190/8190/8190 8191/8191/8191 
f 8191/8191/8191 8190/8190/8190 8192/8192/8192 
f 8193/8193/8193 8194/8194/8194 8195/8195/8195 
f 8195/8195/8195 8194/8194/8194 8196/8196/8196 
f 8197/8197/8197 8198/8198/8198 8199/8199/8199 
f 8199/8199/8199 8198/8198/8198 8200/8200/8200 
f 8201/8201/8201 8202/8202/8202 8203/8203/8203 
f 8203/8203/8203 8202/8202/8202 8204/8204/8204 
f 8205/8205/8205 8206/8206/8206 8207/8207/8207 
f 8207/8207/8207 8206/8206/8206 8208/8208/8208 
f 8209/8209/8209 8210/8210/8210 8211/8211/8211 
f 8211/8211/8211 8210/8210/8210 8212/8212/8212 

g Height73

v -27.5792 3.455 69.0191 
v -32.5792 3.455 69.0191 
v -27.5792 0.454998 69.0191 
v -32.5792 0.454998 69.0191 
v -32.5792 3.455 68.8191 
v -32.5792 3.455 69.0191 
v -27.5792 3.455 68.8191 
v -27.5792 3.455 69.0191 
v -32.5792 3.455 69.0191 
v -32.5792 3.455 68.8191 
v -32.5792 0.454998 69.0191 
v -32.5792 0.454998 68.8191 
v -32.5792 3.455 68.8191 
v -27.5792 3.455 68.8191 
v -32.5792 0.454998 68.8191 
v -27.5792 0.454998 68.8191 
v -27.5792 0.454998 68.8191 
v -27.5792 0.454998 69.0191 
v -32.5792 0.454998 68.8191 
v -32.5792 0.454998 69.0191 
v -27.5792 3.455 68.8191 
v -27.5792 3.455 69.0191 
v -27.5792 0.454998 68.8191 
v -27.5792 0.454998 69.0191 

vn 0 0 1 
vn 0 0 1 
vn 0 0 1 
vn 0 0 1 
vn 0 1 0 
vn 0 1 0 
vn 0 1 0 
vn 0 1 0 
vn -1 0 0 
vn -1 0 0 
vn -1 0 0 
vn -1 0 0 
vn 0 0 -1 
vn 0 0 -1 
vn 0 0 -1 
vn 0 0 -1 
vn 0 -1 0 
vn 0 -1 0 
vn 0 -1 0 
vn 0 -1 0 
vn 1 0 0 
vn 1 0 0 
vn 1 0 0 
vn 1 0 0 

vt 8.375 -0.25 
vt 7.75 -0.25 
vt 8.375 -0.625 
vt 7.75 -0.625 
vt 7.775 -0.25 
vt 7.75 -0.25 
vt 7.775 -0.875 
vt 7.75 -0.875 
vt 7.775 -0.25 
vt 7.75 -0.25 
vt 7.775 -0.625 
vt 7.75 -0.625 
vt 8.375 -0.25 
vt 7.75 -0.25 
vt 8.375 -0.625 
vt 7.75 -0.625 
vt 7.775 -0.25 
vt 7.75 -0.25 
vt 7.775 -0.875 
vt 7.75 -0.875 
vt 7.775 -0.25 
vt 7.75 -0.25 
vt 7.775 -0.625 
vt 7.75 -0.625 

usemtl Height171Mtl

f 8213/8213/8213 8214/8214/8214 8215/8215/8215 
f 8215/8215/8215 8214/8214/8214 8216/8216/8216 
f 8217/8217/8217 8218/8218/8218 8219/8219/8219 
f 8219/8219/8219 8218/8218/8218 8220/8220/8220 
f 8221/8221/8221 8222/8222/8222 8223/8223/8223 
f 8223/8223/8223 8222/8222/8222 8224/8224/8224 
f 8225/8225/8225 8226/8226/8226 8227/8227/8227 
f 8227/8227/8227 8226/8226/8226 8228/8228/8228 
f 8229/8229/8229 8230/8230/8230 8231/8231/8231 
f 8231/8231/8231 8230/8230/8230 8232/8232/8232 
f 8233/8233/8233 8234/8234/8234 8235/8235/8235 
f 8235/8235/8235 8234/8234/8234 8236/8236/8236 

g Height74

v -28.7792 3.45543 74.0788 
v -24.7792 3.45543 74.0788 
v -28.7792 0.455426 74.0788 
v -24.7792 0.455425 74.0788 
v -24.7792 3.45543 74.2788 
v -24.7792 3.45543 74.0788 
v -28.7792 3.45543 74.2788 
v -28.7792 3.45543 74.0788 
v -24.7792 3.45543 74.0788 
v -24.7792 3.45543 74.2788 
v -24.7792 0.455425 74.0788 
v -24.7792 0.455425 74.2788 
v -24.7792 3.45543 74.2788 
v -28.7792 3.45543 74.2788 
v -24.7792 0.455425 74.2788 
v -28.7792 0.455426 74.2788 
v -28.7792 0.455426 74.2788 
v -28.7792 0.455426 74.0788 
v -24.7792 0.455425 74.2788 
v -24.7792 0.455425 74.0788 
v -28.7792 3.45543 74.2788 
v -28.7792 3.45543 74.0788 
v -28.7792 0.455426 74.2788 
v -28.7792 0.455426 74.0788 

vn 0 0 -1 
vn 0 0 -1 
vn 0 0 -1 
vn 0 0 -1 
vn 0 1 0 
vn 0 1 0 
vn 0 1 0 
vn 0 1 0 
vn 1 0 0 
vn 1 0 0 
vn 1 0 0 
vn 1 0 0 
vn 0 0 1 
vn 0 0 1 
vn 0 0 1 
vn 0 0 1 
vn 0 -1 0 
vn 0 -1 0 
vn 0 -1 0 
vn 0 -1 0 
vn -1 0 0 
vn -1 0 0 
vn -1 0 0 
vn -1 0 0 

vt 7.75 -2.5 
vt 7.25 -2.5 
vt 7.75 -2.875 
vt 7.25 -2.875 
vt 7.275 -2.5 
vt 7.25 -2.5 
vt 7.275 -3 
vt 7.25 -3 
vt 7.275 -2.5 
vt 7.25 -2.5 
vt 7.275 -2.875 
vt 7.25 -2.875 
vt 7.75 -2.5 
vt 7.25 -2.5 
vt 7.75 -2.875 
vt 7.25 -2.875 
vt 7.275 -2.5 
vt 7.25 -2.5 
vt 7.275 -3 
vt 7.25 -3 
vt 7.275 -2.5 
vt 7.25 -2.5 
vt 7.275 -2.875 
vt 7.25 -2.875 

usemtl Height171Mtl

f 8237/8237/8237 8238/8238/8238 8239/8239/8239 
f 8239/8239/8239 8238/8238/8238 8240/8240/8240 
f 8241/8241/8241 8242/8242/8242 8243/8243/8243 
f 8243/8243/8243 8242/8242/8242 8244/8244/8244 
f 8245/8245/8245 8246/8246/8246 8247/8247/8247 
f 8247/8247/8247 8246/8246/8246 8248/8248/8248 
f 8249/8249/8249 8250/8250/8250 8251/8251/8251 
f 8251/8251/8251 8250/8250/8250 8252/8252/8252 
f 8253/8253/8253 8254/8254/8254 8255/8255/8255 
f 8255/8255/8255 8254/8254/8254 8256/8256/8256 
f 8257/8257/8257 8258/8258/8258 8259/8259/8259 
f 8259/8259/8259 8258/8258/8258 8260/8260/8260 

g Height75

v -26.5792 3.45503 60.219 
v -30.5792 3.45503 60.219 
v -26.5792 0.455029 60.219 
v -30.5792 0.455029 60.219 
v -30.5792 3.45503 60.019 
v -30.5792 3.45503 60.219 
v -26.5792 3.45503 60.019 
v -26.5792 3.45503 60.219 
v -30.5792 3.45503 60.219 
v -30.5792 3.45503 60.019 
v -30.5792 0.455029 60.219 
v -30.5792 0.455029 60.019 
v -30.5792 3.45503 60.019 
v -26.5792 3.45503 60.019 
v -30.5792 0.455029 60.019 
v -26.5792 0.455029 60.019 
v -26.5792 0.455029 60.019 
v -26.5792 0.455029 60.219 
v -30.5792 0.455029 60.019 
v -30.5792 0.455029 60.219 
v -26.5792 3.45503 60.019 
v -26.5792 3.45503 60.219 
v -26.5792 0.455029 60.019 
v -26.5792 0.455029 60.219 

vn 0 0 1 
vn 0 0 1 
vn 0 0 1 
vn 0 0 1 
vn 0 1 0 
vn 0 1 0 
vn 0 1 0 
vn 0 1 0 
vn -1 0 0 
vn -1 0 0 
vn -1 0 0 
vn -1 0 0 
vn 0 0 -1 
vn 0 0 -1 
vn 0 0 -1 
vn 0 0 -1 
vn 0 -1 0 
vn 0 -1 0 
vn 0 -1 0 
vn 0 -1 0 
vn 1 0 0 
vn 1 0 0 
vn 1 0 0 
vn 1 0 0 

vt 5.75 -2 
vt 5.25 -2 
vt 5.75 -2.375 
vt 5.25 -2.375 
vt 5.275 -2 
vt 5.25 -2 
vt 5.275 -2.5 
vt 5.25 -2.5 
vt 5.275 -2 
vt 5.25 -2 
vt 5.275 -2.375 
vt 5.25 -2.375 
vt 5.75 -2 
vt 5.25 -2 
vt 5.75 -2.375 
vt 5.25 -2.375 
vt 5.275 -2 
vt 5.25 -2 
vt 5.275 -2.5 
vt 5.25 -2.5 
vt 5.275 -2 
vt 5.25 -2 
vt 5.275 -2.375 
vt 5.25 -2.375 

usemtl Height171Mtl

f 8261/8261/8261 8262/8262/8262 8263/8263/8263 
f 8263/8263/8263 8262/8262/8262 8264/8264/8264 
f 8265/8265/8265 8266/8266/8266 8267/8267/8267 
f 8267/8267/8267 8266/8266/8266 8268/8268/8268 
f 8269/8269/8269 8270/8270/8270 8271/8271/8271 
f 8271/8271/8271 8270/8270/8270 8272/8272/8272 
f 8273/8273/8273 8274/8274/8274 8275/8275/8275 
f 8275/8275/8275 8274/8274/8274 8276/8276/8276 
f 8277/8277/8277 8278/8278/8278 8279/8279/8279 
f 8279/8279/8279 8278/8278/8278 8280/8280/8280 
f 8281/8281/8281 8282/8282/8282 8283/8283/8283 
f 8283/8283/8283 8282/8282/8282 8284/8284/8284 

g Height76

v -32.4393 2.95477 65.2189 
v -32.4393 2.95477 68.8189 
v -27.8393 2.95477 65.2189 
v -27.8393 2.95477 68.8189 
v -32.4393 0.754774 68.8189 
v -32.4393 2.95477 68.8189 
v -32.4393 0.754775 65.2189 
v -32.4393 2.95477 65.2189 
v -32.4393 2.95477 68.8189 
v -32.4393 0.754774 68.8189 
v -27.8393 2.95477 68.8189 
v -27.8393 0.754774 68.8189 
v -32.4393 0.754774 68.8189 
v -32.4393 0.754775 65.2189 
v -27.8393 0.754774 68.8189 
v -27.8393 0.754775 65.2189 
v -27.8393 0.754775 65.2189 
v -27.8393 2.95477 65.2189 
v -27.8393 0.754774 68.8189 
v -27.8393 2.95477 68.8189 
v -32.4393 0.754775 65.2189 
v -32.4393 2.95477 65.2189 
v -27.8393 0.754775 65.2189 
v -27.8393 2.95477 65.2189 

vn 0 1 0 
vn 0 1 0 
vn 0 1 0 
vn 0 1 0 
vn -1 0 0 
vn -1 0 0 
vn -1 0 0 
vn -1 0 0 
vn 0 0 1 
vn 0 0 1 
vn 0 0 1 
vn 0 0 1 
vn 0 -1 0 
vn 0 -1 0 
vn 0 -1 0 
vn 0 -1 0 
vn 1 0 0 
vn 1 0 0 
vn 1 0 0 
vn 1 0 0 
vn 0 0 -1 
vn 0 0 -1 
vn 0 0 -1 
vn 0 0 -1 

vt 4.7 -6.5 
vt 4.25 -6.5 
vt 4.7 -7.075 
vt 4.25 -7.075 
vt 4.525 -6.5 
vt 4.25 -6.5 
vt 4.525 -6.95 
vt 4.25 -6.95 
vt 4.525 -6.5 
vt 4.25 -6.5 
vt 4.525 -7.075 
vt 4.25 -7.075 
vt 4.7 -6.5 
vt 4.25 -6.5 
vt 4.7 -7.075 
vt 4.25 -7.075 
vt 4.525 -6.5 
vt 4.25 -6.5 
vt 4.525 -6.95 
vt 4.25 -6.95 
vt 4.525 -6.5 
vt 4.25 -6.5 
vt 4.525 -7.075 
vt 4.25 -7.075 

usemtl Height24Mtl

f 8285/8285/8285 8286/8286/8286 8287/8287/8287 
f 8287/8287/8287 8286/8286/8286 8288/8288/8288 
f 8289/8289/8289 8290/8290/8290 8291/8291/8291 
f 8291/8291/8291 8290/8290/8290 8292/8292/8292 
f 8293/8293/8293 8294/8294/8294 8295/8295/8295 
f 8295/8295/8295 8294/8294/8294 8296/8296/8296 
f 8297/8297/8297 8298/8298/8298 8299/8299/8299 
f 8299/8299/8299 8298/8298/8298 8300/8300/8300 
f 8301/8301/8301 8302/8302/8302 8303/8303/8303 
f 8303/8303/8303 8302/8302/8302 8304/8304/8304 
f 8305/8305/8305 8306/8306/8306 8307/8307/8307 
f 8307/8307/8307 8306/8306/8306 8308/8308/8308 

g Height77

v -24.9792 2.955 69.4189 
v -28.5792 2.955 69.4189 
v -24.9792 2.955 74.0189 
v -28.5792 2.955 74.0189 
v -28.5792 0.754996 69.4189 
v -28.5792 2.955 69.4189 
v -24.9792 0.754996 69.4189 
v -24.9792 2.955 69.4189 
v -28.5792 2.955 69.4189 
v -28.5792 0.754996 69.4189 
v -28.5792 2.955 74.0189 
v -28.5792 0.754996 74.0189 
v -28.5792 0.754996 69.4189 
v -24.9792 0.754996 69.4189 
v -28.5792 0.754996 74.0189 
v -24.9792 0.754996 74.0189 
v -24.9792 0.754996 74.0189 
v -24.9792 2.955 74.0189 
v -28.5792 0.754996 74.0189 
v -28.5792 2.955 74.0189 
v -24.9792 0.754996 69.4189 
v -24.9792 2.955 69.4189 
v -24.9792 0.754996 74.0189 
v -24.9792 2.955 74.0189 

vn 0 1 0 
vn 0 1 0 
vn 0 1 0 
vn 0 1 0 
vn 0 0 -1 
vn 0 0 -1 
vn 0 0 -1 
vn 0 0 -1 
vn -1 0 0 
vn -1 0 0 
vn -1 0 0 
vn -1 0 0 
vn 0 -1 0 
vn 0 -1 0 
vn 0 -1 0 
vn 0 -1 0 
vn 0 0 1 
vn 0 0 1 
vn 0 0 1 
vn 0 0 1 
vn 1 0 0 
vn 1 0 0 
vn 1 0 0 
vn 1 0 0 

vt 7.2 0.5 
vt 6.75 0.5 
vt 7.2 -0.075 
vt 6.75 -0.075 
vt 7.025 0.5 
vt 6.75 0.5 
vt 7.025 0.05 
vt 6.75 0.05 
vt 7.025 0.5 
vt 6.75 0.5 
vt 7.025 -0.075 
vt 6.75 -0.075 
vt 7.2 0.5 
vt 6.75 0.5 
vt 7.2 -0.075 
vt 6.75 -0.075 
vt 7.025 0.5 
vt 6.75 0.5 
vt 7.025 0.05 
vt 6.75 0.05 
vt 7.025 0.5 
vt 6.75 0.5 
vt 7.025 -0.075 
vt 6.75 -0.075 

usemtl Height24Mtl

f 8309/8309/8309 8310/8310/8310 8311/8311/8311 
f 8311/8311/8311 8310/8310/8310 8312/8312/8312 
f 8313/8313/8313 8314/8314/8314 8315/8315/8315 
f 8315/8315/8315 8314/8314/8314 8316/8316/8316 
f 8317/8317/8317 8318/8318/8318 8319/8319/8319 
f 8319/8319/8319 8318/8318/8318 8320/8320/8320 
f 8321/8321/8321 8322/8322/8322 8323/8323/8323 
f 8323/8323/8323 8322/8322/8322 8324/8324/8324 
f 8325/8325/8325 8326/8326/8326 8327/8327/8327 
f 8327/8327/8327 8326/8326/8326 8328/8328/8328 
f 8329/8329/8329 8330/8330/8330 8331/8331/8331 
f 8331/8331/8331 8330/8330/8330 8332/8332/8332 

g Height78

v -28.7792 3.45543 74.2789 
v -28.7792 3.45543 69.2789 
v -28.7792 0.455425 74.2789 
v -28.7792 0.455425 69.2789 
v -28.5792 3.45543 69.2789 
v -28.7792 3.45543 69.2789 
v -28.5792 3.45543 74.2789 
v -28.7792 3.45543 74.2789 
v -28.7792 3.45543 69.2789 
v -28.5792 3.45543 69.2789 
v -28.7792 0.455425 69.2789 
v -28.5792 0.455425 69.2789 
v -28.5792 3.45543 69.2789 
v -28.5792 3.45543 74.2789 
v -28.5792 0.455425 69.2789 
v -28.5792 0.455425 74.2789 
v -28.5792 0.455425 74.2789 
v -28.7792 0.455425 74.2789 
v -28.5792 0.455425 69.2789 
v -28.7792 0.455425 69.2789 
v -28.5792 3.45543 74.2789 
v -28.7792 3.45543 74.2789 
v -28.5792 0.455425 74.2789 
v -28.7792 0.455425 74.2789 

vn -1 0 0 
vn -1 0 0 
vn -1 0 0 
vn -1 0 0 
vn 0 1 0 
vn 0 1 0 
vn 0 1 0 
vn 0 1 0 
vn 0 0 -1 
vn 0 0 -1 
vn 0 0 -1 
vn 0 0 -1 
vn 1 0 0 
vn 1 0 0 
vn 1 0 0 
vn 1 0 0 
vn 0 -1 0 
vn 0 -1 0 
vn 0 -1 0 
vn 0 -1 0 
vn 0 0 1 
vn 0 0 1 
vn 0 0 1 
vn 0 0 1 

vt 4.625 0.25 
vt 4 0.25 
vt 4.625 -0.125 
vt 4 -0.125 
vt 4.025 0.25 
vt 4 0.25 
vt 4.025 -0.375 
vt 4 -0.375 
vt 4.025 0.25 
vt 4 0.25 
vt 4.025 -0.125 
vt 4 -0.125 
vt 4.625 0.25 
vt 4 0.25 
vt 4.625 -0.125 
vt 4 -0.125 
vt 4.025 0.25 
vt 4 0.25 
vt 4.025 -0.375 
vt 4 -0.375 
vt 4.025 0.25 
vt 4 0.25 
vt 4.025 -0.125 
vt 4 -0.125 

usemtl Height171Mtl

f 8333/8333/8333 8334/8334/8334 8335/8335/8335 
f 8335/8335/8335 8334/8334/8334 8336/8336/8336 
f 8337/8337/8337 8338/8338/8338 8339/8339/8339 
f 8339/8339/8339 8338/8338/8338 8340/8340/8340 
f 8341/8341/8341 8342/8342/8342 8343/8343/8343 
f 8343/8343/8343 8342/8342/8342 8344/8344/8344 
f 8345/8345/8345 8346/8346/8346 8347/8347/8347 
f 8347/8347/8347 8346/8346/8346 8348/8348/8348 
f 8349/8349/8349 8350/8350/8350 8351/8351/8351 
f 8351/8351/8351 8350/8350/8350 8352/8352/8352 
f 8353/8353/8353 8354/8354/8354 8355/8355/8355 
f 8355/8355/8355 8354/8354/8354 8356/8356/8356 

g Height79

v -24.7792 0.455445 69.2789 
v -24.7792 0.455446 74.2789 
v -24.7792 0.255445 69.2789 
v -24.7792 0.255446 74.2789 
v -28.7792 0.455446 74.2789 
v -24.7792 0.455446 74.2789 
v -28.7792 0.455446 69.2789 
v -24.7792 0.455445 69.2789 
v -24.7792 0.455446 74.2789 
v -28.7792 0.455446 74.2789 
v -24.7792 0.255446 74.2789 
v -28.7792 0.255446 74.2789 
v -28.7792 0.455446 74.2789 
v -28.7792 0.455446 69.2789 
v -28.7792 0.255446 74.2789 
v -28.7792 0.255446 69.2789 
v -28.7792 0.255446 69.2789 
v -24.7792 0.255445 69.2789 
v -28.7792 0.255446 74.2789 
v -24.7792 0.255446 74.2789 
v -28.7792 0.455446 69.2789 
v -24.7792 0.455445 69.2789 
v -28.7792 0.255446 69.2789 
v -24.7792 0.255445 69.2789 

vn 1 0 0 
vn 1 0 0 
vn 1 0 0 
vn 1 0 0 
vn 0 1 0 
vn 0 1 0 
vn 0 1 0 
vn 0 1 0 
vn 0 0 1 
vn 0 0 1 
vn 0 0 1 
vn 0 0 1 
vn -1 0 0 
vn -1 0 0 
vn -1 0 0 
vn -1 0 0 
vn 0 -1 0 
vn 0 -1 0 
vn 0 -1 0 
vn 0 -1 0 
vn 0 0 -1 
vn 0 0 -1 
vn 0 0 -1 
vn 0 0 -1 

vt 3.875 -3 
vt 3.25 -3 
vt 3.875 -3.025 
vt 3.25 -3.025 
vt 3.75 -3 
vt 3.25 -3 
vt 3.75 -3.625 
vt 3.25 -3.625 
vt 3.75 -3 
vt 3.25 -3 
vt 3.75 -3.025 
vt 3.25 -3.025 
vt 3.875 -3 
vt 3.25 -3 
vt 3.875 -3.025 
vt 3.25 -3.025 
vt 3.75 -3 
vt 3.25 -3 
vt 3.75 -3.625 
vt 3.25 -3.625 
vt 3.75 -3 
vt 3.25 -3 
vt 3.75 -3.025 
vt 3.25 -3.025 

usemtl Height171Mtl

f 8357/8357/8357 8358/8358/8358 8359/8359/8359 
f 8359/8359/8359 8358/8358/8358 8360/8360/8360 
f 8361/8361/8361 8362/8362/8362 8363/8363/8363 
f 8363/8363/8363 8362/8362/8362 8364/8364/8364 
f 8365/8365/8365 8366/8366/8366 8367/8367/8367 
f 8367/8367/8367 8366/8366/8366 8368/8368/8368 
f 8369/8369/8369 8370/8370/8370 8371/8371/8371 
f 8371/8371/8371 8370/8370/8370 8372/8372/8372 
f 8373/8373/8373 8374/8374/8374 8375/8375/8375 
f 8375/8375/8375 8374/8374/8374 8376/8376/8376 
f 8377/8377/8377 8378/8378/8378 8379/8379/8379 
f 8379/8379/8379 8378/8378/8378 8380/8380/8380 

g Height80

v -27.7792 3.45501 69.0189 
v -27.7792 3.45501 65.0189 
v -27.7792 0.455013 69.0189 
v -27.7792 0.455013 65.0189 
v -27.5792 3.45501 65.0189 
v -27.7792 3.45501 65.0189 
v -27.5792 3.45501 69.0189 
v -27.7792 3.45501 69.0189 
v -27.7792 3.45501 65.0189 
v -27.5792 3.45501 65.0189 
v -27.7792 0.455013 65.0189 
v -27.5792 0.455013 65.0189 
v -27.5792 3.45501 65.0189 
v -27.5792 3.45501 69.0189 
v -27.5792 0.455013 65.0189 
v -27.5792 0.455013 69.0189 
v -27.5792 0.455013 69.0189 
v -27.7792 0.455013 69.0189 
v -27.5792 0.455013 65.0189 
v -27.7792 0.455013 65.0189 
v -27.5792 3.45501 69.0189 
v -27.7792 3.45501 69.0189 
v -27.5792 0.455013 69.0189 
v -27.7792 0.455013 69.0189 

vn -1 0 0 
vn -1 0 0 
vn -1 0 0 
vn -1 0 0 
vn 0 1 0 
vn 0 1 0 
vn 0 1 0 
vn 0 1 0 
vn 0 0 -1 
vn 0 0 -1 
vn 0 0 -1 
vn 0 0 -1 
vn 1 0 0 
vn 1 0 0 
vn 1 0 0 
vn 1 0 0 
vn 0 -1 0 
vn 0 -1 0 
vn 0 -1 0 
vn 0 -1 0 
vn 0 0 1 
vn 0 0 1 
vn 0 0 1 
vn 0 0 1 

vt 8 -6.75 
vt 7.5 -6.75 
vt 8 -7.125 
vt 7.5 -7.125 
vt 7.525 -6.75 
vt 7.5 -6.75 
vt 7.525 -7.25 
vt 7.5 -7.25 
vt 7.525 -6.75 
vt 7.5 -6.75 
vt 7.525 -7.125 
vt 7.5 -7.125 
vt 8 -6.75 
vt 7.5 -6.75 
vt 8 -7.125 
vt 7.5 -7.125 
vt 7.525 -6.75 
vt 7.5 -6.75 
vt 7.525 -7.25 
vt 7.5 -7.25 
vt 7.525 -6.75 
vt 7.5 -6.75 
vt 7.525 -7.125 
vt 7.5 -7.125 

usemtl Height171Mtl

f 8381/8381/8381 8382/8382/8382 8383/8383/8383 
f 8383/8383/8383 8382/8382/8382 8384/8384/8384 
f 8385/8385/8385 8386/8386/8386 8387/8387/8387 
f 8387/8387/8387 8386/8386/8386 8388/8388/8388 
f 8389/8389/8389 8390/8390/8390 8391/8391/8391 
f 8391/8391/8391 8390/8390/8390 8392/8392/8392 
f 8393/8393/8393 8394/8394/8394 8395/8395/8395 
f 8395/8395/8395 8394/8394/8394 8396/8396/8396 
f 8397/8397/8397 8398/8398/8398 8399/8399/8399 
f 8399/8399/8399 8398/8398/8398 8400/8400/8400 
f 8401/8401/8401 8402/8402/8402 8403/8403/8403 
f 8403/8403/8403 8402/8402/8402 8404/8404/8404 

g Height81

v -28.7792 3.45543 69.279 
v -24.7792 3.45543 69.279 
v -28.7792 0.455426 69.279 
v -24.7792 0.455425 69.279 
v -24.7792 3.45543 69.479 
v -24.7792 3.45543 69.279 
v -28.7792 3.45543 69.479 
v -28.7792 3.45543 69.279 
v -24.7792 3.45543 69.279 
v -24.7792 3.45543 69.479 
v -24.7792 0.455425 69.279 
v -24.7792 0.455425 69.479 
v -24.7792 3.45543 69.479 
v -28.7792 3.45543 69.479 
v -24.7792 0.455425 69.479 
v -28.7792 0.455426 69.479 
v -28.7792 0.455426 69.479 
v -28.7792 0.455426 69.279 
v -24.7792 0.455425 69.479 
v -24.7792 0.455425 69.279 
v -28.7792 3.45543 69.479 
v -28.7792 3.45543 69.279 
v -28.7792 0.455426 69.479 
v -28.7792 0.455426 69.279 

vn 0 0 -1 
vn 0 0 -1 
vn 0 0 -1 
vn 0 0 -1 
vn 0 1 0 
vn 0 1 0 
vn 0 1 0 
vn 0 1 0 
vn 1 0 0 
vn 1 0 0 
vn 1 0 0 
vn 1 0 0 
vn 0 0 1 
vn 0 0 1 
vn 0 0 1 
vn 0 0 1 
vn 0 -1 0 
vn 0 -1 0 
vn 0 -1 0 
vn 0 -1 0 
vn -1 0 0 
vn -1 0 0 
vn -1 0 0 
vn -1 0 0 

vt 4.25 -1.75 
vt 3.75 -1.75 
vt 4.25 -2.125 
vt 3.75 -2.125 
vt 3.775 -1.75 
vt 3.75 -1.75 
vt 3.775 -2.25 
vt 3.75 -2.25 
vt 3.775 -1.75 
vt 3.75 -1.75 
vt 3.775 -2.125 
vt 3.75 -2.125 
vt 4.25 -1.75 
vt 3.75 -1.75 
vt 4.25 -2.125 
vt 3.75 -2.125 
vt 3.775 -1.75 
vt 3.75 -1.75 
vt 3.775 -2.25 
vt 3.75 -2.25 
vt 3.775 -1.75 
vt 3.75 -1.75 
vt 3.775 -2.125 
vt 3.75 -2.125 

usemtl Height171Mtl

f 8405/8405/8405 8406/8406/8406 8407/8407/8407 
f 8407/8407/8407 8406/8406/8406 8408/8408/8408 
f 8409/8409/8409 8410/8410/8410 8411/8411/8411 
f 8411/8411/8411 8410/8410/8410 8412/8412/8412 
f 8413/8413/8413 8414/8414/8414 8415/8415/8415 
f 8415/8415/8415 8414/8414/8414 8416/8416/8416 
f 8417/8417/8417 8418/8418/8418 8419/8419/8419 
f 8419/8419/8419 8418/8418/8418 8420/8420/8420 
f 8421/8421/8421 8422/8422/8422 8423/8423/8423 
f 8423/8423/8423 8422/8422/8422 8424/8424/8424 
f 8425/8425/8425 8426/8426/8426 8427/8427/8427 
f 8427/8427/8427 8426/8426/8426 8428/8428/8428 

g Height82

v -24.7792 3.45543 69.2789 
v -24.7792 3.45543 74.2789 
v -24.7792 0.455425 69.2789 
v -24.7792 0.455425 74.2789 
v -24.9792 3.45543 74.2789 
v -24.7792 3.45543 74.2789 
v -24.9792 3.45543 69.2789 
v -24.7792 3.45543 69.2789 
v -24.7792 3.45543 74.2789 
v -24.9792 3.45543 74.2789 
v -24.7792 0.455425 74.2789 
v -24.9792 0.455425 74.2789 
v -24.9792 3.45543 74.2789 
v -24.9792 3.45543 69.2789 
v -24.9792 0.455425 74.2789 
v -24.9792 0.455425 69.2789 
v -24.9792 0.455425 69.2789 
v -24.7792 0.455425 69.2789 
v -24.9792 0.455425 74.2789 
v -24.7792 0.455425 74.2789 
v -24.9792 3.45543 69.2789 
v -24.7792 3.45543 69.2789 
v -24.9792 0.455425 69.2789 
v -24.7792 0.455425 69.2789 

vn 1 0 0 
vn 1 0 0 
vn 1 0 0 
vn 1 0 0 
vn 0 1 0 
vn 0 1 0 
vn 0 1 0 
vn 0 1 0 
vn 0 0 1 
vn 0 0 1 
vn 0 0 1 
vn 0 0 1 
vn -1 0 0 
vn -1 0 0 
vn -1 0 0 
vn -1 0 0 
vn 0 -1 0 
vn 0 -1 0 
vn 0 -1 0 
vn 0 -1 0 
vn 0 0 -1 
vn 0 0 -1 
vn 0 0 -1 
vn 0 0 -1 

vt 7.125 -0.25 
vt 6.5 -0.25 
vt 7.125 -0.625 
vt 6.5 -0.625 
vt 6.525 -0.25 
vt 6.5 -0.25 
vt 6.525 -0.875 
vt 6.5 -0.875 
vt 6.525 -0.25 
vt 6.5 -0.25 
vt 6.525 -0.625 
vt 6.5 -0.625 
vt 7.125 -0.25 
vt 6.5 -0.25 
vt 7.125 -0.625 
vt 6.5 -0.625 
vt 6.525 -0.25 
vt 6.5 -0.25 
vt 6.525 -0.875 
vt 6.5 -0.875 
vt 6.525 -0.25 
vt 6.5 -0.25 
vt 6.525 -0.625 
vt 6.5 -0.625 

usemtl Height171Mtl

f 8429/8429/8429 8430/8430/8430 8431/8431/8431 
f 8431/8431/8431 8430/8430/8430 8432/8432/8432 
f 8433/8433/8433 8434/8434/8434 8435/8435/8435 
f 8435/8435/8435 8434/8434/8434 8436/8436/8436 
f 8437/8437/8437 8438/8438/8438 8439/8439/8439 
f 8439/8439/8439 8438/8438/8438 8440/8440/8440 
f 8441/8441/8441 8442/8442/8442 8443/8443/8443 
f 8443/8443/8443 8442/8442/8442 8444/8444/8444 
f 8445/8445/8445 8446/8446/8446 8447/8447/8447 
f 8447/8447/8447 8446/8446/8446 8448/8448/8448 
f 8449/8449/8449 8450/8450/8450 8451/8451/8451 
f 8451/8451/8451 8450/8450/8450 8452/8452/8452 

g Height83

v -26.5792 3.455 60.0189 
v -26.5792 3.455 65.0189 
v -26.5792 0.454998 60.0189 
v -26.5792 0.454998 65.0189 
v -26.7792 3.455 65.0189 
v -26.5792 3.455 65.0189 
v -26.7792 3.455 60.0189 
v -26.5792 3.455 60.0189 
v -26.5792 3.455 65.0189 
v -26.7792 3.455 65.0189 
v -26.5792 0.454998 65.0189 
v -26.7792 0.454998 65.0189 
v -26.7792 3.455 65.0189 
v -26.7792 3.455 60.0189 
v -26.7792 0.454998 65.0189 
v -26.7792 0.454998 60.0189 
v -26.7792 0.454998 60.0189 
v -26.5792 0.454998 60.0189 
v -26.7792 0.454998 65.0189 
v -26.5792 0.454998 65.0189 
v -26.7792 3.455 60.0189 
v -26.5792 3.455 60.0189 
v -26.7792 0.454998 60.0189 
v -26.5792 0.454998 60.0189 

vn 1 0 0 
vn 1 0 0 
vn 1 0 0 
vn 1 0 0 
vn 0 1 0 
vn 0 1 0 
vn 0 1 0 
vn 0 1 0 
vn 0 0 1 
vn 0 0 1 
vn 0 0 1 
vn 0 0 1 
vn -1 0 0 
vn -1 0 0 
vn -1 0 0 
vn -1 0 0 
vn 0 -1 0 
vn 0 -1 0 
vn 0 -1 0 
vn 0 -1 0 
vn 0 0 -1 
vn 0 0 -1 
vn 0 0 -1 
vn 0 0 -1 

vt 4.625 -5.25 
vt 4 -5.25 
vt 4.625 -5.625 
vt 4 -5.625 
vt 4.025 -5.25 
vt 4 -5.25 
vt 4.025 -5.875 
vt 4 -5.875 
vt 4.025 -5.25 
vt 4 -5.25 
vt 4.025 -5.625 
vt 4 -5.625 
vt 4.625 -5.25 
vt 4 -5.25 
vt 4.625 -5.625 
vt 4 -5.625 
vt 4.025 -5.25 
vt 4 -5.25 
vt 4.025 -5.875 
vt 4 -5.875 
vt 4.025 -5.25 
vt 4 -5.25 
vt 4.025 -5.625 
vt 4 -5.625 

usemtl Height171Mtl

f 8453/8453/8453 8454/8454/8454 8455/8455/8455 
f 8455/8455/8455 8454/8454/8454 8456/8456/8456 
f 8457/8457/8457 8458/8458/8458 8459/8459/8459 
f 8459/8459/8459 8458/8458/8458 8460/8460/8460 
f 8461/8461/8461 8462/8462/8462 8463/8463/8463 
f 8463/8463/8463 8462/8462/8462 8464/8464/8464 
f 8465/8465/8465 8466/8466/8466 8467/8467/8467 
f 8467/8467/8467 8466/8466/8466 8468/8468/8468 
f 8469/8469/8469 8470/8470/8470 8471/8471/8471 
f 8471/8471/8471 8470/8470/8470 8472/8472/8472 
f 8473/8473/8473 8474/8474/8474 8475/8475/8475 
f 8475/8475/8475 8474/8474/8474 8476/8476/8476 

g Height84

v -30.3792 2.95479 64.879 
v -26.7792 2.95479 64.879 
v -30.3792 2.95479 60.279 
v -26.7792 2.95479 60.279 
v -26.7792 0.754789 64.879 
v -26.7792 2.95479 64.879 
v -30.3792 0.75479 64.879 
v -30.3792 2.95479 64.879 
v -26.7792 2.95479 64.879 
v -26.7792 0.754789 64.879 
v -26.7792 2.95479 60.279 
v -26.7792 0.754789 60.279 
v -26.7792 0.754789 64.879 
v -30.3792 0.75479 64.879 
v -26.7792 0.754789 60.279 
v -30.3792 0.75479 60.279 
v -30.3792 0.75479 60.279 
v -30.3792 2.95479 60.279 
v -26.7792 0.754789 60.279 
v -26.7792 2.95479 60.279 
v -30.3792 0.75479 64.879 
v -30.3792 2.95479 64.879 
v -30.3792 0.75479 60.279 
v -30.3792 2.95479 60.279 

vn 0 1 0 
vn 0 1 0 
vn 0 1 0 
vn 0 1 0 
vn 0 0 1 
vn 0 0 1 
vn 0 0 1 
vn 0 0 1 
vn 1 0 0 
vn 1 0 0 
vn 1 0 0 
vn 1 0 0 
vn 0 -1 0 
vn 0 -1 0 
vn 0 -1 0 
vn 0 -1 0 
vn 0 0 -1 
vn 0 0 -1 
vn 0 0 -1 
vn 0 0 -1 
vn -1 0 0 
vn -1 0 0 
vn -1 0 0 
vn -1 0 0 

vt 4.45 -5.5 
vt 4 -5.5 
vt 4.45 -6.075 
vt 4 -6.075 
vt 4.275 -5.5 
vt 4 -5.5 
vt 4.275 -5.95 
vt 4 -5.95 
vt 4.275 -5.5 
vt 4 -5.5 
vt 4.275 -6.075 
vt 4 -6.075 
vt 4.45 -5.5 
vt 4 -5.5 
vt 4.45 -6.075 
vt 4 -6.075 
vt 4.275 -5.5 
vt 4 -5.5 
vt 4.275 -5.95 
vt 4 -5.95 
vt 4.275 -5.5 
vt 4 -5.5 
vt 4.275 -6.075 
vt 4 -6.075 

usemtl Height24Mtl

f 8477/8477/8477 8478/8478/8478 8479/8479/8479 
f 8479/8479/8479 8478/8478/8478 8480/8480/8480 
f 8481/8481/8481 8482/8482/8482 8483/8483/8483 
f 8483/8483/8483 8482/8482/8482 8484/8484/8484 
f 8485/8485/8485 8486/8486/8486 8487/8487/8487 
f 8487/8487/8487 8486/8486/8486 8488/8488/8488 
f 8489/8489/8489 8490/8490/8490 8491/8491/8491 
f 8491/8491/8491 8490/8490/8490 8492/8492/8492 
f 8493/8493/8493 8494/8494/8494 8495/8495/8495 
f 8495/8495/8495 8494/8494/8494 8496/8496/8496 
f 8497/8497/8497 8498/8498/8498 8499/8499/8499 
f 8499/8499/8499 8498/8498/8498 8500/8500/8500 

g Height85

v -22.7792 2.95481 64.1589 
v -26.3792 2.9548 64.1589 
v -22.7792 2.95481 68.7589 
v -26.3792 2.9548 68.7589 
v -26.3792 0.754805 64.1589 
v -26.3792 2.9548 64.1589 
v -22.7792 0.754805 64.1589 
v -22.7792 2.95481 64.1589 
v -26.3792 2.9548 64.1589 
v -26.3792 0.754805 64.1589 
v -26.3792 2.9548 68.7589 
v -26.3792 0.754805 68.7589 
v -26.3792 0.754805 64.1589 
v -22.7792 0.754805 64.1589 
v -26.3792 0.754805 68.7589 
v -22.7792 0.754805 68.7589 
v -22.7792 0.754805 68.7589 
v -22.7792 2.95481 68.7589 
v -26.3792 0.754805 68.7589 
v -26.3792 2.9548 68.7589 
v -22.7792 0.754805 64.1589 
v -22.7792 2.95481 64.1589 
v -22.7792 0.754805 68.7589 
v -22.7792 2.95481 68.7589 

vn 0 1 0 
vn 0 1 0 
vn 0 1 0 
vn 0 1 0 
vn 0 0 -1 
vn 0 0 -1 
vn 0 0 -1 
vn 0 0 -1 
vn -1 0 0 
vn -1 0 0 
vn -1 0 0 
vn -1 0 0 
vn 0 -1 0 
vn 0 -1 0 
vn 0 -1 0 
vn 0 -1 0 
vn 0 0 1 
vn 0 0 1 
vn 0 0 1 
vn 0 0 1 
vn 1 0 0 
vn 1 0 0 
vn 1 0 0 
vn 1 0 0 

vt 1.45 -3.25 
vt 1 -3.25 
vt 1.45 -3.825 
vt 1 -3.825 
vt 1.275 -3.25 
vt 1 -3.25 
vt 1.275 -3.7 
vt 1 -3.7 
vt 1.275 -3.25 
vt 1 -3.25 
vt 1.275 -3.825 
vt 1 -3.825 
vt 1.45 -3.25 
vt 1 -3.25 
vt 1.45 -3.825 
vt 1 -3.825 
vt 1.275 -3.25 
vt 1 -3.25 
vt 1.275 -3.7 
vt 1 -3.7 
vt 1.275 -3.25 
vt 1 -3.25 
vt 1.275 -3.825 
vt 1 -3.825 

usemtl Height24Mtl

f 8501/8501/8501 8502/8502/8502 8503/8503/8503 
f 8503/8503/8503 8502/8502/8502 8504/8504/8504 
f 8505/8505/8505 8506/8506/8506 8507/8507/8507 
f 8507/8507/8507 8506/8506/8506 8508/8508/8508 
f 8509/8509/8509 8510/8510/8510 8511/8511/8511 
f 8511/8511/8511 8510/8510/8510 8512/8512/8512 
f 8513/8513/8513 8514/8514/8514 8515/8515/8515 
f 8515/8515/8515 8514/8514/8514 8516/8516/8516 
f 8517/8517/8517 8518/8518/8518 8519/8519/8519 
f 8519/8519/8519 8518/8518/8518 8520/8520/8520 
f 8521/8521/8521 8522/8522/8522 8523/8523/8523 
f 8523/8523/8523 8522/8522/8522 8524/8524/8524 

g Height86

v 10.4227 12.453 72.0189 
v -2.57727 12.455 72.0189 
v 10.4208 0.0530324 72.0189 
v -2.57917 0.0550242 72.0189 
v -2.57726 12.455 35.0189 
v -2.57727 12.455 72.0189 
v 10.4227 12.453 35.0189 
v 10.4227 12.453 72.0189 
v -2.57727 12.455 72.0189 
v -2.57726 12.455 35.0189 
v -2.57917 0.0550242 72.0189 
v -2.57916 0.0550242 35.0189 
v -2.57726 12.455 35.0189 
v 10.4227 12.453 35.0189 
v -2.57916 0.0550242 35.0189 
v 10.4208 0.0530324 35.0189 
v 10.4208 0.0530324 35.0189 
v 10.4208 0.0530324 72.0189 
v -2.57916 0.0550242 35.0189 
v -2.57917 0.0550242 72.0189 
v 10.4227 12.453 35.0189 
v 10.4227 12.453 72.0189 
v 10.4208 0.0530324 35.0189 
v 10.4208 0.0530324 72.0189 

vn 0 0 1 
vn 0 0 1 
vn 0 0 1 
vn 0 0 1 
vn 0 1 0 
vn 0 1 0 
vn 0 1 0 
vn 0 1 0 
vn -1 0 0 
vn -1 0 0 
vn -1 0 0 
vn -1 0 0 
vn 0 0 -1 
vn 0 0 -1 
vn 0 0 -1 
vn 0 0 -1 
vn 0 -1 0 
vn 0 -1 0 
vn 0 -1 0 
vn 0 -1 0 
vn 1 0 0 
vn 1 0 0 
vn 1 0 0 
vn 1 0 0 

vt 5.875 -6 
vt 4.25 -6 
vt 5.875 -7.55 
vt 4.25 -7.55 
vt 8.875 -6 
vt 4.25 -6 
vt 8.875 -7.625 
vt 4.25 -7.625 
vt 8.875 -6 
vt 4.25 -6 
vt 8.875 -7.55 
vt 4.25 -7.55 
vt 5.875 -6 
vt 4.25 -6 
vt 5.875 -7.55 
vt 4.25 -7.55 
vt 8.875 -6 
vt 4.25 -6 
vt 8.875 -7.625 
vt 4.25 -7.625 
vt 8.875 -6 
vt 4.25 -6 
vt 8.875 -7.55 
vt 4.25 -7.55 

usemtl Height86Mtl

f 8525/8525/8525 8526/8526/8526 8527/8527/8527 
f 8527/8527/8527 8526/8526/8526 8528/8528/8528 
f 8529/8529/8529 8530/8530/8530 8531/8531/8531 
f 8531/8531/8531 8530/8530/8530 8532/8532/8532 
f 8533/8533/8533 8534/8534/8534 8535/8535/8535 
f 8535/8535/8535 8534/8534/8534 8536/8536/8536 
f 8537/8537/8537 8538/8538/8538 8539/8539/8539 
f 8539/8539/8539 8538/8538/8538 8540/8540/8540 
f 8541/8541/8541 8542/8542/8542 8543/8543/8543 
f 8543/8543/8543 8542/8542/8542 8544/8544/8544 
f 8545/8545/8545 8546/8546/8546 8547/8547/8547 
f 8547/8547/8547 8546/8546/8546 8548/8548/8548 

g Height87

v 33.4208 12.455 10.0189 
v 33.4208 12.455 23.0189 
v 33.4208 0.0549974 10.0189 
v 33.4208 0.0549974 23.0189 
v -3.57919 12.455 23.0189 
v 33.4208 12.455 23.0189 
v -3.57919 12.455 10.0189 
v 33.4208 12.455 10.0189 
v 33.4208 12.455 23.0189 
v -3.57919 12.455 23.0189 
v 33.4208 0.0549974 23.0189 
v -3.57919 0.0549974 23.0189 
v -3.57919 12.455 23.0189 
v -3.57919 12.455 10.0189 
v -3.57919 0.0549974 23.0189 
v -3.57919 0.0549974 10.0189 
v -3.57919 0.0549974 10.0189 
v 33.4208 0.0549974 10.0189 
v -3.57919 0.0549974 23.0189 
v 33.4208 0.0549974 23.0189 
v -3.57919 12.455 10.0189 
v 33.4208 12.455 10.0189 
v -3.57919 0.0549974 10.0189 
v 33.4208 0.0549974 10.0189 

vn 1 0 0 
vn 1 0 0 
vn 1 0 0 
vn 1 0 0 
vn 0 1 0 
vn 0 1 0 
vn 0 1 0 
vn 0 1 0 
vn 0 0 1 
vn 0 0 1 
vn 0 0 1 
vn 0 0 1 
vn -1 0 0 
vn -1 0 0 
vn -1 0 0 
vn -1 0 0 
vn 0 -1 0 
vn 0 -1 0 
vn 0 -1 0 
vn 0 -1 0 
vn 0 0 -1 
vn 0 0 -1 
vn 0 0 -1 
vn 0 0 -1 

vt 7.625 -2 
vt 6 -2 
vt 7.625 -3.55 
vt 6 -3.55 
vt 10.625 -2 
vt 6 -2 
vt 10.625 -3.625 
vt 6 -3.625 
vt 10.625 -2 
vt 6 -2 
vt 10.625 -3.55 
vt 6 -3.55 
vt 7.625 -2 
vt 6 -2 
vt 7.625 -3.55 
vt 6 -3.55 
vt 10.625 -2 
vt 6 -2 
vt 10.625 -3.625 
vt 6 -3.625 
vt 10.625 -2 
vt 6 -2 
vt 10.625 -3.55 
vt 6 -3.55 

usemtl Height87Mtl

f 8549/8549/8549 8550/8550/8550 8551/8551/8551 
f 8551/8551/8551 8550/8550/8550 8552/8552/8552 
f 8553/8553/8553 8554/8554/8554 8555/8555/8555 
f 8555/8555/8555 8554/8554/8554 8556/8556/8556 
f 8557/8557/8557 8558/8558/8558 8559/8559/8559 
f 8559/8559/8559 8558/8558/8558 8560/8560/8560 
f 8561/8561/8561 8562/8562/8562 8563/8563/8563 
f 8563/8563/8563 8562/8562/8562 8564/8564/8564 
f 8565/8565/8565 8566/8566/8566 8567/8567/8567 
f 8567/8567/8567 8566/8566/8566 8568/8568/8568 
f 8569/8569/8569 8570/8570/8570 8571/8571/8571 
f 8571/8571/8571 8570/8570/8570 8572/8572/8572 

g Height88

v 35.4208 25.055 13.819 
v 35.4208 25.055 15.019 
v 35.4208 12.855 13.819 
v 35.4208 12.855 15.019 
v -1.57919 25.055 15.019 
v 35.4208 25.055 15.019 
v -1.57919 25.055 13.819 
v 35.4208 25.055 13.819 
v 35.4208 25.055 15.019 
v -1.57919 25.055 15.019 
v 35.4208 12.855 15.019 
v -1.57919 12.855 15.019 
v -1.57919 25.055 15.019 
v -1.57919 25.055 13.819 
v -1.57919 12.855 15.019 
v -1.57919 12.855 13.819 
v -1.57919 12.855 13.819 
v 35.4208 12.855 13.819 
v -1.57919 12.855 15.019 
v 35.4208 12.855 15.019 
v -1.57919 25.055 13.819 
v 35.4208 25.055 13.819 
v -1.57919 12.855 13.819 
v 35.4208 12.855 13.819 

vn 1 0 0 
vn 1 0 0 
vn 1 0 0 
vn 1 0 0 
vn 0 1 0 
vn 0 1 0 
vn 0 1 0 
vn 0 1 0 
vn 0 0 1 
vn 0 0 1 
vn 0 0 1 
vn 0 0 1 
vn -1 0 0 
vn -1 0 0 
vn -1 0 0 
vn -1 0 0 
vn 0 -1 0 
vn 0 -1 0 
vn 0 -1 0 
vn 0 -1 0 
vn 0 0 -1 
vn 0 0 -1 
vn 0 0 -1 
vn 0 0 -1 

vt 3.65 -1 
vt 3.5 -1 
vt 3.65 -2.525 
vt 3.5 -2.525 
vt 8.125 -1 
vt 3.5 -1 
vt 8.125 -1.15 
vt 3.5 -1.15 
vt 8.125 -1 
vt 3.5 -1 
vt 8.125 -2.525 
vt 3.5 -2.525 
vt 3.65 -1 
vt 3.5 -1 
vt 3.65 -2.525 
vt 3.5 -2.525 
vt 8.125 -1 
vt 3.5 -1 
vt 8.125 -1.15 
vt 3.5 -1.15 
vt 8.125 -1 
vt 3.5 -1 
vt 8.125 -2.525 
vt 3.5 -2.525 

usemtl Height8Mtl

f 8573/8573/8573 8574/8574/8574 8575/8575/8575 
f 8575/8575/8575 8574/8574/8574 8576/8576/8576 
f 8577/8577/8577 8578/8578/8578 8579/8579/8579 
f 8579/8579/8579 8578/8578/8578 8580/8580/8580 
f 8581/8581/8581 8582/8582/8582 8583/8583/8583 
f 8583/8583/8583 8582/8582/8582 8584/8584/8584 
f 8585/8585/8585 8586/8586/8586 8587/8587/8587 
f 8587/8587/8587 8586/8586/8586 8588/8588/8588 
f 8589/8589/8589 8590/8590/8590 8591/8591/8591 
f 8591/8591/8591 8590/8590/8590 8592/8592/8592 
f 8593/8593/8593 8594/8594/8594 8595/8595/8595 
f 8595/8595/8595 8594/8594/8594 8596/8596/8596 

g Height89

v 35.4208 12.855 2.01894 
v 35.4208 12.855 15.0189 
v 35.4208 12.655 2.01894 
v 35.4208 12.655 15.0189 
v -1.57919 12.855 15.0189 
v 35.4208 12.855 15.0189 
v -1.57919 12.855 2.01894 
v 35.4208 12.855 2.01894 
v 35.4208 12.855 15.0189 
v -1.57919 12.855 15.0189 
v 35.4208 12.655 15.0189 
v -1.57919 12.655 15.0189 
v -1.57919 12.855 15.0189 
v -1.57919 12.855 2.01894 
v -1.57919 12.655 15.0189 
v -1.57919 12.655 2.01894 
v -1.57919 12.655 2.01894 
v 35.4208 12.655 2.01894 
v -1.57919 12.655 15.0189 
v 35.4208 12.655 15.0189 
v -1.57919 12.855 2.01894 
v 35.4208 12.855 2.01894 
v -1.57919 12.655 2.01894 
v 35.4208 12.655 2.01894 

vn 1 0 0 
vn 1 0 0 
vn 1 0 0 
vn 1 0 0 
vn 0 1 0 
vn 0 1 0 
vn 0 1 0 
vn 0 1 0 
vn 0 0 1 
vn 0 0 1 
vn 0 0 1 
vn 0 0 1 
vn -1 0 0 
vn -1 0 0 
vn -1 0 0 
vn -1 0 0 
vn 0 -1 0 
vn 0 -1 0 
vn 0 -1 0 
vn 0 -1 0 
vn 0 0 -1 
vn 0 0 -1 
vn 0 0 -1 
vn 0 0 -1 

vt 9.125 -5.5 
vt 7.5 -5.5 
vt 9.125 -5.525 
vt 7.5 -5.525 
vt 12.125 -5.5 
vt 7.5 -5.5 
vt 12.125 -7.125 
vt 7.5 -7.125 
vt 12.125 -5.5 
vt 7.5 -5.5 
vt 12.125 -5.525 
vt 7.5 -5.525 
vt 9.125 -5.5 
vt 7.5 -5.5 
vt 9.125 -5.525 
vt 7.5 -5.525 
vt 12.125 -5.5 
vt 7.5 -5.5 
vt 12.125 -7.125 
vt 7.5 -7.125 
vt 12.125 -5.5 
vt 7.5 -5.5 
vt 12.125 -5.525 
vt 7.5 -5.525 

usemtl Height41Mtl

f 8597/8597/8597 8598/8598/8598 8599/8599/8599 
f 8599/8599/8599 8598/8598/8598 8600/8600/8600 
f 8601/8601/8601 8602/8602/8602 8603/8603/8603 
f 8603/8603/8603 8602/8602/8602 8604/8604/8604 
f 8605/8605/8605 8606/8606/8606 8607/8607/8607 
f 8607/8607/8607 8606/8606/8606 8608/8608/8608 
f 8609/8609/8609 8610/8610/8610 8611/8611/8611 
f 8611/8611/8611 8610/8610/8610 8612/8612/8612 
f 8613/8613/8613 8614/8614/8614 8615/8615/8615 
f 8615/8615/8615 8614/8614/8614 8616/8616/8616 
f 8617/8617/8617 8618/8618/8618 8619/8619/8619 
f 8619/8619/8619 8618/8618/8618 8620/8620/8620 

g Height90

v 35.4208 25.255 2.01894 
v 35.4208 25.255 15.0189 
v 35.4208 25.055 2.01894 
v 35.4208 25.055 15.0189 
v -1.57919 25.255 15.0189 
v 35.4208 25.255 15.0189 
v -1.57919 25.255 2.01894 
v 35.4208 25.255 2.01894 
v 35.4208 25.255 15.0189 
v -1.57919 25.255 15.0189 
v 35.4208 25.055 15.0189 
v -1.57919 25.055 15.0189 
v -1.57919 25.255 15.0189 
v -1.57919 25.255 2.01894 
v -1.57919 25.055 15.0189 
v -1.57919 25.055 2.01894 
v -1.57919 25.055 2.01894 
v 35.4208 25.055 2.01894 
v -1.57919 25.055 15.0189 
v 35.4208 25.055 15.0189 
v -1.57919 25.255 2.01894 
v 35.4208 25.255 2.01894 
v -1.57919 25.055 2.01894 
v 35.4208 25.055 2.01894 

vn 1 0 0 
vn 1 0 0 
vn 1 0 0 
vn 1 0 0 
vn 0 1 0 
vn 0 1 0 
vn 0 1 0 
vn 0 1 0 
vn 0 0 1 
vn 0 0 1 
vn 0 0 1 
vn 0 0 1 
vn -1 0 0 
vn -1 0 0 
vn -1 0 0 
vn -1 0 0 
vn 0 -1 0 
vn 0 -1 0 
vn 0 -1 0 
vn 0 -1 0 
vn 0 0 -1 
vn 0 0 -1 
vn 0 0 -1 
vn 0 0 -1 

vt 5.625 -6 
vt 4 -6 
vt 5.625 -6.025 
vt 4 -6.025 
vt 8.625 -6 
vt 4 -6 
vt 8.625 -7.625 
vt 4 -7.625 
vt 8.625 -6 
vt 4 -6 
vt 8.625 -6.025 
vt 4 -6.025 
vt 5.625 -6 
vt 4 -6 
vt 5.625 -6.025 
vt 4 -6.025 
vt 8.625 -6 
vt 4 -6 
vt 8.625 -7.625 
vt 4 -7.625 
vt 8.625 -6 
vt 4 -6 
vt 8.625 -6.025 
vt 4 -6.025 

usemtl Height41Mtl

f 8621/8621/8621 8622/8622/8622 8623/8623/8623 
f 8623/8623/8623 8622/8622/8622 8624/8624/8624 
f 8625/8625/8625 8626/8626/8626 8627/8627/8627 
f 8627/8627/8627 8626/8626/8626 8628/8628/8628 
f 8629/8629/8629 8630/8630/8630 8631/8631/8631 
f 8631/8631/8631 8630/8630/8630 8632/8632/8632 
f 8633/8633/8633 8634/8634/8634 8635/8635/8635 
f 8635/8635/8635 8634/8634/8634 8636/8636/8636 
f 8637/8637/8637 8638/8638/8638 8639/8639/8639 
f 8639/8639/8639 8638/8638/8638 8640/8640/8640 
f 8641/8641/8641 8642/8642/8642 8643/8643/8643 
f 8643/8643/8643 8642/8642/8642 8644/8644/8644 

g Height91

v 41.4208 3.45496 10.1906 
v 38.5924 3.45496 13.019 
v 41.4208 0.454964 10.1906 
v 38.5924 0.454964 13.019 
v 38.451 3.45496 12.8776 
v 38.5924 3.45496 13.019 
v 41.2794 3.45496 10.0492 
v 41.4208 3.45496 10.1906 
v 38.5924 3.45496 13.019 
v 38.451 3.45496 12.8776 
v 38.5924 0.454964 13.019 
v 38.451 0.454964 12.8776 
v 38.451 3.45496 12.8776 
v 41.2794 3.45496 10.0492 
v 38.451 0.454964 12.8776 
v 41.2794 0.454964 10.0492 
v 41.2794 0.454964 10.0492 
v 41.4208 0.454964 10.1906 
v 38.451 0.454964 12.8776 
v 38.5924 0.454964 13.019 
v 41.2794 3.45496 10.0492 
v 41.4208 3.45496 10.1906 
v 41.2794 0.454964 10.0492 
v 41.4208 0.454964 10.1906 

vn 0.708661 0 0.708661 
vn 0.708661 0 0.708661 
vn 0.708661 0 0.708661 
vn 0.708661 0 0.708661 
vn 0 1 0 
vn 0 1 0 
vn 0 1 0 
vn 0 1 0 
vn -0.708661 0 0.708661 
vn -0.708661 0 0.708661 
vn -0.708661 0 0.708661 
vn -0.708661 0 0.708661 
vn -0.708661 0 -0.708661 
vn -0.708661 0 -0.708661 
vn -0.708661 0 -0.708661 
vn -0.708661 0 -0.708661 
vn 0 -1 0 
vn 0 -1 0 
vn 0 -1 0 
vn 0 -1 0 
vn 0.708661 0 -0.708661 
vn 0.708661 0 -0.708661 
vn 0.708661 0 -0.708661 
vn 0.708661 0 -0.708661 

vt 5.75 -6.5 
vt 5.25 -6.5 
vt 5.75 -6.875 
vt 5.25 -6.875 
vt 5.275 -6.5 
vt 5.25 -6.5 
vt 5.275 -7 
vt 5.25 -7 
vt 5.275 -6.5 
vt 5.25 -6.5 
vt 5.275 -6.875 
vt 5.25 -6.875 
vt 5.75 -6.5 
vt 5.25 -6.5 
vt 5.75 -6.875 
vt 5.25 -6.875 
vt 5.275 -6.5 
vt 5.25 -6.5 
vt 5.275 -7 
vt 5.25 -7 
vt 5.275 -6.5 
vt 5.25 -6.5 
vt 5.275 -6.875 
vt 5.25 -6.875 

usemtl Height171Mtl

f 8645/8645/8645 8646/8646/8646 8647/8647/8647 
f 8647/8647/8647 8646/8646/8646 8648/8648/8648 
f 8649/8649/8649 8650/8650/8650 8651/8651/8651 
f 8651/8651/8651 8650/8650/8650 8652/8652/8652 
f 8653/8653/8653 8654/8654/8654 8655/8655/8655 
f 8655/8655/8655 8654/8654/8654 8656/8656/8656 
f 8657/8657/8657 8658/8658/8658 8659/8659/8659 
f 8659/8659/8659 8658/8658/8658 8660/8660/8660 
f 8661/8661/8661 8662/8662/8662 8663/8663/8663 
f 8663/8663/8663 8662/8662/8662 8664/8664/8664 
f 8665/8665/8665 8666/8666/8666 8667/8667/8667 
f 8667/8667/8667 8666/8666/8666 8668/8668/8668 

g Height92

v 90.4208 6.655 2.01894 
v 90.4208 6.655 7.01894 
v 90.4208 3.655 2.01894 
v 90.4208 3.655 7.01894 
v 90.2208 6.655 7.01894 
v 90.4208 6.655 7.01894 
v 90.2208 6.655 2.01894 
v 90.4208 6.655 2.01894 
v 90.4208 6.655 7.01894 
v 90.2208 6.655 7.01894 
v 90.4208 3.655 7.01894 
v 90.2208 3.655 7.01894 
v 90.2208 6.655 7.01894 
v 90.2208 6.655 2.01894 
v 90.2208 3.655 7.01894 
v 90.2208 3.655 2.01894 
v 90.2208 3.655 2.01894 
v 90.4208 3.655 2.01894 
v 90.2208 3.655 7.01894 
v 90.4208 3.655 7.01894 
v 90.2208 6.655 2.01894 
v 90.4208 6.655 2.01894 
v 90.2208 3.655 2.01894 
v 90.4208 3.655 2.01894 

vn 1 0 0 
vn 1 0 0 
vn 1 0 0 
vn 1 0 0 
vn 0 1 0 
vn 0 1 0 
vn 0 1 0 
vn 0 1 0 
vn 0 0 1 
vn 0 0 1 
vn 0 0 1 
vn 0 0 1 
vn -1 0 0 
vn -1 0 0 
vn -1 0 0 
vn -1 0 0 
vn 0 -1 0 
vn 0 -1 0 
vn 0 -1 0 
vn 0 -1 0 
vn 0 0 -1 
vn 0 0 -1 
vn 0 0 -1 
vn 0 0 -1 

vt 7.625 1 
vt 7 1 
vt 7.625 0.625 
vt 7 0.625 
vt 7.025 1 
vt 7 1 
vt 7.025 0.375 
vt 7 0.375 
vt 7.025 1 
vt 7 1 
vt 7.025 0.625 
vt 7 0.625 
vt 7.625 1 
vt 7 1 
vt 7.625 0.625 
vt 7 0.625 
vt 7.025 1 
vt 7 1 
vt 7.025 0.375 
vt 7 0.375 
vt 7.025 1 
vt 7 1 
vt 7.025 0.625 
vt 7 0.625 

usemtl Height171Mtl

f 8669/8669/8669 8670/8670/8670 8671/8671/8671 
f 8671/8671/8671 8670/8670/8670 8672/8672/8672 
f 8673/8673/8673 8674/8674/8674 8675/8675/8675 
f 8675/8675/8675 8674/8674/8674 8676/8676/8676 
f 8677/8677/8677 8678/8678/8678 8679/8679/8679 
f 8679/8679/8679 8678/8678/8678 8680/8680/8680 
f 8681/8681/8681 8682/8682/8682 8683/8683/8683 
f 8683/8683/8683 8682/8682/8682 8684/8684/8684 
f 8685/8685/8685 8686/8686/8686 8687/8687/8687 
f 8687/8687/8687 8686/8686/8686 8688/8688/8688 
f 8689/8689/8689 8690/8690/8690 8691/8691/8691 
f 8691/8691/8691 8690/8690/8690 8692/8692/8692 

g Height93

v 41.2794 3.45504 10.0491 
v 44.8149 3.45504 13.5846 
v 41.2794 0.455044 10.0491 
v 44.8149 0.455044 13.5846 
v 44.6735 3.45504 13.7261 
v 44.8149 3.45504 13.5846 
v 41.1379 3.45504 10.1905 
v 41.2794 3.45504 10.0491 
v 44.8149 3.45504 13.5846 
v 44.6735 3.45504 13.7261 
v 44.8149 0.455044 13.5846 
v 44.6735 0.455044 13.7261 
v 44.6735 3.45504 13.7261 
v 41.1379 3.45504 10.1905 
v 44.6735 0.455044 13.7261 
v 41.1379 0.455044 10.1905 
v 41.1379 0.455044 10.1905 
v 41.2794 0.455044 10.0491 
v 44.6735 0.455044 13.7261 
v 44.8149 0.455044 13.5846 
v 41.1379 3.45504 10.1905 
v 41.2794 3.45504 10.0491 
v 41.1379 0.455044 10.1905 
v 41.2794 0.455044 10.0491 

vn 0.708661 0 -0.708661 
vn 0.708661 0 -0.708661 
vn 0.708661 0 -0.708661 
vn 0.708661 0 -0.708661 
vn 0 1 0 
vn 0 1 0 
vn 0 1 0 
vn 0 1 0 
vn 0.708661 0 0.708661 
vn 0.708661 0 0.708661 
vn 0.708661 0 0.708661 
vn 0.708661 0 0.708661 
vn -0.708661 0 0.708661 
vn -0.708661 0 0.708661 
vn -0.708661 0 0.708661 
vn -0.708661 0 0.708661 
vn 0 -1 0 
vn 0 -1 0 
vn 0 -1 0 
vn 0 -1 0 
vn -0.708661 0 -0.708661 
vn -0.708661 0 -0.708661 
vn -0.708661 0 -0.708661 
vn -0.708661 0 -0.708661 

vt 0.625 -1.75 
vt 0 -1.75 
vt 0.625 -2.125 
vt 0 -2.125 
vt 0.025 -1.75 
vt 0 -1.75 
vt 0.025 -2.375 
vt 0 -2.375 
vt 0.025 -1.75 
vt 0 -1.75 
vt 0.025 -2.125 
vt 0 -2.125 
vt 0.625 -1.75 
vt 0 -1.75 
vt 0.625 -2.125 
vt 0 -2.125 
vt 0.025 -1.75 
vt 0 -1.75 
vt 0.025 -2.375 
vt 0 -2.375 
vt 0.025 -1.75 
vt 0 -1.75 
vt 0.025 -2.125 
vt 0 -2.125 

usemtl Height171Mtl

f 8693/8693/8693 8694/8694/8694 8695/8695/8695 
f 8695/8695/8695 8694/8694/8694 8696/8696/8696 
f 8697/8697/8697 8698/8698/8698 8699/8699/8699 
f 8699/8699/8699 8698/8698/8698 8700/8700/8700 
f 8701/8701/8701 8702/8702/8702 8703/8703/8703 
f 8703/8703/8703 8702/8702/8702 8704/8704/8704 
f 8705/8705/8705 8706/8706/8706 8707/8707/8707 
f 8707/8707/8707 8706/8706/8706 8708/8708/8708 
f 8709/8709/8709 8710/8710/8710 8711/8711/8711 
f 8711/8711/8711 8710/8710/8710 8712/8712/8712 
f 8713/8713/8713 8714/8714/8714 8715/8715/8715 
f 8715/8715/8715 8714/8714/8714 8716/8716/8716 

g Height94

v 41.9865 0.455049 16.4131 
v 38.451 0.455049 12.8775 
v 41.9865 0.255049 16.4131 
v 38.451 0.255049 12.8775 
v 41.2794 0.455049 10.0491 
v 38.451 0.455049 12.8775 
v 44.8149 0.455049 13.5847 
v 41.9865 0.455049 16.4131 
v 38.451 0.455049 12.8775 
v 41.2794 0.455049 10.0491 
v 38.451 0.255049 12.8775 
v 41.2794 0.255049 10.0491 
v 41.2794 0.455049 10.0491 
v 44.8149 0.455049 13.5847 
v 41.2794 0.255049 10.0491 
v 44.8149 0.255049 13.5847 
v 44.8149 0.255049 13.5847 
v 41.9865 0.255049 16.4131 
v 41.2794 0.255049 10.0491 
v 38.451 0.255049 12.8775 
v 44.8149 0.455049 13.5847 
v 41.9865 0.455049 16.4131 
v 44.8149 0.255049 13.5847 
v 41.9865 0.255049 16.4131 

vn -0.708661 0 0.708661 
vn -0.708661 0 0.708661 
vn -0.708661 0 0.708661 
vn -0.708661 0 0.708661 
vn 0 1 0 
vn 0 1 0 
vn 0 1 0 
vn 0 1 0 
vn -0.708661 0 -0.708661 
vn -0.708661 0 -0.708661 
vn -0.708661 0 -0.708661 
vn -0.708661 0 -0.708661 
vn 0.708661 0 -0.708661 
vn 0.708661 0 -0.708661 
vn 0.708661 0 -0.708661 
vn 0.708661 0 -0.708661 
vn 0 -1 0 
vn 0 -1 0 
vn 0 -1 0 
vn 0 -1 0 
vn 0.708661 0 0.708661 
vn 0.708661 0 0.708661 
vn 0.708661 0 0.708661 
vn 0.708661 0 0.708661 

vt 4.875 0.5 
vt 4.25 0.5 
vt 4.875 0.475 
vt 4.25 0.475 
vt 4.75 0.5 
vt 4.25 0.5 
vt 4.75 -0.125 
vt 4.25 -0.125 
vt 4.75 0.5 
vt 4.25 0.5 
vt 4.75 0.475 
vt 4.25 0.475 
vt 4.875 0.5 
vt 4.25 0.5 
vt 4.875 0.475 
vt 4.25 0.475 
vt 4.75 0.5 
vt 4.25 0.5 
vt 4.75 -0.125 
vt 4.25 -0.125 
vt 4.75 0.5 
vt 4.25 0.5 
vt 4.75 0.475 
vt 4.25 0.475 

usemtl Height171Mtl

f 8717/8717/8717 8718/8718/8718 8719/8719/8719 
f 8719/8719/8719 8718/8718/8718 8720/8720/8720 
f 8721/8721/8721 8722/8722/8722 8723/8723/8723 
f 8723/8723/8723 8722/8722/8722 8724/8724/8724 
f 8725/8725/8725 8726/8726/8726 8727/8727/8727 
f 8727/8727/8727 8726/8726/8726 8728/8728/8728 
f 8729/8729/8729 8730/8730/8730 8731/8731/8731 
f 8731/8731/8731 8730/8730/8730 8732/8732/8732 
f 8733/8733/8733 8734/8734/8734 8735/8735/8735 
f 8735/8735/8735 8734/8734/8734 8736/8736/8736 
f 8737/8737/8737 8738/8738/8738 8739/8739/8739 
f 8739/8739/8739 8738/8738/8738 8740/8740/8740 

g Height95

v 42.0289 2.9549 16.1725 
v 44.5745 2.9549 13.6269 
v 38.7762 2.9549 12.9198 
v 41.3218 2.9549 10.3742 
v 44.5745 0.754896 13.6269 
v 44.5745 2.9549 13.6269 
v 42.0289 0.754897 16.1725 
v 42.0289 2.9549 16.1725 
v 44.5745 2.9549 13.6269 
v 44.5745 0.754896 13.6269 
v 41.3218 2.9549 10.3742 
v 41.3218 0.754896 10.3742 
v 44.5745 0.754896 13.6269 
v 42.0289 0.754897 16.1725 
v 41.3218 0.754896 10.3742 
v 38.7762 0.754897 12.9198 
v 38.7762 0.754897 12.9198 
v 38.7762 2.9549 12.9198 
v 41.3218 0.754896 10.3742 
v 41.3218 2.9549 10.3742 
v 42.0289 0.754897 16.1725 
v 42.0289 2.9549 16.1725 
v 38.7762 0.754897 12.9198 
v 38.7762 2.9549 12.9198 

vn 0 1 0 
vn 0 1 0 
vn 0 1 0 
vn 0 1 0 
vn 0.708661 0 0.708661 
vn 0.708661 0 0.708661 
vn 0.708661 0 0.708661 
vn 0.708661 0 0.708661 
vn 0.708661 0 -0.708661 
vn 0.708661 0 -0.708661 
vn 0.708661 0 -0.708661 
vn 0.708661 0 -0.708661 
vn 0 -1 0 
vn 0 -1 0 
vn 0 -1 0 
vn 0 -1 0 
vn -0.708661 0 -0.708661 
vn -0.708661 0 -0.708661 
vn -0.708661 0 -0.708661 
vn -0.708661 0 -0.708661 
vn -0.708661 0 0.708661 
vn -0.708661 0 0.708661 
vn -0.708661 0 0.708661 
vn -0.708661 0 0.708661 

vt 4.7 -3.5 
vt 4.25 -3.5 
vt 4.7 -4.075 
vt 4.25 -4.075 
vt 4.525 -3.5 
vt 4.25 -3.5 
vt 4.525 -3.95 
vt 4.25 -3.95 
vt 4.525 -3.5 
vt 4.25 -3.5 
vt 4.525 -4.075 
vt 4.25 -4.075 
vt 4.7 -3.5 
vt 4.25 -3.5 
vt 4.7 -4.075 
vt 4.25 -4.075 
vt 4.525 -3.5 
vt 4.25 -3.5 
vt 4.525 -3.95 
vt 4.25 -3.95 
vt 4.525 -3.5 
vt 4.25 -3.5 
vt 4.525 -4.075 
vt 4.25 -4.075 

usemtl Height24Mtl

f 8741/8741/8741 8742/8742/8742 8743/8743/8743 
f 8743/8743/8743 8742/8742/8742 8744/8744/8744 
f 8745/8745/8745 8746/8746/8746 8747/8747/8747 
f 8747/8747/8747 8746/8746/8746 8748/8748/8748 
f 8749/8749/8749 8750/8750/8750 8751/8751/8751 
f 8751/8751/8751 8750/8750/8750 8752/8752/8752 
f 8753/8753/8753 8754/8754/8754 8755/8755/8755 
f 8755/8755/8755 8754/8754/8754 8756/8756/8756 
f 8757/8757/8757 8758/8758/8758 8759/8759/8759 
f 8759/8759/8759 8758/8758/8758 8760/8760/8760 
f 8761/8761/8761 8762/8762/8762 8763/8763/8763 
f 8763/8763/8763 8762/8762/8762 8764/8764/8764 

g Height96

v 86.4208 6.655 7.01894 
v 86.4208 6.655 2.01894 
v 86.4208 3.655 7.01894 
v 86.4208 3.655 2.01894 
v 86.6208 6.655 2.01894 
v 86.4208 6.655 2.01894 
v 86.6208 6.655 7.01894 
v 86.4208 6.655 7.01894 
v 86.4208 6.655 2.01894 
v 86.6208 6.655 2.01894 
v 86.4208 3.655 2.01894 
v 86.6208 3.655 2.01894 
v 86.6208 6.655 2.01894 
v 86.6208 6.655 7.01894 
v 86.6208 3.655 2.01894 
v 86.6208 3.655 7.01894 
v 86.6208 3.655 7.01894 
v 86.4208 3.655 7.01894 
v 86.6208 3.655 2.01894 
v 86.4208 3.655 2.01894 
v 86.6208 6.655 7.01894 
v 86.4208 6.655 7.01894 
v 86.6208 3.655 7.01894 
v 86.4208 3.655 7.01894 

vn -1 0 0 
vn -1 0 0 
vn -1 0 0 
vn -1 0 0 
vn 0 1 0 
vn 0 1 0 
vn 0 1 0 
vn 0 1 0 
vn 0 0 -1 
vn 0 0 -1 
vn 0 0 -1 
vn 0 0 -1 
vn 1 0 0 
vn 1 0 0 
vn 1 0 0 
vn 1 0 0 
vn 0 -1 0 
vn 0 -1 0 
vn 0 -1 0 
vn 0 -1 0 
vn 0 0 1 
vn 0 0 1 
vn 0 0 1 
vn 0 0 1 

vt 1.125 -3.75 
vt 0.5 -3.75 
vt 1.125 -4.125 
vt 0.5 -4.125 
vt 0.525 -3.75 
vt 0.5 -3.75 
vt 0.525 -4.375 
vt 0.5 -4.375 
vt 0.525 -3.75 
vt 0.5 -3.75 
vt 0.525 -4.125 
vt 0.5 -4.125 
vt 1.125 -3.75 
vt 0.5 -3.75 
vt 1.125 -4.125 
vt 0.5 -4.125 
vt 0.525 -3.75 
vt 0.5 -3.75 
vt 0.525 -4.375 
vt 0.5 -4.375 
vt 0.525 -3.75 
vt 0.5 -3.75 
vt 0.525 -4.125 
vt 0.5 -4.125 

usemtl Height171Mtl

f 8765/8765/8765 8766/8766/8766 8767/8767/8767 
f 8767/8767/8767 8766/8766/8766 8768/8768/8768 
f 8769/8769/8769 8770/8770/8770 8771/8771/8771 
f 8771/8771/8771 8770/8770/8770 8772/8772/8772 
f 8773/8773/8773 8774/8774/8774 8775/8775/8775 
f 8775/8775/8775 8774/8774/8774 8776/8776/8776 
f 8777/8777/8777 8778/8778/8778 8779/8779/8779 
f 8779/8779/8779 8778/8778/8778 8780/8780/8780 
f 8781/8781/8781 8782/8782/8782 8783/8783/8783 
f 8783/8783/8783 8782/8782/8782 8784/8784/8784 
f 8785/8785/8785 8786/8786/8786 8787/8787/8787 
f 8787/8787/8787 8786/8786/8786 8788/8788/8788 

g Height97

v 41.9865 3.45504 16.4131 
v 38.451 3.45504 12.8775 
v 41.9865 0.455044 16.4131 
v 38.451 0.455044 12.8775 
v 38.5924 3.45504 12.7361 
v 38.451 3.45504 12.8775 
v 42.1279 3.45504 16.2717 
v 41.9865 3.45504 16.4131 
v 38.451 3.45504 12.8775 
v 38.5924 3.45504 12.7361 
v 38.451 0.455044 12.8775 
v 38.5924 0.455044 12.7361 
v 38.5924 3.45504 12.7361 
v 42.1279 3.45504 16.2717 
v 38.5924 0.455044 12.7361 
v 42.1279 0.455044 16.2717 
v 42.1279 0.455044 16.2717 
v 41.9865 0.455044 16.4131 
v 38.5924 0.455044 12.7361 
v 38.451 0.455044 12.8775 
v 42.1279 3.45504 16.2717 
v 41.9865 3.45504 16.4131 
v 42.1279 0.455044 16.2717 
v 41.9865 0.455044 16.4131 

vn -0.708661 0 0.708661 
vn -0.708661 0 0.708661 
vn -0.708661 0 0.708661 
vn -0.708661 0 0.708661 
vn 0 1 0 
vn 0 1 0 
vn 0 1 0 
vn 0 1 0 
vn -0.708661 0 -0.708661 
vn -0.708661 0 -0.708661 
vn -0.708661 0 -0.708661 
vn -0.708661 0 -0.708661 
vn 0.708661 0 -0.708661 
vn 0.708661 0 -0.708661 
vn 0.708661 0 -0.708661 
vn 0.708661 0 -0.708661 
vn 0 -1 0 
vn 0 -1 0 
vn 0 -1 0 
vn 0 -1 0 
vn 0.708661 0 0.708661 
vn 0.708661 0 0.708661 
vn 0.708661 0 0.708661 
vn 0.708661 0 0.708661 

vt 4.875 -6.75 
vt 4.25 -6.75 
vt 4.875 -7.125 
vt 4.25 -7.125 
vt 4.275 -6.75 
vt 4.25 -6.75 
vt 4.275 -7.375 
vt 4.25 -7.375 
vt 4.275 -6.75 
vt 4.25 -6.75 
vt 4.275 -7.125 
vt 4.25 -7.125 
vt 4.875 -6.75 
vt 4.25 -6.75 
vt 4.875 -7.125 
vt 4.25 -7.125 
vt 4.275 -6.75 
vt 4.25 -6.75 
vt 4.275 -7.375 
vt 4.25 -7.375 
vt 4.275 -6.75 
vt 4.25 -6.75 
vt 4.275 -7.125 
vt 4.25 -7.125 

usemtl Height171Mtl

f 8789/8789/8789 8790/8790/8790 8791/8791/8791 
f 8791/8791/8791 8790/8790/8790 8792/8792/8792 
f 8793/8793/8793 8794/8794/8794 8795/8795/8795 
f 8795/8795/8795 8794/8794/8794 8796/8796/8796 
f 8797/8797/8797 8798/8798/8798 8799/8799/8799 
f 8799/8799/8799 8798/8798/8798 8800/8800/8800 
f 8801/8801/8801 8802/8802/8802 8803/8803/8803 
f 8803/8803/8803 8802/8802/8802 8804/8804/8804 
f 8805/8805/8805 8806/8806/8806 8807/8807/8807 
f 8807/8807/8807 8806/8806/8806 8808/8808/8808 
f 8809/8809/8809 8810/8810/8810 8811/8811/8811 
f 8811/8811/8811 8810/8810/8810 8812/8812/8812 

g Height98

v 86.6208 6.15481 6.879 
v 90.2208 6.15481 6.879 
v 86.6208 6.15481 2.279 
v 90.2208 6.15481 2.279 
v 90.2208 3.95481 6.879 
v 90.2208 6.15481 6.879 
v 86.6208 3.95481 6.879 
v 86.6208 6.15481 6.879 
v 90.2208 6.15481 6.879 
v 90.2208 3.95481 6.879 
v 90.2208 6.15481 2.279 
v 90.2208 3.95481 2.279 
v 90.2208 3.95481 6.879 
v 86.6208 3.95481 6.879 
v 90.2208 3.95481 2.279 
v 86.6208 3.95481 2.279 
v 86.6208 3.95481 2.279 
v 86.6208 6.15481 2.279 
v 90.2208 3.95481 2.279 
v 90.2208 6.15481 2.279 
v 86.6208 3.95481 6.879 
v 86.6208 6.15481 6.879 
v 86.6208 3.95481 2.279 
v 86.6208 6.15481 2.279 

vn 0 1 0 
vn 0 1 0 
vn 0 1 0 
vn 0 1 0 
vn 0 0 1 
vn 0 0 1 
vn 0 0 1 
vn 0 0 1 
vn 1 0 0 
vn 1 0 0 
vn 1 0 0 
vn 1 0 0 
vn 0 -1 0 
vn 0 -1 0 
vn 0 -1 0 
vn 0 -1 0 
vn 0 0 -1 
vn 0 0 -1 
vn 0 0 -1 
vn 0 0 -1 
vn -1 0 0 
vn -1 0 0 
vn -1 0 0 
vn -1 0 0 

vt 5.2 -1 
vt 4.75 -1 
vt 5.2 -1.575 
vt 4.75 -1.575 
vt 5.025 -1 
vt 4.75 -1 
vt 5.025 -1.45 
vt 4.75 -1.45 
vt 5.025 -1 
vt 4.75 -1 
vt 5.025 -1.575 
vt 4.75 -1.575 
vt 5.2 -1 
vt 4.75 -1 
vt 5.2 -1.575 
vt 4.75 -1.575 
vt 5.025 -1 
vt 4.75 -1 
vt 5.025 -1.45 
vt 4.75 -1.45 
vt 5.025 -1 
vt 4.75 -1 
vt 5.025 -1.575 
vt 4.75 -1.575 

usemtl Height24Mtl

f 8813/8813/8813 8814/8814/8814 8815/8815/8815 
f 8815/8815/8815 8814/8814/8814 8816/8816/8816 
f 8817/8817/8817 8818/8818/8818 8819/8819/8819 
f 8819/8819/8819 8818/8818/8818 8820/8820/8820 
f 8821/8821/8821 8822/8822/8822 8823/8823/8823 
f 8823/8823/8823 8822/8822/8822 8824/8824/8824 
f 8825/8825/8825 8826/8826/8826 8827/8827/8827 
f 8827/8827/8827 8826/8826/8826 8828/8828/8828 
f 8829/8829/8829 8830/8830/8830 8831/8831/8831 
f 8831/8831/8831 8830/8830/8830 8832/8832/8832 
f 8833/8833/8833 8834/8834/8834 8835/8835/8835 
f 8835/8835/8835 8834/8834/8834 8836/8836/8836 

g Height99

v 90.4208 6.655 7.01896 
v 86.4208 6.655 7.01896 
v 90.4208 3.655 7.01896 
v 86.4208 3.655 7.01896 
v 86.4208 6.655 6.81896 
v 86.4208 6.655 7.01896 
v 90.4208 6.655 6.81896 
v 90.4208 6.655 7.01896 
v 86.4208 6.655 7.01896 
v 86.4208 6.655 6.81896 
v 86.4208 3.655 7.01896 
v 86.4208 3.655 6.81896 
v 86.4208 6.655 6.81896 
v 90.4208 6.655 6.81896 
v 86.4208 3.655 6.81896 
v 90.4208 3.655 6.81896 
v 90.4208 3.655 6.81896 
v 90.4208 3.655 7.01896 
v 86.4208 3.655 6.81896 
v 86.4208 3.655 7.01896 
v 90.4208 6.655 6.81896 
v 90.4208 6.655 7.01896 
v 90.4208 3.655 6.81896 
v 90.4208 3.655 7.01896 

vn 0 0 1 
vn 0 0 1 
vn 0 0 1 
vn 0 0 1 
vn 0 1 0 
vn 0 1 0 
vn 0 1 0 
vn 0 1 0 
vn -1 0 0 
vn -1 0 0 
vn -1 0 0 
vn -1 0 0 
vn 0 0 -1 
vn 0 0 -1 
vn 0 0 -1 
vn 0 0 -1 
vn 0 -1 0 
vn 0 -1 0 
vn 0 -1 0 
vn 0 -1 0 
vn 1 0 0 
vn 1 0 0 
vn 1 0 0 
vn 1 0 0 

vt 2.25 -0.5 
vt 1.75 -0.5 
vt 2.25 -0.875 
vt 1.75 -0.875 
vt 1.775 -0.5 
vt 1.75 -0.5 
vt 1.775 -1 
vt 1.75 -1 
vt 1.775 -0.5 
vt 1.75 -0.5 
vt 1.775 -0.875 
vt 1.75 -0.875 
vt 2.25 -0.5 
vt 1.75 -0.5 
vt 2.25 -0.875 
vt 1.75 -0.875 
vt 1.775 -0.5 
vt 1.75 -0.5 
vt 1.775 -1 
vt 1.75 -1 
vt 1.775 -0.5 
vt 1.75 -0.5 
vt 1.775 -0.875 
vt 1.75 -0.875 

usemtl Height171Mtl

f 8837/8837/8837 8838/8838/8838 8839/8839/8839 
f 8839/8839/8839 8838/8838/8838 8840/8840/8840 
f 8841/8841/8841 8842/8842/8842 8843/8843/8843 
f 8843/8843/8843 8842/8842/8842 8844/8844/8844 
f 8845/8845/8845 8846/8846/8846 8847/8847/8847 
f 8847/8847/8847 8846/8846/8846 8848/8848/8848 
f 8849/8849/8849 8850/8850/8850 8851/8851/8851 
f 8851/8851/8851 8850/8850/8850 8852/8852/8852 
f 8853/8853/8853 8854/8854/8854 8855/8855/8855 
f 8855/8855/8855 8854/8854/8854 8856/8856/8856 
f 8857/8857/8857 8858/8858/8858 8859/8859/8859 
f 8859/8859/8859 8858/8858/8858 8860/8860/8860 

g Height100

v 86.4208 3.655 7.01894 
v 86.4208 3.655 2.01894 
v 86.4208 3.455 7.01894 
v 86.4208 3.455 2.01894 
v 90.4208 3.655 2.01894 
v 86.4208 3.655 2.01894 
v 90.4208 3.655 7.01894 
v 86.4208 3.655 7.01894 
v 86.4208 3.655 2.01894 
v 90.4208 3.655 2.01894 
v 86.4208 3.455 2.01894 
v 90.4208 3.455 2.01894 
v 90.4208 3.655 2.01894 
v 90.4208 3.655 7.01894 
v 90.4208 3.455 2.01894 
v 90.4208 3.455 7.01894 
v 90.4208 3.455 7.01894 
v 86.4208 3.455 7.01894 
v 90.4208 3.455 2.01894 
v 86.4208 3.455 2.01894 
v 90.4208 3.655 7.01894 
v 86.4208 3.655 7.01894 
v 90.4208 3.455 7.01894 
v 86.4208 3.455 7.01894 

vn -1 0 0 
vn -1 0 0 
vn -1 0 0 
vn -1 0 0 
vn 0 1 0 
vn 0 1 0 
vn 0 1 0 
vn 0 1 0 
vn 0 0 -1 
vn 0 0 -1 
vn 0 0 -1 
vn 0 0 -1 
vn 1 0 0 
vn 1 0 0 
vn 1 0 0 
vn 1 0 0 
vn 0 -1 0 
vn 0 -1 0 
vn 0 -1 0 
vn 0 -1 0 
vn 0 0 1 
vn 0 0 1 
vn 0 0 1 
vn 0 0 1 

vt 5.125 -5.75 
vt 4.5 -5.75 
vt 5.125 -5.775 
vt 4.5 -5.775 
vt 5 -5.75 
vt 4.5 -5.75 
vt 5 -6.375 
vt 4.5 -6.375 
vt 5 -5.75 
vt 4.5 -5.75 
vt 5 -5.775 
vt 4.5 -5.775 
vt 5.125 -5.75 
vt 4.5 -5.75 
vt 5.125 -5.775 
vt 4.5 -5.775 
vt 5 -5.75 
vt 4.5 -5.75 
vt 5 -6.375 
vt 4.5 -6.375 
vt 5 -5.75 
vt 4.5 -5.75 
vt 5 -5.775 
vt 4.5 -5.775 

usemtl Height171Mtl

f 8861/8861/8861 8862/8862/8862 8863/8863/8863 
f 8863/8863/8863 8862/8862/8862 8864/8864/8864 
f 8865/8865/8865 8866/8866/8866 8867/8867/8867 
f 8867/8867/8867 8866/8866/8866 8868/8868/8868 
f 8869/8869/8869 8870/8870/8870 8871/8871/8871 
f 8871/8871/8871 8870/8870/8870 8872/8872/8872 
f 8873/8873/8873 8874/8874/8874 8875/8875/8875 
f 8875/8875/8875 8874/8874/8874 8876/8876/8876 
f 8877/8877/8877 8878/8878/8878 8879/8879/8879 
f 8879/8879/8879 8878/8878/8878 8880/8880/8880 
f 8881/8881/8881 8882/8882/8882 8883/8883/8883 
f 8883/8883/8883 8882/8882/8882 8884/8884/8884 

g Height101

v 16.6017 12.4551 -7.03207 
v 17.4502 12.4551 -7.8806 
v 16.6017 0.255118 -7.03207 
v 17.4502 0.255118 -7.8806 
v 43.6132 12.4551 18.2824 
v 17.4502 12.4551 -7.8806 
v 42.7647 12.4551 19.1309 
v 16.6017 12.4551 -7.03207 
v 17.4502 12.4551 -7.8806 
v 43.6132 12.4551 18.2824 
v 17.4502 0.255118 -7.8806 
v 43.6132 0.255118 18.2824 
v 43.6132 12.4551 18.2824 
v 42.7647 12.4551 19.1309 
v 43.6132 0.255118 18.2824 
v 42.7647 0.255118 19.1309 
v 42.7647 0.255118 19.1309 
v 16.6017 0.255118 -7.03207 
v 43.6132 0.255118 18.2824 
v 17.4502 0.255118 -7.8806 
v 42.7647 12.4551 19.1309 
v 16.6017 12.4551 -7.03207 
v 42.7647 0.255118 19.1309 
v 16.6017 0.255118 -7.03207 

vn -0.708661 0 -0.708661 
vn -0.708661 0 -0.708661 
vn -0.708661 0 -0.708661 
vn -0.708661 0 -0.708661 
vn 0 1 0 
vn 0 1 0 
vn 0 1 0 
vn 0 1 0 
vn 0.708661 0 -0.708661 
vn 0.708661 0 -0.708661 
vn 0.708661 0 -0.708661 
vn 0.708661 0 -0.708661 
vn 0.708661 0 0.708661 
vn 0.708661 0 0.708661 
vn 0.708661 0 0.708661 
vn 0.708661 0 0.708661 
vn 0 -1 0 
vn 0 -1 0 
vn 0 -1 0 
vn 0 -1 0 
vn -0.708661 0 0.708661 
vn -0.708661 0 0.708661 
vn -0.708661 0 0.708661 
vn -0.708661 0 0.708661 

vt 1.65 -1.5 
vt 1.5 -1.5 
vt 1.65 -3.025 
vt 1.5 -3.025 
vt 6.125 -1.5 
vt 1.5 -1.5 
vt 6.125 -1.65 
vt 1.5 -1.65 
vt 6.125 -1.5 
vt 1.5 -1.5 
vt 6.125 -3.025 
vt 1.5 -3.025 
vt 1.65 -1.5 
vt 1.5 -1.5 
vt 1.65 -3.025 
vt 1.5 -3.025 
vt 6.125 -1.5 
vt 1.5 -1.5 
vt 6.125 -1.65 
vt 1.5 -1.65 
vt 6.125 -1.5 
vt 1.5 -1.5 
vt 6.125 -3.025 
vt 1.5 -3.025 

usemtl Height2Mtl

f 8885/8885/8885 8886/8886/8886 8887/8887/8887 
f 8887/8887/8887 8886/8886/8886 8888/8888/8888 
f 8889/8889/8889 8890/8890/8890 8891/8891/8891 
f 8891/8891/8891 8890/8890/8890 8892/8892/8892 
f 8893/8893/8893 8894/8894/8894 8895/8895/8895 
f 8895/8895/8895 8894/8894/8894 8896/8896/8896 
f 8897/8897/8897 8898/8898/8898 8899/8899/8899 
f 8899/8899/8899 8898/8898/8898 8900/8900/8900 
f 8901/8901/8901 8902/8902/8902 8903/8903/8903 
f 8903/8903/8903 8902/8902/8902 8904/8904/8904 
f 8905/8905/8905 8906/8906/8906 8907/8907/8907 
f 8907/8907/8907 8906/8906/8906 8908/8908/8908 

g Height102

v 127.421 16.055 -73.9811 
v 127.421 16.055 76.0189 
v 127.421 0.0549965 -73.9811 
v 127.421 0.0549965 76.0189 
v 126.421 16.055 76.0189 
v 127.421 16.055 76.0189 
v 126.421 16.055 -73.9811 
v 127.421 16.055 -73.9811 
v 127.421 16.055 76.0189 
v 126.421 16.055 76.0189 
v 127.421 0.0549965 76.0189 
v 126.421 0.0549965 76.0189 
v 126.421 16.055 76.0189 
v 126.421 16.055 -73.9811 
v 126.421 0.0549965 76.0189 
v 126.421 0.0549965 -73.9811 
v 126.421 0.0549965 -73.9811 
v 127.421 0.0549965 -73.9811 
v 126.421 0.0549965 76.0189 
v 127.421 0.0549965 76.0189 
v 126.421 16.055 -73.9811 
v 127.421 16.055 -73.9811 
v 126.421 0.0549965 -73.9811 
v 127.421 0.0549965 -73.9811 

vn 1 0 0 
vn 1 0 0 
vn 1 0 0 
vn 1 0 0 
vn 0 1 0 
vn 0 1 0 
vn 0 1 0 
vn 0 1 0 
vn 0 0 1 
vn 0 0 1 
vn 0 0 1 
vn 0 0 1 
vn -1 0 0 
vn -1 0 0 
vn -1 0 0 
vn -1 0 0 
vn 0 -1 0 
vn 0 -1 0 
vn 0 -1 0 
vn 0 -1 0 
vn 0 0 -1 
vn 0 0 -1 
vn 0 0 -1 
vn 0 0 -1 

vt 19.75 -6.75 
vt 1 -6.75 
vt 19.75 -8.75 
vt 1 -8.75 
vt 1.125 -6.75 
vt 1 -6.75 
vt 1.125 -25.5 
vt 1 -25.5 
vt 1.125 -6.75 
vt 1 -6.75 
vt 1.125 -8.75 
vt 1 -8.75 
vt 19.75 -6.75 
vt 1 -6.75 
vt 19.75 -8.75 
vt 1 -8.75 
vt 1.125 -6.75 
vt 1 -6.75 
vt 1.125 -25.5 
vt 1 -25.5 
vt 1.125 -6.75 
vt 1 -6.75 
vt 1.125 -8.75 
vt 1 -8.75 

usemtl Height1Mtl

f 8909/8909/8909 8910/8910/8910 8911/8911/8911 
f 8911/8911/8911 8910/8910/8910 8912/8912/8912 
f 8913/8913/8913 8914/8914/8914 8915/8915/8915 
f 8915/8915/8915 8914/8914/8914 8916/8916/8916 
f 8917/8917/8917 8918/8918/8918 8919/8919/8919 
f 8919/8919/8919 8918/8918/8918 8920/8920/8920 
f 8921/8921/8921 8922/8922/8922 8923/8923/8923 
f 8923/8923/8923 8922/8922/8922 8924/8924/8924 
f 8925/8925/8925 8926/8926/8926 8927/8927/8927 
f 8927/8927/8927 8926/8926/8926 8928/8928/8928 
f 8929/8929/8929 8930/8930/8930 8931/8931/8931 
f 8931/8931/8931 8930/8930/8930 8932/8932/8932 

g Height103

v 31.2208 19.2556 8.27895 
v 31.2208 19.2556 3.27895 
v 31.2208 16.2556 8.27895 
v 31.2208 16.2556 3.27895 
v 31.4208 19.2556 3.27895 
v 31.2208 19.2556 3.27895 
v 31.4208 19.2556 8.27895 
v 31.2208 19.2556 8.27895 
v 31.2208 19.2556 3.27895 
v 31.4208 19.2556 3.27895 
v 31.2208 16.2556 3.27895 
v 31.4208 16.2556 3.27895 
v 31.4208 19.2556 3.27895 
v 31.4208 19.2556 8.27895 
v 31.4208 16.2556 3.27895 
v 31.4208 16.2556 8.27895 
v 31.4208 16.2556 8.27895 
v 31.2208 16.2556 8.27895 
v 31.4208 16.2556 3.27895 
v 31.2208 16.2556 3.27895 
v 31.4208 19.2556 8.27895 
v 31.2208 19.2556 8.27895 
v 31.4208 16.2556 8.27895 
v 31.2208 16.2556 8.27895 

vn -1 0 0 
vn -1 0 0 
vn -1 0 0 
vn -1 0 0 
vn 0 1 0 
vn 0 1 0 
vn 0 1 0 
vn 0 1 0 
vn 0 0 -1 
vn 0 0 -1 
vn 0 0 -1 
vn 0 0 -1 
vn 1 0 0 
vn 1 0 0 
vn 1 0 0 
vn 1 0 0 
vn 0 -1 0 
vn 0 -1 0 
vn 0 -1 0 
vn 0 -1 0 
vn 0 0 1 
vn 0 0 1 
vn 0 0 1 
vn 0 0 1 

vt 5.875 -1.25 
vt 5.25 -1.25 
vt 5.875 -1.625 
vt 5.25 -1.625 
vt 5.275 -1.25 
vt 5.25 -1.25 
vt 5.275 -1.875 
vt 5.25 -1.875 
vt 5.275 -1.25 
vt 5.25 -1.25 
vt 5.275 -1.625 
vt 5.25 -1.625 
vt 5.875 -1.25 
vt 5.25 -1.25 
vt 5.875 -1.625 
vt 5.25 -1.625 
vt 5.275 -1.25 
vt 5.25 -1.25 
vt 5.275 -1.875 
vt 5.25 -1.875 
vt 5.275 -1.25 
vt 5.25 -1.25 
vt 5.275 -1.625 
vt 5.25 -1.625 

usemtl Height171Mtl

f 8933/8933/8933 8934/8934/8934 8935/8935/8935 
f 8935/8935/8935 8934/8934/8934 8936/8936/8936 
f 8937/8937/8937 8938/8938/8938 8939/8939/8939 
f 8939/8939/8939 8938/8938/8938 8940/8940/8940 
f 8941/8941/8941 8942/8942/8942 8943/8943/8943 
f 8943/8943/8943 8942/8942/8942 8944/8944/8944 
f 8945/8945/8945 8946/8946/8946 8947/8947/8947 
f 8947/8947/8947 8946/8946/8946 8948/8948/8948 
f 8949/8949/8949 8950/8950/8950 8951/8951/8951 
f 8951/8951/8951 8950/8950/8950 8952/8952/8952 
f 8953/8953/8953 8954/8954/8954 8955/8955/8955 
f 8955/8955/8955 8954/8954/8954 8956/8956/8956 

g Height104

v 35.2208 19.2556 3.27895 
v 35.2208 19.2556 8.27895 
v 35.2208 16.2556 3.27895 
v 35.2208 16.2556 8.27895 
v 35.0208 19.2556 8.27895 
v 35.2208 19.2556 8.27895 
v 35.0208 19.2556 3.27895 
v 35.2208 19.2556 3.27895 
v 35.2208 19.2556 8.27895 
v 35.0208 19.2556 8.27895 
v 35.2208 16.2556 8.27895 
v 35.0208 16.2556 8.27895 
v 35.0208 19.2556 8.27895 
v 35.0208 19.2556 3.27895 
v 35.0208 16.2556 8.27895 
v 35.0208 16.2556 3.27895 
v 35.0208 16.2556 3.27895 
v 35.2208 16.2556 3.27895 
v 35.0208 16.2556 8.27895 
v 35.2208 16.2556 8.27895 
v 35.0208 19.2556 3.27895 
v 35.2208 19.2556 3.27895 
v 35.0208 16.2556 3.27895 
v 35.2208 16.2556 3.27895 

vn 1 0 0 
vn 1 0 0 
vn 1 0 0 
vn 1 0 0 
vn 0 1 0 
vn 0 1 0 
vn 0 1 0 
vn 0 1 0 
vn 0 0 1 
vn 0 0 1 
vn 0 0 1 
vn 0 0 1 
vn -1 0 0 
vn -1 0 0 
vn -1 0 0 
vn -1 0 0 
vn 0 -1 0 
vn 0 -1 0 
vn 0 -1 0 
vn 0 -1 0 
vn 0 0 -1 
vn 0 0 -1 
vn 0 0 -1 
vn 0 0 -1 

vt 2.125 -3.75 
vt 1.5 -3.75 
vt 2.125 -4.125 
vt 1.5 -4.125 
vt 1.525 -3.75 
vt 1.5 -3.75 
vt 1.525 -4.375 
vt 1.5 -4.375 
vt 1.525 -3.75 
vt 1.5 -3.75 
vt 1.525 -4.125 
vt 1.5 -4.125 
vt 2.125 -3.75 
vt 1.5 -3.75 
vt 2.125 -4.125 
vt 1.5 -4.125 
vt 1.525 -3.75 
vt 1.5 -3.75 
vt 1.525 -4.375 
vt 1.5 -4.375 
vt 1.525 -3.75 
vt 1.5 -3.75 
vt 1.525 -4.125 
vt 1.5 -4.125 

usemtl Height171Mtl

f 8957/8957/8957 8958/8958/8958 8959/8959/8959 
f 8959/8959/8959 8958/8958/8958 8960/8960/8960 
f 8961/8961/8961 8962/8962/8962 8963/8963/8963 
f 8963/8963/8963 8962/8962/8962 8964/8964/8964 
f 8965/8965/8965 8966/8966/8966 8967/8967/8967 
f 8967/8967/8967 8966/8966/8966 8968/8968/8968 
f 8969/8969/8969 8970/8970/8970 8971/8971/8971 
f 8971/8971/8971 8970/8970/8970 8972/8972/8972 
f 8973/8973/8973 8974/8974/8974 8975/8975/8975 
f 8975/8975/8975 8974/8974/8974 8976/8976/8976 
f 8977/8977/8977 8978/8978/8978 8979/8979/8979 
f 8979/8979/8979 8978/8978/8978 8980/8980/8980 

g Height105

v 31.2208 19.2556 3.2788 
v 35.2208 19.2556 3.2788 
v 31.2208 16.2556 3.2788 
v 35.2208 16.2556 3.2788 
v 35.2208 19.2556 3.4788 
v 35.2208 19.2556 3.2788 
v 31.2208 19.2556 3.4788 
v 31.2208 19.2556 3.2788 
v 35.2208 19.2556 3.2788 
v 35.2208 19.2556 3.4788 
v 35.2208 16.2556 3.2788 
v 35.2208 16.2556 3.4788 
v 35.2208 19.2556 3.4788 
v 31.2208 19.2556 3.4788 
v 35.2208 16.2556 3.4788 
v 31.2208 16.2556 3.4788 
v 31.2208 16.2556 3.4788 
v 31.2208 16.2556 3.2788 
v 35.2208 16.2556 3.4788 
v 35.2208 16.2556 3.2788 
v 31.2208 19.2556 3.4788 
v 31.2208 19.2556 3.2788 
v 31.2208 16.2556 3.4788 
v 31.2208 16.2556 3.2788 

vn 0 0 -1 
vn 0 0 -1 
vn 0 0 -1 
vn 0 0 -1 
vn 0 1 0 
vn 0 1 0 
vn 0 1 0 
vn 0 1 0 
vn 1 0 0 
vn 1 0 0 
vn 1 0 0 
vn 1 0 0 
vn 0 0 1 
vn 0 0 1 
vn 0 0 1 
vn 0 0 1 
vn 0 -1 0 
vn 0 -1 0 
vn 0 -1 0 
vn 0 -1 0 
vn -1 0 0 
vn -1 0 0 
vn -1 0 0 
vn -1 0 0 

vt 5.25 -6.5 
vt 4.75 -6.5 
vt 5.25 -6.875 
vt 4.75 -6.875 
vt 4.775 -6.5 
vt 4.75 -6.5 
vt 4.775 -7 
vt 4.75 -7 
vt 4.775 -6.5 
vt 4.75 -6.5 
vt 4.775 -6.875 
vt 4.75 -6.875 
vt 5.25 -6.5 
vt 4.75 -6.5 
vt 5.25 -6.875 
vt 4.75 -6.875 
vt 4.775 -6.5 
vt 4.75 -6.5 
vt 4.775 -7 
vt 4.75 -7 
vt 4.775 -6.5 
vt 4.75 -6.5 
vt 4.775 -6.875 
vt 4.75 -6.875 

usemtl Height171Mtl

f 8981/8981/8981 8982/8982/8982 8983/8983/8983 
f 8983/8983/8983 8982/8982/8982 8984/8984/8984 
f 8985/8985/8985 8986/8986/8986 8987/8987/8987 
f 8987/8987/8987 8986/8986/8986 8988/8988/8988 
f 8989/8989/8989 8990/8990/8990 8991/8991/8991 
f 8991/8991/8991 8990/8990/8990 8992/8992/8992 
f 8993/8993/8993 8994/8994/8994 8995/8995/8995 
f 8995/8995/8995 8994/8994/8994 8996/8996/8996 
f 8997/8997/8997 8998/8998/8998 8999/8999/8999 
f 8999/8999/8999 8998/8998/8998 9000/9000/9000 
f 9001/9001/9001 9002/9002/9002 9003/9003/9003 
f 9003/9003/9003 9002/9002/9002 9004/9004/9004 

g Height106

v 31.4208 16.055 8.01892 
v 35.4208 16.055 8.01892 
v 31.4208 13.055 8.01892 
v 35.4208 13.055 8.01892 
v 35.4208 16.055 8.21892 
v 35.4208 16.055 8.01892 
v 31.4208 16.055 8.21892 
v 31.4208 16.055 8.01892 
v 35.4208 16.055 8.01892 
v 35.4208 16.055 8.21892 
v 35.4208 13.055 8.01892 
v 35.4208 13.055 8.21892 
v 35.4208 16.055 8.21892 
v 31.4208 16.055 8.21892 
v 35.4208 13.055 8.21892 
v 31.4208 13.055 8.21892 
v 31.4208 13.055 8.21892 
v 31.4208 13.055 8.01892 
v 35.4208 13.055 8.21892 
v 35.4208 13.055 8.01892 
v 31.4208 16.055 8.21892 
v 31.4208 16.055 8.01892 
v 31.4208 13.055 8.21892 
v 31.4208 13.055 8.01892 

vn 0 0 -1 
vn 0 0 -1 
vn 0 0 -1 
vn 0 0 -1 
vn 0 1 0 
vn 0 1 0 
vn 0 1 0 
vn 0 1 0 
vn 1 0 0 
vn 1 0 0 
vn 1 0 0 
vn 1 0 0 
vn 0 0 1 
vn 0 0 1 
vn 0 0 1 
vn 0 0 1 
vn 0 -1 0 
vn 0 -1 0 
vn 0 -1 0 
vn 0 -1 0 
vn -1 0 0 
vn -1 0 0 
vn -1 0 0 
vn -1 0 0 

vt 1.5 -6.5 
vt 1 -6.5 
vt 1.5 -6.875 
vt 1 -6.875 
vt 1.025 -6.5 
vt 1 -6.5 
vt 1.025 -7 
vt 1 -7 
vt 1.025 -6.5 
vt 1 -6.5 
vt 1.025 -6.875 
vt 1 -6.875 
vt 1.5 -6.5 
vt 1 -6.5 
vt 1.5 -6.875 
vt 1 -6.875 
vt 1.025 -6.5 
vt 1 -6.5 
vt 1.025 -7 
vt 1 -7 
vt 1.025 -6.5 
vt 1 -6.5 
vt 1.025 -6.875 
vt 1 -6.875 

usemtl Height171Mtl

f 9005/9005/9005 9006/9006/9006 9007/9007/9007 
f 9007/9007/9007 9006/9006/9006 9008/9008/9008 
f 9009/9009/9009 9010/9010/9010 9011/9011/9011 
f 9011/9011/9011 9010/9010/9010 9012/9012/9012 
f 9013/9013/9013 9014/9014/9014 9015/9015/9015 
f 9015/9015/9015 9014/9014/9014 9016/9016/9016 
f 9017/9017/9017 9018/9018/9018 9019/9019/9019 
f 9019/9019/9019 9018/9018/9018 9020/9020/9020 
f 9021/9021/9021 9022/9022/9022 9023/9023/9023 
f 9023/9023/9023 9022/9022/9022 9024/9024/9024 
f 9025/9025/9025 9026/9026/9026 9027/9027/9027 
f 9027/9027/9027 9026/9026/9026 9028/9028/9028 

g Height107

v 35.0208 18.755 3.41901 
v 31.4208 18.755 3.41901 
v 35.0208 18.755 8.01901 
v 31.4208 18.755 8.01901 
v 31.4208 16.555 3.41901 
v 31.4208 18.755 3.41901 
v 35.0208 16.555 3.41901 
v 35.0208 18.755 3.41901 
v 31.4208 18.755 3.41901 
v 31.4208 16.555 3.41901 
v 31.4208 18.755 8.01901 
v 31.4208 16.555 8.01901 
v 31.4208 16.555 3.41901 
v 35.0208 16.555 3.41901 
v 31.4208 16.555 8.01901 
v 35.0208 16.555 8.01901 
v 35.0208 16.555 8.01901 
v 35.0208 18.755 8.01901 
v 31.4208 16.555 8.01901 
v 31.4208 18.755 8.01901 
v 35.0208 16.555 3.41901 
v 35.0208 18.755 3.41901 
v 35.0208 16.555 8.01901 
v 35.0208 18.755 8.01901 

vn 0 1 0 
vn 0 1 0 
vn 0 1 0 
vn 0 1 0 
vn 0 0 -1 
vn 0 0 -1 
vn 0 0 -1 
vn 0 0 -1 
vn -1 0 0 
vn -1 0 0 
vn -1 0 0 
vn -1 0 0 
vn 0 -1 0 
vn 0 -1 0 
vn 0 -1 0 
vn 0 -1 0 
vn 0 0 1 
vn 0 0 1 
vn 0 0 1 
vn 0 0 1 
vn 1 0 0 
vn 1 0 0 
vn 1 0 0 
vn 1 0 0 

vt 2.7 1 
vt 2.25 1 
vt 2.7 0.425 
vt 2.25 0.425 
vt 2.525 1 
vt 2.25 1 
vt 2.525 0.55 
vt 2.25 0.55 
vt 2.525 1 
vt 2.25 1 
vt 2.525 0.425 
vt 2.25 0.425 
vt 2.7 1 
vt 2.25 1 
vt 2.7 0.425 
vt 2.25 0.425 
vt 2.525 1 
vt 2.25 1 
vt 2.525 0.55 
vt 2.25 0.55 
vt 2.525 1 
vt 2.25 1 
vt 2.525 0.425 
vt 2.25 0.425 

usemtl Height24Mtl

f 9029/9029/9029 9030/9030/9030 9031/9031/9031 
f 9031/9031/9031 9030/9030/9030 9032/9032/9032 
f 9033/9033/9033 9034/9034/9034 9035/9035/9035 
f 9035/9035/9035 9034/9034/9034 9036/9036/9036 
f 9037/9037/9037 9038/9038/9038 9039/9039/9039 
f 9039/9039/9039 9038/9038/9038 9040/9040/9040 
f 9041/9041/9041 9042/9042/9042 9043/9043/9043 
f 9043/9043/9043 9042/9042/9042 9044/9044/9044 
f 9045/9045/9045 9046/9046/9046 9047/9047/9047 
f 9047/9047/9047 9046/9046/9046 9048/9048/9048 
f 9049/9049/9049 9050/9050/9050 9051/9051/9051 
f 9051/9051/9051 9050/9050/9050 9052/9052/9052 

g Height108

v 31.4208 16.0556 8.21889 
v 31.4208 16.0556 3.21889 
v 31.4208 13.0556 8.21889 
v 31.4208 13.0556 3.21889 
v 31.6208 16.0556 3.21889 
v 31.4208 16.0556 3.21889 
v 31.6208 16.0556 8.21889 
v 31.4208 16.0556 8.21889 
v 31.4208 16.0556 3.21889 
v 31.6208 16.0556 3.21889 
v 31.4208 13.0556 3.21889 
v 31.6208 13.0556 3.21889 
v 31.6208 16.0556 3.21889 
v 31.6208 16.0556 8.21889 
v 31.6208 13.0556 3.21889 
v 31.6208 13.0556 8.21889 
v 31.6208 13.0556 8.21889 
v 31.4208 13.0556 8.21889 
v 31.6208 13.0556 3.21889 
v 31.4208 13.0556 3.21889 
v 31.6208 16.0556 8.21889 
v 31.4208 16.0556 8.21889 
v 31.6208 13.0556 8.21889 
v 31.4208 13.0556 8.21889 

vn -1 0 0 
vn -1 0 0 
vn -1 0 0 
vn -1 0 0 
vn 0 1 0 
vn 0 1 0 
vn 0 1 0 
vn 0 1 0 
vn 0 0 -1 
vn 0 0 -1 
vn 0 0 -1 
vn 0 0 -1 
vn 1 0 0 
vn 1 0 0 
vn 1 0 0 
vn 1 0 0 
vn 0 -1 0 
vn 0 -1 0 
vn 0 -1 0 
vn 0 -1 0 
vn 0 0 1 
vn 0 0 1 
vn 0 0 1 
vn 0 0 1 

vt 8.375 -1.5 
vt 7.75 -1.5 
vt 8.375 -1.875 
vt 7.75 -1.875 
vt 7.775 -1.5 
vt 7.75 -1.5 
vt 7.775 -2.125 
vt 7.75 -2.125 
vt 7.775 -1.5 
vt 7.75 -1.5 
vt 7.775 -1.875 
vt 7.75 -1.875 
vt 8.375 -1.5 
vt 7.75 -1.5 
vt 8.375 -1.875 
vt 7.75 -1.875 
vt 7.775 -1.5 
vt 7.75 -1.5 
vt 7.775 -2.125 
vt 7.75 -2.125 
vt 7.775 -1.5 
vt 7.75 -1.5 
vt 7.775 -1.875 
vt 7.75 -1.875 

usemtl Height171Mtl

f 9053/9053/9053 9054/9054/9054 9055/9055/9055 
f 9055/9055/9055 9054/9054/9054 9056/9056/9056 
f 9057/9057/9057 9058/9058/9058 9059/9059/9059 
f 9059/9059/9059 9058/9058/9058 9060/9060/9060 
f 9061/9061/9061 9062/9062/9062 9063/9063/9063 
f 9063/9063/9063 9062/9062/9062 9064/9064/9064 
f 9065/9065/9065 9066/9066/9066 9067/9067/9067 
f 9067/9067/9067 9066/9066/9066 9068/9068/9068 
f 9069/9069/9069 9070/9070/9070 9071/9071/9071 
f 9071/9071/9071 9070/9070/9070 9072/9072/9072 
f 9073/9073/9073 9074/9074/9074 9075/9075/9075 
f 9075/9075/9075 9074/9074/9074 9076/9076/9076 

g Height109

v 35.4208 13.0556 3.21889 
v 35.4208 13.0556 8.21889 
v 35.4208 12.8556 3.21889 
v 35.4208 12.8556 8.21889 
v 31.4208 13.0556 8.21889 
v 35.4208 13.0556 8.21889 
v 31.4208 13.0556 3.21889 
v 35.4208 13.0556 3.21889 
v 35.4208 13.0556 8.21889 
v 31.4208 13.0556 8.21889 
v 35.4208 12.8556 8.21889 
v 31.4208 12.8556 8.21889 
v 31.4208 13.0556 8.21889 
v 31.4208 13.0556 3.21889 
v 31.4208 12.8556 8.21889 
v 31.4208 12.8556 3.21889 
v 31.4208 12.8556 3.21889 
v 35.4208 12.8556 3.21889 
v 31.4208 12.8556 8.21889 
v 35.4208 12.8556 8.21889 
v 31.4208 13.0556 3.21889 
v 35.4208 13.0556 3.21889 
v 31.4208 12.8556 3.21889 
v 35.4208 12.8556 3.21889 

vn 1 0 0 
vn 1 0 0 
vn 1 0 0 
vn 1 0 0 
vn 0 1 0 
vn 0 1 0 
vn 0 1 0 
vn 0 1 0 
vn 0 0 1 
vn 0 0 1 
vn 0 0 1 
vn 0 0 1 
vn -1 0 0 
vn -1 0 0 
vn -1 0 0 
vn -1 0 0 
vn 0 -1 0 
vn 0 -1 0 
vn 0 -1 0 
vn 0 -1 0 
vn 0 0 -1 
vn 0 0 -1 
vn 0 0 -1 
vn 0 0 -1 

vt 0.875 -6.25 
vt 0.25 -6.25 
vt 0.875 -6.275 
vt 0.25 -6.275 
vt 0.75 -6.25 
vt 0.25 -6.25 
vt 0.75 -6.875 
vt 0.25 -6.875 
vt 0.75 -6.25 
vt 0.25 -6.25 
vt 0.75 -6.275 
vt 0.25 -6.275 
vt 0.875 -6.25 
vt 0.25 -6.25 
vt 0.875 -6.275 
vt 0.25 -6.275 
vt 0.75 -6.25 
vt 0.25 -6.25 
vt 0.75 -6.875 
vt 0.25 -6.875 
vt 0.75 -6.25 
vt 0.25 -6.25 
vt 0.75 -6.275 
vt 0.25 -6.275 

usemtl Height171Mtl

f 9077/9077/9077 9078/9078/9078 9079/9079/9079 
f 9079/9079/9079 9078/9078/9078 9080/9080/9080 
f 9081/9081/9081 9082/9082/9082 9083/9083/9083 
f 9083/9083/9083 9082/9082/9082 9084/9084/9084 
f 9085/9085/9085 9086/9086/9086 9087/9087/9087 
f 9087/9087/9087 9086/9086/9086 9088/9088/9088 
f 9089/9089/9089 9090/9090/9090 9091/9091/9091 
f 9091/9091/9091 9090/9090/9090 9092/9092/9092 
f 9093/9093/9093 9094/9094/9094 9095/9095/9095 
f 9095/9095/9095 9094/9094/9094 9096/9096/9096 
f 9097/9097/9097 9098/9098/9098 9099/9099/9099 
f 9099/9099/9099 9098/9098/9098 9100/9100/9100 

g Height110

v 31.4208 16.0556 3.21899 
v 35.4208 16.0556 3.21899 
v 31.4208 13.0556 3.21899 
v 35.4208 13.0556 3.21899 
v 35.4208 16.0556 3.41899 
v 35.4208 16.0556 3.21899 
v 31.4208 16.0556 3.41899 
v 31.4208 16.0556 3.21899 
v 35.4208 16.0556 3.21899 
v 35.4208 16.0556 3.41899 
v 35.4208 13.0556 3.21899 
v 35.4208 13.0556 3.41899 
v 35.4208 16.0556 3.41899 
v 31.4208 16.0556 3.41899 
v 35.4208 13.0556 3.41899 
v 31.4208 13.0556 3.41899 
v 31.4208 13.0556 3.41899 
v 31.4208 13.0556 3.21899 
v 35.4208 13.0556 3.41899 
v 35.4208 13.0556 3.21899 
v 31.4208 16.0556 3.41899 
v 31.4208 16.0556 3.21899 
v 31.4208 13.0556 3.41899 
v 31.4208 13.0556 3.21899 

vn 0 0 -1 
vn 0 0 -1 
vn 0 0 -1 
vn 0 0 -1 
vn 0 1 0 
vn 0 1 0 
vn 0 1 0 
vn 0 1 0 
vn 1 0 0 
vn 1 0 0 
vn 1 0 0 
vn 1 0 0 
vn 0 0 1 
vn 0 0 1 
vn 0 0 1 
vn 0 0 1 
vn 0 -1 0 
vn 0 -1 0 
vn 0 -1 0 
vn 0 -1 0 
vn -1 0 0 
vn -1 0 0 
vn -1 0 0 
vn -1 0 0 

vt 0.75 -0.75 
vt 0.25 -0.75 
vt 0.75 -1.125 
vt 0.25 -1.125 
vt 0.275 -0.75 
vt 0.25 -0.75 
vt 0.275 -1.25 
vt 0.25 -1.25 
vt 0.275 -0.75 
vt 0.25 -0.75 
vt 0.275 -1.125 
vt 0.25 -1.125 
vt 0.75 -0.75 
vt 0.25 -0.75 
vt 0.75 -1.125 
vt 0.25 -1.125 
vt 0.275 -0.75 
vt 0.25 -0.75 
vt 0.275 -1.25 
vt 0.25 -1.25 
vt 0.275 -0.75 
vt 0.25 -0.75 
vt 0.275 -1.125 
vt 0.25 -1.125 

usemtl Height171Mtl

f 9101/9101/9101 9102/9102/9102 9103/9103/9103 
f 9103/9103/9103 9102/9102/9102 9104/9104/9104 
f 9105/9105/9105 9106/9106/9106 9107/9107/9107 
f 9107/9107/9107 9106/9106/9106 9108/9108/9108 
f 9109/9109/9109 9110/9110/9110 9111/9111/9111 
f 9111/9111/9111 9110/9110/9110 9112/9112/9112 
f 9113/9113/9113 9114/9114/9114 9115/9115/9115 
f 9115/9115/9115 9114/9114/9114 9116/9116/9116 
f 9117/9117/9117 9118/9118/9118 9119/9119/9119 
f 9119/9119/9119 9118/9118/9118 9120/9120/9120 
f 9121/9121/9121 9122/9122/9122 9123/9123/9123 
f 9123/9123/9123 9122/9122/9122 9124/9124/9124 

g Height111

v 31.2208 19.2556 8.0791 
v 35.2208 19.2556 8.0791 
v 31.2208 16.2556 8.0791 
v 35.2208 16.2556 8.0791 
v 35.2208 19.2556 8.2791 
v 35.2208 19.2556 8.0791 
v 31.2208 19.2556 8.2791 
v 31.2208 19.2556 8.0791 
v 35.2208 19.2556 8.0791 
v 35.2208 19.2556 8.2791 
v 35.2208 16.2556 8.0791 
v 35.2208 16.2556 8.2791 
v 35.2208 19.2556 8.2791 
v 31.2208 19.2556 8.2791 
v 35.2208 16.2556 8.2791 
v 31.2208 16.2556 8.2791 
v 31.2208 16.2556 8.2791 
v 31.2208 16.2556 8.0791 
v 35.2208 16.2556 8.2791 
v 35.2208 16.2556 8.0791 
v 31.2208 19.2556 8.2791 
v 31.2208 19.2556 8.0791 
v 31.2208 16.2556 8.2791 
v 31.2208 16.2556 8.0791 

vn 0 0 -1 
vn 0 0 -1 
vn 0 0 -1 
vn 0 0 -1 
vn 0 1 0 
vn 0 1 0 
vn 0 1 0 
vn 0 1 0 
vn 1 0 0 
vn 1 0 0 
vn 1 0 0 
vn 1 0 0 
vn 0 0 1 
vn 0 0 1 
vn 0 0 1 
vn 0 0 1 
vn 0 -1 0 
vn 0 -1 0 
vn 0 -1 0 
vn 0 -1 0 
vn -1 0 0 
vn -1 0 0 
vn -1 0 0 
vn -1 0 0 

vt 2.25 -6.5 
vt 1.75 -6.5 
vt 2.25 -6.875 
vt 1.75 -6.875 
vt 1.775 -6.5 
vt 1.75 -6.5 
vt 1.775 -7 
vt 1.75 -7 
vt 1.775 -6.5 
vt 1.75 -6.5 
vt 1.775 -6.875 
vt 1.75 -6.875 
vt 2.25 -6.5 
vt 1.75 -6.5 
vt 2.25 -6.875 
vt 1.75 -6.875 
vt 1.775 -6.5 
vt 1.75 -6.5 
vt 1.775 -7 
vt 1.75 -7 
vt 1.775 -6.5 
vt 1.75 -6.5 
vt 1.775 -6.875 
vt 1.75 -6.875 

usemtl Height171Mtl

f 9125/9125/9125 9126/9126/9126 9127/9127/9127 
f 9127/9127/9127 9126/9126/9126 9128/9128/9128 
f 9129/9129/9129 9130/9130/9130 9131/9131/9131 
f 9131/9131/9131 9130/9130/9130 9132/9132/9132 
f 9133/9133/9133 9134/9134/9134 9135/9135/9135 
f 9135/9135/9135 9134/9134/9134 9136/9136/9136 
f 9137/9137/9137 9138/9138/9138 9139/9139/9139 
f 9139/9139/9139 9138/9138/9138 9140/9140/9140 
f 9141/9141/9141 9142/9142/9142 9143/9143/9143 
f 9143/9143/9143 9142/9142/9142 9144/9144/9144 
f 9145/9145/9145 9146/9146/9146 9147/9147/9147 
f 9147/9147/9147 9146/9146/9146 9148/9148/9148 

g Height112

v 35.2208 15.5555 3.35908 
v 31.6208 15.5555 3.35908 
v 35.2208 15.5555 7.95908 
v 31.6208 15.5555 7.95908 
v 31.6208 13.3555 3.35908 
v 31.6208 15.5555 3.35908 
v 35.2208 13.3555 3.35908 
v 35.2208 15.5555 3.35908 
v 31.6208 15.5555 3.35908 
v 31.6208 13.3555 3.35908 
v 31.6208 15.5555 7.95908 
v 31.6208 13.3555 7.95908 
v 31.6208 13.3555 3.35908 
v 35.2208 13.3555 3.35908 
v 31.6208 13.3555 7.95908 
v 35.2208 13.3555 7.95908 
v 35.2208 13.3555 7.95908 
v 35.2208 15.5555 7.95908 
v 31.6208 13.3555 7.95908 
v 31.6208 15.5555 7.95908 
v 35.2208 13.3555 3.35908 
v 35.2208 15.5555 3.35908 
v 35.2208 13.3555 7.95908 
v 35.2208 15.5555 7.95908 

vn 0 1 0 
vn 0 1 0 
vn 0 1 0 
vn 0 1 0 
vn 0 0 -1 
vn 0 0 -1 
vn 0 0 -1 
vn 0 0 -1 
vn -1 0 0 
vn -1 0 0 
vn -1 0 0 
vn -1 0 0 
vn 0 -1 0 
vn 0 -1 0 
vn 0 -1 0 
vn 0 -1 0 
vn 0 0 1 
vn 0 0 1 
vn 0 0 1 
vn 0 0 1 
vn 1 0 0 
vn 1 0 0 
vn 1 0 0 
vn 1 0 0 

vt 2.45 -4 
vt 2 -4 
vt 2.45 -4.575 
vt 2 -4.575 
vt 2.275 -4 
vt 2 -4 
vt 2.275 -4.45 
vt 2 -4.45 
vt 2.275 -4 
vt 2 -4 
vt 2.275 -4.575 
vt 2 -4.575 
vt 2.45 -4 
vt 2 -4 
vt 2.45 -4.575 
vt 2 -4.575 
vt 2.275 -4 
vt 2 -4 
vt 2.275 -4.45 
vt 2 -4.45 
vt 2.275 -4 
vt 2 -4 
vt 2.275 -4.575 
vt 2 -4.575 

usemtl Height24Mtl

f 9149/9149/9149 9150/9150/9150 9151/9151/9151 
f 9151/9151/9151 9150/9150/9150 9152/9152/9152 
f 9153/9153/9153 9154/9154/9154 9155/9155/9155 
f 9155/9155/9155 9154/9154/9154 9156/9156/9156 
f 9157/9157/9157 9158/9158/9158 9159/9159/9159 
f 9159/9159/9159 9158/9158/9158 9160/9160/9160 
f 9161/9161/9161 9162/9162/9162 9163/9163/9163 
f 9163/9163/9163 9162/9162/9162 9164/9164/9164 
f 9165/9165/9165 9166/9166/9166 9167/9167/9167 
f 9167/9167/9167 9166/9166/9166 9168/9168/9168 
f 9169/9169/9169 9170/9170/9170 9171/9171/9171 
f 9171/9171/9171 9170/9170/9170 9172/9172/9172 

g Height113

v 35.2208 16.2556 3.27895 
v 35.2208 16.2556 8.27895 
v 35.2208 16.0556 3.27895 
v 35.2208 16.0556 8.27895 
v 31.2208 16.2556 8.27895 
v 35.2208 16.2556 8.27895 
v 31.2208 16.2556 3.27895 
v 35.2208 16.2556 3.27895 
v 35.2208 16.2556 8.27895 
v 31.2208 16.2556 8.27895 
v 35.2208 16.0556 8.27895 
v 31.2208 16.0556 8.27895 
v 31.2208 16.2556 8.27895 
v 31.2208 16.2556 3.27895 
v 31.2208 16.0556 8.27895 
v 31.2208 16.0556 3.27895 
v 31.2208 16.0556 3.27895 
v 35.2208 16.0556 3.27895 
v 31.2208 16.0556 8.27895 
v 35.2208 16.0556 8.27895 
v 31.2208 16.2556 3.27895 
v 35.2208 16.2556 3.27895 
v 31.2208 16.0556 3.27895 
v 35.2208 16.0556 3.27895 

vn 1 0 0 
vn 1 0 0 
vn 1 0 0 
vn 1 0 0 
vn 0 1 0 
vn 0 1 0 
vn 0 1 0 
vn 0 1 0 
vn 0 0 1 
vn 0 0 1 
vn 0 0 1 
vn 0 0 1 
vn -1 0 0 
vn -1 0 0 
vn -1 0 0 
vn -1 0 0 
vn 0 -1 0 
vn 0 -1 0 
vn 0 -1 0 
vn 0 -1 0 
vn 0 0 -1 
vn 0 0 -1 
vn 0 0 -1 
vn 0 0 -1 

vt 4.625 -1.25 
vt 4 -1.25 
vt 4.625 -1.275 
vt 4 -1.275 
vt 4.5 -1.25 
vt 4 -1.25 
vt 4.5 -1.875 
vt 4 -1.875 
vt 4.5 -1.25 
vt 4 -1.25 
vt 4.5 -1.275 
vt 4 -1.275 
vt 4.625 -1.25 
vt 4 -1.25 
vt 4.625 -1.275 
vt 4 -1.275 
vt 4.5 -1.25 
vt 4 -1.25 
vt 4.5 -1.875 
vt 4 -1.875 
vt 4.5 -1.25 
vt 4 -1.25 
vt 4.5 -1.275 
vt 4 -1.275 

usemtl Height171Mtl

f 9173/9173/9173 9174/9174/9174 9175/9175/9175 
f 9175/9175/9175 9174/9174/9174 9176/9176/9176 
f 9177/9177/9177 9178/9178/9178 9179/9179/9179 
f 9179/9179/9179 9178/9178/9178 9180/9180/9180 
f 9181/9181/9181 9182/9182/9182 9183/9183/9183 
f 9183/9183/9183 9182/9182/9182 9184/9184/9184 
f 9185/9185/9185 9186/9186/9186 9187/9187/9187 
f 9187/9187/9187 9186/9186/9186 9188/9188/9188 
f 9189/9189/9189 9190/9190/9190 9191/9191/9191 
f 9191/9191/9191 9190/9190/9190 9192/9192/9192 
f 9193/9193/9193 9194/9194/9194 9195/9195/9195 
f 9195/9195/9195 9194/9194/9194 9196/9196/9196 

g Height114

v 35.4208 16.0556 3.21889 
v 35.4208 16.0556 8.21889 
v 35.4208 13.0556 3.21889 
v 35.4208 13.0556 8.21889 
v 35.2208 16.0556 8.21889 
v 35.4208 16.0556 8.21889 
v 35.2208 16.0556 3.21889 
v 35.4208 16.0556 3.21889 
v 35.4208 16.0556 8.21889 
v 35.2208 16.0556 8.21889 
v 35.4208 13.0556 8.21889 
v 35.2208 13.0556 8.21889 
v 35.2208 16.0556 8.21889 
v 35.2208 16.0556 3.21889 
v 35.2208 13.0556 8.21889 
v 35.2208 13.0556 3.21889 
v 35.2208 13.0556 3.21889 
v 35.4208 13.0556 3.21889 
v 35.2208 13.0556 8.21889 
v 35.4208 13.0556 8.21889 
v 35.2208 16.0556 3.21889 
v 35.4208 16.0556 3.21889 
v 35.2208 13.0556 3.21889 
v 35.4208 13.0556 3.21889 

vn 1 0 0 
vn 1 0 0 
vn 1 0 0 
vn 1 0 0 
vn 0 1 0 
vn 0 1 0 
vn 0 1 0 
vn 0 1 0 
vn 0 0 1 
vn 0 0 1 
vn 0 0 1 
vn 0 0 1 
vn -1 0 0 
vn -1 0 0 
vn -1 0 0 
vn -1 0 0 
vn 0 -1 0 
vn 0 -1 0 
vn 0 -1 0 
vn 0 -1 0 
vn 0 0 -1 
vn 0 0 -1 
vn 0 0 -1 
vn 0 0 -1 

vt 4.125 -3 
vt 3.5 -3 
vt 4.125 -3.375 
vt 3.5 -3.375 
vt 3.525 -3 
vt 3.5 -3 
vt 3.525 -3.625 
vt 3.5 -3.625 
vt 3.525 -3 
vt 3.5 -3 
vt 3.525 -3.375 
vt 3.5 -3.375 
vt 4.125 -3 
vt 3.5 -3 
vt 4.125 -3.375 
vt 3.5 -3.375 
vt 3.525 -3 
vt 3.5 -3 
vt 3.525 -3.625 
vt 3.5 -3.625 
vt 3.525 -3 
vt 3.5 -3 
vt 3.525 -3.375 
vt 3.5 -3.375 

usemtl Height171Mtl

f 9197/9197/9197 9198/9198/9198 9199/9199/9199 
f 9199/9199/9199 9198/9198/9198 9200/9200/9200 
f 9201/9201/9201 9202/9202/9202 9203/9203/9203 
f 9203/9203/9203 9202/9202/9202 9204/9204/9204 
f 9205/9205/9205 9206/9206/9206 9207/9207/9207 
f 9207/9207/9207 9206/9206/9206 9208/9208/9208 
f 9209/9209/9209 9210/9210/9210 9211/9211/9211 
f 9211/9211/9211 9210/9210/9210 9212/9212/9212 
f 9213/9213/9213 9214/9214/9214 9215/9215/9215 
f 9215/9215/9215 9214/9214/9214 9216/9216/9216 
f 9217/9217/9217 9218/9218/9218 9219/9219/9219 
f 9219/9219/9219 9218/9218/9218 9220/9220/9220 

g Height115

v 126.421 15.4554 -3.98106 
v 126.221 15.4554 -3.98106 
v 126.421 3.25541 -3.98106 
v 126.221 3.25541 -3.98106 
v 126.221 15.4554 -32.9811 
v 126.221 15.4554 -3.98106 
v 126.421 15.4554 -32.9811 
v 126.421 15.4554 -3.98106 
v 126.221 15.4554 -3.98106 
v 126.221 15.4554 -32.9811 
v 126.221 3.25541 -3.98106 
v 126.221 3.25541 -32.9811 
v 126.221 15.4554 -32.9811 
v 126.421 15.4554 -32.9811 
v 126.221 3.25541 -32.9811 
v 126.421 3.25541 -32.9811 
v 126.421 3.25541 -32.9811 
v 126.421 3.25541 -3.98106 
v 126.221 3.25541 -32.9811 
v 126.221 3.25541 -3.98106 
v 126.421 15.4554 -32.9811 
v 126.421 15.4554 -3.98106 
v 126.421 3.25541 -32.9811 
v 126.421 3.25541 -3.98106 

vn 0 0 1 
vn 0 0 1 
vn 0 0 1 
vn 0 0 1 
vn 0 1 0 
vn 0 1 0 
vn 0 1 0 
vn 0 1 0 
vn -1 0 0 
vn -1 0 0 
vn -1 0 0 
vn -1 0 0 
vn 0 0 -1 
vn 0 0 -1 
vn 0 0 -1 
vn 0 0 -1 
vn 0 -1 0 
vn 0 -1 0 
vn 0 -1 0 
vn 0 -1 0 
vn 1 0 0 
vn 1 0 0 
vn 1 0 0 
vn 1 0 0 

vt 2.775 -5.25 
vt 2.75 -5.25 
vt 2.775 -6.775 
vt 2.75 -6.775 
vt 6.375 -5.25 
vt 2.75 -5.25 
vt 6.375 -5.275 
vt 2.75 -5.275 
vt 6.375 -5.25 
vt 2.75 -5.25 
vt 6.375 -6.775 
vt 2.75 -6.775 
vt 2.775 -5.25 
vt 2.75 -5.25 
vt 2.775 -6.775 
vt 2.75 -6.775 
vt 6.375 -5.25 
vt 2.75 -5.25 
vt 6.375 -5.275 
vt 2.75 -5.275 
vt 6.375 -5.25 
vt 2.75 -5.25 
vt 6.375 -6.775 
vt 2.75 -6.775 

usemtl Height8Mtl

f 9221/9221/9221 9222/9222/9222 9223/9223/9223 
f 9223/9223/9223 9222/9222/9222 9224/9224/9224 
f 9225/9225/9225 9226/9226/9226 9227/9227/9227 
f 9227/9227/9227 9226/9226/9226 9228/9228/9228 
f 9229/9229/9229 9230/9230/9230 9231/9231/9231 
f 9231/9231/9231 9230/9230/9230 9232/9232/9232 
f 9233/9233/9233 9234/9234/9234 9235/9235/9235 
f 9235/9235/9235 9234/9234/9234 9236/9236/9236 
f 9237/9237/9237 9238/9238/9238 9239/9239/9239 
f 9239/9239/9239 9238/9238/9238 9240/9240/9240 
f 9241/9241/9241 9242/9242/9242 9243/9243/9243 
f 9243/9243/9243 9242/9242/9242 9244/9244/9244 

g Height116

v 16.7431 0.254949 -7.17337 
v 25.9355 0.254949 -16.3658 
v 16.7431 0.0549492 -7.17337 
v 25.9355 0.0549492 -16.3658 
v 52.0985 0.254949 9.79719 
v 25.9355 0.254949 -16.3658 
v 42.9061 0.254949 18.9896 
v 16.7431 0.254949 -7.17337 
v 25.9355 0.254949 -16.3658 
v 52.0985 0.254949 9.79719 
v 25.9355 0.0549492 -16.3658 
v 52.0985 0.0549492 9.79719 
v 52.0985 0.254949 9.79719 
v 42.9061 0.254949 18.9896 
v 52.0985 0.0549492 9.79719 
v 42.9061 0.0549492 18.9896 
v 42.9061 0.0549492 18.9896 
v 16.7431 0.0549492 -7.17337 
v 52.0985 0.0549492 9.79719 
v 25.9355 0.0549492 -16.3658 
v 42.9061 0.254949 18.9896 
v 16.7431 0.254949 -7.17337 
v 42.9061 0.0549492 18.9896 
v 16.7431 0.0549492 -7.17337 

vn -0.708661 0 -0.708661 
vn -0.708661 0 -0.708661 
vn -0.708661 0 -0.708661 
vn -0.708661 0 -0.708661 
vn 0 1 0 
vn 0 1 0 
vn 0 1 0 
vn 0 1 0 
vn 0.708661 0 -0.708661 
vn 0.708661 0 -0.708661 
vn 0.708661 0 -0.708661 
vn 0.708661 0 -0.708661 
vn 0.708661 0 0.708661 
vn 0.708661 0 0.708661 
vn 0.708661 0 0.708661 
vn 0.708661 0 0.708661 
vn 0 -1 0 
vn 0 -1 0 
vn 0 -1 0 
vn 0 -1 0 
vn -0.708661 0 0.708661 
vn -0.708661 0 0.708661 
vn -0.708661 0 0.708661 
vn -0.708661 0 0.708661 

vt 7.125 -3.5 
vt 5.5 -3.5 
vt 7.125 -3.525 
vt 5.5 -3.525 
vt 10.125 -3.5 
vt 5.5 -3.5 
vt 10.125 -5.125 
vt 5.5 -5.125 
vt 10.125 -3.5 
vt 5.5 -3.5 
vt 10.125 -3.525 
vt 5.5 -3.525 
vt 7.125 -3.5 
vt 5.5 -3.5 
vt 7.125 -3.525 
vt 5.5 -3.525 
vt 10.125 -3.5 
vt 5.5 -3.5 
vt 10.125 -5.125 
vt 5.5 -5.125 
vt 10.125 -3.5 
vt 5.5 -3.5 
vt 10.125 -3.525 
vt 5.5 -3.525 

usemtl Height2Mtl

f 9245/9245/9245 9246/9246/9246 9247/9247/9247 
f 9247/9247/9247 9246/9246/9246 9248/9248/9248 
f 9249/9249/9249 9250/9250/9250 9251/9251/9251 
f 9251/9251/9251 9250/9250/9250 9252/9252/9252 
f 9253/9253/9253 9254/9254/9254 9255/9255/9255 
f 9255/9255/9255 9254/9254/9254 9256/9256/9256 
f 9257/9257/9257 9258/9258/9258 9259/9259/9259 
f 9259/9259/9259 9258/9258/9258 9260/9260/9260 
f 9261/9261/9261 9262/9262/9262 9263/9263/9263 
f 9263/9263/9263 9262/9262/9262 9264/9264/9264 
f 9265/9265/9265 9266/9266/9266 9267/9267/9267 
f 9267/9267/9267 9266/9266/9266 9268/9268/9268 

g Height117

v 90.4208 6.65495 2.21904 
v 86.4208 6.65495 2.21904 
v 90.4208 3.65495 2.21904 
v 86.4208 3.65495 2.21904 
v 86.4208 6.65495 2.01904 
v 86.4208 6.65495 2.21904 
v 90.4208 6.65495 2.01904 
v 90.4208 6.65495 2.21904 
v 86.4208 6.65495 2.21904 
v 86.4208 6.65495 2.01904 
v 86.4208 3.65495 2.21904 
v 86.4208 3.65495 2.01904 
v 86.4208 6.65495 2.01904 
v 90.4208 6.65495 2.01904 
v 86.4208 3.65495 2.01904 
v 90.4208 3.65495 2.01904 
v 90.4208 3.65495 2.01904 
v 90.4208 3.65495 2.21904 
v 86.4208 3.65495 2.01904 
v 86.4208 3.65495 2.21904 
v 90.4208 6.65495 2.01904 
v 90.4208 6.65495 2.21904 
v 90.4208 3.65495 2.01904 
v 90.4208 3.65495 2.21904 

vn 0 0 1 
vn 0 0 1 
vn 0 0 1 
vn 0 0 1 
vn 0 1 0 
vn 0 1 0 
vn 0 1 0 
vn 0 1 0 
vn -1 0 0 
vn -1 0 0 
vn -1 0 0 
vn -1 0 0 
vn 0 0 -1 
vn 0 0 -1 
vn 0 0 -1 
vn 0 0 -1 
vn 0 -1 0 
vn 0 -1 0 
vn 0 -1 0 
vn 0 -1 0 
vn 1 0 0 
vn 1 0 0 
vn 1 0 0 
vn 1 0 0 

vt 8.25 -0.75 
vt 7.75 -0.75 
vt 8.25 -1.125 
vt 7.75 -1.125 
vt 7.775 -0.75 
vt 7.75 -0.75 
vt 7.775 -1.25 
vt 7.75 -1.25 
vt 7.775 -0.75 
vt 7.75 -0.75 
vt 7.775 -1.125 
vt 7.75 -1.125 
vt 8.25 -0.75 
vt 7.75 -0.75 
vt 8.25 -1.125 
vt 7.75 -1.125 
vt 7.775 -0.75 
vt 7.75 -0.75 
vt 7.775 -1.25 
vt 7.75 -1.25 
vt 7.775 -0.75 
vt 7.75 -0.75 
vt 7.775 -1.125 
vt 7.75 -1.125 

usemtl Height171Mtl

f 9269/9269/9269 9270/9270/9270 9271/9271/9271 
f 9271/9271/9271 9270/9270/9270 9272/9272/9272 
f 9273/9273/9273 9274/9274/9274 9275/9275/9275 
f 9275/9275/9275 9274/9274/9274 9276/9276/9276 
f 9277/9277/9277 9278/9278/9278 9279/9279/9279 
f 9279/9279/9279 9278/9278/9278 9280/9280/9280 
f 9281/9281/9281 9282/9282/9282 9283/9283/9283 
f 9283/9283/9283 9282/9282/9282 9284/9284/9284 
f 9285/9285/9285 9286/9286/9286 9287/9287/9287 
f 9287/9287/9287 9286/9286/9286 9288/9288/9288 
f 9289/9289/9289 9290/9290/9290 9291/9291/9291 
f 9291/9291/9291 9290/9290/9290 9292/9292/9292 

g Height118

v 25.087 12.4551 -15.5172 
v 25.9355 12.4551 -16.3657 
v 25.087 0.255118 -15.5172 
v 25.9355 0.255118 -16.3657 
v 52.0985 12.4551 9.79724 
v 25.9355 12.4551 -16.3657 
v 51.25 12.4551 10.6458 
v 25.087 12.4551 -15.5172 
v 25.9355 12.4551 -16.3657 
v 52.0985 12.4551 9.79724 
v 25.9355 0.255118 -16.3657 
v 52.0985 0.255118 9.79724 
v 52.0985 12.4551 9.79724 
v 51.25 12.4551 10.6458 
v 52.0985 0.255118 9.79724 
v 51.25 0.255118 10.6458 
v 51.25 0.255118 10.6458 
v 25.087 0.255118 -15.5172 
v 52.0985 0.255118 9.79724 
v 25.9355 0.255118 -16.3657 
v 51.25 12.4551 10.6458 
v 25.087 12.4551 -15.5172 
v 51.25 0.255118 10.6458 
v 25.087 0.255118 -15.5172 

vn -0.708661 0 -0.708661 
vn -0.708661 0 -0.708661 
vn -0.708661 0 -0.708661 
vn -0.708661 0 -0.708661 
vn 0 1 0 
vn 0 1 0 
vn 0 1 0 
vn 0 1 0 
vn 0.708661 0 -0.708661 
vn 0.708661 0 -0.708661 
vn 0.708661 0 -0.708661 
vn 0.708661 0 -0.708661 
vn 0.708661 0 0.708661 
vn 0.708661 0 0.708661 
vn 0.708661 0 0.708661 
vn 0.708661 0 0.708661 
vn 0 -1 0 
vn 0 -1 0 
vn 0 -1 0 
vn 0 -1 0 
vn -0.708661 0 0.708661 
vn -0.708661 0 0.708661 
vn -0.708661 0 0.708661 
vn -0.708661 0 0.708661 

vt 5.15 -3.25 
vt 5 -3.25 
vt 5.15 -4.775 
vt 5 -4.775 
vt 9.625 -3.25 
vt 5 -3.25 
vt 9.625 -3.4 
vt 5 -3.4 
vt 9.625 -3.25 
vt 5 -3.25 
vt 9.625 -4.775 
vt 5 -4.775 
vt 5.15 -3.25 
vt 5 -3.25 
vt 5.15 -4.775 
vt 5 -4.775 
vt 9.625 -3.25 
vt 5 -3.25 
vt 9.625 -3.4 
vt 5 -3.4 
vt 9.625 -3.25 
vt 5 -3.25 
vt 9.625 -4.775 
vt 5 -4.775 

usemtl Height2Mtl

f 9293/9293/9293 9294/9294/9294 9295/9295/9295 
f 9295/9295/9295 9294/9294/9294 9296/9296/9296 
f 9297/9297/9297 9298/9298/9298 9299/9299/9299 
f 9299/9299/9299 9298/9298/9298 9300/9300/9300 
f 9301/9301/9301 9302/9302/9302 9303/9303/9303 
f 9303/9303/9303 9302/9302/9302 9304/9304/9304 
f 9305/9305/9305 9306/9306/9306 9307/9307/9307 
f 9307/9307/9307 9306/9306/9306 9308/9308/9308 
f 9309/9309/9309 9310/9310/9310 9311/9311/9311 
f 9311/9311/9311 9310/9310/9310 9312/9312/9312 
f 9313/9313/9313 9314/9314/9314 9315/9315/9315 
f 9315/9315/9315 9314/9314/9314 9316/9316/9316 

g Height119

v 16.7431 12.6554 -7.17337 
v 25.9355 12.6554 -16.3658 
v 16.7431 12.4554 -7.17337 
v 25.9355 12.4554 -16.3658 
v 52.0985 12.6554 9.79719 
v 25.9355 12.6554 -16.3658 
v 42.9061 12.6554 18.9896 
v 16.7431 12.6554 -7.17337 
v 25.9355 12.6554 -16.3658 
v 52.0985 12.6554 9.79719 
v 25.9355 12.4554 -16.3658 
v 52.0985 12.4554 9.79719 
v 52.0985 12.6554 9.79719 
v 42.9061 12.6554 18.9896 
v 52.0985 12.4554 9.79719 
v 42.9061 12.4554 18.9896 
v 42.9061 12.4554 18.9896 
v 16.7431 12.4554 -7.17337 
v 52.0985 12.4554 9.79719 
v 25.9355 12.4554 -16.3658 
v 42.9061 12.6554 18.9896 
v 16.7431 12.6554 -7.17337 
v 42.9061 12.4554 18.9896 
v 16.7431 12.4554 -7.17337 

vn -0.708661 0 -0.708661 
vn -0.708661 0 -0.708661 
vn -0.708661 0 -0.708661 
vn -0.708661 0 -0.708661 
vn 0 1 0 
vn 0 1 0 
vn 0 1 0 
vn 0 1 0 
vn 0.708661 0 -0.708661 
vn 0.708661 0 -0.708661 
vn 0.708661 0 -0.708661 
vn 0.708661 0 -0.708661 
vn 0.708661 0 0.708661 
vn 0.708661 0 0.708661 
vn 0.708661 0 0.708661 
vn 0.708661 0 0.708661 
vn 0 -1 0 
vn 0 -1 0 
vn 0 -1 0 
vn 0 -1 0 
vn -0.708661 0 0.708661 
vn -0.708661 0 0.708661 
vn -0.708661 0 0.708661 
vn -0.708661 0 0.708661 

vt 6.875 -6.75 
vt 5.25 -6.75 
vt 6.875 -6.775 
vt 5.25 -6.775 
vt 9.875 -6.75 
vt 5.25 -6.75 
vt 9.875 -8.375 
vt 5.25 -8.375 
vt 9.875 -6.75 
vt 5.25 -6.75 
vt 9.875 -6.775 
vt 5.25 -6.775 
vt 6.875 -6.75 
vt 5.25 -6.75 
vt 6.875 -6.775 
vt 5.25 -6.775 
vt 9.875 -6.75 
vt 5.25 -6.75 
vt 9.875 -8.375 
vt 5.25 -8.375 
vt 9.875 -6.75 
vt 5.25 -6.75 
vt 9.875 -6.775 
vt 5.25 -6.775 

usemtl Height2Mtl

f 9317/9317/9317 9318/9318/9318 9319/9319/9319 
f 9319/9319/9319 9318/9318/9318 9320/9320/9320 
f 9321/9321/9321 9322/9322/9322 9323/9323/9323 
f 9323/9323/9323 9322/9322/9322 9324/9324/9324 
f 9325/9325/9325 9326/9326/9326 9327/9327/9327 
f 9327/9327/9327 9326/9326/9326 9328/9328/9328 
f 9329/9329/9329 9330/9330/9330 9331/9331/9331 
f 9331/9331/9331 9330/9330/9330 9332/9332/9332 
f 9333/9333/9333 9334/9334/9334 9335/9335/9335 
f 9335/9335/9335 9334/9334/9334 9336/9336/9336 
f 9337/9337/9337 9338/9338/9338 9339/9339/9339 
f 9339/9339/9339 9338/9338/9338 9340/9340/9340 

g Height120

v 113.421 12.455 73.8191 
v 113.421 12.455 75.0191 
v 113.421 0.254996 73.8191 
v 113.421 0.254996 75.0191 
v 76.4208 12.455 75.0191 
v 113.421 12.455 75.0191 
v 76.4208 12.455 73.8191 
v 113.421 12.455 73.8191 
v 113.421 12.455 75.0191 
v 76.4208 12.455 75.0191 
v 113.421 0.254996 75.0191 
v 76.4208 0.254996 75.0191 
v 76.4208 12.455 75.0191 
v 76.4208 12.455 73.8191 
v 76.4208 0.254996 75.0191 
v 76.4208 0.254996 73.8191 
v 76.4208 0.254996 73.8191 
v 113.421 0.254996 73.8191 
v 76.4208 0.254996 75.0191 
v 113.421 0.254996 75.0191 
v 76.4208 12.455 73.8191 
v 113.421 12.455 73.8191 
v 76.4208 0.254996 73.8191 
v 113.421 0.254996 73.8191 

vn 1 0 0 
vn 1 0 0 
vn 1 0 0 
vn 1 0 0 
vn 0 1 0 
vn 0 1 0 
vn 0 1 0 
vn 0 1 0 
vn 0 0 1 
vn 0 0 1 
vn 0 0 1 
vn 0 0 1 
vn -1 0 0 
vn -1 0 0 
vn -1 0 0 
vn -1 0 0 
vn 0 -1 0 
vn 0 -1 0 
vn 0 -1 0 
vn 0 -1 0 
vn 0 0 -1 
vn 0 0 -1 
vn 0 0 -1 
vn 0 0 -1 

vt 1.9 -2.75 
vt 1.75 -2.75 
vt 1.9 -4.275 
vt 1.75 -4.275 
vt 6.375 -2.75 
vt 1.75 -2.75 
vt 6.375 -2.9 
vt 1.75 -2.9 
vt 6.375 -2.75 
vt 1.75 -2.75 
vt 6.375 -4.275 
vt 1.75 -4.275 
vt 1.9 -2.75 
vt 1.75 -2.75 
vt 1.9 -4.275 
vt 1.75 -4.275 
vt 6.375 -2.75 
vt 1.75 -2.75 
vt 6.375 -2.9 
vt 1.75 -2.9 
vt 6.375 -2.75 
vt 1.75 -2.75 
vt 6.375 -4.275 
vt 1.75 -4.275 

usemtl Height2Mtl

f 9341/9341/9341 9342/9342/9342 9343/9343/9343 
f 9343/9343/9343 9342/9342/9342 9344/9344/9344 
f 9345/9345/9345 9346/9346/9346 9347/9347/9347 
f 9347/9347/9347 9346/9346/9346 9348/9348/9348 
f 9349/9349/9349 9350/9350/9350 9351/9351/9351 
f 9351/9351/9351 9350/9350/9350 9352/9352/9352 
f 9353/9353/9353 9354/9354/9354 9355/9355/9355 
f 9355/9355/9355 9354/9354/9354 9356/9356/9356 
f 9357/9357/9357 9358/9358/9358 9359/9359/9359 
f 9359/9359/9359 9358/9358/9358 9360/9360/9360 
f 9361/9361/9361 9362/9362/9362 9363/9363/9363 
f 9363/9363/9363 9362/9362/9362 9364/9364/9364 

g Height121

v 113.421 0.254999 62.0189 
v 113.421 0.254999 75.0189 
v 113.421 0.0549988 62.0189 
v 113.421 0.0549988 75.0189 
v 76.4208 0.254999 75.0189 
v 113.421 0.254999 75.0189 
v 76.4208 0.254999 62.0189 
v 113.421 0.254999 62.0189 
v 113.421 0.254999 75.0189 
v 76.4208 0.254999 75.0189 
v 113.421 0.0549988 75.0189 
v 76.4208 0.0549988 75.0189 
v 76.4208 0.254999 75.0189 
v 76.4208 0.254999 62.0189 
v 76.4208 0.0549988 75.0189 
v 76.4208 0.0549988 62.0189 
v 76.4208 0.0549988 62.0189 
v 113.421 0.0549988 62.0189 
v 76.4208 0.0549988 75.0189 
v 113.421 0.0549988 75.0189 
v 76.4208 0.254999 62.0189 
v 113.421 0.254999 62.0189 
v 76.4208 0.0549988 62.0189 
v 113.421 0.0549988 62.0189 

vn 1 0 0 
vn 1 0 0 
vn 1 0 0 
vn 1 0 0 
vn 0 1 0 
vn 0 1 0 
vn 0 1 0 
vn 0 1 0 
vn 0 0 1 
vn 0 0 1 
vn 0 0 1 
vn 0 0 1 
vn -1 0 0 
vn -1 0 0 
vn -1 0 0 
vn -1 0 0 
vn 0 -1 0 
vn 0 -1 0 
vn 0 -1 0 
vn 0 -1 0 
vn 0 0 -1 
vn 0 0 -1 
vn 0 0 -1 
vn 0 0 -1 

vt 7.375 -5.75 
vt 5.75 -5.75 
vt 7.375 -5.775 
vt 5.75 -5.775 
vt 10.375 -5.75 
vt 5.75 -5.75 
vt 10.375 -7.375 
vt 5.75 -7.375 
vt 10.375 -5.75 
vt 5.75 -5.75 
vt 10.375 -5.775 
vt 5.75 -5.775 
vt 7.375 -5.75 
vt 5.75 -5.75 
vt 7.375 -5.775 
vt 5.75 -5.775 
vt 10.375 -5.75 
vt 5.75 -5.75 
vt 10.375 -7.375 
vt 5.75 -7.375 
vt 10.375 -5.75 
vt 5.75 -5.75 
vt 10.375 -5.775 
vt 5.75 -5.775 

usemtl Height2Mtl

f 9365/9365/9365 9366/9366/9366 9367/9367/9367 
f 9367/9367/9367 9366/9366/9366 9368/9368/9368 
f 9369/9369/9369 9370/9370/9370 9371/9371/9371 
f 9371/9371/9371 9370/9370/9370 9372/9372/9372 
f 9373/9373/9373 9374/9374/9374 9375/9375/9375 
f 9375/9375/9375 9374/9374/9374 9376/9376/9376 
f 9377/9377/9377 9378/9378/9378 9379/9379/9379 
f 9379/9379/9379 9378/9378/9378 9380/9380/9380 
f 9381/9381/9381 9382/9382/9382 9383/9383/9383 
f 9383/9383/9383 9382/9382/9382 9384/9384/9384 
f 9385/9385/9385 9386/9386/9386 9387/9387/9387 
f 9387/9387/9387 9386/9386/9386 9388/9388/9388 

g Height122

v 23.4208 12.455 75.0189 
v 10.4208 12.455 75.0189 
v 23.4208 0.0549974 75.0189 
v 10.4208 0.0549974 75.0189 
v 10.4208 12.455 38.0189 
v 10.4208 12.455 75.0189 
v 23.4208 12.455 38.0189 
v 23.4208 12.455 75.0189 
v 10.4208 12.455 75.0189 
v 10.4208 12.455 38.0189 
v 10.4208 0.0549974 75.0189 
v 10.4208 0.0549974 38.0189 
v 10.4208 12.455 38.0189 
v 23.4208 12.455 38.0189 
v 10.4208 0.0549974 38.0189 
v 23.4208 0.0549974 38.0189 
v 23.4208 0.0549974 38.0189 
v 23.4208 0.0549974 75.0189 
v 10.4208 0.0549974 38.0189 
v 10.4208 0.0549974 75.0189 
v 23.4208 12.455 38.0189 
v 23.4208 12.455 75.0189 
v 23.4208 0.0549974 38.0189 
v 23.4208 0.0549974 75.0189 

vn 0 0 1 
vn 0 0 1 
vn 0 0 1 
vn 0 0 1 
vn 0 1 0 
vn 0 1 0 
vn 0 1 0 
vn 0 1 0 
vn -1 0 0 
vn -1 0 0 
vn -1 0 0 
vn -1 0 0 
vn 0 0 -1 
vn 0 0 -1 
vn 0 0 -1 
vn 0 0 -1 
vn 0 -1 0 
vn 0 -1 0 
vn 0 -1 0 
vn 0 -1 0 
vn 1 0 0 
vn 1 0 0 
vn 1 0 0 
vn 1 0 0 

vt 5.625 -1.25 
vt 4 -1.25 
vt 5.625 -2.8 
vt 4 -2.8 
vt 8.625 -1.25 
vt 4 -1.25 
vt 8.625 -2.875 
vt 4 -2.875 
vt 8.625 -1.25 
vt 4 -1.25 
vt 8.625 -2.8 
vt 4 -2.8 
vt 5.625 -1.25 
vt 4 -1.25 
vt 5.625 -2.8 
vt 4 -2.8 
vt 8.625 -1.25 
vt 4 -1.25 
vt 8.625 -2.875 
vt 4 -2.875 
vt 8.625 -1.25 
vt 4 -1.25 
vt 8.625 -2.8 
vt 4 -2.8 

usemtl Height122Mtl

f 9389/9389/9389 9390/9390/9390 9391/9391/9391 
f 9391/9391/9391 9390/9390/9390 9392/9392/9392 
f 9393/9393/9393 9394/9394/9394 9395/9395/9395 
f 9395/9395/9395 9394/9394/9394 9396/9396/9396 
f 9397/9397/9397 9398/9398/9398 9399/9399/9399 
f 9399/9399/9399 9398/9398/9398 9400/9400/9400 
f 9401/9401/9401 9402/9402/9402 9403/9403/9403 
f 9403/9403/9403 9402/9402/9402 9404/9404/9404 
f 9405/9405/9405 9406/9406/9406 9407/9407/9407 
f 9407/9407/9407 9406/9406/9406 9408/9408/9408 
f 9409/9409/9409 9410/9410/9410 9411/9411/9411 
f 9411/9411/9411 9410/9410/9410 9412/9412/9412 

g Height123

v 84.4208 9.85535 33.2189 
v 84.4208 9.85535 38.2189 
v 84.4208 6.85535 33.2189 
v 84.4208 6.85535 38.2189 
v 84.2208 9.85535 38.2189 
v 84.4208 9.85535 38.2189 
v 84.2208 9.85535 33.2189 
v 84.4208 9.85535 33.2189 
v 84.4208 9.85535 38.2189 
v 84.2208 9.85535 38.2189 
v 84.4208 6.85535 38.2189 
v 84.2208 6.85535 38.2189 
v 84.2208 9.85535 38.2189 
v 84.2208 9.85535 33.2189 
v 84.2208 6.85535 38.2189 
v 84.2208 6.85535 33.2189 
v 84.2208 6.85535 33.2189 
v 84.4208 6.85535 33.2189 
v 84.2208 6.85535 38.2189 
v 84.4208 6.85535 38.2189 
v 84.2208 9.85535 33.2189 
v 84.4208 9.85535 33.2189 
v 84.2208 6.85535 33.2189 
v 84.4208 6.85535 33.2189 

vn 1 0 0 
vn 1 0 0 
vn 1 0 0 
vn 1 0 0 
vn 0 1 0 
vn 0 1 0 
vn 0 1 0 
vn 0 1 0 
vn 0 0 1 
vn 0 0 1 
vn 0 0 1 
vn 0 0 1 
vn -1 0 0 
vn -1 0 0 
vn -1 0 0 
vn -1 0 0 
vn 0 -1 0 
vn 0 -1 0 
vn 0 -1 0 
vn 0 -1 0 
vn 0 0 -1 
vn 0 0 -1 
vn 0 0 -1 
vn 0 0 -1 

vt 7.625 -0.75 
vt 7 -0.75 
vt 7.625 -1.125 
vt 7 -1.125 
vt 7.025 -0.75 
vt 7 -0.75 
vt 7.025 -1.375 
vt 7 -1.375 
vt 7.025 -0.75 
vt 7 -0.75 
vt 7.025 -1.125 
vt 7 -1.125 
vt 7.625 -0.75 
vt 7 -0.75 
vt 7.625 -1.125 
vt 7 -1.125 
vt 7.025 -0.75 
vt 7 -0.75 
vt 7.025 -1.375 
vt 7 -1.375 
vt 7.025 -0.75 
vt 7 -0.75 
vt 7.025 -1.125 
vt 7 -1.125 

usemtl Height171Mtl

f 9413/9413/9413 9414/9414/9414 9415/9415/9415 
f 9415/9415/9415 9414/9414/9414 9416/9416/9416 
f 9417/9417/9417 9418/9418/9418 9419/9419/9419 
f 9419/9419/9419 9418/9418/9418 9420/9420/9420 
f 9421/9421/9421 9422/9422/9422 9423/9423/9423 
f 9423/9423/9423 9422/9422/9422 9424/9424/9424 
f 9425/9425/9425 9426/9426/9426 9427/9427/9427 
f 9427/9427/9427 9426/9426/9426 9428/9428/9428 
f 9429/9429/9429 9430/9430/9430 9431/9431/9431 
f 9431/9431/9431 9430/9430/9430 9432/9432/9432 
f 9433/9433/9433 9434/9434/9434 9435/9435/9435 
f 9435/9435/9435 9434/9434/9434 9436/9436/9436 

g Height124

v 80.4208 9.855 38.019 
v 84.4208 9.855 38.019 
v 80.4208 6.855 38.019 
v 84.4208 6.855 38.019 
v 84.4208 9.855 38.219 
v 84.4208 9.855 38.019 
v 80.4208 9.855 38.219 
v 80.4208 9.855 38.019 
v 84.4208 9.855 38.019 
v 84.4208 9.855 38.219 
v 84.4208 6.855 38.019 
v 84.4208 6.855 38.219 
v 84.4208 9.855 38.219 
v 80.4208 9.855 38.219 
v 84.4208 6.855 38.219 
v 80.4208 6.855 38.219 
v 80.4208 6.855 38.219 
v 80.4208 6.855 38.019 
v 84.4208 6.855 38.219 
v 84.4208 6.855 38.019 
v 80.4208 9.855 38.219 
v 80.4208 9.855 38.019 
v 80.4208 6.855 38.219 
v 80.4208 6.855 38.019 

vn 0 0 -1 
vn 0 0 -1 
vn 0 0 -1 
vn 0 0 -1 
vn 0 1 0 
vn 0 1 0 
vn 0 1 0 
vn 0 1 0 
vn 1 0 0 
vn 1 0 0 
vn 1 0 0 
vn 1 0 0 
vn 0 0 1 
vn 0 0 1 
vn 0 0 1 
vn 0 0 1 
vn 0 -1 0 
vn 0 -1 0 
vn 0 -1 0 
vn 0 -1 0 
vn -1 0 0 
vn -1 0 0 
vn -1 0 0 
vn -1 0 0 

vt 5.75 -4.5 
vt 5.25 -4.5 
vt 5.75 -4.875 
vt 5.25 -4.875 
vt 5.275 -4.5 
vt 5.25 -4.5 
vt 5.275 -5 
vt 5.25 -5 
vt 5.275 -4.5 
vt 5.25 -4.5 
vt 5.275 -4.875 
vt 5.25 -4.875 
vt 5.75 -4.5 
vt 5.25 -4.5 
vt 5.75 -4.875 
vt 5.25 -4.875 
vt 5.275 -4.5 
vt 5.25 -4.5 
vt 5.275 -5 
vt 5.25 -5 
vt 5.275 -4.5 
vt 5.25 -4.5 
vt 5.275 -4.875 
vt 5.25 -4.875 

usemtl Height171Mtl

f 9437/9437/9437 9438/9438/9438 9439/9439/9439 
f 9439/9439/9439 9438/9438/9438 9440/9440/9440 
f 9441/9441/9441 9442/9442/9442 9443/9443/9443 
f 9443/9443/9443 9442/9442/9442 9444/9444/9444 
f 9445/9445/9445 9446/9446/9446 9447/9447/9447 
f 9447/9447/9447 9446/9446/9446 9448/9448/9448 
f 9449/9449/9449 9450/9450/9450 9451/9451/9451 
f 9451/9451/9451 9450/9450/9450 9452/9452/9452 
f 9453/9453/9453 9454/9454/9454 9455/9455/9455 
f 9455/9455/9455 9454/9454/9454 9456/9456/9456 
f 9457/9457/9457 9458/9458/9458 9459/9459/9459 
f 9459/9459/9459 9458/9458/9458 9460/9460/9460 

g Height125

v 84.2208 9.35518 33.3588 
v 80.6208 9.35518 33.3588 
v 84.2208 9.35518 37.9588 
v 80.6208 9.35518 37.9588 
v 80.6208 7.15518 33.3588 
v 80.6208 9.35518 33.3588 
v 84.2208 7.15518 33.3588 
v 84.2208 9.35518 33.3588 
v 80.6208 9.35518 33.3588 
v 80.6208 7.15518 33.3588 
v 80.6208 9.35518 37.9588 
v 80.6208 7.15518 37.9588 
v 80.6208 7.15518 33.3588 
v 84.2208 7.15518 33.3588 
v 80.6208 7.15518 37.9588 
v 84.2208 7.15518 37.9588 
v 84.2208 7.15518 37.9588 
v 84.2208 9.35518 37.9588 
v 80.6208 7.15518 37.9588 
v 80.6208 9.35518 37.9588 
v 84.2208 7.15518 33.3588 
v 84.2208 9.35518 33.3588 
v 84.2208 7.15518 37.9588 
v 84.2208 9.35518 37.9588 

vn 0 1 0 
vn 0 1 0 
vn 0 1 0 
vn 0 1 0 
vn 0 0 -1 
vn 0 0 -1 
vn 0 0 -1 
vn 0 0 -1 
vn -1 0 0 
vn -1 0 0 
vn -1 0 0 
vn -1 0 0 
vn 0 -1 0 
vn 0 -1 0 
vn 0 -1 0 
vn 0 -1 0 
vn 0 0 1 
vn 0 0 1 
vn 0 0 1 
vn 0 0 1 
vn 1 0 0 
vn 1 0 0 
vn 1 0 0 
vn 1 0 0 

vt 4.2 -6.25 
vt 3.75 -6.25 
vt 4.2 -6.825 
vt 3.75 -6.825 
vt 4.025 -6.25 
vt 3.75 -6.25 
vt 4.025 -6.7 
vt 3.75 -6.7 
vt 4.025 -6.25 
vt 3.75 -6.25 
vt 4.025 -6.825 
vt 3.75 -6.825 
vt 4.2 -6.25 
vt 3.75 -6.25 
vt 4.2 -6.825 
vt 3.75 -6.825 
vt 4.025 -6.25 
vt 3.75 -6.25 
vt 4.025 -6.7 
vt 3.75 -6.7 
vt 4.025 -6.25 
vt 3.75 -6.25 
vt 4.025 -6.825 
vt 3.75 -6.825 

usemtl Height24Mtl

f 9461/9461/9461 9462/9462/9462 9463/9463/9463 
f 9463/9463/9463 9462/9462/9462 9464/9464/9464 
f 9465/9465/9465 9466/9466/9466 9467/9467/9467 
f 9467/9467/9467 9466/9466/9466 9468/9468/9468 
f 9469/9469/9469 9470/9470/9470 9471/9471/9471 
f 9471/9471/9471 9470/9470/9470 9472/9472/9472 
f 9473/9473/9473 9474/9474/9474 9475/9475/9475 
f 9475/9475/9475 9474/9474/9474 9476/9476/9476 
f 9477/9477/9477 9478/9478/9478 9479/9479/9479 
f 9479/9479/9479 9478/9478/9478 9480/9480/9480 
f 9481/9481/9481 9482/9482/9482 9483/9483/9483 
f 9483/9483/9483 9482/9482/9482 9484/9484/9484 

g Height126

v 80.4208 9.85535 33.219 
v 84.4208 9.85535 33.219 
v 80.4208 6.85535 33.219 
v 84.4208 6.85535 33.219 
v 84.4208 9.85535 33.419 
v 84.4208 9.85535 33.219 
v 80.4208 9.85535 33.419 
v 80.4208 9.85535 33.219 
v 84.4208 9.85535 33.219 
v 84.4208 9.85535 33.419 
v 84.4208 6.85535 33.219 
v 84.4208 6.85535 33.419 
v 84.4208 9.85535 33.419 
v 80.4208 9.85535 33.419 
v 84.4208 6.85535 33.419 
v 80.4208 6.85535 33.419 
v 80.4208 6.85535 33.419 
v 80.4208 6.85535 33.219 
v 84.4208 6.85535 33.419 
v 84.4208 6.85535 33.219 
v 80.4208 9.85535 33.419 
v 80.4208 9.85535 33.219 
v 80.4208 6.85535 33.419 
v 80.4208 6.85535 33.219 

vn 0 0 -1 
vn 0 0 -1 
vn 0 0 -1 
vn 0 0 -1 
vn 0 1 0 
vn 0 1 0 
vn 0 1 0 
vn 0 1 0 
vn 1 0 0 
vn 1 0 0 
vn 1 0 0 
vn 1 0 0 
vn 0 0 1 
vn 0 0 1 
vn 0 0 1 
vn 0 0 1 
vn 0 -1 0 
vn 0 -1 0 
vn 0 -1 0 
vn 0 -1 0 
vn -1 0 0 
vn -1 0 0 
vn -1 0 0 
vn -1 0 0 

vt 1 -5.75 
vt 0.5 -5.75 
vt 1 -6.125 
vt 0.5 -6.125 
vt 0.525 -5.75 
vt 0.5 -5.75 
vt 0.525 -6.25 
vt 0.5 -6.25 
vt 0.525 -5.75 
vt 0.5 -5.75 
vt 0.525 -6.125 
vt 0.5 -6.125 
vt 1 -5.75 
vt 0.5 -5.75 
vt 1 -6.125 
vt 0.5 -6.125 
vt 0.525 -5.75 
vt 0.5 -5.75 
vt 0.525 -6.25 
vt 0.5 -6.25 
vt 0.525 -5.75 
vt 0.5 -5.75 
vt 0.525 -6.125 
vt 0.5 -6.125 

usemtl Height171Mtl

f 9485/9485/9485 9486/9486/9486 9487/9487/9487 
f 9487/9487/9487 9486/9486/9486 9488/9488/9488 
f 9489/9489/9489 9490/9490/9490 9491/9491/9491 
f 9491/9491/9491 9490/9490/9490 9492/9492/9492 
f 9493/9493/9493 9494/9494/9494 9495/9495/9495 
f 9495/9495/9495 9494/9494/9494 9496/9496/9496 
f 9497/9497/9497 9498/9498/9498 9499/9499/9499 
f 9499/9499/9499 9498/9498/9498 9500/9500/9500 
f 9501/9501/9501 9502/9502/9502 9503/9503/9503 
f 9503/9503/9503 9502/9502/9502 9504/9504/9504 
f 9505/9505/9505 9506/9506/9506 9507/9507/9507 
f 9507/9507/9507 9506/9506/9506 9508/9508/9508 

g Height127

v 80.4208 3.455 39.0189 
v 80.4208 3.455 34.0189 
v 80.4208 0.454998 39.0189 
v 80.4208 0.454998 34.0189 
v 80.6208 3.455 34.0189 
v 80.4208 3.455 34.0189 
v 80.6208 3.455 39.0189 
v 80.4208 3.455 39.0189 
v 80.4208 3.455 34.0189 
v 80.6208 3.455 34.0189 
v 80.4208 0.454998 34.0189 
v 80.6208 0.454998 34.0189 
v 80.6208 3.455 34.0189 
v 80.6208 3.455 39.0189 
v 80.6208 0.454998 34.0189 
v 80.6208 0.454998 39.0189 
v 80.6208 0.454998 39.0189 
v 80.4208 0.454998 39.0189 
v 80.6208 0.454998 34.0189 
v 80.4208 0.454998 34.0189 
v 80.6208 3.455 39.0189 
v 80.4208 3.455 39.0189 
v 80.6208 0.454998 39.0189 
v 80.4208 0.454998 39.0189 

vn -1 0 0 
vn -1 0 0 
vn -1 0 0 
vn -1 0 0 
vn 0 1 0 
vn 0 1 0 
vn 0 1 0 
vn 0 1 0 
vn 0 0 -1 
vn 0 0 -1 
vn 0 0 -1 
vn 0 0 -1 
vn 1 0 0 
vn 1 0 0 
vn 1 0 0 
vn 1 0 0 
vn 0 -1 0 
vn 0 -1 0 
vn 0 -1 0 
vn 0 -1 0 
vn 0 0 1 
vn 0 0 1 
vn 0 0 1 
vn 0 0 1 

vt 4.625 -4 
vt 4 -4 
vt 4.625 -4.375 
vt 4 -4.375 
vt 4.025 -4 
vt 4 -4 
vt 4.025 -4.625 
vt 4 -4.625 
vt 4.025 -4 
vt 4 -4 
vt 4.025 -4.375 
vt 4 -4.375 
vt 4.625 -4 
vt 4 -4 
vt 4.625 -4.375 
vt 4 -4.375 
vt 4.025 -4 
vt 4 -4 
vt 4.025 -4.625 
vt 4 -4.625 
vt 4.025 -4 
vt 4 -4 
vt 4.025 -4.375 
vt 4 -4.375 

usemtl Height171Mtl

f 9509/9509/9509 9510/9510/9510 9511/9511/9511 
f 9511/9511/9511 9510/9510/9510 9512/9512/9512 
f 9513/9513/9513 9514/9514/9514 9515/9515/9515 
f 9515/9515/9515 9514/9514/9514 9516/9516/9516 
f 9517/9517/9517 9518/9518/9518 9519/9519/9519 
f 9519/9519/9519 9518/9518/9518 9520/9520/9520 
f 9521/9521/9521 9522/9522/9522 9523/9523/9523 
f 9523/9523/9523 9522/9522/9522 9524/9524/9524 
f 9525/9525/9525 9526/9526/9526 9527/9527/9527 
f 9527/9527/9527 9526/9526/9526 9528/9528/9528 
f 9529/9529/9529 9530/9530/9530 9531/9531/9531 
f 9531/9531/9531 9530/9530/9530 9532/9532/9532 

g Height128

v 84.4208 0.454996 34.0189 
v 84.4208 0.454996 39.0189 
v 84.4208 0.254996 34.0189 
v 84.4208 0.254996 39.0189 
v 80.4208 0.454996 39.0189 
v 84.4208 0.454996 39.0189 
v 80.4208 0.454996 34.0189 
v 84.4208 0.454996 34.0189 
v 84.4208 0.454996 39.0189 
v 80.4208 0.454996 39.0189 
v 84.4208 0.254996 39.0189 
v 80.4208 0.254996 39.0189 
v 80.4208 0.454996 39.0189 
v 80.4208 0.454996 34.0189 
v 80.4208 0.254996 39.0189 
v 80.4208 0.254996 34.0189 
v 80.4208 0.254996 34.0189 
v 84.4208 0.254996 34.0189 
v 80.4208 0.254996 39.0189 
v 84.4208 0.254996 39.0189 
v 80.4208 0.454996 34.0189 
v 84.4208 0.454996 34.0189 
v 80.4208 0.254996 34.0189 
v 84.4208 0.254996 34.0189 

vn 1 0 0 
vn 1 0 0 
vn 1 0 0 
vn 1 0 0 
vn 0 1 0 
vn 0 1 0 
vn 0 1 0 
vn 0 1 0 
vn 0 0 1 
vn 0 0 1 
vn 0 0 1 
vn 0 0 1 
vn -1 0 0 
vn -1 0 0 
vn -1 0 0 
vn -1 0 0 
vn 0 -1 0 
vn 0 -1 0 
vn 0 -1 0 
vn 0 -1 0 
vn 0 0 -1 
vn 0 0 -1 
vn 0 0 -1 
vn 0 0 -1 

vt 0.625 -3 
vt 0 -3 
vt 0.625 -3.025 
vt 0 -3.025 
vt 0.5 -3 
vt 0 -3 
vt 0.5 -3.625 
vt 0 -3.625 
vt 0.5 -3 
vt 0 -3 
vt 0.5 -3.025 
vt 0 -3.025 
vt 0.625 -3 
vt 0 -3 
vt 0.625 -3.025 
vt 0 -3.025 
vt 0.5 -3 
vt 0 -3 
vt 0.5 -3.625 
vt 0 -3.625 
vt 0.5 -3 
vt 0 -3 
vt 0.5 -3.025 
vt 0 -3.025 

usemtl Height171Mtl

f 9533/9533/9533 9534/9534/9534 9535/9535/9535 
f 9535/9535/9535 9534/9534/9534 9536/9536/9536 
f 9537/9537/9537 9538/9538/9538 9539/9539/9539 
f 9539/9539/9539 9538/9538/9538 9540/9540/9540 
f 9541/9541/9541 9542/9542/9542 9543/9543/9543 
f 9543/9543/9543 9542/9542/9542 9544/9544/9544 
f 9545/9545/9545 9546/9546/9546 9547/9547/9547 
f 9547/9547/9547 9546/9546/9546 9548/9548/9548 
f 9549/9549/9549 9550/9550/9550 9551/9551/9551 
f 9551/9551/9551 9550/9550/9550 9552/9552/9552 
f 9553/9553/9553 9554/9554/9554 9555/9555/9555 
f 9555/9555/9555 9554/9554/9554 9556/9556/9556 

g Height129

v 84.4208 6.65486 34.2189 
v 84.4208 6.65486 39.2189 
v 84.4208 3.65486 34.2189 
v 84.4208 3.65486 39.2189 
v 84.2208 6.65486 39.2189 
v 84.4208 6.65486 39.2189 
v 84.2208 6.65486 34.2189 
v 84.4208 6.65486 34.2189 
v 84.4208 6.65486 39.2189 
v 84.2208 6.65486 39.2189 
v 84.4208 3.65486 39.2189 
v 84.2208 3.65486 39.2189 
v 84.2208 6.65486 39.2189 
v 84.2208 6.65486 34.2189 
v 84.2208 3.65486 39.2189 
v 84.2208 3.65486 34.2189 
v 84.2208 3.65486 34.2189 
v 84.4208 3.65486 34.2189 
v 84.2208 3.65486 39.2189 
v 84.4208 3.65486 39.2189 
v 84.2208 6.65486 34.2189 
v 84.4208 6.65486 34.2189 
v 84.2208 3.65486 34.2189 
v 84.4208 3.65486 34.2189 

vn 1 0 0 
vn 1 0 0 
vn 1 0 0 
vn 1 0 0 
vn 0 1 0 
vn 0 1 0 
vn 0 1 0 
vn 0 1 0 
vn 0 0 1 
vn 0 0 1 
vn 0 0 1 
vn 0 0 1 
vn -1 0 0 
vn -1 0 0 
vn -1 0 0 
vn -1 0 0 
vn 0 -1 0 
vn 0 -1 0 
vn 0 -1 0 
vn 0 -1 0 
vn 0 0 -1 
vn 0 0 -1 
vn 0 0 -1 
vn 0 0 -1 

vt 3.375 -3.5 
vt 2.75 -3.5 
vt 3.375 -3.875 
vt 2.75 -3.875 
vt 2.775 -3.5 
vt 2.75 -3.5 
vt 2.775 -4.125 
vt 2.75 -4.125 
vt 2.775 -3.5 
vt 2.75 -3.5 
vt 2.775 -3.875 
vt 2.75 -3.875 
vt 3.375 -3.5 
vt 2.75 -3.5 
vt 3.375 -3.875 
vt 2.75 -3.875 
vt 2.775 -3.5 
vt 2.75 -3.5 
vt 2.775 -4.125 
vt 2.75 -4.125 
vt 2.775 -3.5 
vt 2.75 -3.5 
vt 2.775 -3.875 
vt 2.75 -3.875 

usemtl Height171Mtl

f 9557/9557/9557 9558/9558/9558 9559/9559/9559 
f 9559/9559/9559 9558/9558/9558 9560/9560/9560 
f 9561/9561/9561 9562/9562/9562 9563/9563/9563 
f 9563/9563/9563 9562/9562/9562 9564/9564/9564 
f 9565/9565/9565 9566/9566/9566 9567/9567/9567 
f 9567/9567/9567 9566/9566/9566 9568/9568/9568 
f 9569/9569/9569 9570/9570/9570 9571/9571/9571 
f 9571/9571/9571 9570/9570/9570 9572/9572/9572 
f 9573/9573/9573 9574/9574/9574 9575/9575/9575 
f 9575/9575/9575 9574/9574/9574 9576/9576/9576 
f 9577/9577/9577 9578/9578/9578 9579/9579/9579 
f 9579/9579/9579 9578/9578/9578 9580/9580/9580 

g Height130

v 80.4208 6.65486 39.2189 
v 80.4208 6.65486 34.2189 
v 80.4208 3.65486 39.2189 
v 80.4208 3.65486 34.2189 
v 80.6208 6.65486 34.2189 
v 80.4208 6.65486 34.2189 
v 80.6208 6.65486 39.2189 
v 80.4208 6.65486 39.2189 
v 80.4208 6.65486 34.2189 
v 80.6208 6.65486 34.2189 
v 80.4208 3.65486 34.2189 
v 80.6208 3.65486 34.2189 
v 80.6208 6.65486 34.2189 
v 80.6208 6.65486 39.2189 
v 80.6208 3.65486 34.2189 
v 80.6208 3.65486 39.2189 
v 80.6208 3.65486 39.2189 
v 80.4208 3.65486 39.2189 
v 80.6208 3.65486 34.2189 
v 80.4208 3.65486 34.2189 
v 80.6208 6.65486 39.2189 
v 80.4208 6.65486 39.2189 
v 80.6208 3.65486 39.2189 
v 80.4208 3.65486 39.2189 

vn -1 0 0 
vn -1 0 0 
vn -1 0 0 
vn -1 0 0 
vn 0 1 0 
vn 0 1 0 
vn 0 1 0 
vn 0 1 0 
vn 0 0 -1 
vn 0 0 -1 
vn 0 0 -1 
vn 0 0 -1 
vn 1 0 0 
vn 1 0 0 
vn 1 0 0 
vn 1 0 0 
vn 0 -1 0 
vn 0 -1 0 
vn 0 -1 0 
vn 0 -1 0 
vn 0 0 1 
vn 0 0 1 
vn 0 0 1 
vn 0 0 1 

vt 6.375 -0.5 
vt 5.75 -0.5 
vt 6.375 -0.875 
vt 5.75 -0.875 
vt 5.775 -0.5 
vt 5.75 -0.5 
vt 5.775 -1.125 
vt 5.75 -1.125 
vt 5.775 -0.5 
vt 5.75 -0.5 
vt 5.775 -0.875 
vt 5.75 -0.875 
vt 6.375 -0.5 
vt 5.75 -0.5 
vt 6.375 -0.875 
vt 5.75 -0.875 
vt 5.775 -0.5 
vt 5.75 -0.5 
vt 5.775 -1.125 
vt 5.75 -1.125 
vt 5.775 -0.5 
vt 5.75 -0.5 
vt 5.775 -0.875 
vt 5.75 -0.875 

usemtl Height171Mtl

f 9581/9581/9581 9582/9582/9582 9583/9583/9583 
f 9583/9583/9583 9582/9582/9582 9584/9584/9584 
f 9585/9585/9585 9586/9586/9586 9587/9587/9587 
f 9587/9587/9587 9586/9586/9586 9588/9588/9588 
f 9589/9589/9589 9590/9590/9590 9591/9591/9591 
f 9591/9591/9591 9590/9590/9590 9592/9592/9592 
f 9593/9593/9593 9594/9594/9594 9595/9595/9595 
f 9595/9595/9595 9594/9594/9594 9596/9596/9596 
f 9597/9597/9597 9598/9598/9598 9599/9599/9599 
f 9599/9599/9599 9598/9598/9598 9600/9600/9600 
f 9601/9601/9601 9602/9602/9602 9603/9603/9603 
f 9603/9603/9603 9602/9602/9602 9604/9604/9604 

g Height131

v 80.4208 3.455 34.019 
v 84.4208 3.455 34.019 
v 80.4208 0.454998 34.019 
v 84.4208 0.454998 34.019 
v 84.4208 3.455 34.219 
v 84.4208 3.455 34.019 
v 80.4208 3.455 34.219 
v 80.4208 3.455 34.019 
v 84.4208 3.455 34.019 
v 84.4208 3.455 34.219 
v 84.4208 0.454998 34.019 
v 84.4208 0.454998 34.219 
v 84.4208 3.455 34.219 
v 80.4208 3.455 34.219 
v 84.4208 0.454998 34.219 
v 80.4208 0.454998 34.219 
v 80.4208 0.454998 34.219 
v 80.4208 0.454998 34.019 
v 84.4208 0.454998 34.219 
v 84.4208 0.454998 34.019 
v 80.4208 3.455 34.219 
v 80.4208 3.455 34.019 
v 80.4208 0.454998 34.219 
v 80.4208 0.454998 34.019 

vn 0 0 -1 
vn 0 0 -1 
vn 0 0 -1 
vn 0 0 -1 
vn 0 1 0 
vn 0 1 0 
vn 0 1 0 
vn 0 1 0 
vn 1 0 0 
vn 1 0 0 
vn 1 0 0 
vn 1 0 0 
vn 0 0 1 
vn 0 0 1 
vn 0 0 1 
vn 0 0 1 
vn 0 -1 0 
vn 0 -1 0 
vn 0 -1 0 
vn 0 -1 0 
vn -1 0 0 
vn -1 0 0 
vn -1 0 0 
vn -1 0 0 

vt 3.5 -0.5 
vt 3 -0.5 
vt 3.5 -0.875 
vt 3 -0.875 
vt 3.025 -0.5 
vt 3 -0.5 
vt 3.025 -1 
vt 3 -1 
vt 3.025 -0.5 
vt 3 -0.5 
vt 3.025 -0.875 
vt 3 -0.875 
vt 3.5 -0.5 
vt 3 -0.5 
vt 3.5 -0.875 
vt 3 -0.875 
vt 3.025 -0.5 
vt 3 -0.5 
vt 3.025 -1 
vt 3 -1 
vt 3.025 -0.5 
vt 3 -0.5 
vt 3.025 -0.875 
vt 3 -0.875 

usemtl Height171Mtl

f 9605/9605/9605 9606/9606/9606 9607/9607/9607 
f 9607/9607/9607 9606/9606/9606 9608/9608/9608 
f 9609/9609/9609 9610/9610/9610 9611/9611/9611 
f 9611/9611/9611 9610/9610/9610 9612/9612/9612 
f 9613/9613/9613 9614/9614/9614 9615/9615/9615 
f 9615/9615/9615 9614/9614/9614 9616/9616/9616 
f 9617/9617/9617 9618/9618/9618 9619/9619/9619 
f 9619/9619/9619 9618/9618/9618 9620/9620/9620 
f 9621/9621/9621 9622/9622/9622 9623/9623/9623 
f 9623/9623/9623 9622/9622/9622 9624/9624/9624 
f 9625/9625/9625 9626/9626/9626 9627/9627/9627 
f 9627/9627/9627 9626/9626/9626 9628/9628/9628 

g Height132

v 84.4208 3.65486 34.2189 
v 84.4208 3.65486 39.2189 
v 84.4208 3.45486 34.2189 
v 84.4208 3.45486 39.2189 
v 80.4208 3.65486 39.2189 
v 84.4208 3.65486 39.2189 
v 80.4208 3.65486 34.2189 
v 84.4208 3.65486 34.2189 
v 84.4208 3.65486 39.2189 
v 80.4208 3.65486 39.2189 
v 84.4208 3.45486 39.2189 
v 80.4208 3.45486 39.2189 
v 80.4208 3.65486 39.2189 
v 80.4208 3.65486 34.2189 
v 80.4208 3.45486 39.2189 
v 80.4208 3.45486 34.2189 
v 80.4208 3.45486 34.2189 
v 84.4208 3.45486 34.2189 
v 80.4208 3.45486 39.2189 
v 84.4208 3.45486 39.2189 
v 80.4208 3.65486 34.2189 
v 84.4208 3.65486 34.2189 
v 80.4208 3.45486 34.2189 
v 84.4208 3.45486 34.2189 

vn 1 0 0 
vn 1 0 0 
vn 1 0 0 
vn 1 0 0 
vn 0 1 0 
vn 0 1 0 
vn 0 1 0 
vn 0 1 0 
vn 0 0 1 
vn 0 0 1 
vn 0 0 1 
vn 0 0 1 
vn -1 0 0 
vn -1 0 0 
vn -1 0 0 
vn -1 0 0 
vn 0 -1 0 
vn 0 -1 0 
vn 0 -1 0 
vn 0 -1 0 
vn 0 0 -1 
vn 0 0 -1 
vn 0 0 -1 
vn 0 0 -1 

vt 7.625 -6.75 
vt 7 -6.75 
vt 7.625 -6.775 
vt 7 -6.775 
vt 7.5 -6.75 
vt 7 -6.75 
vt 7.5 -7.375 
vt 7 -7.375 
vt 7.5 -6.75 
vt 7 -6.75 
vt 7.5 -6.775 
vt 7 -6.775 
vt 7.625 -6.75 
vt 7 -6.75 
vt 7.625 -6.775 
vt 7 -6.775 
vt 7.5 -6.75 
vt 7 -6.75 
vt 7.5 -7.375 
vt 7 -7.375 
vt 7.5 -6.75 
vt 7 -6.75 
vt 7.5 -6.775 
vt 7 -6.775 

usemtl Height171Mtl

f 9629/9629/9629 9630/9630/9630 9631/9631/9631 
f 9631/9631/9631 9630/9630/9630 9632/9632/9632 
f 9633/9633/9633 9634/9634/9634 9635/9635/9635 
f 9635/9635/9635 9634/9634/9634 9636/9636/9636 
f 9637/9637/9637 9638/9638/9638 9639/9639/9639 
f 9639/9639/9639 9638/9638/9638 9640/9640/9640 
f 9641/9641/9641 9642/9642/9642 9643/9643/9643 
f 9643/9643/9643 9642/9642/9642 9644/9644/9644 
f 9645/9645/9645 9646/9646/9646 9647/9647/9647 
f 9647/9647/9647 9646/9646/9646 9648/9648/9648 
f 9649/9649/9649 9650/9650/9650 9651/9651/9651 
f 9651/9651/9651 9650/9650/9650 9652/9652/9652 

g Height133

v 84.2208 6.15472 34.3588 
v 80.6208 6.15472 34.3588 
v 84.2208 6.15472 38.9588 
v 80.6208 6.15472 38.9588 
v 80.6208 3.95472 34.3588 
v 80.6208 6.15472 34.3588 
v 84.2208 3.95472 34.3588 
v 84.2208 6.15472 34.3588 
v 80.6208 6.15472 34.3588 
v 80.6208 3.95472 34.3588 
v 80.6208 6.15472 38.9588 
v 80.6208 3.95472 38.9588 
v 80.6208 3.95472 34.3588 
v 84.2208 3.95472 34.3588 
v 80.6208 3.95472 38.9588 
v 84.2208 3.95472 38.9588 
v 84.2208 3.95472 38.9588 
v 84.2208 6.15472 38.9588 
v 80.6208 3.95472 38.9588 
v 80.6208 6.15472 38.9588 
v 84.2208 3.95472 34.3588 
v 84.2208 6.15472 34.3588 
v 84.2208 3.95472 38.9588 
v 84.2208 6.15472 38.9588 

vn 0 1 0 
vn 0 1 0 
vn 0 1 0 
vn 0 1 0 
vn 0 0 -1 
vn 0 0 -1 
vn 0 0 -1 
vn 0 0 -1 
vn -1 0 0 
vn -1 0 0 
vn -1 0 0 
vn -1 0 0 
vn 0 -1 0 
vn 0 -1 0 
vn 0 -1 0 
vn 0 -1 0 
vn 0 0 1 
vn 0 0 1 
vn 0 0 1 
vn 0 0 1 
vn 1 0 0 
vn 1 0 0 
vn 1 0 0 
vn 1 0 0 

vt 6.45 -3.5 
vt 6 -3.5 
vt 6.45 -4.075 
vt 6 -4.075 
vt 6.275 -3.5 
vt 6 -3.5 
vt 6.275 -3.95 
vt 6 -3.95 
vt 6.275 -3.5 
vt 6 -3.5 
vt 6.275 -4.075 
vt 6 -4.075 
vt 6.45 -3.5 
vt 6 -3.5 
vt 6.45 -4.075 
vt 6 -4.075 
vt 6.275 -3.5 
vt 6 -3.5 
vt 6.275 -3.95 
vt 6 -3.95 
vt 6.275 -3.5 
vt 6 -3.5 
vt 6.275 -4.075 
vt 6 -4.075 

usemtl Height24Mtl

f 9653/9653/9653 9654/9654/9654 9655/9655/9655 
f 9655/9655/9655 9654/9654/9654 9656/9656/9656 
f 9657/9657/9657 9658/9658/9658 9659/9659/9659 
f 9659/9659/9659 9658/9658/9658 9660/9660/9660 
f 9661/9661/9661 9662/9662/9662 9663/9663/9663 
f 9663/9663/9663 9662/9662/9662 9664/9664/9664 
f 9665/9665/9665 9666/9666/9666 9667/9667/9667 
f 9667/9667/9667 9666/9666/9666 9668/9668/9668 
f 9669/9669/9669 9670/9670/9670 9671/9671/9671 
f 9671/9671/9671 9670/9670/9670 9672/9672/9672 
f 9673/9673/9673 9674/9674/9674 9675/9675/9675 
f 9675/9675/9675 9674/9674/9674 9676/9676/9676 

g Height134

v 80.4208 6.65486 34.219 
v 84.4208 6.65486 34.219 
v 80.4208 3.65486 34.219 
v 84.4208 3.65486 34.219 
v 84.4208 6.65486 34.419 
v 84.4208 6.65486 34.219 
v 80.4208 6.65486 34.419 
v 80.4208 6.65486 34.219 
v 84.4208 6.65486 34.219 
v 84.4208 6.65486 34.419 
v 84.4208 3.65486 34.219 
v 84.4208 3.65486 34.419 
v 84.4208 6.65486 34.419 
v 80.4208 6.65486 34.419 
v 84.4208 3.65486 34.419 
v 80.4208 3.65486 34.419 
v 80.4208 3.65486 34.419 
v 80.4208 3.65486 34.219 
v 84.4208 3.65486 34.419 
v 84.4208 3.65486 34.219 
v 80.4208 6.65486 34.419 
v 80.4208 6.65486 34.219 
v 80.4208 3.65486 34.419 
v 80.4208 3.65486 34.219 

vn 0 0 -1 
vn 0 0 -1 
vn 0 0 -1 
vn 0 0 -1 
vn 0 1 0 
vn 0 1 0 
vn 0 1 0 
vn 0 1 0 
vn 1 0 0 
vn 1 0 0 
vn 1 0 0 
vn 1 0 0 
vn 0 0 1 
vn 0 0 1 
vn 0 0 1 
vn 0 0 1 
vn 0 -1 0 
vn 0 -1 0 
vn 0 -1 0 
vn 0 -1 0 
vn -1 0 0 
vn -1 0 0 
vn -1 0 0 
vn -1 0 0 

vt 5 -3.5 
vt 4.5 -3.5 
vt 5 -3.875 
vt 4.5 -3.875 
vt 4.525 -3.5 
vt 4.5 -3.5 
vt 4.525 -4 
vt 4.5 -4 
vt 4.525 -3.5 
vt 4.5 -3.5 
vt 4.525 -3.875 
vt 4.5 -3.875 
vt 5 -3.5 
vt 4.5 -3.5 
vt 5 -3.875 
vt 4.5 -3.875 
vt 4.525 -3.5 
vt 4.5 -3.5 
vt 4.525 -4 
vt 4.5 -4 
vt 4.525 -3.5 
vt 4.5 -3.5 
vt 4.525 -3.875 
vt 4.5 -3.875 

usemtl Height171Mtl

f 9677/9677/9677 9678/9678/9678 9679/9679/9679 
f 9679/9679/9679 9678/9678/9678 9680/9680/9680 
f 9681/9681/9681 9682/9682/9682 9683/9683/9683 
f 9683/9683/9683 9682/9682/9682 9684/9684/9684 
f 9685/9685/9685 9686/9686/9686 9687/9687/9687 
f 9687/9687/9687 9686/9686/9686 9688/9688/9688 
f 9689/9689/9689 9690/9690/9690 9691/9691/9691 
f 9691/9691/9691 9690/9690/9690 9692/9692/9692 
f 9693/9693/9693 9694/9694/9694 9695/9695/9695 
f 9695/9695/9695 9694/9694/9694 9696/9696/9696 
f 9697/9697/9697 9698/9698/9698 9699/9699/9699 
f 9699/9699/9699 9698/9698/9698 9700/9700/9700 

g Height135

v 80.4208 6.655 39.019 
v 84.4208 6.655 39.019 
v 80.4208 3.655 39.019 
v 84.4208 3.655 39.019 
v 84.4208 6.655 39.219 
v 84.4208 6.655 39.019 
v 80.4208 6.655 39.219 
v 80.4208 6.655 39.019 
v 84.4208 6.655 39.019 
v 84.4208 6.655 39.219 
v 84.4208 3.655 39.019 
v 84.4208 3.655 39.219 
v 84.4208 6.655 39.219 
v 80.4208 6.655 39.219 
v 84.4208 3.655 39.219 
v 80.4208 3.655 39.219 
v 80.4208 3.655 39.219 
v 80.4208 3.655 39.019 
v 84.4208 3.655 39.219 
v 84.4208 3.655 39.019 
v 80.4208 6.655 39.219 
v 80.4208 6.655 39.019 
v 80.4208 3.655 39.219 
v 80.4208 3.655 39.019 

vn 0 0 -1 
vn 0 0 -1 
vn 0 0 -1 
vn 0 0 -1 
vn 0 1 0 
vn 0 1 0 
vn 0 1 0 
vn 0 1 0 
vn 1 0 0 
vn 1 0 0 
vn 1 0 0 
vn 1 0 0 
vn 0 0 1 
vn 0 0 1 
vn 0 0 1 
vn 0 0 1 
vn 0 -1 0 
vn 0 -1 0 
vn 0 -1 0 
vn 0 -1 0 
vn -1 0 0 
vn -1 0 0 
vn -1 0 0 
vn -1 0 0 

vt 4.25 0.75 
vt 3.75 0.75 
vt 4.25 0.375 
vt 3.75 0.375 
vt 3.775 0.75 
vt 3.75 0.75 
vt 3.775 0.25 
vt 3.75 0.25 
vt 3.775 0.75 
vt 3.75 0.75 
vt 3.775 0.375 
vt 3.75 0.375 
vt 4.25 0.75 
vt 3.75 0.75 
vt 4.25 0.375 
vt 3.75 0.375 
vt 3.775 0.75 
vt 3.75 0.75 
vt 3.775 0.25 
vt 3.75 0.25 
vt 3.775 0.75 
vt 3.75 0.75 
vt 3.775 0.375 
vt 3.75 0.375 

usemtl Height171Mtl

f 9701/9701/9701 9702/9702/9702 9703/9703/9703 
f 9703/9703/9703 9702/9702/9702 9704/9704/9704 
f 9705/9705/9705 9706/9706/9706 9707/9707/9707 
f 9707/9707/9707 9706/9706/9706 9708/9708/9708 
f 9709/9709/9709 9710/9710/9710 9711/9711/9711 
f 9711/9711/9711 9710/9710/9710 9712/9712/9712 
f 9713/9713/9713 9714/9714/9714 9715/9715/9715 
f 9715/9715/9715 9714/9714/9714 9716/9716/9716 
f 9717/9717/9717 9718/9718/9718 9719/9719/9719 
f 9719/9719/9719 9718/9718/9718 9720/9720/9720 
f 9721/9721/9721 9722/9722/9722 9723/9723/9723 
f 9723/9723/9723 9722/9722/9722 9724/9724/9724 

g Height136

v 84.2208 2.955 34.1589 
v 80.6208 2.955 34.1589 
v 84.2208 2.955 38.7589 
v 80.6208 2.955 38.7589 
v 80.6208 0.755003 34.1589 
v 80.6208 2.955 34.1589 
v 84.2208 0.755004 34.1589 
v 84.2208 2.955 34.1589 
v 80.6208 2.955 34.1589 
v 80.6208 0.755003 34.1589 
v 80.6208 2.955 38.7589 
v 80.6208 0.755003 38.7589 
v 80.6208 0.755003 34.1589 
v 84.2208 0.755004 34.1589 
v 80.6208 0.755003 38.7589 
v 84.2208 0.755003 38.7589 
v 84.2208 0.755003 38.7589 
v 84.2208 2.955 38.7589 
v 80.6208 0.755003 38.7589 
v 80.6208 2.955 38.7589 
v 84.2208 0.755004 34.1589 
v 84.2208 2.955 34.1589 
v 84.2208 0.755003 38.7589 
v 84.2208 2.955 38.7589 

vn 0 1 0 
vn 0 1 0 
vn 0 1 0 
vn 0 1 0 
vn 0 0 -1 
vn 0 0 -1 
vn 0 0 -1 
vn 0 0 -1 
vn -1 0 0 
vn -1 0 0 
vn -1 0 0 
vn -1 0 0 
vn 0 -1 0 
vn 0 -1 0 
vn 0 -1 0 
vn 0 -1 0 
vn 0 0 1 
vn 0 0 1 
vn 0 0 1 
vn 0 0 1 
vn 1 0 0 
vn 1 0 0 
vn 1 0 0 
vn 1 0 0 

vt 1.95 -3.5 
vt 1.5 -3.5 
vt 1.95 -4.075 
vt 1.5 -4.075 
vt 1.775 -3.5 
vt 1.5 -3.5 
vt 1.775 -3.95 
vt 1.5 -3.95 
vt 1.775 -3.5 
vt 1.5 -3.5 
vt 1.775 -4.075 
vt 1.5 -4.075 
vt 1.95 -3.5 
vt 1.5 -3.5 
vt 1.95 -4.075 
vt 1.5 -4.075 
vt 1.775 -3.5 
vt 1.5 -3.5 
vt 1.775 -3.95 
vt 1.5 -3.95 
vt 1.775 -3.5 
vt 1.5 -3.5 
vt 1.775 -4.075 
vt 1.5 -4.075 

usemtl Height24Mtl

f 9725/9725/9725 9726/9726/9726 9727/9727/9727 
f 9727/9727/9727 9726/9726/9726 9728/9728/9728 
f 9729/9729/9729 9730/9730/9730 9731/9731/9731 
f 9731/9731/9731 9730/9730/9730 9732/9732/9732 
f 9733/9733/9733 9734/9734/9734 9735/9735/9735 
f 9735/9735/9735 9734/9734/9734 9736/9736/9736 
f 9737/9737/9737 9738/9738/9738 9739/9739/9739 
f 9739/9739/9739 9738/9738/9738 9740/9740/9740 
f 9741/9741/9741 9742/9742/9742 9743/9743/9743 
f 9743/9743/9743 9742/9742/9742 9744/9744/9744 
f 9745/9745/9745 9746/9746/9746 9747/9747/9747 
f 9747/9747/9747 9746/9746/9746 9748/9748/9748 

g Height137

v 80.4208 3.45514 38.8188 
v 84.4208 3.45514 38.8188 
v 80.4208 0.455135 38.8188 
v 84.4208 0.455135 38.8188 
v 84.4208 3.45514 39.0188 
v 84.4208 3.45514 38.8188 
v 80.4208 3.45514 39.0188 
v 80.4208 3.45514 38.8188 
v 84.4208 3.45514 38.8188 
v 84.4208 3.45514 39.0188 
v 84.4208 0.455135 38.8188 
v 84.4208 0.455135 39.0188 
v 84.4208 3.45514 39.0188 
v 80.4208 3.45514 39.0188 
v 84.4208 0.455135 39.0188 
v 80.4208 0.455135 39.0188 
v 80.4208 0.455135 39.0188 
v 80.4208 0.455135 38.8188 
v 84.4208 0.455135 39.0188 
v 84.4208 0.455135 38.8188 
v 80.4208 3.45514 39.0188 
v 80.4208 3.45514 38.8188 
v 80.4208 0.455135 39.0188 
v 80.4208 0.455135 38.8188 

vn 0 0 -1 
vn 0 0 -1 
vn 0 0 -1 
vn 0 0 -1 
vn 0 1 0 
vn 0 1 0 
vn 0 1 0 
vn 0 1 0 
vn 1 0 0 
vn 1 0 0 
vn 1 0 0 
vn 1 0 0 
vn 0 0 1 
vn 0 0 1 
vn 0 0 1 
vn 0 0 1 
vn 0 -1 0 
vn 0 -1 0 
vn 0 -1 0 
vn 0 -1 0 
vn -1 0 0 
vn -1 0 0 
vn -1 0 0 
vn -1 0 0 

vt 3.75 -4.25 
vt 3.25 -4.25 
vt 3.75 -4.625 
vt 3.25 -4.625 
vt 3.275 -4.25 
vt 3.25 -4.25 
vt 3.275 -4.75 
vt 3.25 -4.75 
vt 3.275 -4.25 
vt 3.25 -4.25 
vt 3.275 -4.625 
vt 3.25 -4.625 
vt 3.75 -4.25 
vt 3.25 -4.25 
vt 3.75 -4.625 
vt 3.25 -4.625 
vt 3.275 -4.25 
vt 3.25 -4.25 
vt 3.275 -4.75 
vt 3.25 -4.75 
vt 3.275 -4.25 
vt 3.25 -4.25 
vt 3.275 -4.625 
vt 3.25 -4.625 

usemtl Height171Mtl

f 9749/9749/9749 9750/9750/9750 9751/9751/9751 
f 9751/9751/9751 9750/9750/9750 9752/9752/9752 
f 9753/9753/9753 9754/9754/9754 9755/9755/9755 
f 9755/9755/9755 9754/9754/9754 9756/9756/9756 
f 9757/9757/9757 9758/9758/9758 9759/9759/9759 
f 9759/9759/9759 9758/9758/9758 9760/9760/9760 
f 9761/9761/9761 9762/9762/9762 9763/9763/9763 
f 9763/9763/9763 9762/9762/9762 9764/9764/9764 
f 9765/9765/9765 9766/9766/9766 9767/9767/9767 
f 9767/9767/9767 9766/9766/9766 9768/9768/9768 
f 9769/9769/9769 9770/9770/9770 9771/9771/9771 
f 9771/9771/9771 9770/9770/9770 9772/9772/9772 

g Height138

v 84.4208 6.85519 33.2189 
v 84.4208 6.85519 38.2189 
v 84.4208 6.65519 33.2189 
v 84.4208 6.65519 38.2189 
v 80.4208 6.85519 38.2189 
v 84.4208 6.85519 38.2189 
v 80.4208 6.85519 33.2189 
v 84.4208 6.85519 33.2189 
v 84.4208 6.85519 38.2189 
v 80.4208 6.85519 38.2189 
v 84.4208 6.65519 38.2189 
v 80.4208 6.65519 38.2189 
v 80.4208 6.85519 38.2189 
v 80.4208 6.85519 33.2189 
v 80.4208 6.65519 38.2189 
v 80.4208 6.65519 33.2189 
v 80.4208 6.65519 33.2189 
v 84.4208 6.65519 33.2189 
v 80.4208 6.65519 38.2189 
v 84.4208 6.65519 38.2189 
v 80.4208 6.85519 33.2189 
v 84.4208 6.85519 33.2189 
v 80.4208 6.65519 33.2189 
v 84.4208 6.65519 33.2189 

vn 1 0 0 
vn 1 0 0 
vn 1 0 0 
vn 1 0 0 
vn 0 1 0 
vn 0 1 0 
vn 0 1 0 
vn 0 1 0 
vn 0 0 1 
vn 0 0 1 
vn 0 0 1 
vn 0 0 1 
vn -1 0 0 
vn -1 0 0 
vn -1 0 0 
vn -1 0 0 
vn 0 -1 0 
vn 0 -1 0 
vn 0 -1 0 
vn 0 -1 0 
vn 0 0 -1 
vn 0 0 -1 
vn 0 0 -1 
vn 0 0 -1 

vt 1.875 -0.5 
vt 1.25 -0.5 
vt 1.875 -0.525 
vt 1.25 -0.525 
vt 1.75 -0.5 
vt 1.25 -0.5 
vt 1.75 -1.125 
vt 1.25 -1.125 
vt 1.75 -0.5 
vt 1.25 -0.5 
vt 1.75 -0.525 
vt 1.25 -0.525 
vt 1.875 -0.5 
vt 1.25 -0.5 
vt 1.875 -0.525 
vt 1.25 -0.525 
vt 1.75 -0.5 
vt 1.25 -0.5 
vt 1.75 -1.125 
vt 1.25 -1.125 
vt 1.75 -0.5 
vt 1.25 -0.5 
vt 1.75 -0.525 
vt 1.25 -0.525 

usemtl Height171Mtl

f 9773/9773/9773 9774/9774/9774 9775/9775/9775 
f 9775/9775/9775 9774/9774/9774 9776/9776/9776 
f 9777/9777/9777 9778/9778/9778 9779/9779/9779 
f 9779/9779/9779 9778/9778/9778 9780/9780/9780 
f 9781/9781/9781 9782/9782/9782 9783/9783/9783 
f 9783/9783/9783 9782/9782/9782 9784/9784/9784 
f 9785/9785/9785 9786/9786/9786 9787/9787/9787 
f 9787/9787/9787 9786/9786/9786 9788/9788/9788 
f 9789/9789/9789 9790/9790/9790 9791/9791/9791 
f 9791/9791/9791 9790/9790/9790 9792/9792/9792 
f 9793/9793/9793 9794/9794/9794 9795/9795/9795 
f 9795/9795/9795 9794/9794/9794 9796/9796/9796 

g Height139

v 84.4208 3.455 34.0189 
v 84.4208 3.455 39.0189 
v 84.4208 0.454998 34.0189 
v 84.4208 0.454998 39.0189 
v 84.2208 3.455 39.0189 
v 84.4208 3.455 39.0189 
v 84.2208 3.455 34.0189 
v 84.4208 3.455 34.0189 
v 84.4208 3.455 39.0189 
v 84.2208 3.455 39.0189 
v 84.4208 0.454998 39.0189 
v 84.2208 0.454998 39.0189 
v 84.2208 3.455 39.0189 
v 84.2208 3.455 34.0189 
v 84.2208 0.454998 39.0189 
v 84.2208 0.454998 34.0189 
v 84.2208 0.454998 34.0189 
v 84.4208 0.454998 34.0189 
v 84.2208 0.454998 39.0189 
v 84.4208 0.454998 39.0189 
v 84.2208 3.455 34.0189 
v 84.4208 3.455 34.0189 
v 84.2208 0.454998 34.0189 
v 84.4208 0.454998 34.0189 

vn 1 0 0 
vn 1 0 0 
vn 1 0 0 
vn 1 0 0 
vn 0 1 0 
vn 0 1 0 
vn 0 1 0 
vn 0 1 0 
vn 0 0 1 
vn 0 0 1 
vn 0 0 1 
vn 0 0 1 
vn -1 0 0 
vn -1 0 0 
vn -1 0 0 
vn -1 0 0 
vn 0 -1 0 
vn 0 -1 0 
vn 0 -1 0 
vn 0 -1 0 
vn 0 0 -1 
vn 0 0 -1 
vn 0 0 -1 
vn 0 0 -1 

vt 2.125 -3.5 
vt 1.5 -3.5 
vt 2.125 -3.875 
vt 1.5 -3.875 
vt 1.525 -3.5 
vt 1.5 -3.5 
vt 1.525 -4.125 
vt 1.5 -4.125 
vt 1.525 -3.5 
vt 1.5 -3.5 
vt 1.525 -3.875 
vt 1.5 -3.875 
vt 2.125 -3.5 
vt 1.5 -3.5 
vt 2.125 -3.875 
vt 1.5 -3.875 
vt 1.525 -3.5 
vt 1.5 -3.5 
vt 1.525 -4.125 
vt 1.5 -4.125 
vt 1.525 -3.5 
vt 1.5 -3.5 
vt 1.525 -3.875 
vt 1.5 -3.875 

usemtl Height171Mtl

f 9797/9797/9797 9798/9798/9798 9799/9799/9799 
f 9799/9799/9799 9798/9798/9798 9800/9800/9800 
f 9801/9801/9801 9802/9802/9802 9803/9803/9803 
f 9803/9803/9803 9802/9802/9802 9804/9804/9804 
f 9805/9805/9805 9806/9806/9806 9807/9807/9807 
f 9807/9807/9807 9806/9806/9806 9808/9808/9808 
f 9809/9809/9809 9810/9810/9810 9811/9811/9811 
f 9811/9811/9811 9810/9810/9810 9812/9812/9812 
f 9813/9813/9813 9814/9814/9814 9815/9815/9815 
f 9815/9815/9815 9814/9814/9814 9816/9816/9816 
f 9817/9817/9817 9818/9818/9818 9819/9819/9819 
f 9819/9819/9819 9818/9818/9818 9820/9820/9820 

g Height140

v 80.4208 9.85535 38.2189 
v 80.4208 9.85535 33.2189 
v 80.4208 6.85535 38.2189 
v 80.4208 6.85535 33.2189 
v 80.6208 9.85535 33.2189 
v 80.4208 9.85535 33.2189 
v 80.6208 9.85535 38.2189 
v 80.4208 9.85535 38.2189 
v 80.4208 9.85535 33.2189 
v 80.6208 9.85535 33.2189 
v 80.4208 6.85535 33.2189 
v 80.6208 6.85535 33.2189 
v 80.6208 9.85535 33.2189 
v 80.6208 9.85535 38.2189 
v 80.6208 6.85535 33.2189 
v 80.6208 6.85535 38.2189 
v 80.6208 6.85535 38.2189 
v 80.4208 6.85535 38.2189 
v 80.6208 6.85535 33.2189 
v 80.4208 6.85535 33.2189 
v 80.6208 9.85535 38.2189 
v 80.4208 9.85535 38.2189 
v 80.6208 6.85535 38.2189 
v 80.4208 6.85535 38.2189 

vn -1 0 0 
vn -1 0 0 
vn -1 0 0 
vn -1 0 0 
vn 0 1 0 
vn 0 1 0 
vn 0 1 0 
vn 0 1 0 
vn 0 0 -1 
vn 0 0 -1 
vn 0 0 -1 
vn 0 0 -1 
vn 1 0 0 
vn 1 0 0 
vn 1 0 0 
vn 1 0 0 
vn 0 -1 0 
vn 0 -1 0 
vn 0 -1 0 
vn 0 -1 0 
vn 0 0 1 
vn 0 0 1 
vn 0 0 1 
vn 0 0 1 

vt 6.375 0.5 
vt 5.75 0.5 
vt 6.375 0.125 
vt 5.75 0.125 
vt 5.775 0.5 
vt 5.75 0.5 
vt 5.775 -0.125 
vt 5.75 -0.125 
vt 5.775 0.5 
vt 5.75 0.5 
vt 5.775 0.125 
vt 5.75 0.125 
vt 6.375 0.5 
vt 5.75 0.5 
vt 6.375 0.125 
vt 5.75 0.125 
vt 5.775 0.5 
vt 5.75 0.5 
vt 5.775 -0.125 
vt 5.75 -0.125 
vt 5.775 0.5 
vt 5.75 0.5 
vt 5.775 0.125 
vt 5.75 0.125 

usemtl Height171Mtl

f 9821/9821/9821 9822/9822/9822 9823/9823/9823 
f 9823/9823/9823 9822/9822/9822 9824/9824/9824 
f 9825/9825/9825 9826/9826/9826 9827/9827/9827 
f 9827/9827/9827 9826/9826/9826 9828/9828/9828 
f 9829/9829/9829 9830/9830/9830 9831/9831/9831 
f 9831/9831/9831 9830/9830/9830 9832/9832/9832 
f 9833/9833/9833 9834/9834/9834 9835/9835/9835 
f 9835/9835/9835 9834/9834/9834 9836/9836/9836 
f 9837/9837/9837 9838/9838/9838 9839/9839/9839 
f 9839/9839/9839 9838/9838/9838 9840/9840/9840 
f 9841/9841/9841 9842/9842/9842 9843/9843/9843 
f 9843/9843/9843 9842/9842/9842 9844/9844/9844 

g Height141

v 79.2208 12.455 2.01894 
v 80.4208 12.455 2.01894 
v 79.2208 0.254996 2.01894 
v 80.4208 0.254996 2.01894 
v 80.4208 12.455 39.0189 
v 80.4208 12.455 2.01894 
v 79.2208 12.455 39.0189 
v 79.2208 12.455 2.01894 
v 80.4208 12.455 2.01894 
v 80.4208 12.455 39.0189 
v 80.4208 0.254996 2.01894 
v 80.4208 0.254996 39.0189 
v 80.4208 12.455 39.0189 
v 79.2208 12.455 39.0189 
v 80.4208 0.254996 39.0189 
v 79.2208 0.254996 39.0189 
v 79.2208 0.254996 39.0189 
v 79.2208 0.254996 2.01894 
v 80.4208 0.254996 39.0189 
v 80.4208 0.254996 2.01894 
v 79.2208 12.455 39.0189 
v 79.2208 12.455 2.01894 
v 79.2208 0.254996 39.0189 
v 79.2208 0.254996 2.01894 

vn 0 0 -1 
vn 0 0 -1 
vn 0 0 -1 
vn 0 0 -1 
vn 0 1 0 
vn 0 1 0 
vn 0 1 0 
vn 0 1 0 
vn 1 0 0 
vn 1 0 0 
vn 1 0 0 
vn 1 0 0 
vn 0 0 1 
vn 0 0 1 
vn 0 0 1 
vn 0 0 1 
vn 0 -1 0 
vn 0 -1 0 
vn 0 -1 0 
vn 0 -1 0 
vn -1 0 0 
vn -1 0 0 
vn -1 0 0 
vn -1 0 0 

vt 6.15 -1.25 
vt 6 -1.25 
vt 6.15 -2.775 
vt 6 -2.775 
vt 10.625 -1.25 
vt 6 -1.25 
vt 10.625 -1.4 
vt 6 -1.4 
vt 10.625 -1.25 
vt 6 -1.25 
vt 10.625 -2.775 
vt 6 -2.775 
vt 6.15 -1.25 
vt 6 -1.25 
vt 6.15 -2.775 
vt 6 -2.775 
vt 10.625 -1.25 
vt 6 -1.25 
vt 10.625 -1.4 
vt 6 -1.4 
vt 10.625 -1.25 
vt 6 -1.25 
vt 10.625 -2.775 
vt 6 -2.775 

usemtl Height8Mtl

f 9845/9845/9845 9846/9846/9846 9847/9847/9847 
f 9847/9847/9847 9846/9846/9846 9848/9848/9848 
f 9849/9849/9849 9850/9850/9850 9851/9851/9851 
f 9851/9851/9851 9850/9850/9850 9852/9852/9852 
f 9853/9853/9853 9854/9854/9854 9855/9855/9855 
f 9855/9855/9855 9854/9854/9854 9856/9856/9856 
f 9857/9857/9857 9858/9858/9858 9859/9859/9859 
f 9859/9859/9859 9858/9858/9858 9860/9860/9860 
f 9861/9861/9861 9862/9862/9862 9863/9863/9863 
f 9863/9863/9863 9862/9862/9862 9864/9864/9864 
f 9865/9865/9865 9866/9866/9866 9867/9867/9867 
f 9867/9867/9867 9866/9866/9866 9868/9868/9868 

g Height142

v 79.4208 12.655 2.01894 
v 92.4208 12.655 2.01894 
v 79.4208 12.455 2.01894 
v 92.4208 12.455 2.01894 
v 92.4208 12.655 39.0189 
v 92.4208 12.655 2.01894 
v 79.4208 12.655 39.0189 
v 79.4208 12.655 2.01894 
v 92.4208 12.655 2.01894 
v 92.4208 12.655 39.0189 
v 92.4208 12.455 2.01894 
v 92.4208 12.455 39.0189 
v 92.4208 12.655 39.0189 
v 79.4208 12.655 39.0189 
v 92.4208 12.455 39.0189 
v 79.4208 12.455 39.0189 
v 79.4208 12.455 39.0189 
v 79.4208 12.455 2.01894 
v 92.4208 12.455 39.0189 
v 92.4208 12.455 2.01894 
v 79.4208 12.655 39.0189 
v 79.4208 12.655 2.01894 
v 79.4208 12.455 39.0189 
v 79.4208 12.455 2.01894 

vn 0 0 -1 
vn 0 0 -1 
vn 0 0 -1 
vn 0 0 -1 
vn 0 1 0 
vn 0 1 0 
vn 0 1 0 
vn 0 1 0 
vn 1 0 0 
vn 1 0 0 
vn 1 0 0 
vn 1 0 0 
vn 0 0 1 
vn 0 0 1 
vn 0 0 1 
vn 0 0 1 
vn 0 -1 0 
vn 0 -1 0 
vn 0 -1 0 
vn 0 -1 0 
vn -1 0 0 
vn -1 0 0 
vn -1 0 0 
vn -1 0 0 

vt 8.625 1 
vt 7 1 
vt 8.625 0.975 
vt 7 0.975 
vt 11.625 1 
vt 7 1 
vt 11.625 -0.625 
vt 7 -0.625 
vt 11.625 1 
vt 7 1 
vt 11.625 0.975 
vt 7 0.975 
vt 8.625 1 
vt 7 1 
vt 8.625 0.975 
vt 7 0.975 
vt 11.625 1 
vt 7 1 
vt 11.625 -0.625 
vt 7 -0.625 
vt 11.625 1 
vt 7 1 
vt 11.625 0.975 
vt 7 0.975 

usemtl Height8Mtl

f 9869/9869/9869 9870/9870/9870 9871/9871/9871 
f 9871/9871/9871 9870/9870/9870 9872/9872/9872 
f 9873/9873/9873 9874/9874/9874 9875/9875/9875 
f 9875/9875/9875 9874/9874/9874 9876/9876/9876 
f 9877/9877/9877 9878/9878/9878 9879/9879/9879 
f 9879/9879/9879 9878/9878/9878 9880/9880/9880 
f 9881/9881/9881 9882/9882/9882 9883/9883/9883 
f 9883/9883/9883 9882/9882/9882 9884/9884/9884 
f 9885/9885/9885 9886/9886/9886 9887/9887/9887 
f 9887/9887/9887 9886/9886/9886 9888/9888/9888 
f 9889/9889/9889 9890/9890/9890 9891/9891/9891 
f 9891/9891/9891 9890/9890/9890 9892/9892/9892 

g Height143

v 86.4208 3.455 15.0189 
v 90.4208 3.455 15.0189 
v 86.4208 0.454998 15.0189 
v 90.4208 0.454998 15.0189 
v 90.4208 3.455 15.2189 
v 90.4208 3.455 15.0189 
v 86.4208 3.455 15.2189 
v 86.4208 3.455 15.0189 
v 90.4208 3.455 15.0189 
v 90.4208 3.455 15.2189 
v 90.4208 0.454998 15.0189 
v 90.4208 0.454998 15.2189 
v 90.4208 3.455 15.2189 
v 86.4208 3.455 15.2189 
v 90.4208 0.454998 15.2189 
v 86.4208 0.454998 15.2189 
v 86.4208 0.454998 15.2189 
v 86.4208 0.454998 15.0189 
v 90.4208 0.454998 15.2189 
v 90.4208 0.454998 15.0189 
v 86.4208 3.455 15.2189 
v 86.4208 3.455 15.0189 
v 86.4208 0.454998 15.2189 
v 86.4208 0.454998 15.0189 

vn 0 0 -1 
vn 0 0 -1 
vn 0 0 -1 
vn 0 0 -1 
vn 0 1 0 
vn 0 1 0 
vn 0 1 0 
vn 0 1 0 
vn 1 0 0 
vn 1 0 0 
vn 1 0 0 
vn 1 0 0 
vn 0 0 1 
vn 0 0 1 
vn 0 0 1 
vn 0 0 1 
vn 0 -1 0 
vn 0 -1 0 
vn 0 -1 0 
vn 0 -1 0 
vn -1 0 0 
vn -1 0 0 
vn -1 0 0 
vn -1 0 0 

vt 1.25 -0.75 
vt 0.75 -0.75 
vt 1.25 -1.125 
vt 0.75 -1.125 
vt 0.775 -0.75 
vt 0.75 -0.75 
vt 0.775 -1.25 
vt 0.75 -1.25 
vt 0.775 -0.75 
vt 0.75 -0.75 
vt 0.775 -1.125 
vt 0.75 -1.125 
vt 1.25 -0.75 
vt 0.75 -0.75 
vt 1.25 -1.125 
vt 0.75 -1.125 
vt 0.775 -0.75 
vt 0.75 -0.75 
vt 0.775 -1.25 
vt 0.75 -1.25 
vt 0.775 -0.75 
vt 0.75 -0.75 
vt 0.775 -1.125 
vt 0.75 -1.125 

usemtl Height171Mtl

f 9893/9893/9893 9894/9894/9894 9895/9895/9895 
f 9895/9895/9895 9894/9894/9894 9896/9896/9896 
f 9897/9897/9897 9898/9898/9898 9899/9899/9899 
f 9899/9899/9899 9898/9898/9898 9900/9900/9900 
f 9901/9901/9901 9902/9902/9902 9903/9903/9903 
f 9903/9903/9903 9902/9902/9902 9904/9904/9904 
f 9905/9905/9905 9906/9906/9906 9907/9907/9907 
f 9907/9907/9907 9906/9906/9906 9908/9908/9908 
f 9909/9909/9909 9910/9910/9910 9911/9911/9911 
f 9911/9911/9911 9910/9910/9910 9912/9912/9912 
f 9913/9913/9913 9914/9914/9914 9915/9915/9915 
f 9915/9915/9915 9914/9914/9914 9916/9916/9916 

g Height144

v 91.2208 12.455 2.01894 
v 92.4208 12.455 2.01894 
v 91.2208 0.254996 2.01894 
v 92.4208 0.254996 2.01894 
v 92.4208 12.455 39.0189 
v 92.4208 12.455 2.01894 
v 91.2208 12.455 39.0189 
v 91.2208 12.455 2.01894 
v 92.4208 12.455 2.01894 
v 92.4208 12.455 39.0189 
v 92.4208 0.254996 2.01894 
v 92.4208 0.254996 39.0189 
v 92.4208 12.455 39.0189 
v 91.2208 12.455 39.0189 
v 92.4208 0.254996 39.0189 
v 91.2208 0.254996 39.0189 
v 91.2208 0.254996 39.0189 
v 91.2208 0.254996 2.01894 
v 92.4208 0.254996 39.0189 
v 92.4208 0.254996 2.01894 
v 91.2208 12.455 39.0189 
v 91.2208 12.455 2.01894 
v 91.2208 0.254996 39.0189 
v 91.2208 0.254996 2.01894 

vn 0 0 -1 
vn 0 0 -1 
vn 0 0 -1 
vn 0 0 -1 
vn 0 1 0 
vn 0 1 0 
vn 0 1 0 
vn 0 1 0 
vn 1 0 0 
vn 1 0 0 
vn 1 0 0 
vn 1 0 0 
vn 0 0 1 
vn 0 0 1 
vn 0 0 1 
vn 0 0 1 
vn 0 -1 0 
vn 0 -1 0 
vn 0 -1 0 
vn 0 -1 0 
vn -1 0 0 
vn -1 0 0 
vn -1 0 0 
vn -1 0 0 

vt 1.4 -3.75 
vt 1.25 -3.75 
vt 1.4 -5.275 
vt 1.25 -5.275 
vt 5.875 -3.75 
vt 1.25 -3.75 
vt 5.875 -3.9 
vt 1.25 -3.9 
vt 5.875 -3.75 
vt 1.25 -3.75 
vt 5.875 -5.275 
vt 1.25 -5.275 
vt 1.4 -3.75 
vt 1.25 -3.75 
vt 1.4 -5.275 
vt 1.25 -5.275 
vt 5.875 -3.75 
vt 1.25 -3.75 
vt 5.875 -3.9 
vt 1.25 -3.9 
vt 5.875 -3.75 
vt 1.25 -3.75 
vt 5.875 -5.275 
vt 1.25 -5.275 

usemtl Height8Mtl

f 9917/9917/9917 9918/9918/9918 9919/9919/9919 
f 9919/9919/9919 9918/9918/9918 9920/9920/9920 
f 9921/9921/9921 9922/9922/9922 9923/9923/9923 
f 9923/9923/9923 9922/9922/9922 9924/9924/9924 
f 9925/9925/9925 9926/9926/9926 9927/9927/9927 
f 9927/9927/9927 9926/9926/9926 9928/9928/9928 
f 9929/9929/9929 9930/9930/9930 9931/9931/9931 
f 9931/9931/9931 9930/9930/9930 9932/9932/9932 
f 9933/9933/9933 9934/9934/9934 9935/9935/9935 
f 9935/9935/9935 9934/9934/9934 9936/9936/9936 
f 9937/9937/9937 9938/9938/9938 9939/9939/9939 
f 9939/9939/9939 9938/9938/9938 9940/9940/9940 

g Height145

v 90.2208 2.95482 15.1589 
v 86.6208 2.95482 15.1589 
v 90.2208 2.95482 19.7589 
v 86.6208 2.95482 19.7589 
v 86.6208 0.75482 15.1589 
v 86.6208 2.95482 15.1589 
v 90.2208 0.754821 15.1589 
v 90.2208 2.95482 15.1589 
v 86.6208 2.95482 15.1589 
v 86.6208 0.75482 15.1589 
v 86.6208 2.95482 19.7589 
v 86.6208 0.75482 19.7589 
v 86.6208 0.75482 15.1589 
v 90.2208 0.754821 15.1589 
v 86.6208 0.75482 19.7589 
v 90.2208 0.75482 19.7589 
v 90.2208 0.75482 19.7589 
v 90.2208 2.95482 19.7589 
v 86.6208 0.75482 19.7589 
v 86.6208 2.95482 19.7589 
v 90.2208 0.754821 15.1589 
v 90.2208 2.95482 15.1589 
v 90.2208 0.75482 19.7589 
v 90.2208 2.95482 19.7589 

vn 0 1 0 
vn 0 1 0 
vn 0 1 0 
vn 0 1 0 
vn 0 0 -1 
vn 0 0 -1 
vn 0 0 -1 
vn 0 0 -1 
vn -1 0 0 
vn -1 0 0 
vn -1 0 0 
vn -1 0 0 
vn 0 -1 0 
vn 0 -1 0 
vn 0 -1 0 
vn 0 -1 0 
vn 0 0 1 
vn 0 0 1 
vn 0 0 1 
vn 0 0 1 
vn 1 0 0 
vn 1 0 0 
vn 1 0 0 
vn 1 0 0 

vt 6.7 -6.5 
vt 6.25 -6.5 
vt 6.7 -7.075 
vt 6.25 -7.075 
vt 6.525 -6.5 
vt 6.25 -6.5 
vt 6.525 -6.95 
vt 6.25 -6.95 
vt 6.525 -6.5 
vt 6.25 -6.5 
vt 6.525 -7.075 
vt 6.25 -7.075 
vt 6.7 -6.5 
vt 6.25 -6.5 
vt 6.7 -7.075 
vt 6.25 -7.075 
vt 6.525 -6.5 
vt 6.25 -6.5 
vt 6.525 -6.95 
vt 6.25 -6.95 
vt 6.525 -6.5 
vt 6.25 -6.5 
vt 6.525 -7.075 
vt 6.25 -7.075 

usemtl Height24Mtl

f 9941/9941/9941 9942/9942/9942 9943/9943/9943 
f 9943/9943/9943 9942/9942/9942 9944/9944/9944 
f 9945/9945/9945 9946/9946/9946 9947/9947/9947 
f 9947/9947/9947 9946/9946/9946 9948/9948/9948 
f 9949/9949/9949 9950/9950/9950 9951/9951/9951 
f 9951/9951/9951 9950/9950/9950 9952/9952/9952 
f 9953/9953/9953 9954/9954/9954 9955/9955/9955 
f 9955/9955/9955 9954/9954/9954 9956/9956/9956 
f 9957/9957/9957 9958/9958/9958 9959/9959/9959 
f 9959/9959/9959 9958/9958/9958 9960/9960/9960 
f 9961/9961/9961 9962/9962/9962 9963/9963/9963 
f 9963/9963/9963 9962/9962/9962 9964/9964/9964 

g Height146

v 86.4208 3.455 20.0189 
v 86.4208 3.455 15.0189 
v 86.4208 0.454998 20.0189 
v 86.4208 0.454998 15.0189 
v 86.6208 3.455 15.0189 
v 86.4208 3.455 15.0189 
v 86.6208 3.455 20.0189 
v 86.4208 3.455 20.0189 
v 86.4208 3.455 15.0189 
v 86.6208 3.455 15.0189 
v 86.4208 0.454998 15.0189 
v 86.6208 0.454998 15.0189 
v 86.6208 3.455 15.0189 
v 86.6208 3.455 20.0189 
v 86.6208 0.454998 15.0189 
v 86.6208 0.454998 20.0189 
v 86.6208 0.454998 20.0189 
v 86.4208 0.454998 20.0189 
v 86.6208 0.454998 15.0189 
v 86.4208 0.454998 15.0189 
v 86.6208 3.455 20.0189 
v 86.4208 3.455 20.0189 
v 86.6208 0.454998 20.0189 
v 86.4208 0.454998 20.0189 

vn -1 0 0 
vn -1 0 0 
vn -1 0 0 
vn -1 0 0 
vn 0 1 0 
vn 0 1 0 
vn 0 1 0 
vn 0 1 0 
vn 0 0 -1 
vn 0 0 -1 
vn 0 0 -1 
vn 0 0 -1 
vn 1 0 0 
vn 1 0 0 
vn 1 0 0 
vn 1 0 0 
vn 0 -1 0 
vn 0 -1 0 
vn 0 -1 0 
vn 0 -1 0 
vn 0 0 1 
vn 0 0 1 
vn 0 0 1 
vn 0 0 1 

vt 8.375 -4.25 
vt 7.75 -4.25 
vt 8.375 -4.625 
vt 7.75 -4.625 
vt 7.775 -4.25 
vt 7.75 -4.25 
vt 7.775 -4.875 
vt 7.75 -4.875 
vt 7.775 -4.25 
vt 7.75 -4.25 
vt 7.775 -4.625 
vt 7.75 -4.625 
vt 8.375 -4.25 
vt 7.75 -4.25 
vt 8.375 -4.625 
vt 7.75 -4.625 
vt 7.775 -4.25 
vt 7.75 -4.25 
vt 7.775 -4.875 
vt 7.75 -4.875 
vt 7.775 -4.25 
vt 7.75 -4.25 
vt 7.775 -4.625 
vt 7.75 -4.625 

usemtl Height171Mtl

f 9965/9965/9965 9966/9966/9966 9967/9967/9967 
f 9967/9967/9967 9966/9966/9966 9968/9968/9968 
f 9969/9969/9969 9970/9970/9970 9971/9971/9971 
f 9971/9971/9971 9970/9970/9970 9972/9972/9972 
f 9973/9973/9973 9974/9974/9974 9975/9975/9975 
f 9975/9975/9975 9974/9974/9974 9976/9976/9976 
f 9977/9977/9977 9978/9978/9978 9979/9979/9979 
f 9979/9979/9979 9978/9978/9978 9980/9980/9980 
f 9981/9981/9981 9982/9982/9982 9983/9983/9983 
f 9983/9983/9983 9982/9982/9982 9984/9984/9984 
f 9985/9985/9985 9986/9986/9986 9987/9987/9987 
f 9987/9987/9987 9986/9986/9986 9988/9988/9988 

g Height147

v 90.4208 0.454996 15.0189 
v 90.4208 0.454996 20.0189 
v 90.4208 0.254996 15.0189 
v 90.4208 0.254996 20.0189 
v 86.4208 0.454996 20.0189 
v 90.4208 0.454996 20.0189 
v 86.4208 0.454996 15.0189 
v 90.4208 0.454996 15.0189 
v 90.4208 0.454996 20.0189 
v 86.4208 0.454996 20.0189 
v 90.4208 0.254996 20.0189 
v 86.4208 0.254996 20.0189 
v 86.4208 0.454996 20.0189 
v 86.4208 0.454996 15.0189 
v 86.4208 0.254996 20.0189 
v 86.4208 0.254996 15.0189 
v 86.4208 0.254996 15.0189 
v 90.4208 0.254996 15.0189 
v 86.4208 0.254996 20.0189 
v 90.4208 0.254996 20.0189 
v 86.4208 0.454996 15.0189 
v 90.4208 0.454996 15.0189 
v 86.4208 0.254996 15.0189 
v 90.4208 0.254996 15.0189 

vn 1 0 0 
vn 1 0 0 
vn 1 0 0 
vn 1 0 0 
vn 0 1 0 
vn 0 1 0 
vn 0 1 0 
vn 0 1 0 
vn 0 0 1 
vn 0 0 1 
vn 0 0 1 
vn 0 0 1 
vn -1 0 0 
vn -1 0 0 
vn -1 0 0 
vn -1 0 0 
vn 0 -1 0 
vn 0 -1 0 
vn 0 -1 0 
vn 0 -1 0 
vn 0 0 -1 
vn 0 0 -1 
vn 0 0 -1 
vn 0 0 -1 

vt 7.375 -3 
vt 6.75 -3 
vt 7.375 -3.025 
vt 6.75 -3.025 
vt 7.25 -3 
vt 6.75 -3 
vt 7.25 -3.625 
vt 6.75 -3.625 
vt 7.25 -3 
vt 6.75 -3 
vt 7.25 -3.025 
vt 6.75 -3.025 
vt 7.375 -3 
vt 6.75 -3 
vt 7.375 -3.025 
vt 6.75 -3.025 
vt 7.25 -3 
vt 6.75 -3 
vt 7.25 -3.625 
vt 6.75 -3.625 
vt 7.25 -3 
vt 6.75 -3 
vt 7.25 -3.025 
vt 6.75 -3.025 

usemtl Height171Mtl

f 9989/9989/9989 9990/9990/9990 9991/9991/9991 
f 9991/9991/9991 9990/9990/9990 9992/9992/9992 
f 9993/9993/9993 9994/9994/9994 9995/9995/9995 
f 9995/9995/9995 9994/9994/9994 9996/9996/9996 
f 9997/9997/9997 9998/9998/9998 9999/9999/9999 
f 9999/9999/9999 9998/9998/9998 10000/10000/10000 
f 10001/10001/10001 10002/10002/10002 10003/10003/10003 
f 10003/10003/10003 10002/10002/10002 10004/10004/10004 
f 10005/10005/10005 10006/10006/10006 10007/10007/10007 
f 10007/10007/10007 10006/10006/10006 10008/10008/10008 
f 10009/10009/10009 10010/10010/10010 10011/10011/10011 
f 10011/10011/10011 10010/10010/10010 10012/10012/10012 

g Height148

v 79.4208 0.254999 2.01894 
v 92.4208 0.254999 2.01894 
v 79.4208 0.0549988 2.01894 
v 92.4208 0.0549988 2.01894 
v 92.4208 0.254999 39.0189 
v 92.4208 0.254999 2.01894 
v 79.4208 0.254999 39.0189 
v 79.4208 0.254999 2.01894 
v 92.4208 0.254999 2.01894 
v 92.4208 0.254999 39.0189 
v 92.4208 0.0549988 2.01894 
v 92.4208 0.0549988 39.0189 
v 92.4208 0.254999 39.0189 
v 79.4208 0.254999 39.0189 
v 92.4208 0.0549988 39.0189 
v 79.4208 0.0549988 39.0189 
v 79.4208 0.0549988 39.0189 
v 79.4208 0.0549988 2.01894 
v 92.4208 0.0549988 39.0189 
v 92.4208 0.0549988 2.01894 
v 79.4208 0.254999 39.0189 
v 79.4208 0.254999 2.01894 
v 79.4208 0.0549988 39.0189 
v 79.4208 0.0549988 2.01894 

vn 0 0 -1 
vn 0 0 -1 
vn 0 0 -1 
vn 0 0 -1 
vn 0 1 0 
vn 0 1 0 
vn 0 1 0 
vn 0 1 0 
vn 1 0 0 
vn 1 0 0 
vn 1 0 0 
vn 1 0 0 
vn 0 0 1 
vn 0 0 1 
vn 0 0 1 
vn 0 0 1 
vn 0 -1 0 
vn 0 -1 0 
vn 0 -1 0 
vn 0 -1 0 
vn -1 0 0 
vn -1 0 0 
vn -1 0 0 
vn -1 0 0 

vt 6.875 -4.5 
vt 5.25 -4.5 
vt 6.875 -4.525 
vt 5.25 -4.525 
vt 9.875 -4.5 
vt 5.25 -4.5 
vt 9.875 -6.125 
vt 5.25 -6.125 
vt 9.875 -4.5 
vt 5.25 -4.5 
vt 9.875 -4.525 
vt 5.25 -4.525 
vt 6.875 -4.5 
vt 5.25 -4.5 
vt 6.875 -4.525 
vt 5.25 -4.525 
vt 9.875 -4.5 
vt 5.25 -4.5 
vt 9.875 -6.125 
vt 5.25 -6.125 
vt 9.875 -4.5 
vt 5.25 -4.5 
vt 9.875 -4.525 
vt 5.25 -4.525 

usemtl Height8Mtl

f 10013/10013/10013 10014/10014/10014 10015/10015/10015 
f 10015/10015/10015 10014/10014/10014 10016/10016/10016 
f 10017/10017/10017 10018/10018/10018 10019/10019/10019 
f 10019/10019/10019 10018/10018/10018 10020/10020/10020 
f 10021/10021/10021 10022/10022/10022 10023/10023/10023 
f 10023/10023/10023 10022/10022/10022 10024/10024/10024 
f 10025/10025/10025 10026/10026/10026 10027/10027/10027 
f 10027/10027/10027 10026/10026/10026 10028/10028/10028 
f 10029/10029/10029 10030/10030/10030 10031/10031/10031 
f 10031/10031/10031 10030/10030/10030 10032/10032/10032 
f 10033/10033/10033 10034/10034/10034 10035/10035/10035 
f 10035/10035/10035 10034/10034/10034 10036/10036/10036 

g Height149

v 86.4208 3.45496 19.8188 
v 90.4208 3.45496 19.8188 
v 86.4208 0.454964 19.8188 
v 90.4208 0.454964 19.8188 
v 90.4208 3.45496 20.0188 
v 90.4208 3.45496 19.8188 
v 86.4208 3.45496 20.0188 
v 86.4208 3.45496 19.8188 
v 90.4208 3.45496 19.8188 
v 90.4208 3.45496 20.0188 
v 90.4208 0.454964 19.8188 
v 90.4208 0.454964 20.0188 
v 90.4208 3.45496 20.0188 
v 86.4208 3.45496 20.0188 
v 90.4208 0.454964 20.0188 
v 86.4208 0.454964 20.0188 
v 86.4208 0.454964 20.0188 
v 86.4208 0.454964 19.8188 
v 90.4208 0.454964 20.0188 
v 90.4208 0.454964 19.8188 
v 86.4208 3.45496 20.0188 
v 86.4208 3.45496 19.8188 
v 86.4208 0.454964 20.0188 
v 86.4208 0.454964 19.8188 

vn 0 0 -1 
vn 0 0 -1 
vn 0 0 -1 
vn 0 0 -1 
vn 0 1 0 
vn 0 1 0 
vn 0 1 0 
vn 0 1 0 
vn 1 0 0 
vn 1 0 0 
vn 1 0 0 
vn 1 0 0 
vn 0 0 1 
vn 0 0 1 
vn 0 0 1 
vn 0 0 1 
vn 0 -1 0 
vn 0 -1 0 
vn 0 -1 0 
vn 0 -1 0 
vn -1 0 0 
vn -1 0 0 
vn -1 0 0 
vn -1 0 0 

vt 1.25 -2 
vt 0.75 -2 
vt 1.25 -2.375 
vt 0.75 -2.375 
vt 0.775 -2 
vt 0.75 -2 
vt 0.775 -2.5 
vt 0.75 -2.5 
vt 0.775 -2 
vt 0.75 -2 
vt 0.775 -2.375 
vt 0.75 -2.375 
vt 1.25 -2 
vt 0.75 -2 
vt 1.25 -2.375 
vt 0.75 -2.375 
vt 0.775 -2 
vt 0.75 -2 
vt 0.775 -2.5 
vt 0.75 -2.5 
vt 0.775 -2 
vt 0.75 -2 
vt 0.775 -2.375 
vt 0.75 -2.375 

usemtl Height171Mtl

f 10037/10037/10037 10038/10038/10038 10039/10039/10039 
f 10039/10039/10039 10038/10038/10038 10040/10040/10040 
f 10041/10041/10041 10042/10042/10042 10043/10043/10043 
f 10043/10043/10043 10042/10042/10042 10044/10044/10044 
f 10045/10045/10045 10046/10046/10046 10047/10047/10047 
f 10047/10047/10047 10046/10046/10046 10048/10048/10048 
f 10049/10049/10049 10050/10050/10050 10051/10051/10051 
f 10051/10051/10051 10050/10050/10050 10052/10052/10052 
f 10053/10053/10053 10054/10054/10054 10055/10055/10055 
f 10055/10055/10055 10054/10054/10054 10056/10056/10056 
f 10057/10057/10057 10058/10058/10058 10059/10059/10059 
f 10059/10059/10059 10058/10058/10058 10060/10060/10060 

g Height150

v 90.4208 3.455 15.0189 
v 90.4208 3.455 20.0189 
v 90.4208 0.454998 15.0189 
v 90.4208 0.454998 20.0189 
v 90.2208 3.455 20.0189 
v 90.4208 3.455 20.0189 
v 90.2208 3.455 15.0189 
v 90.4208 3.455 15.0189 
v 90.4208 3.455 20.0189 
v 90.2208 3.455 20.0189 
v 90.4208 0.454998 20.0189 
v 90.2208 0.454998 20.0189 
v 90.2208 3.455 20.0189 
v 90.2208 3.455 15.0189 
v 90.2208 0.454998 20.0189 
v 90.2208 0.454998 15.0189 
v 90.2208 0.454998 15.0189 
v 90.4208 0.454998 15.0189 
v 90.2208 0.454998 20.0189 
v 90.4208 0.454998 20.0189 
v 90.2208 3.455 15.0189 
v 90.4208 3.455 15.0189 
v 90.2208 0.454998 15.0189 
v 90.4208 0.454998 15.0189 

vn 1 0 0 
vn 1 0 0 
vn 1 0 0 
vn 1 0 0 
vn 0 1 0 
vn 0 1 0 
vn 0 1 0 
vn 0 1 0 
vn 0 0 1 
vn 0 0 1 
vn 0 0 1 
vn 0 0 1 
vn -1 0 0 
vn -1 0 0 
vn -1 0 0 
vn -1 0 0 
vn 0 -1 0 
vn 0 -1 0 
vn 0 -1 0 
vn 0 -1 0 
vn 0 0 -1 
vn 0 0 -1 
vn 0 0 -1 
vn 0 0 -1 

vt 5.125 0.25 
vt 4.5 0.25 
vt 5.125 -0.125 
vt 4.5 -0.125 
vt 4.525 0.25 
vt 4.5 0.25 
vt 4.525 -0.375 
vt 4.5 -0.375 
vt 4.525 0.25 
vt 4.5 0.25 
vt 4.525 -0.125 
vt 4.5 -0.125 
vt 5.125 0.25 
vt 4.5 0.25 
vt 5.125 -0.125 
vt 4.5 -0.125 
vt 4.525 0.25 
vt 4.5 0.25 
vt 4.525 -0.375 
vt 4.5 -0.375 
vt 4.525 0.25 
vt 4.5 0.25 
vt 4.525 -0.125 
vt 4.5 -0.125 

usemtl Height171Mtl

f 10061/10061/10061 10062/10062/10062 10063/10063/10063 
f 10063/10063/10063 10062/10062/10062 10064/10064/10064 
f 10065/10065/10065 10066/10066/10066 10067/10067/10067 
f 10067/10067/10067 10066/10066/10066 10068/10068/10068 
f 10069/10069/10069 10070/10070/10070 10071/10071/10071 
f 10071/10071/10071 10070/10070/10070 10072/10072/10072 
f 10073/10073/10073 10074/10074/10074 10075/10075/10075 
f 10075/10075/10075 10074/10074/10074 10076/10076/10076 
f 10077/10077/10077 10078/10078/10078 10079/10079/10079 
f 10079/10079/10079 10078/10078/10078 10080/10080/10080 
f 10081/10081/10081 10082/10082/10082 10083/10083/10083 
f 10083/10083/10083 10082/10082/10082 10084/10084/10084 

g Height151

v 44.8149 3.45504 13.5846 
v 41.9865 3.45504 16.413 
v 44.8149 0.455044 13.5846 
v 41.9865 0.455044 16.413 
v 41.8451 3.45504 16.2716 
v 41.9865 3.45504 16.413 
v 44.6735 3.45504 13.4432 
v 44.8149 3.45504 13.5846 
v 41.9865 3.45504 16.413 
v 41.8451 3.45504 16.2716 
v 41.9865 0.455044 16.413 
v 41.8451 0.455044 16.2716 
v 41.8451 3.45504 16.2716 
v 44.6735 3.45504 13.4432 
v 41.8451 0.455044 16.2716 
v 44.6735 0.455044 13.4432 
v 44.6735 0.455044 13.4432 
v 44.8149 0.455044 13.5846 
v 41.8451 0.455044 16.2716 
v 41.9865 0.455044 16.413 
v 44.6735 3.45504 13.4432 
v 44.8149 3.45504 13.5846 
v 44.6735 0.455044 13.4432 
v 44.8149 0.455044 13.5846 

vn 0.708661 0 0.708661 
vn 0.708661 0 0.708661 
vn 0.708661 0 0.708661 
vn 0.708661 0 0.708661 
vn 0 1 0 
vn 0 1 0 
vn 0 1 0 
vn 0 1 0 
vn -0.708661 0 0.708661 
vn -0.708661 0 0.708661 
vn -0.708661 0 0.708661 
vn -0.708661 0 0.708661 
vn -0.708661 0 -0.708661 
vn -0.708661 0 -0.708661 
vn -0.708661 0 -0.708661 
vn -0.708661 0 -0.708661 
vn 0 -1 0 
vn 0 -1 0 
vn 0 -1 0 
vn 0 -1 0 
vn 0.708661 0 -0.708661 
vn 0.708661 0 -0.708661 
vn 0.708661 0 -0.708661 
vn 0.708661 0 -0.708661 

vt 1.25 1 
vt 0.75 1 
vt 1.25 0.625 
vt 0.75 0.625 
vt 0.775 1 
vt 0.75 1 
vt 0.775 0.5 
vt 0.75 0.5 
vt 0.775 1 
vt 0.75 1 
vt 0.775 0.625 
vt 0.75 0.625 
vt 1.25 1 
vt 0.75 1 
vt 1.25 0.625 
vt 0.75 0.625 
vt 0.775 1 
vt 0.75 1 
vt 0.775 0.5 
vt 0.75 0.5 
vt 0.775 1 
vt 0.75 1 
vt 0.775 0.625 
vt 0.75 0.625 

usemtl Height171Mtl

f 10085/10085/10085 10086/10086/10086 10087/10087/10087 
f 10087/10087/10087 10086/10086/10086 10088/10088/10088 
f 10089/10089/10089 10090/10090/10090 10091/10091/10091 
f 10091/10091/10091 10090/10090/10090 10092/10092/10092 
f 10093/10093/10093 10094/10094/10094 10095/10095/10095 
f 10095/10095/10095 10094/10094/10094 10096/10096/10096 
f 10097/10097/10097 10098/10098/10098 10099/10099/10099 
f 10099/10099/10099 10098/10098/10098 10100/10100/10100 
f 10101/10101/10101 10102/10102/10102 10103/10103/10103 
f 10103/10103/10103 10102/10102/10102 10104/10104/10104 
f 10105/10105/10105 10106/10106/10106 10107/10107/10107 
f 10107/10107/10107 10106/10106/10106 10108/10108/10108 

g Height152

v 86.4208 3.455 7.01894 
v 86.4208 3.455 2.01894 
v 86.4208 0.254996 7.01894 
v 86.4208 0.254996 2.01894 
v 90.4208 3.455 2.01894 
v 86.4208 3.455 2.01894 
v 90.4208 3.455 7.01894 
v 86.4208 3.455 7.01894 
v 86.4208 3.455 2.01894 
v 90.4208 3.455 2.01894 
v 86.4208 0.254996 2.01894 
v 90.4208 0.254996 2.01894 
v 90.4208 3.455 2.01894 
v 90.4208 3.455 7.01894 
v 90.4208 0.254996 2.01894 
v 90.4208 0.254996 7.01894 
v 90.4208 0.254996 7.01894 
v 86.4208 0.254996 7.01894 
v 90.4208 0.254996 2.01894 
v 86.4208 0.254996 2.01894 
v 90.4208 3.455 7.01894 
v 86.4208 3.455 7.01894 
v 90.4208 0.254996 7.01894 
v 86.4208 0.254996 7.01894 

vn -1 0 0 
vn -1 0 0 
vn -1 0 0 
vn -1 0 0 
vn 0 1 0 
vn 0 1 0 
vn 0 1 0 
vn 0 1 0 
vn 0 0 -1 
vn 0 0 -1 
vn 0 0 -1 
vn 0 0 -1 
vn 1 0 0 
vn 1 0 0 
vn 1 0 0 
vn 1 0 0 
vn 0 -1 0 
vn 0 -1 0 
vn 0 -1 0 
vn 0 -1 0 
vn 0 0 1 
vn 0 0 1 
vn 0 0 1 
vn 0 0 1 

vt 1.375 -6.25 
vt 0.75 -6.25 
vt 1.375 -6.65 
vt 0.75 -6.65 
vt 1.25 -6.25 
vt 0.75 -6.25 
vt 1.25 -6.875 
vt 0.75 -6.875 
vt 1.25 -6.25 
vt 0.75 -6.25 
vt 1.25 -6.65 
vt 0.75 -6.65 
vt 1.375 -6.25 
vt 0.75 -6.25 
vt 1.375 -6.65 
vt 0.75 -6.65 
vt 1.25 -6.25 
vt 0.75 -6.25 
vt 1.25 -6.875 
vt 0.75 -6.875 
vt 1.25 -6.25 
vt 0.75 -6.25 
vt 1.25 -6.65 
vt 0.75 -6.65 

usemtl Height171Mtl

f 10109/10109/10109 10110/10110/10110 10111/10111/10111 
f 10111/10111/10111 10110/10110/10110 10112/10112/10112 
f 10113/10113/10113 10114/10114/10114 10115/10115/10115 
f 10115/10115/10115 10114/10114/10114 10116/10116/10116 
f 10117/10117/10117 10118/10118/10118 10119/10119/10119 
f 10119/10119/10119 10118/10118/10118 10120/10120/10120 
f 10121/10121/10121 10122/10122/10122 10123/10123/10123 
f 10123/10123/10123 10122/10122/10122 10124/10124/10124 
f 10125/10125/10125 10126/10126/10126 10127/10127/10127 
f 10127/10127/10127 10126/10126/10126 10128/10128/10128 
f 10129/10129/10129 10130/10130/10130 10131/10131/10131 
f 10131/10131/10131 10130/10130/10130 10132/10132/10132 

g Height153

v 109.421 9.85527 73.819 
v 109.421 9.85527 68.819 
v 109.421 6.65527 73.819 
v 109.421 6.65527 68.819 
v 113.421 9.85527 68.819 
v 109.421 9.85527 68.819 
v 113.421 9.85527 73.819 
v 109.421 9.85527 73.819 
v 109.421 9.85527 68.819 
v 113.421 9.85527 68.819 
v 109.421 6.65527 68.819 
v 113.421 6.65527 68.819 
v 113.421 9.85527 68.819 
v 113.421 9.85527 73.819 
v 113.421 6.65527 68.819 
v 113.421 6.65527 73.819 
v 113.421 6.65527 73.819 
v 109.421 6.65527 73.819 
v 113.421 6.65527 68.819 
v 109.421 6.65527 68.819 
v 113.421 9.85527 73.819 
v 109.421 9.85527 73.819 
v 113.421 6.65527 73.819 
v 109.421 6.65527 73.819 

vn -1 0 0 
vn -1 0 0 
vn -1 0 0 
vn -1 0 0 
vn 0 1 0 
vn 0 1 0 
vn 0 1 0 
vn 0 1 0 
vn 0 0 -1 
vn 0 0 -1 
vn 0 0 -1 
vn 0 0 -1 
vn 1 0 0 
vn 1 0 0 
vn 1 0 0 
vn 1 0 0 
vn 0 -1 0 
vn 0 -1 0 
vn 0 -1 0 
vn 0 -1 0 
vn 0 0 1 
vn 0 0 1 
vn 0 0 1 
vn 0 0 1 

vt 3.375 -4.25 
vt 2.75 -4.25 
vt 3.375 -4.65 
vt 2.75 -4.65 
vt 3.25 -4.25 
vt 2.75 -4.25 
vt 3.25 -4.875 
vt 2.75 -4.875 
vt 3.25 -4.25 
vt 2.75 -4.25 
vt 3.25 -4.65 
vt 2.75 -4.65 
vt 3.375 -4.25 
vt 2.75 -4.25 
vt 3.375 -4.65 
vt 2.75 -4.65 
vt 3.25 -4.25 
vt 2.75 -4.25 
vt 3.25 -4.875 
vt 2.75 -4.875 
vt 3.25 -4.25 
vt 2.75 -4.25 
vt 3.25 -4.65 
vt 2.75 -4.65 

usemtl Height171Mtl

f 10133/10133/10133 10134/10134/10134 10135/10135/10135 
f 10135/10135/10135 10134/10134/10134 10136/10136/10136 
f 10137/10137/10137 10138/10138/10138 10139/10139/10139 
f 10139/10139/10139 10138/10138/10138 10140/10140/10140 
f 10141/10141/10141 10142/10142/10142 10143/10143/10143 
f 10143/10143/10143 10142/10142/10142 10144/10144/10144 
f 10145/10145/10145 10146/10146/10146 10147/10147/10147 
f 10147/10147/10147 10146/10146/10146 10148/10148/10148 
f 10149/10149/10149 10150/10150/10150 10151/10151/10151 
f 10151/10151/10151 10150/10150/10150 10152/10152/10152 
f 10153/10153/10153 10154/10154/10154 10155/10155/10155 
f 10155/10155/10155 10154/10154/10154 10156/10156/10156 

g Height154

v 105.421 3.455 63.0189 
v 105.421 3.455 68.0189 
v 105.421 0.254996 63.0189 
v 105.421 0.254996 68.0189 
v 101.421 3.455 68.0189 
v 105.421 3.455 68.0189 
v 101.421 3.455 63.0189 
v 105.421 3.455 63.0189 
v 105.421 3.455 68.0189 
v 101.421 3.455 68.0189 
v 105.421 0.254996 68.0189 
v 101.421 0.254996 68.0189 
v 101.421 3.455 68.0189 
v 101.421 3.455 63.0189 
v 101.421 0.254996 68.0189 
v 101.421 0.254996 63.0189 
v 101.421 0.254996 63.0189 
v 105.421 0.254996 63.0189 
v 101.421 0.254996 68.0189 
v 105.421 0.254996 68.0189 
v 101.421 3.455 63.0189 
v 105.421 3.455 63.0189 
v 101.421 0.254996 63.0189 
v 105.421 0.254996 63.0189 

vn 1 0 0 
vn 1 0 0 
vn 1 0 0 
vn 1 0 0 
vn 0 1 0 
vn 0 1 0 
vn 0 1 0 
vn 0 1 0 
vn 0 0 1 
vn 0 0 1 
vn 0 0 1 
vn 0 0 1 
vn -1 0 0 
vn -1 0 0 
vn -1 0 0 
vn -1 0 0 
vn 0 -1 0 
vn 0 -1 0 
vn 0 -1 0 
vn 0 -1 0 
vn 0 0 -1 
vn 0 0 -1 
vn 0 0 -1 
vn 0 0 -1 

vt 0.625 -2.25 
vt 0 -2.25 
vt 0.625 -2.65 
vt 0 -2.65 
vt 0.5 -2.25 
vt 0 -2.25 
vt 0.5 -2.875 
vt 0 -2.875 
vt 0.5 -2.25 
vt 0 -2.25 
vt 0.5 -2.65 
vt 0 -2.65 
vt 0.625 -2.25 
vt 0 -2.25 
vt 0.625 -2.65 
vt 0 -2.65 
vt 0.5 -2.25 
vt 0 -2.25 
vt 0.5 -2.875 
vt 0 -2.875 
vt 0.5 -2.25 
vt 0 -2.25 
vt 0.5 -2.65 
vt 0 -2.65 

usemtl Height171Mtl

f 10157/10157/10157 10158/10158/10158 10159/10159/10159 
f 10159/10159/10159 10158/10158/10158 10160/10160/10160 
f 10161/10161/10161 10162/10162/10162 10163/10163/10163 
f 10163/10163/10163 10162/10162/10162 10164/10164/10164 
f 10165/10165/10165 10166/10166/10166 10167/10167/10167 
f 10167/10167/10167 10166/10166/10166 10168/10168/10168 
f 10169/10169/10169 10170/10170/10170 10171/10171/10171 
f 10171/10171/10171 10170/10170/10170 10172/10172/10172 
f 10173/10173/10173 10174/10174/10174 10175/10175/10175 
f 10175/10175/10175 10174/10174/10174 10176/10176/10176 
f 10177/10177/10177 10178/10178/10178 10179/10179/10179 
f 10179/10179/10179 10178/10178/10178 10180/10180/10180 

g Height155

v 104.421 6.655 64.019 
v 108.421 6.655 64.019 
v 104.421 3.655 64.019 
v 108.421 3.655 64.019 
v 108.421 6.655 64.219 
v 108.421 6.655 64.019 
v 104.421 6.655 64.219 
v 104.421 6.655 64.019 
v 108.421 6.655 64.019 
v 108.421 6.655 64.219 
v 108.421 3.655 64.019 
v 108.421 3.655 64.219 
v 108.421 6.655 64.219 
v 104.421 6.655 64.219 
v 108.421 3.655 64.219 
v 104.421 3.655 64.219 
v 104.421 3.655 64.219 
v 104.421 3.655 64.019 
v 108.421 3.655 64.219 
v 108.421 3.655 64.019 
v 104.421 6.655 64.219 
v 104.421 6.655 64.019 
v 104.421 3.655 64.219 
v 104.421 3.655 64.019 

vn 0 0 -1 
vn 0 0 -1 
vn 0 0 -1 
vn 0 0 -1 
vn 0 1 0 
vn 0 1 0 
vn 0 1 0 
vn 0 1 0 
vn 1 0 0 
vn 1 0 0 
vn 1 0 0 
vn 1 0 0 
vn 0 0 1 
vn 0 0 1 
vn 0 0 1 
vn 0 0 1 
vn 0 -1 0 
vn 0 -1 0 
vn 0 -1 0 
vn 0 -1 0 
vn -1 0 0 
vn -1 0 0 
vn -1 0 0 
vn -1 0 0 

vt 2 0 
vt 1.5 0 
vt 2 -0.375 
vt 1.5 -0.375 
vt 1.525 0 
vt 1.5 0 
vt 1.525 -0.5 
vt 1.5 -0.5 
vt 1.525 0 
vt 1.5 0 
vt 1.525 -0.375 
vt 1.5 -0.375 
vt 2 0 
vt 1.5 0 
vt 2 -0.375 
vt 1.5 -0.375 
vt 1.525 0 
vt 1.5 0 
vt 1.525 -0.5 
vt 1.5 -0.5 
vt 1.525 0 
vt 1.5 0 
vt 1.525 -0.375 
vt 1.5 -0.375 

usemtl Height171Mtl

f 10181/10181/10181 10182/10182/10182 10183/10183/10183 
f 10183/10183/10183 10182/10182/10182 10184/10184/10184 
f 10185/10185/10185 10186/10186/10186 10187/10187/10187 
f 10187/10187/10187 10186/10186/10186 10188/10188/10188 
f 10189/10189/10189 10190/10190/10190 10191/10191/10191 
f 10191/10191/10191 10190/10190/10190 10192/10192/10192 
f 10193/10193/10193 10194/10194/10194 10195/10195/10195 
f 10195/10195/10195 10194/10194/10194 10196/10196/10196 
f 10197/10197/10197 10198/10198/10198 10199/10199/10199 
f 10199/10199/10199 10198/10198/10198 10200/10200/10200 
f 10201/10201/10201 10202/10202/10202 10203/10203/10203 
f 10203/10203/10203 10202/10202/10202 10204/10204/10204 

g Height156

v 104.421 6.65495 68.8188 
v 108.421 6.65495 68.8188 
v 104.421 3.65495 68.8188 
v 108.421 3.65495 68.8188 
v 108.421 6.65495 69.0188 
v 108.421 6.65495 68.8188 
v 104.421 6.65495 69.0188 
v 104.421 6.65495 68.8188 
v 108.421 6.65495 68.8188 
v 108.421 6.65495 69.0188 
v 108.421 3.65495 68.8188 
v 108.421 3.65495 69.0188 
v 108.421 6.65495 69.0188 
v 104.421 6.65495 69.0188 
v 108.421 3.65495 69.0188 
v 104.421 3.65495 69.0188 
v 104.421 3.65495 69.0188 
v 104.421 3.65495 68.8188 
v 108.421 3.65495 69.0188 
v 108.421 3.65495 68.8188 
v 104.421 6.65495 69.0188 
v 104.421 6.65495 68.8188 
v 104.421 3.65495 69.0188 
v 104.421 3.65495 68.8188 

vn 0 0 -1 
vn 0 0 -1 
vn 0 0 -1 
vn 0 0 -1 
vn 0 1 0 
vn 0 1 0 
vn 0 1 0 
vn 0 1 0 
vn 1 0 0 
vn 1 0 0 
vn 1 0 0 
vn 1 0 0 
vn 0 0 1 
vn 0 0 1 
vn 0 0 1 
vn 0 0 1 
vn 0 -1 0 
vn 0 -1 0 
vn 0 -1 0 
vn 0 -1 0 
vn -1 0 0 
vn -1 0 0 
vn -1 0 0 
vn -1 0 0 

vt 3.25 -1.75 
vt 2.75 -1.75 
vt 3.25 -2.125 
vt 2.75 -2.125 
vt 2.775 -1.75 
vt 2.75 -1.75 
vt 2.775 -2.25 
vt 2.75 -2.25 
vt 2.775 -1.75 
vt 2.75 -1.75 
vt 2.775 -2.125 
vt 2.75 -2.125 
vt 3.25 -1.75 
vt 2.75 -1.75 
vt 3.25 -2.125 
vt 2.75 -2.125 
vt 2.775 -1.75 
vt 2.75 -1.75 
vt 2.775 -2.25 
vt 2.75 -2.25 
vt 2.775 -1.75 
vt 2.75 -1.75 
vt 2.775 -2.125 
vt 2.75 -2.125 

usemtl Height171Mtl

f 10205/10205/10205 10206/10206/10206 10207/10207/10207 
f 10207/10207/10207 10206/10206/10206 10208/10208/10208 
f 10209/10209/10209 10210/10210/10210 10211/10211/10211 
f 10211/10211/10211 10210/10210/10210 10212/10212/10212 
f 10213/10213/10213 10214/10214/10214 10215/10215/10215 
f 10215/10215/10215 10214/10214/10214 10216/10216/10216 
f 10217/10217/10217 10218/10218/10218 10219/10219/10219 
f 10219/10219/10219 10218/10218/10218 10220/10220/10220 
f 10221/10221/10221 10222/10222/10222 10223/10223/10223 
f 10223/10223/10223 10222/10222/10222 10224/10224/10224 
f 10225/10225/10225 10226/10226/10226 10227/10227/10227 
f 10227/10227/10227 10226/10226/10226 10228/10228/10228 

g Height157

v 113.421 3.455 63.0189 
v 113.421 3.455 68.0189 
v 113.421 0.254996 63.0189 
v 113.421 0.254996 68.0189 
v 109.421 3.455 68.0189 
v 113.421 3.455 68.0189 
v 109.421 3.455 63.0189 
v 113.421 3.455 63.0189 
v 113.421 3.455 68.0189 
v 109.421 3.455 68.0189 
v 113.421 0.254996 68.0189 
v 109.421 0.254996 68.0189 
v 109.421 3.455 68.0189 
v 109.421 3.455 63.0189 
v 109.421 0.254996 68.0189 
v 109.421 0.254996 63.0189 
v 109.421 0.254996 63.0189 
v 113.421 0.254996 63.0189 
v 109.421 0.254996 68.0189 
v 113.421 0.254996 68.0189 
v 109.421 3.455 63.0189 
v 113.421 3.455 63.0189 
v 109.421 0.254996 63.0189 
v 113.421 0.254996 63.0189 

vn 1 0 0 
vn 1 0 0 
vn 1 0 0 
vn 1 0 0 
vn 0 1 0 
vn 0 1 0 
vn 0 1 0 
vn 0 1 0 
vn 0 0 1 
vn 0 0 1 
vn 0 0 1 
vn 0 0 1 
vn -1 0 0 
vn -1 0 0 
vn -1 0 0 
vn -1 0 0 
vn 0 -1 0 
vn 0 -1 0 
vn 0 -1 0 
vn 0 -1 0 
vn 0 0 -1 
vn 0 0 -1 
vn 0 0 -1 
vn 0 0 -1 

vt 1.125 -3.75 
vt 0.5 -3.75 
vt 1.125 -4.15 
vt 0.5 -4.15 
vt 1 -3.75 
vt 0.5 -3.75 
vt 1 -4.375 
vt 0.5 -4.375 
vt 1 -3.75 
vt 0.5 -3.75 
vt 1 -4.15 
vt 0.5 -4.15 
vt 1.125 -3.75 
vt 0.5 -3.75 
vt 1.125 -4.15 
vt 0.5 -4.15 
vt 1 -3.75 
vt 0.5 -3.75 
vt 1 -4.375 
vt 0.5 -4.375 
vt 1 -3.75 
vt 0.5 -3.75 
vt 1 -4.15 
vt 0.5 -4.15 

usemtl Height171Mtl

f 10229/10229/10229 10230/10230/10230 10231/10231/10231 
f 10231/10231/10231 10230/10230/10230 10232/10232/10232 
f 10233/10233/10233 10234/10234/10234 10235/10235/10235 
f 10235/10235/10235 10234/10234/10234 10236/10236/10236 
f 10237/10237/10237 10238/10238/10238 10239/10239/10239 
f 10239/10239/10239 10238/10238/10238 10240/10240/10240 
f 10241/10241/10241 10242/10242/10242 10243/10243/10243 
f 10243/10243/10243 10242/10242/10242 10244/10244/10244 
f 10245/10245/10245 10246/10246/10246 10247/10247/10247 
f 10247/10247/10247 10246/10246/10246 10248/10248/10248 
f 10249/10249/10249 10250/10250/10250 10251/10251/10251 
f 10251/10251/10251 10250/10250/10250 10252/10252/10252 

g Height158

v 104.421 6.655 69.0189 
v 104.421 6.655 64.0189 
v 104.421 3.655 69.0189 
v 104.421 3.655 64.0189 
v 104.621 6.655 64.0189 
v 104.421 6.655 64.0189 
v 104.621 6.655 69.0189 
v 104.421 6.655 69.0189 
v 104.421 6.655 64.0189 
v 104.621 6.655 64.0189 
v 104.421 3.655 64.0189 
v 104.621 3.655 64.0189 
v 104.621 6.655 64.0189 
v 104.621 6.655 69.0189 
v 104.621 3.655 64.0189 
v 104.621 3.655 69.0189 
v 104.621 3.655 69.0189 
v 104.421 3.655 69.0189 
v 104.621 3.655 64.0189 
v 104.421 3.655 64.0189 
v 104.621 6.655 69.0189 
v 104.421 6.655 69.0189 
v 104.621 3.655 69.0189 
v 104.421 3.655 69.0189 

vn -1 0 0 
vn -1 0 0 
vn -1 0 0 
vn -1 0 0 
vn 0 1 0 
vn 0 1 0 
vn 0 1 0 
vn 0 1 0 
vn 0 0 -1 
vn 0 0 -1 
vn 0 0 -1 
vn 0 0 -1 
vn 1 0 0 
vn 1 0 0 
vn 1 0 0 
vn 1 0 0 
vn 0 -1 0 
vn 0 -1 0 
vn 0 -1 0 
vn 0 -1 0 
vn 0 0 1 
vn 0 0 1 
vn 0 0 1 
vn 0 0 1 

vt 6.625 0.25 
vt 6 0.25 
vt 6.625 -0.125 
vt 6 -0.125 
vt 6.025 0.25 
vt 6 0.25 
vt 6.025 -0.375 
vt 6 -0.375 
vt 6.025 0.25 
vt 6 0.25 
vt 6.025 -0.125 
vt 6 -0.125 
vt 6.625 0.25 
vt 6 0.25 
vt 6.625 -0.125 
vt 6 -0.125 
vt 6.025 0.25 
vt 6 0.25 
vt 6.025 -0.375 
vt 6 -0.375 
vt 6.025 0.25 
vt 6 0.25 
vt 6.025 -0.125 
vt 6 -0.125 

usemtl Height171Mtl

f 10253/10253/10253 10254/10254/10254 10255/10255/10255 
f 10255/10255/10255 10254/10254/10254 10256/10256/10256 
f 10257/10257/10257 10258/10258/10258 10259/10259/10259 
f 10259/10259/10259 10258/10258/10258 10260/10260/10260 
f 10261/10261/10261 10262/10262/10262 10263/10263/10263 
f 10263/10263/10263 10262/10262/10262 10264/10264/10264 
f 10265/10265/10265 10266/10266/10266 10267/10267/10267 
f 10267/10267/10267 10266/10266/10266 10268/10268/10268 
f 10269/10269/10269 10270/10270/10270 10271/10271/10271 
f 10271/10271/10271 10270/10270/10270 10272/10272/10272 
f 10273/10273/10273 10274/10274/10274 10275/10275/10275 
f 10275/10275/10275 10274/10274/10274 10276/10276/10276 

g Height159

v 108.221 6.15483 64.1589 
v 104.621 6.15483 64.1589 
v 108.221 6.15483 68.7589 
v 104.621 6.15483 68.7589 
v 104.621 3.95483 64.1589 
v 104.621 6.15483 64.1589 
v 108.221 3.95483 64.1589 
v 108.221 6.15483 64.1589 
v 104.621 6.15483 64.1589 
v 104.621 3.95483 64.1589 
v 104.621 6.15483 68.7589 
v 104.621 3.95483 68.7589 
v 104.621 3.95483 64.1589 
v 108.221 3.95483 64.1589 
v 104.621 3.95483 68.7589 
v 108.221 3.95483 68.7589 
v 108.221 3.95483 68.7589 
v 108.221 6.15483 68.7589 
v 104.621 3.95483 68.7589 
v 104.621 6.15483 68.7589 
v 108.221 3.95483 64.1589 
v 108.221 6.15483 64.1589 
v 108.221 3.95483 68.7589 
v 108.221 6.15483 68.7589 

vn 0 1 0 
vn 0 1 0 
vn 0 1 0 
vn 0 1 0 
vn 0 0 -1 
vn 0 0 -1 
vn 0 0 -1 
vn 0 0 -1 
vn -1 0 0 
vn -1 0 0 
vn -1 0 0 
vn -1 0 0 
vn 0 -1 0 
vn 0 -1 0 
vn 0 -1 0 
vn 0 -1 0 
vn 0 0 1 
vn 0 0 1 
vn 0 0 1 
vn 0 0 1 
vn 1 0 0 
vn 1 0 0 
vn 1 0 0 
vn 1 0 0 

vt 1.2 -6 
vt 0.75 -6 
vt 1.2 -6.575 
vt 0.75 -6.575 
vt 1.025 -6 
vt 0.75 -6 
vt 1.025 -6.45 
vt 0.75 -6.45 
vt 1.025 -6 
vt 0.75 -6 
vt 1.025 -6.575 
vt 0.75 -6.575 
vt 1.2 -6 
vt 0.75 -6 
vt 1.2 -6.575 
vt 0.75 -6.575 
vt 1.025 -6 
vt 0.75 -6 
vt 1.025 -6.45 
vt 0.75 -6.45 
vt 1.025 -6 
vt 0.75 -6 
vt 1.025 -6.575 
vt 0.75 -6.575 

usemtl Height24Mtl

f 10277/10277/10277 10278/10278/10278 10279/10279/10279 
f 10279/10279/10279 10278/10278/10278 10280/10280/10280 
f 10281/10281/10281 10282/10282/10282 10283/10283/10283 
f 10283/10283/10283 10282/10282/10282 10284/10284/10284 
f 10285/10285/10285 10286/10286/10286 10287/10287/10287 
f 10287/10287/10287 10286/10286/10286 10288/10288/10288 
f 10289/10289/10289 10290/10290/10290 10291/10291/10291 
f 10291/10291/10291 10290/10290/10290 10292/10292/10292 
f 10293/10293/10293 10294/10294/10294 10295/10295/10295 
f 10295/10295/10295 10294/10294/10294 10296/10296/10296 
f 10297/10297/10297 10298/10298/10298 10299/10299/10299 
f 10299/10299/10299 10298/10298/10298 10300/10300/10300 

g Height160

v 109.421 3.45497 73.819 
v 109.421 3.45497 68.819 
v 109.421 0.254973 73.819 
v 109.421 0.254973 68.819 
v 113.421 3.45497 68.819 
v 109.421 3.45497 68.819 
v 113.421 3.45497 73.819 
v 109.421 3.45497 73.819 
v 109.421 3.45497 68.819 
v 113.421 3.45497 68.819 
v 109.421 0.254973 68.819 
v 113.421 0.254973 68.819 
v 113.421 3.45497 68.819 
v 113.421 3.45497 73.819 
v 113.421 0.254973 68.819 
v 113.421 0.254973 73.819 
v 113.421 0.254973 73.819 
v 109.421 0.254973 73.819 
v 113.421 0.254973 68.819 
v 109.421 0.254973 68.819 
v 113.421 3.45497 73.819 
v 109.421 3.45497 73.819 
v 113.421 0.254973 73.819 
v 109.421 0.254973 73.819 

vn -1 0 0 
vn -1 0 0 
vn -1 0 0 
vn -1 0 0 
vn 0 1 0 
vn 0 1 0 
vn 0 1 0 
vn 0 1 0 
vn 0 0 -1 
vn 0 0 -1 
vn 0 0 -1 
vn 0 0 -1 
vn 1 0 0 
vn 1 0 0 
vn 1 0 0 
vn 1 0 0 
vn 0 -1 0 
vn 0 -1 0 
vn 0 -1 0 
vn 0 -1 0 
vn 0 0 1 
vn 0 0 1 
vn 0 0 1 
vn 0 0 1 

vt 8.375 -3 
vt 7.75 -3 
vt 8.375 -3.4 
vt 7.75 -3.4 
vt 8.25 -3 
vt 7.75 -3 
vt 8.25 -3.625 
vt 7.75 -3.625 
vt 8.25 -3 
vt 7.75 -3 
vt 8.25 -3.4 
vt 7.75 -3.4 
vt 8.375 -3 
vt 7.75 -3 
vt 8.375 -3.4 
vt 7.75 -3.4 
vt 8.25 -3 
vt 7.75 -3 
vt 8.25 -3.625 
vt 7.75 -3.625 
vt 8.25 -3 
vt 7.75 -3 
vt 8.25 -3.4 
vt 7.75 -3.4 

usemtl Height171Mtl

f 10301/10301/10301 10302/10302/10302 10303/10303/10303 
f 10303/10303/10303 10302/10302/10302 10304/10304/10304 
f 10305/10305/10305 10306/10306/10306 10307/10307/10307 
f 10307/10307/10307 10306/10306/10306 10308/10308/10308 
f 10309/10309/10309 10310/10310/10310 10311/10311/10311 
f 10311/10311/10311 10310/10310/10310 10312/10312/10312 
f 10313/10313/10313 10314/10314/10314 10315/10315/10315 
f 10315/10315/10315 10314/10314/10314 10316/10316/10316 
f 10317/10317/10317 10318/10318/10318 10319/10319/10319 
f 10319/10319/10319 10318/10318/10318 10320/10320/10320 
f 10321/10321/10321 10322/10322/10322 10323/10323/10323 
f 10323/10323/10323 10322/10322/10322 10324/10324/10324 

g Height161

v 105.421 3.455 72.0189 
v 105.421 3.455 67.0189 
v 105.421 0.254996 72.0189 
v 105.421 0.254996 67.0189 
v 109.421 3.455 67.0189 
v 105.421 3.455 67.0189 
v 109.421 3.455 72.0189 
v 105.421 3.455 72.0189 
v 105.421 3.455 67.0189 
v 109.421 3.455 67.0189 
v 105.421 0.254996 67.0189 
v 109.421 0.254996 67.0189 
v 109.421 3.455 67.0189 
v 109.421 3.455 72.0189 
v 109.421 0.254996 67.0189 
v 109.421 0.254996 72.0189 
v 109.421 0.254996 72.0189 
v 105.421 0.254996 72.0189 
v 109.421 0.254996 67.0189 
v 105.421 0.254996 67.0189 
v 109.421 3.455 72.0189 
v 105.421 3.455 72.0189 
v 109.421 0.254996 72.0189 
v 105.421 0.254996 72.0189 

vn -1 0 0 
vn -1 0 0 
vn -1 0 0 
vn -1 0 0 
vn 0 1 0 
vn 0 1 0 
vn 0 1 0 
vn 0 1 0 
vn 0 0 -1 
vn 0 0 -1 
vn 0 0 -1 
vn 0 0 -1 
vn 1 0 0 
vn 1 0 0 
vn 1 0 0 
vn 1 0 0 
vn 0 -1 0 
vn 0 -1 0 
vn 0 -1 0 
vn 0 -1 0 
vn 0 0 1 
vn 0 0 1 
vn 0 0 1 
vn 0 0 1 

vt 0.625 -6.75 
vt 0 -6.75 
vt 0.625 -7.15 
vt 0 -7.15 
vt 0.5 -6.75 
vt 0 -6.75 
vt 0.5 -7.375 
vt 0 -7.375 
vt 0.5 -6.75 
vt 0 -6.75 
vt 0.5 -7.15 
vt 0 -7.15 
vt 0.625 -6.75 
vt 0 -6.75 
vt 0.625 -7.15 
vt 0 -7.15 
vt 0.5 -6.75 
vt 0 -6.75 
vt 0.5 -7.375 
vt 0 -7.375 
vt 0.5 -6.75 
vt 0 -6.75 
vt 0.5 -7.15 
vt 0 -7.15 

usemtl Height171Mtl

f 10325/10325/10325 10326/10326/10326 10327/10327/10327 
f 10327/10327/10327 10326/10326/10326 10328/10328/10328 
f 10329/10329/10329 10330/10330/10330 10331/10331/10331 
f 10331/10331/10331 10330/10330/10330 10332/10332/10332 
f 10333/10333/10333 10334/10334/10334 10335/10335/10335 
f 10335/10335/10335 10334/10334/10334 10336/10336/10336 
f 10337/10337/10337 10338/10338/10338 10339/10339/10339 
f 10339/10339/10339 10338/10338/10338 10340/10340/10340 
f 10341/10341/10341 10342/10342/10342 10343/10343/10343 
f 10343/10343/10343 10342/10342/10342 10344/10344/10344 
f 10345/10345/10345 10346/10346/10346 10347/10347/10347 
f 10347/10347/10347 10346/10346/10346 10348/10348/10348 

g Height162

v 113.421 9.855 63.0189 
v 113.421 9.855 68.0189 
v 113.421 6.655 63.0189 
v 113.421 6.655 68.0189 
v 109.421 9.855 68.0189 
v 113.421 9.855 68.0189 
v 109.421 9.855 63.0189 
v 113.421 9.855 63.0189 
v 113.421 9.855 68.0189 
v 109.421 9.855 68.0189 
v 113.421 6.655 68.0189 
v 109.421 6.655 68.0189 
v 109.421 9.855 68.0189 
v 109.421 9.855 63.0189 
v 109.421 6.655 68.0189 
v 109.421 6.655 63.0189 
v 109.421 6.655 63.0189 
v 113.421 6.655 63.0189 
v 109.421 6.655 68.0189 
v 113.421 6.655 68.0189 
v 109.421 9.855 63.0189 
v 113.421 9.855 63.0189 
v 109.421 6.655 63.0189 
v 113.421 6.655 63.0189 

vn 1 0 0 
vn 1 0 0 
vn 1 0 0 
vn 1 0 0 
vn 0 1 0 
vn 0 1 0 
vn 0 1 0 
vn 0 1 0 
vn 0 0 1 
vn 0 0 1 
vn 0 0 1 
vn 0 0 1 
vn -1 0 0 
vn -1 0 0 
vn -1 0 0 
vn -1 0 0 
vn 0 -1 0 
vn 0 -1 0 
vn 0 -1 0 
vn 0 -1 0 
vn 0 0 -1 
vn 0 0 -1 
vn 0 0 -1 
vn 0 0 -1 

vt 6.625 -2.5 
vt 6 -2.5 
vt 6.625 -2.9 
vt 6 -2.9 
vt 6.5 -2.5 
vt 6 -2.5 
vt 6.5 -3.125 
vt 6 -3.125 
vt 6.5 -2.5 
vt 6 -2.5 
vt 6.5 -2.9 
vt 6 -2.9 
vt 6.625 -2.5 
vt 6 -2.5 
vt 6.625 -2.9 
vt 6 -2.9 
vt 6.5 -2.5 
vt 6 -2.5 
vt 6.5 -3.125 
vt 6 -3.125 
vt 6.5 -2.5 
vt 6 -2.5 
vt 6.5 -2.9 
vt 6 -2.9 

usemtl Height171Mtl

f 10349/10349/10349 10350/10350/10350 10351/10351/10351 
f 10351/10351/10351 10350/10350/10350 10352/10352/10352 
f 10353/10353/10353 10354/10354/10354 10355/10355/10355 
f 10355/10355/10355 10354/10354/10354 10356/10356/10356 
f 10357/10357/10357 10358/10358/10358 10359/10359/10359 
f 10359/10359/10359 10358/10358/10358 10360/10360/10360 
f 10361/10361/10361 10362/10362/10362 10363/10363/10363 
f 10363/10363/10363 10362/10362/10362 10364/10364/10364 
f 10365/10365/10365 10366/10366/10366 10367/10367/10367 
f 10367/10367/10367 10366/10366/10366 10368/10368/10368 
f 10369/10369/10369 10370/10370/10370 10371/10371/10371 
f 10371/10371/10371 10370/10370/10370 10372/10372/10372 

g Height163

v 108.421 6.655 64.0189 
v 108.421 6.655 69.0189 
v 108.421 3.655 64.0189 
v 108.421 3.655 69.0189 
v 108.221 6.655 69.0189 
v 108.421 6.655 69.0189 
v 108.221 6.655 64.0189 
v 108.421 6.655 64.0189 
v 108.421 6.655 69.0189 
v 108.221 6.655 69.0189 
v 108.421 3.655 69.0189 
v 108.221 3.655 69.0189 
v 108.221 6.655 69.0189 
v 108.221 6.655 64.0189 
v 108.221 3.655 69.0189 
v 108.221 3.655 64.0189 
v 108.221 3.655 64.0189 
v 108.421 3.655 64.0189 
v 108.221 3.655 69.0189 
v 108.421 3.655 69.0189 
v 108.221 6.655 64.0189 
v 108.421 6.655 64.0189 
v 108.221 3.655 64.0189 
v 108.421 3.655 64.0189 

vn 1 0 0 
vn 1 0 0 
vn 1 0 0 
vn 1 0 0 
vn 0 1 0 
vn 0 1 0 
vn 0 1 0 
vn 0 1 0 
vn 0 0 1 
vn 0 0 1 
vn 0 0 1 
vn 0 0 1 
vn -1 0 0 
vn -1 0 0 
vn -1 0 0 
vn -1 0 0 
vn 0 -1 0 
vn 0 -1 0 
vn 0 -1 0 
vn 0 -1 0 
vn 0 0 -1 
vn 0 0 -1 
vn 0 0 -1 
vn 0 0 -1 

vt 3.125 -0.75 
vt 2.5 -0.75 
vt 3.125 -1.125 
vt 2.5 -1.125 
vt 2.525 -0.75 
vt 2.5 -0.75 
vt 2.525 -1.375 
vt 2.5 -1.375 
vt 2.525 -0.75 
vt 2.5 -0.75 
vt 2.525 -1.125 
vt 2.5 -1.125 
vt 3.125 -0.75 
vt 2.5 -0.75 
vt 3.125 -1.125 
vt 2.5 -1.125 
vt 2.525 -0.75 
vt 2.5 -0.75 
vt 2.525 -1.375 
vt 2.5 -1.375 
vt 2.525 -0.75 
vt 2.5 -0.75 
vt 2.525 -1.125 
vt 2.5 -1.125 

usemtl Height171Mtl

f 10373/10373/10373 10374/10374/10374 10375/10375/10375 
f 10375/10375/10375 10374/10374/10374 10376/10376/10376 
f 10377/10377/10377 10378/10378/10378 10379/10379/10379 
f 10379/10379/10379 10378/10378/10378 10380/10380/10380 
f 10381/10381/10381 10382/10382/10382 10383/10383/10383 
f 10383/10383/10383 10382/10382/10382 10384/10384/10384 
f 10385/10385/10385 10386/10386/10386 10387/10387/10387 
f 10387/10387/10387 10386/10386/10386 10388/10388/10388 
f 10389/10389/10389 10390/10390/10390 10391/10391/10391 
f 10391/10391/10391 10390/10390/10390 10392/10392/10392 
f 10393/10393/10393 10394/10394/10394 10395/10395/10395 
f 10395/10395/10395 10394/10394/10394 10396/10396/10396 

g Height164

v 108.421 3.655 64.0189 
v 108.421 3.655 69.0189 
v 108.421 3.455 64.0189 
v 108.421 3.455 69.0189 
v 104.421 3.655 69.0189 
v 108.421 3.655 69.0189 
v 104.421 3.655 64.0189 
v 108.421 3.655 64.0189 
v 108.421 3.655 69.0189 
v 104.421 3.655 69.0189 
v 108.421 3.455 69.0189 
v 104.421 3.455 69.0189 
v 104.421 3.655 69.0189 
v 104.421 3.655 64.0189 
v 104.421 3.455 69.0189 
v 104.421 3.455 64.0189 
v 104.421 3.455 64.0189 
v 108.421 3.455 64.0189 
v 104.421 3.455 69.0189 
v 108.421 3.455 69.0189 
v 104.421 3.655 64.0189 
v 108.421 3.655 64.0189 
v 104.421 3.455 64.0189 
v 108.421 3.455 64.0189 

vn 1 0 0 
vn 1 0 0 
vn 1 0 0 
vn 1 0 0 
vn 0 1 0 
vn 0 1 0 
vn 0 1 0 
vn 0 1 0 
vn 0 0 1 
vn 0 0 1 
vn 0 0 1 
vn 0 0 1 
vn -1 0 0 
vn -1 0 0 
vn -1 0 0 
vn -1 0 0 
vn 0 -1 0 
vn 0 -1 0 
vn 0 -1 0 
vn 0 -1 0 
vn 0 0 -1 
vn 0 0 -1 
vn 0 0 -1 
vn 0 0 -1 

vt 2.375 -4.5 
vt 1.75 -4.5 
vt 2.375 -4.525 
vt 1.75 -4.525 
vt 2.25 -4.5 
vt 1.75 -4.5 
vt 2.25 -5.125 
vt 1.75 -5.125 
vt 2.25 -4.5 
vt 1.75 -4.5 
vt 2.25 -4.525 
vt 1.75 -4.525 
vt 2.375 -4.5 
vt 1.75 -4.5 
vt 2.375 -4.525 
vt 1.75 -4.525 
vt 2.25 -4.5 
vt 1.75 -4.5 
vt 2.25 -5.125 
vt 1.75 -5.125 
vt 2.25 -4.5 
vt 1.75 -4.5 
vt 2.25 -4.525 
vt 1.75 -4.525 

usemtl Height171Mtl

f 10397/10397/10397 10398/10398/10398 10399/10399/10399 
f 10399/10399/10399 10398/10398/10398 10400/10400/10400 
f 10401/10401/10401 10402/10402/10402 10403/10403/10403 
f 10403/10403/10403 10402/10402/10402 10404/10404/10404 
f 10405/10405/10405 10406/10406/10406 10407/10407/10407 
f 10407/10407/10407 10406/10406/10406 10408/10408/10408 
f 10409/10409/10409 10410/10410/10410 10411/10411/10411 
f 10411/10411/10411 10410/10410/10410 10412/10412/10412 
f 10413/10413/10413 10414/10414/10414 10415/10415/10415 
f 10415/10415/10415 10414/10414/10414 10416/10416/10416 
f 10417/10417/10417 10418/10418/10418 10419/10419/10419 
f 10419/10419/10419 10418/10418/10418 10420/10420/10420 

g Height165

v 113.421 12.655 62.0189 
v 113.421 12.655 75.0189 
v 113.421 12.455 62.0189 
v 113.421 12.455 75.0189 
v 76.4208 12.655 75.0189 
v 113.421 12.655 75.0189 
v 76.4208 12.655 62.0189 
v 113.421 12.655 62.0189 
v 113.421 12.655 75.0189 
v 76.4208 12.655 75.0189 
v 113.421 12.455 75.0189 
v 76.4208 12.455 75.0189 
v 76.4208 12.655 75.0189 
v 76.4208 12.655 62.0189 
v 76.4208 12.455 75.0189 
v 76.4208 12.455 62.0189 
v 76.4208 12.455 62.0189 
v 113.421 12.455 62.0189 
v 76.4208 12.455 75.0189 
v 113.421 12.455 75.0189 
v 76.4208 12.655 62.0189 
v 113.421 12.655 62.0189 
v 76.4208 12.455 62.0189 
v 113.421 12.455 62.0189 

vn 1 0 0 
vn 1 0 0 
vn 1 0 0 
vn 1 0 0 
vn 0 1 0 
vn 0 1 0 
vn 0 1 0 
vn 0 1 0 
vn 0 0 1 
vn 0 0 1 
vn 0 0 1 
vn 0 0 1 
vn -1 0 0 
vn -1 0 0 
vn -1 0 0 
vn -1 0 0 
vn 0 -1 0 
vn 0 -1 0 
vn 0 -1 0 
vn 0 -1 0 
vn 0 0 -1 
vn 0 0 -1 
vn 0 0 -1 
vn 0 0 -1 

vt 2.875 -3.5 
vt 1.25 -3.5 
vt 2.875 -3.525 
vt 1.25 -3.525 
vt 5.875 -3.5 
vt 1.25 -3.5 
vt 5.875 -5.125 
vt 1.25 -5.125 
vt 5.875 -3.5 
vt 1.25 -3.5 
vt 5.875 -3.525 
vt 1.25 -3.525 
vt 2.875 -3.5 
vt 1.25 -3.5 
vt 2.875 -3.525 
vt 1.25 -3.525 
vt 5.875 -3.5 
vt 1.25 -3.5 
vt 5.875 -5.125 
vt 1.25 -5.125 
vt 5.875 -3.5 
vt 1.25 -3.5 
vt 5.875 -3.525 
vt 1.25 -3.525 

usemtl Height2Mtl

f 10421/10421/10421 10422/10422/10422 10423/10423/10423 
f 10423/10423/10423 10422/10422/10422 10424/10424/10424 
f 10425/10425/10425 10426/10426/10426 10427/10427/10427 
f 10427/10427/10427 10426/10426/10426 10428/10428/10428 
f 10429/10429/10429 10430/10430/10430 10431/10431/10431 
f 10431/10431/10431 10430/10430/10430 10432/10432/10432 
f 10433/10433/10433 10434/10434/10434 10435/10435/10435 
f 10435/10435/10435 10434/10434/10434 10436/10436/10436 
f 10437/10437/10437 10438/10438/10438 10439/10439/10439 
f 10439/10439/10439 10438/10438/10438 10440/10440/10440 
f 10441/10441/10441 10442/10442/10442 10443/10443/10443 
f 10443/10443/10443 10442/10442/10442 10444/10444/10444 

g Height166

v 113.421 12.455 61.8191 
v 113.421 12.455 63.0191 
v 113.421 0.254996 61.8191 
v 113.421 0.254996 63.0191 
v 76.4208 12.455 63.0191 
v 113.421 12.455 63.0191 
v 76.4208 12.455 61.8191 
v 113.421 12.455 61.8191 
v 113.421 12.455 63.0191 
v 76.4208 12.455 63.0191 
v 113.421 0.254996 63.0191 
v 76.4208 0.254996 63.0191 
v 76.4208 12.455 63.0191 
v 76.4208 12.455 61.8191 
v 76.4208 0.254996 63.0191 
v 76.4208 0.254996 61.8191 
v 76.4208 0.254996 61.8191 
v 113.421 0.254996 61.8191 
v 76.4208 0.254996 63.0191 
v 113.421 0.254996 63.0191 
v 76.4208 12.455 61.8191 
v 113.421 12.455 61.8191 
v 76.4208 0.254996 61.8191 
v 113.421 0.254996 61.8191 

vn 1 0 0 
vn 1 0 0 
vn 1 0 0 
vn 1 0 0 
vn 0 1 0 
vn 0 1 0 
vn 0 1 0 
vn 0 1 0 
vn 0 0 1 
vn 0 0 1 
vn 0 0 1 
vn 0 0 1 
vn -1 0 0 
vn -1 0 0 
vn -1 0 0 
vn -1 0 0 
vn 0 -1 0 
vn 0 -1 0 
vn 0 -1 0 
vn 0 -1 0 
vn 0 0 -1 
vn 0 0 -1 
vn 0 0 -1 
vn 0 0 -1 

vt 6.15 -6.5 
vt 6 -6.5 
vt 6.15 -8.025 
vt 6 -8.025 
vt 10.625 -6.5 
vt 6 -6.5 
vt 10.625 -6.65 
vt 6 -6.65 
vt 10.625 -6.5 
vt 6 -6.5 
vt 10.625 -8.025 
vt 6 -8.025 
vt 6.15 -6.5 
vt 6 -6.5 
vt 6.15 -8.025 
vt 6 -8.025 
vt 10.625 -6.5 
vt 6 -6.5 
vt 10.625 -6.65 
vt 6 -6.65 
vt 10.625 -6.5 
vt 6 -6.5 
vt 10.625 -8.025 
vt 6 -8.025 

usemtl Height2Mtl

f 10445/10445/10445 10446/10446/10446 10447/10447/10447 
f 10447/10447/10447 10446/10446/10446 10448/10448/10448 
f 10449/10449/10449 10450/10450/10450 10451/10451/10451 
f 10451/10451/10451 10450/10450/10450 10452/10452/10452 
f 10453/10453/10453 10454/10454/10454 10455/10455/10455 
f 10455/10455/10455 10454/10454/10454 10456/10456/10456 
f 10457/10457/10457 10458/10458/10458 10459/10459/10459 
f 10459/10459/10459 10458/10458/10458 10460/10460/10460 
f 10461/10461/10461 10462/10462/10462 10463/10463/10463 
f 10463/10463/10463 10462/10462/10462 10464/10464/10464 
f 10465/10465/10465 10466/10466/10466 10467/10467/10467 
f 10467/10467/10467 10466/10466/10466 10468/10468/10468 

g Height167

v 113.421 12.455 38.0189 
v 126.421 12.455 38.0189 
v 113.421 0.0549974 38.0189 
v 126.421 0.0549974 38.0189 
v 126.421 12.455 75.0189 
v 126.421 12.455 38.0189 
v 113.421 12.455 75.0189 
v 113.421 12.455 38.0189 
v 126.421 12.455 38.0189 
v 126.421 12.455 75.0189 
v 126.421 0.0549974 38.0189 
v 126.421 0.0549974 75.0189 
v 126.421 12.455 75.0189 
v 113.421 12.455 75.0189 
v 126.421 0.0549974 75.0189 
v 113.421 0.0549974 75.0189 
v 113.421 0.0549974 75.0189 
v 113.421 0.0549974 38.0189 
v 126.421 0.0549974 75.0189 
v 126.421 0.0549974 38.0189 
v 113.421 12.455 75.0189 
v 113.421 12.455 38.0189 
v 113.421 0.0549974 75.0189 
v 113.421 0.0549974 38.0189 

vn 0 0 -1 
vn 0 0 -1 
vn 0 0 -1 
vn 0 0 -1 
vn 0 1 0 
vn 0 1 0 
vn 0 1 0 
vn 0 1 0 
vn 1 0 0 
vn 1 0 0 
vn 1 0 0 
vn 1 0 0 
vn 0 0 1 
vn 0 0 1 
vn 0 0 1 
vn 0 0 1 
vn 0 -1 0 
vn 0 -1 0 
vn 0 -1 0 
vn 0 -1 0 
vn -1 0 0 
vn -1 0 0 
vn -1 0 0 
vn -1 0 0 

vt 2.875 -1.5 
vt 1.25 -1.5 
vt 2.875 -3.05 
vt 1.25 -3.05 
vt 5.875 -1.5 
vt 1.25 -1.5 
vt 5.875 -3.125 
vt 1.25 -3.125 
vt 5.875 -1.5 
vt 1.25 -1.5 
vt 5.875 -3.05 
vt 1.25 -3.05 
vt 2.875 -1.5 
vt 1.25 -1.5 
vt 2.875 -3.05 
vt 1.25 -3.05 
vt 5.875 -1.5 
vt 1.25 -1.5 
vt 5.875 -3.125 
vt 1.25 -3.125 
vt 5.875 -1.5 
vt 1.25 -1.5 
vt 5.875 -3.05 
vt 1.25 -3.05 

usemtl Height7Mtl

f 10469/10469/10469 10470/10470/10470 10471/10471/10471 
f 10471/10471/10471 10470/10470/10470 10472/10472/10472 
f 10473/10473/10473 10474/10474/10474 10475/10475/10475 
f 10475/10475/10475 10474/10474/10474 10476/10476/10476 
f 10477/10477/10477 10478/10478/10478 10479/10479/10479 
f 10479/10479/10479 10478/10478/10478 10480/10480/10480 
f 10481/10481/10481 10482/10482/10482 10483/10483/10483 
f 10483/10483/10483 10482/10482/10482 10484/10484/10484 
f 10485/10485/10485 10486/10486/10486 10487/10487/10487 
f 10487/10487/10487 10486/10486/10486 10488/10488/10488 
f 10489/10489/10489 10490/10490/10490 10491/10491/10491 
f 10491/10491/10491 10490/10490/10490 10492/10492/10492 

g Height168

v 109.421 6.65492 73.819 
v 109.421 6.65492 68.819 
v 109.421 3.45492 73.819 
v 109.421 3.45492 68.819 
v 113.421 6.65492 68.819 
v 109.421 6.65492 68.819 
v 113.421 6.65492 73.819 
v 109.421 6.65492 73.819 
v 109.421 6.65492 68.819 
v 113.421 6.65492 68.819 
v 109.421 3.45492 68.819 
v 113.421 3.45492 68.819 
v 113.421 6.65492 68.819 
v 113.421 6.65492 73.819 
v 113.421 3.45492 68.819 
v 113.421 3.45492 73.819 
v 113.421 3.45492 73.819 
v 109.421 3.45492 73.819 
v 113.421 3.45492 68.819 
v 109.421 3.45492 68.819 
v 113.421 6.65492 73.819 
v 109.421 6.65492 73.819 
v 113.421 3.45492 73.819 
v 109.421 3.45492 73.819 

vn -1 0 0 
vn -1 0 0 
vn -1 0 0 
vn -1 0 0 
vn 0 1 0 
vn 0 1 0 
vn 0 1 0 
vn 0 1 0 
vn 0 0 -1 
vn 0 0 -1 
vn 0 0 -1 
vn 0 0 -1 
vn 1 0 0 
vn 1 0 0 
vn 1 0 0 
vn 1 0 0 
vn 0 -1 0 
vn 0 -1 0 
vn 0 -1 0 
vn 0 -1 0 
vn 0 0 1 
vn 0 0 1 
vn 0 0 1 
vn 0 0 1 

vt 2.125 -1.5 
vt 1.5 -1.5 
vt 2.125 -1.9 
vt 1.5 -1.9 
vt 2 -1.5 
vt 1.5 -1.5 
vt 2 -2.125 
vt 1.5 -2.125 
vt 2 -1.5 
vt 1.5 -1.5 
vt 2 -1.9 
vt 1.5 -1.9 
vt 2.125 -1.5 
vt 1.5 -1.5 
vt 2.125 -1.9 
vt 1.5 -1.9 
vt 2 -1.5 
vt 1.5 -1.5 
vt 2 -2.125 
vt 1.5 -2.125 
vt 2 -1.5 
vt 1.5 -1.5 
vt 2 -1.9 
vt 1.5 -1.9 

usemtl Height171Mtl

f 10493/10493/10493 10494/10494/10494 10495/10495/10495 
f 10495/10495/10495 10494/10494/10494 10496/10496/10496 
f 10497/10497/10497 10498/10498/10498 10499/10499/10499 
f 10499/10499/10499 10498/10498/10498 10500/10500/10500 
f 10501/10501/10501 10502/10502/10502 10503/10503/10503 
f 10503/10503/10503 10502/10502/10502 10504/10504/10504 
f 10505/10505/10505 10506/10506/10506 10507/10507/10507 
f 10507/10507/10507 10506/10506/10506 10508/10508/10508 
f 10509/10509/10509 10510/10510/10510 10511/10511/10511 
f 10511/10511/10511 10510/10510/10510 10512/10512/10512 
f 10513/10513/10513 10514/10514/10514 10515/10515/10515 
f 10515/10515/10515 10514/10514/10514 10516/10516/10516 

g Height169

v 113.421 6.655 63.0189 
v 113.421 6.655 68.0189 
v 113.421 3.455 63.0189 
v 113.421 3.455 68.0189 
v 109.421 6.655 68.0189 
v 113.421 6.655 68.0189 
v 109.421 6.655 63.0189 
v 113.421 6.655 63.0189 
v 113.421 6.655 68.0189 
v 109.421 6.655 68.0189 
v 113.421 3.455 68.0189 
v 109.421 3.455 68.0189 
v 109.421 6.655 68.0189 
v 109.421 6.655 63.0189 
v 109.421 3.455 68.0189 
v 109.421 3.455 63.0189 
v 109.421 3.455 63.0189 
v 113.421 3.455 63.0189 
v 109.421 3.455 68.0189 
v 113.421 3.455 68.0189 
v 109.421 6.655 63.0189 
v 113.421 6.655 63.0189 
v 109.421 3.455 63.0189 
v 113.421 3.455 63.0189 

vn 1 0 0 
vn 1 0 0 
vn 1 0 0 
vn 1 0 0 
vn 0 1 0 
vn 0 1 0 
vn 0 1 0 
vn 0 1 0 
vn 0 0 1 
vn 0 0 1 
vn 0 0 1 
vn 0 0 1 
vn -1 0 0 
vn -1 0 0 
vn -1 0 0 
vn -1 0 0 
vn 0 -1 0 
vn 0 -1 0 
vn 0 -1 0 
vn 0 -1 0 
vn 0 0 -1 
vn 0 0 -1 
vn 0 0 -1 
vn 0 0 -1 

vt 7.125 -2 
vt 6.5 -2 
vt 7.125 -2.4 
vt 6.5 -2.4 
vt 7 -2 
vt 6.5 -2 
vt 7 -2.625 
vt 6.5 -2.625 
vt 7 -2 
vt 6.5 -2 
vt 7 -2.4 
vt 6.5 -2.4 
vt 7.125 -2 
vt 6.5 -2 
vt 7.125 -2.4 
vt 6.5 -2.4 
vt 7 -2 
vt 6.5 -2 
vt 7 -2.625 
vt 6.5 -2.625 
vt 7 -2 
vt 6.5 -2 
vt 7 -2.4 
vt 6.5 -2.4 

usemtl Height171Mtl

f 10517/10517/10517 10518/10518/10518 10519/10519/10519 
f 10519/10519/10519 10518/10518/10518 10520/10520/10520 
f 10521/10521/10521 10522/10522/10522 10523/10523/10523 
f 10523/10523/10523 10522/10522/10522 10524/10524/10524 
f 10525/10525/10525 10526/10526/10526 10527/10527/10527 
f 10527/10527/10527 10526/10526/10526 10528/10528/10528 
f 10529/10529/10529 10530/10530/10530 10531/10531/10531 
f 10531/10531/10531 10530/10530/10530 10532/10532/10532 
f 10533/10533/10533 10534/10534/10534 10535/10535/10535 
f 10535/10535/10535 10534/10534/10534 10536/10536/10536 
f 10537/10537/10537 10538/10538/10538 10539/10539/10539 
f 10539/10539/10539 10538/10538/10538 10540/10540/10540 

