# This file is brought to you by Roblox Corporation
# Generated by Roblox Studio

mtllib map.mtl

g Flag1

v -104 11.4001 432.624 
v -110 11.4004 432.624 
v -104 7.40011 432.624 
v -110 7.40037 432.624 
v -110 11.4004 432.374 
v -110 11.4004 432.624 
v -104 11.4001 432.374 
v -104 11.4001 432.624 
v -110 11.4004 432.624 
v -110 11.4004 432.374 
v -110 7.40037 432.624 
v -110 7.40037 432.374 
v -110 11.4004 432.374 
v -104 11.4001 432.374 
v -110 7.40037 432.374 
v -104 7.40011 432.374 
v -104 7.40011 432.374 
v -104 7.40011 432.624 
v -110 7.40037 432.374 
v -110 7.40037 432.624 
v -104 11.4001 432.374 
v -104 11.4001 432.624 
v -104 7.40011 432.374 
v -104 7.40011 432.624 

vn 0 0 1 
vn 0 0 1 
vn 0 0 1 
vn 0 0 1 
vn 0 1 0 
vn 0 1 0 
vn 0 1 0 
vn 0 1 0 
vn -1 0 0 
vn -1 0 0 
vn -1 0 0 
vn -1 0 0 
vn 0 0 -1 
vn 0 0 -1 
vn 0 0 -1 
vn 0 0 -1 
vn 0 -1 0 
vn 0 -1 0 
vn 0 -1 0 
vn 0 -1 0 
vn 1 0 0 
vn 1 0 0 
vn 1 0 0 
vn 1 0 0 

vt 7.75 -2 
vt 7 -2 
vt 7.75 -2.5 
vt 7 -2.5 
vt 7.03125 -2 
vt 7 -2 
vt 7.03125 -2.75 
vt 7 -2.75 
vt 7.03125 -2 
vt 7 -2 
vt 7.03125 -2.5 
vt 7 -2.5 
vt 7.75 -2 
vt 7 -2 
vt 7.75 -2.5 
vt 7 -2.5 
vt 7.03125 -2 
vt 7 -2 
vt 7.03125 -2.75 
vt 7 -2.75 
vt 7.03125 -2 
vt 7 -2 
vt 7.03125 -2.5 
vt 7 -2.5 

usemtl Flag1Mtl

f 1/1/1 2/2/2 3/3/3 
f 3/3/3 2/2/2 4/4/4 
f 5/5/5 6/6/6 7/7/7 
f 7/7/7 6/6/6 8/8/8 
f 9/9/9 10/10/10 11/11/11 
f 11/11/11 10/10/10 12/12/12 
f 13/13/13 14/14/14 15/15/15 
f 15/15/15 14/14/14 16/16/16 
f 17/17/17 18/18/18 19/19/19 
f 19/19/19 18/18/18 20/20/20 
f 21/21/21 22/22/22 23/23/23 
f 23/23/23 22/22/22 24/24/24 

g Stand1

v -110.501 0.400237 432.499 
v -110.147 0.400222 432.852 
v -110.085 0.400219 432.776 
v -110.026 0.400217 432.657 
v -110.001 0.400216 432.499 
v -110.026 0.400217 432.341 
v -110.085 0.400219 432.221 
v -110.147 0.400222 432.145 
v -110.147 0.400222 432.145 
v -110.223 0.400225 432.083 
v -110.342 0.40023 432.024 
v -110.501 0.400237 431.999 
v -110.659 0.400244 432.024 
v -110.778 0.400249 432.083 
v -110.854 0.400252 432.145 
v -110.854 0.400252 432.145 
v -110.917 0.400255 432.221 
v -110.975 0.400258 432.341 
v -111.001 0.400259 432.499 
v -110.975 0.400258 432.657 
v -110.917 0.400255 432.776 
v -110.854 0.400252 432.852 
v -110.854 0.400252 432.852 
v -110.778 0.400249 432.915 
v -110.659 0.400244 432.973 
v -110.501 0.400237 432.999 
v -110.342 0.40023 432.973 
v -110.223 0.400225 432.915 
v -110.147 0.400222 432.852 
v -110.854 11.4003 432.852 
v -110.854 0.400252 432.852 
v -110.777 11.4002 432.915 
v -110.778 0.400249 432.915 
v -110.658 11.4002 432.973 
v -110.659 0.400244 432.973 
v -110.5 11.4002 432.999 
v -110.501 0.400237 432.999 
v -110.342 11.4002 432.973 
v -110.342 0.40023 432.973 
v -110.223 11.4002 432.915 
v -110.223 0.400225 432.915 
v -110.147 11.4002 432.852 
v -110.147 0.400222 432.852 
v -110.854 0.400252 432.852 
v -110.854 11.4003 432.852 
v -110.917 0.400255 432.776 
v -110.916 11.4003 432.776 
v -110.975 0.400258 432.657 
v -110.974 11.4003 432.657 
v -111.001 0.400259 432.499 
v -111 11.4003 432.499 
v -110.975 0.400258 432.341 
v -110.974 11.4003 432.341 
v -110.917 0.400255 432.221 
v -110.916 11.4003 432.221 
v -110.854 0.400252 432.145 
v -110.854 11.4003 432.145 
v -110.5 11.4002 432.499 
v -110.854 11.4003 432.852 
v -110.916 11.4003 432.776 
v -110.974 11.4003 432.657 
v -111 11.4003 432.499 
v -110.974 11.4003 432.341 
v -110.916 11.4003 432.221 
v -110.854 11.4003 432.145 
v -110.854 11.4003 432.145 
v -110.777 11.4002 432.083 
v -110.658 11.4002 432.024 
v -110.5 11.4002 431.999 
v -110.342 11.4002 432.024 
v -110.223 11.4002 432.083 
v -110.147 11.4002 432.145 
v -110.147 11.4002 432.145 
v -110.084 11.4002 432.221 
v -110.026 11.4002 432.341 
v -110 11.4002 432.499 
v -110.026 11.4002 432.657 
v -110.084 11.4002 432.776 
v -110.147 11.4002 432.852 
v -110.147 11.4002 432.852 
v -110.223 11.4002 432.915 
v -110.342 11.4002 432.973 
v -110.5 11.4002 432.999 
v -110.658 11.4002 432.973 
v -110.777 11.4002 432.915 
v -110.854 11.4003 432.852 
v -110.147 11.4002 432.145 
v -110.147 0.400222 432.145 
v -110.223 11.4002 432.083 
v -110.223 0.400225 432.083 
v -110.342 11.4002 432.024 
v -110.342 0.40023 432.024 
v -110.5 11.4002 431.999 
v -110.501 0.400237 431.999 
v -110.658 11.4002 432.024 
v -110.659 0.400244 432.024 
v -110.777 11.4002 432.083 
v -110.778 0.400249 432.083 
v -110.854 11.4003 432.145 
v -110.854 0.400252 432.145 
v -110.147 11.4002 432.852 
v -110.147 0.400222 432.852 
v -110.084 11.4002 432.776 
v -110.085 0.400219 432.776 
v -110.026 11.4002 432.657 
v -110.026 0.400217 432.657 
v -110 11.4002 432.499 
v -110.001 0.400216 432.499 
v -110.026 11.4002 432.341 
v -110.026 0.400217 432.341 
v -110.084 11.4002 432.221 
v -110.085 0.400219 432.221 
v -110.147 11.4002 432.145 
v -110.147 0.400222 432.145 

vn 0 -1 0 
vn 0 -1 0 
vn 0 -1 0 
vn 0 -1 0 
vn 0 -1 0 
vn 0 -1 0 
vn 0 -1 0 
vn 0 -1 0 
vn 0 -1 0 
vn 0 -1 0 
vn 0 -1 0 
vn 0 -1 0 
vn 0 -1 0 
vn 0 -1 0 
vn 0 -1 0 
vn 0 -1 0 
vn 0 -1 0 
vn 0 -1 0 
vn 0 -1 0 
vn 0 -1 0 
vn 0 -1 0 
vn 0 -1 0 
vn 0 -1 0 
vn 0 -1 0 
vn 0 -1 0 
vn 0 -1 0 
vn 0 -1 0 
vn 0 -1 0 
vn 0 -1 0 
vn -0.708661 0 0.708661 
vn -0.708661 0 0.708661 
vn -0.551181 0 0.834646 
vn -0.551181 0 0.834646 
vn -0.314961 0 0.944882 
vn -0.314961 0 0.944882 
vn 0 0 1 
vn 0 0 1 
vn 0.314961 0 0.944882 
vn 0.314961 0 0.944882 
vn 0.551181 0 0.834646 
vn 0.551181 0 0.834646 
vn 0.708661 0 0.708661 
vn 0.708661 0 0.708661 
vn -0.708661 0 0.708661 
vn -0.708661 0 0.708661 
vn -0.834646 0 0.551181 
vn -0.834646 0 0.551181 
vn -0.944882 0 0.314961 
vn -0.944882 0 0.314961 
vn -1 0 0 
vn -1 0 0 
vn -0.944882 0 -0.314961 
vn -0.944882 0 -0.314961 
vn -0.834646 0 -0.551181 
vn -0.834646 0 -0.551181 
vn -0.708661 0 -0.708661 
vn -0.708661 0 -0.708661 
vn 0 1 0 
vn 0 1 0 
vn 0 1 0 
vn 0 1 0 
vn 0 1 0 
vn 0 1 0 
vn 0 1 0 
vn 0 1 0 
vn 0 1 0 
vn 0 1 0 
vn 0 1 0 
vn 0 1 0 
vn 0 1 0 
vn 0 1 0 
vn 0 1 0 
vn 0 1 0 
vn 0 1 0 
vn 0 1 0 
vn 0 1 0 
vn 0 1 0 
vn 0 1 0 
vn 0 1 0 
vn 0 1 0 
vn 0 1 0 
vn 0 1 0 
vn 0 1 0 
vn 0 1 0 
vn 0 1 0 
vn 0 1 0 
vn 0.708661 0 -0.708661 
vn 0.708661 0 -0.708661 
vn 0.551181 0 -0.834646 
vn 0.551181 0 -0.834646 
vn 0.314961 0 -0.944882 
vn 0.314961 0 -0.944882 
vn 0 0 -1 
vn 0 0 -1 
vn -0.314961 0 -0.944882 
vn -0.314961 0 -0.944882 
vn -0.551181 0 -0.834646 
vn -0.551181 0 -0.834646 
vn -0.708661 0 -0.708661 
vn -0.708661 0 -0.708661 
vn 0.708661 0 0.708661 
vn 0.708661 0 0.708661 
vn 0.834646 0 0.551181 
vn 0.834646 0 0.551181 
vn 0.944882 0 0.314961 
vn 0.944882 0 0.314961 
vn 1 0 0 
vn 1 0 0 
vn 0.944882 0 -0.314961 
vn 0.944882 0 -0.314961 
vn 0.834646 0 -0.551181 
vn 0.834646 0 -0.551181 
vn 0.708661 0 -0.708661 
vn 0.708661 0 -0.708661 

vt 3.3125 -2.8125 
vt 3.35669 -2.85669 
vt 3.34717 -2.8645 
vt 3.33226 -2.87179 
vt 3.3125 -2.875 
vt 3.29274 -2.87179 
vt 3.27783 -2.8645 
vt 3.26831 -2.85669 
vt 3.26831 -2.85669 
vt 3.2605 -2.84717 
vt 3.25321 -2.83226 
vt 3.25 -2.8125 
vt 3.25321 -2.79274 
vt 3.2605 -2.77783 
vt 3.26831 -2.76831 
vt 3.26831 -2.76831 
vt 3.27783 -2.7605 
vt 3.29274 -2.75321 
vt 3.3125 -2.75 
vt 3.33226 -2.75321 
vt 3.34717 -2.7605 
vt 3.35669 -2.76831 
vt 3.35669 -2.76831 
vt 3.3645 -2.77783 
vt 3.37179 -2.79274 
vt 3.375 -2.8125 
vt 3.37179 -2.83226 
vt 3.3645 -2.84717 
vt 3.35669 -2.85669 
vt 7.875 -6.5 
vt 6.5 -6.5 
vt 7.875 -6.52083 
vt 6.5 -6.52083 
vt 7.875 -6.54167 
vt 6.5 -6.54167 
vt 7.875 -6.5625 
vt 6.5 -6.5625 
vt 7.875 -6.58333 
vt 6.5 -6.58333 
vt 7.875 -6.60417 
vt 6.5 -6.60417 
vt 7.875 -6.625 
vt 6.5 -6.625 
vt 7.875 -6.5 
vt 6.5 -6.5 
vt 7.875 -6.52083 
vt 6.5 -6.52083 
vt 7.875 -6.54167 
vt 6.5 -6.54167 
vt 7.875 -6.5625 
vt 6.5 -6.5625 
vt 7.875 -6.58333 
vt 6.5 -6.58333 
vt 7.875 -6.60417 
vt 6.5 -6.60417 
vt 7.875 -6.625 
vt 6.5 -6.625 
vt 3.3125 -2.8125 
vt 3.26831 -2.76831 
vt 3.27783 -2.7605 
vt 3.29274 -2.75321 
vt 3.3125 -2.75 
vt 3.33226 -2.75321 
vt 3.34717 -2.7605 
vt 3.35669 -2.76831 
vt 3.35669 -2.76831 
vt 3.3645 -2.77783 
vt 3.37179 -2.79274 
vt 3.375 -2.8125 
vt 3.37179 -2.83226 
vt 3.3645 -2.84717 
vt 3.35669 -2.85669 
vt 3.35669 -2.85669 
vt 3.34717 -2.8645 
vt 3.33226 -2.87179 
vt 3.3125 -2.875 
vt 3.29274 -2.87179 
vt 3.27783 -2.8645 
vt 3.26831 -2.85669 
vt 3.26831 -2.85669 
vt 3.2605 -2.84717 
vt 3.25321 -2.83226 
vt 3.25 -2.8125 
vt 3.25321 -2.79274 
vt 3.2605 -2.77783 
vt 3.26831 -2.76831 
vt 7.875 -6.5 
vt 6.5 -6.5 
vt 7.875 -6.52083 
vt 6.5 -6.52083 
vt 7.875 -6.54167 
vt 6.5 -6.54167 
vt 7.875 -6.5625 
vt 6.5 -6.5625 
vt 7.875 -6.58333 
vt 6.5 -6.58333 
vt 7.875 -6.60417 
vt 6.5 -6.60417 
vt 7.875 -6.625 
vt 6.5 -6.625 
vt 7.875 -6.5 
vt 6.5 -6.5 
vt 7.875 -6.52083 
vt 6.5 -6.52083 
vt 7.875 -6.54167 
vt 6.5 -6.54167 
vt 7.875 -6.5625 
vt 6.5 -6.5625 
vt 7.875 -6.58333 
vt 6.5 -6.58333 
vt 7.875 -6.60417 
vt 6.5 -6.60417 
vt 7.875 -6.625 
vt 6.5 -6.625 

usemtl Stand1Mtl

f 25/25/25 27/27/27 26/26/26 
f 25/25/25 28/28/28 27/27/27 
f 25/25/25 29/29/29 28/28/28 
f 25/25/25 30/30/30 29/29/29 
f 25/25/25 31/31/31 30/30/30 
f 25/25/25 32/32/32 31/31/31 
f 25/25/25 34/34/34 33/33/33 
f 25/25/25 35/35/35 34/34/34 
f 25/25/25 36/36/36 35/35/35 
f 25/25/25 37/37/37 36/36/36 
f 25/25/25 38/38/38 37/37/37 
f 25/25/25 39/39/39 38/38/38 
f 25/25/25 41/41/41 40/40/40 
f 25/25/25 42/42/42 41/41/41 
f 25/25/25 43/43/43 42/42/42 
f 25/25/25 44/44/44 43/43/43 
f 25/25/25 45/45/45 44/44/44 
f 25/25/25 46/46/46 45/45/45 
f 25/25/25 48/48/48 47/47/47 
f 25/25/25 49/49/49 48/48/48 
f 25/25/25 50/50/50 49/49/49 
f 25/25/25 51/51/51 50/50/50 
f 25/25/25 52/52/52 51/51/51 
f 25/25/25 53/53/53 52/52/52 
f 54/54/54 55/55/55 56/56/56 
f 56/56/56 55/55/55 57/57/57 
f 56/56/56 57/57/57 58/58/58 
f 58/58/58 57/57/57 59/59/59 
f 58/58/58 59/59/59 60/60/60 
f 60/60/60 59/59/59 61/61/61 
f 60/60/60 61/61/61 62/62/62 
f 62/62/62 61/61/61 63/63/63 
f 62/62/62 63/63/63 64/64/64 
f 64/64/64 63/63/63 65/65/65 
f 64/64/64 65/65/65 66/66/66 
f 66/66/66 65/65/65 67/67/67 
f 68/68/68 69/69/69 70/70/70 
f 70/70/70 69/69/69 71/71/71 
f 70/70/70 71/71/71 72/72/72 
f 72/72/72 71/71/71 73/73/73 
f 72/72/72 73/73/73 74/74/74 
f 74/74/74 73/73/73 75/75/75 
f 74/74/74 75/75/75 76/76/76 
f 76/76/76 75/75/75 77/77/77 
f 76/76/76 77/77/77 78/78/78 
f 78/78/78 77/77/77 79/79/79 
f 78/78/78 79/79/79 80/80/80 
f 80/80/80 79/79/79 81/81/81 
f 82/82/82 84/84/84 83/83/83 
f 82/82/82 85/85/85 84/84/84 
f 82/82/82 86/86/86 85/85/85 
f 82/82/82 87/87/87 86/86/86 
f 82/82/82 88/88/88 87/87/87 
f 82/82/82 89/89/89 88/88/88 
f 82/82/82 91/91/91 90/90/90 
f 82/82/82 92/92/92 91/91/91 
f 82/82/82 93/93/93 92/92/92 
f 82/82/82 94/94/94 93/93/93 
f 82/82/82 95/95/95 94/94/94 
f 82/82/82 96/96/96 95/95/95 
f 82/82/82 98/98/98 97/97/97 
f 82/82/82 99/99/99 98/98/98 
f 82/82/82 100/100/100 99/99/99 
f 82/82/82 101/101/101 100/100/100 
f 82/82/82 102/102/102 101/101/101 
f 82/82/82 103/103/103 102/102/102 
f 82/82/82 105/105/105 104/104/104 
f 82/82/82 106/106/106 105/105/105 
f 82/82/82 107/107/107 106/106/106 
f 82/82/82 108/108/108 107/107/107 
f 82/82/82 109/109/109 108/108/108 
f 82/82/82 110/110/110 109/109/109 
f 111/111/111 112/112/112 113/113/113 
f 113/113/113 112/112/112 114/114/114 
f 113/113/113 114/114/114 115/115/115 
f 115/115/115 114/114/114 116/116/116 
f 115/115/115 116/116/116 117/117/117 
f 117/117/117 116/116/116 118/118/118 
f 117/117/117 118/118/118 119/119/119 
f 119/119/119 118/118/118 120/120/120 
f 119/119/119 120/120/120 121/121/121 
f 121/121/121 120/120/120 122/122/122 
f 121/121/121 122/122/122 123/123/123 
f 123/123/123 122/122/122 124/124/124 
f 125/125/125 126/126/126 127/127/127 
f 127/127/127 126/126/126 128/128/128 
f 127/127/127 128/128/128 129/129/129 
f 129/129/129 128/128/128 130/130/130 
f 129/129/129 130/130/130 131/131/131 
f 131/131/131 130/130/130 132/132/132 
f 131/131/131 132/132/132 133/133/133 
f 133/133/133 132/132/132 134/134/134 
f 133/133/133 134/134/134 135/135/135 
f 135/135/135 134/134/134 136/136/136 
f 135/135/135 136/136/136 137/137/137 
f 137/137/137 136/136/136 138/138/138 

g Flag2

v -273 11.4001 401.624 
v -279 11.4003 401.624 
v -273 7.40007 401.624 
v -279 7.40033 401.624 
v -279 11.4003 401.374 
v -279 11.4003 401.624 
v -273 11.4001 401.374 
v -273 11.4001 401.624 
v -279 11.4003 401.624 
v -279 11.4003 401.374 
v -279 7.40033 401.624 
v -279 7.40033 401.374 
v -279 11.4003 401.374 
v -273 11.4001 401.374 
v -279 7.40033 401.374 
v -273 7.40007 401.374 
v -273 7.40007 401.374 
v -273 7.40007 401.624 
v -279 7.40033 401.374 
v -279 7.40033 401.624 
v -273 11.4001 401.374 
v -273 11.4001 401.624 
v -273 7.40007 401.374 
v -273 7.40007 401.624 

vn 0 0 1 
vn 0 0 1 
vn 0 0 1 
vn 0 0 1 
vn 0 1 0 
vn 0 1 0 
vn 0 1 0 
vn 0 1 0 
vn -1 0 0 
vn -1 0 0 
vn -1 0 0 
vn -1 0 0 
vn 0 0 -1 
vn 0 0 -1 
vn 0 0 -1 
vn 0 0 -1 
vn 0 -1 0 
vn 0 -1 0 
vn 0 -1 0 
vn 0 -1 0 
vn 1 0 0 
vn 1 0 0 
vn 1 0 0 
vn 1 0 0 

vt 2.75 0 
vt 2 0 
vt 2.75 -0.5 
vt 2 -0.5 
vt 2.03125 0 
vt 2 0 
vt 2.03125 -0.75 
vt 2 -0.75 
vt 2.03125 0 
vt 2 0 
vt 2.03125 -0.5 
vt 2 -0.5 
vt 2.75 0 
vt 2 0 
vt 2.75 -0.5 
vt 2 -0.5 
vt 2.03125 0 
vt 2 0 
vt 2.03125 -0.75 
vt 2 -0.75 
vt 2.03125 0 
vt 2 0 
vt 2.03125 -0.5 
vt 2 -0.5 

usemtl Flag1Mtl

f 139/139/139 140/140/140 141/141/141 
f 141/141/141 140/140/140 142/142/142 
f 143/143/143 144/144/144 145/145/145 
f 145/145/145 144/144/144 146/146/146 
f 147/147/147 148/148/148 149/149/149 
f 149/149/149 148/148/148 150/150/150 
f 151/151/151 152/152/152 153/153/153 
f 153/153/153 152/152/152 154/154/154 
f 155/155/155 156/156/156 157/157/157 
f 157/157/157 156/156/156 158/158/158 
f 159/159/159 160/160/160 161/161/161 
f 161/161/161 160/160/160 162/162/162 

g Stand2

v -279.5 0.400182 401.499 
v -279.147 0.400167 401.853 
v -279.084 0.400164 401.777 
v -279.026 0.400161 401.657 
v -279 0.40016 401.499 
v -279.026 0.400161 401.341 
v -279.084 0.400164 401.222 
v -279.147 0.400167 401.146 
v -279.147 0.400167 401.146 
v -279.223 0.40017 401.083 
v -279.342 0.400175 401.025 
v -279.5 0.400182 400.999 
v -279.658 0.400188 401.025 
v -279.778 0.400194 401.083 
v -279.854 0.400197 401.146 
v -279.854 0.400197 401.146 
v -279.916 0.4002 401.222 
v -279.975 0.400202 401.341 
v -280 0.400203 401.499 
v -279.975 0.400202 401.657 
v -279.916 0.4002 401.776 
v -279.854 0.400197 401.853 
v -279.854 0.400197 401.853 
v -279.778 0.400194 401.915 
v -279.658 0.400188 401.973 
v -279.5 0.400182 401.999 
v -279.342 0.400175 401.973 
v -279.223 0.40017 401.915 
v -279.147 0.400167 401.853 
v -279.853 11.4002 401.853 
v -279.854 0.400197 401.853 
v -279.777 11.4002 401.915 
v -279.778 0.400194 401.915 
v -279.658 11.4002 401.973 
v -279.658 0.400188 401.973 
v -279.5 11.4002 401.999 
v -279.5 0.400182 401.999 
v -279.342 11.4002 401.973 
v -279.342 0.400175 401.973 
v -279.223 11.4002 401.915 
v -279.223 0.40017 401.915 
v -279.146 11.4002 401.853 
v -279.147 0.400167 401.853 
v -279.854 0.400197 401.853 
v -279.853 11.4002 401.853 
v -279.916 0.4002 401.776 
v -279.916 11.4002 401.776 
v -279.975 0.400202 401.657 
v -279.974 11.4002 401.657 
v -280 0.400203 401.499 
v -280 11.4002 401.499 
v -279.975 0.400202 401.341 
v -279.974 11.4002 401.341 
v -279.916 0.4002 401.222 
v -279.916 11.4002 401.222 
v -279.854 0.400197 401.146 
v -279.853 11.4002 401.146 
v -279.5 11.4002 401.499 
v -279.853 11.4002 401.853 
v -279.916 11.4002 401.776 
v -279.974 11.4002 401.657 
v -280 11.4002 401.499 
v -279.974 11.4002 401.341 
v -279.916 11.4002 401.222 
v -279.853 11.4002 401.146 
v -279.853 11.4002 401.146 
v -279.777 11.4002 401.083 
v -279.658 11.4002 401.025 
v -279.5 11.4002 400.999 
v -279.342 11.4002 401.025 
v -279.223 11.4002 401.083 
v -279.146 11.4002 401.146 
v -279.146 11.4002 401.146 
v -279.084 11.4002 401.222 
v -279.026 11.4002 401.341 
v -279 11.4002 401.499 
v -279.026 11.4002 401.657 
v -279.084 11.4002 401.777 
v -279.146 11.4002 401.853 
v -279.146 11.4002 401.853 
v -279.223 11.4002 401.915 
v -279.342 11.4002 401.973 
v -279.5 11.4002 401.999 
v -279.658 11.4002 401.973 
v -279.777 11.4002 401.915 
v -279.853 11.4002 401.853 
v -279.146 11.4002 401.146 
v -279.147 0.400167 401.146 
v -279.223 11.4002 401.083 
v -279.223 0.40017 401.083 
v -279.342 11.4002 401.025 
v -279.342 0.400175 401.025 
v -279.5 11.4002 400.999 
v -279.5 0.400182 400.999 
v -279.658 11.4002 401.025 
v -279.658 0.400188 401.025 
v -279.777 11.4002 401.083 
v -279.778 0.400194 401.083 
v -279.853 11.4002 401.146 
v -279.854 0.400197 401.146 
v -279.146 11.4002 401.853 
v -279.147 0.400167 401.853 
v -279.084 11.4002 401.777 
v -279.084 0.400164 401.777 
v -279.026 11.4002 401.657 
v -279.026 0.400161 401.657 
v -279 11.4002 401.499 
v -279 0.40016 401.499 
v -279.026 11.4002 401.341 
v -279.026 0.400161 401.341 
v -279.084 11.4002 401.222 
v -279.084 0.400164 401.222 
v -279.146 11.4002 401.146 
v -279.147 0.400167 401.146 

vn 0 -1 0 
vn 0 -1 0 
vn 0 -1 0 
vn 0 -1 0 
vn 0 -1 0 
vn 0 -1 0 
vn 0 -1 0 
vn 0 -1 0 
vn 0 -1 0 
vn 0 -1 0 
vn 0 -1 0 
vn 0 -1 0 
vn 0 -1 0 
vn 0 -1 0 
vn 0 -1 0 
vn 0 -1 0 
vn 0 -1 0 
vn 0 -1 0 
vn 0 -1 0 
vn 0 -1 0 
vn 0 -1 0 
vn 0 -1 0 
vn 0 -1 0 
vn 0 -1 0 
vn 0 -1 0 
vn 0 -1 0 
vn 0 -1 0 
vn 0 -1 0 
vn 0 -1 0 
vn -0.708661 0 0.708661 
vn -0.708661 0 0.708661 
vn -0.551181 0 0.834646 
vn -0.551181 0 0.834646 
vn -0.314961 0 0.944882 
vn -0.314961 0 0.944882 
vn 0 0 1 
vn 0 0 1 
vn 0.314961 0 0.944882 
vn 0.314961 0 0.944882 
vn 0.551181 0 0.834646 
vn 0.551181 0 0.834646 
vn 0.708661 0 0.708661 
vn 0.708661 0 0.708661 
vn -0.708661 0 0.708661 
vn -0.708661 0 0.708661 
vn -0.834646 0 0.551181 
vn -0.834646 0 0.551181 
vn -0.944882 0 0.314961 
vn -0.944882 0 0.314961 
vn -1 0 0 
vn -1 0 0 
vn -0.944882 0 -0.314961 
vn -0.944882 0 -0.314961 
vn -0.834646 0 -0.551181 
vn -0.834646 0 -0.551181 
vn -0.708661 0 -0.708661 
vn -0.708661 0 -0.708661 
vn 0 1 0 
vn 0 1 0 
vn 0 1 0 
vn 0 1 0 
vn 0 1 0 
vn 0 1 0 
vn 0 1 0 
vn 0 1 0 
vn 0 1 0 
vn 0 1 0 
vn 0 1 0 
vn 0 1 0 
vn 0 1 0 
vn 0 1 0 
vn 0 1 0 
vn 0 1 0 
vn 0 1 0 
vn 0 1 0 
vn 0 1 0 
vn 0 1 0 
vn 0 1 0 
vn 0 1 0 
vn 0 1 0 
vn 0 1 0 
vn 0 1 0 
vn 0 1 0 
vn 0 1 0 
vn 0 1 0 
vn 0 1 0 
vn 0.708661 0 -0.708661 
vn 0.708661 0 -0.708661 
vn 0.551181 0 -0.834646 
vn 0.551181 0 -0.834646 
vn 0.314961 0 -0.944882 
vn 0.314961 0 -0.944882 
vn 0 0 -1 
vn 0 0 -1 
vn -0.314961 0 -0.944882 
vn -0.314961 0 -0.944882 
vn -0.551181 0 -0.834646 
vn -0.551181 0 -0.834646 
vn -0.708661 0 -0.708661 
vn -0.708661 0 -0.708661 
vn 0.708661 0 0.708661 
vn 0.708661 0 0.708661 
vn 0.834646 0 0.551181 
vn 0.834646 0 0.551181 
vn 0.944882 0 0.314961 
vn 0.944882 0 0.314961 
vn 1 0 0 
vn 1 0 0 
vn 0.944882 0 -0.314961 
vn 0.944882 0 -0.314961 
vn 0.834646 0 -0.551181 
vn 0.834646 0 -0.551181 
vn 0.708661 0 -0.708661 
vn 0.708661 0 -0.708661 

vt 3.8125 0.9375 
vt 3.85669 0.893306 
vt 3.84717 0.885497 
vt 3.83226 0.878207 
vt 3.8125 0.875 
vt 3.79274 0.878207 
vt 3.77783 0.885497 
vt 3.76831 0.893306 
vt 3.76831 0.893306 
vt 3.7605 0.902831 
vt 3.75321 0.917736 
vt 3.75 0.9375 
vt 3.75321 0.957264 
vt 3.7605 0.972169 
vt 3.76831 0.981694 
vt 3.76831 0.981694 
vt 3.77783 0.989503 
vt 3.79274 0.996793 
vt 3.8125 1 
vt 3.83226 0.996793 
vt 3.84717 0.989503 
vt 3.85669 0.981694 
vt 3.85669 0.981694 
vt 3.8645 0.972169 
vt 3.87179 0.957264 
vt 3.875 0.9375 
vt 3.87179 0.917736 
vt 3.8645 0.902831 
vt 3.85669 0.893306 
vt 8.875 1 
vt 7.5 1 
vt 8.875 0.979167 
vt 7.5 0.979167 
vt 8.875 0.958333 
vt 7.5 0.958333 
vt 8.875 0.9375 
vt 7.5 0.9375 
vt 8.875 0.916667 
vt 7.5 0.916667 
vt 8.875 0.895833 
vt 7.5 0.895833 
vt 8.875 0.875 
vt 7.5 0.875 
vt 8.875 1 
vt 7.5 1 
vt 8.875 0.979167 
vt 7.5 0.979167 
vt 8.875 0.958333 
vt 7.5 0.958333 
vt 8.875 0.9375 
vt 7.5 0.9375 
vt 8.875 0.916667 
vt 7.5 0.916667 
vt 8.875 0.895833 
vt 7.5 0.895833 
vt 8.875 0.875 
vt 7.5 0.875 
vt 3.8125 0.9375 
vt 3.76831 0.981694 
vt 3.77783 0.989503 
vt 3.79274 0.996793 
vt 3.8125 1 
vt 3.83226 0.996793 
vt 3.84717 0.989503 
vt 3.85669 0.981694 
vt 3.85669 0.981694 
vt 3.8645 0.972169 
vt 3.87179 0.957264 
vt 3.875 0.9375 
vt 3.87179 0.917736 
vt 3.8645 0.902831 
vt 3.85669 0.893306 
vt 3.85669 0.893306 
vt 3.84717 0.885497 
vt 3.83226 0.878207 
vt 3.8125 0.875 
vt 3.79274 0.878207 
vt 3.77783 0.885497 
vt 3.76831 0.893306 
vt 3.76831 0.893306 
vt 3.7605 0.902831 
vt 3.75321 0.917736 
vt 3.75 0.9375 
vt 3.75321 0.957264 
vt 3.7605 0.972169 
vt 3.76831 0.981694 
vt 8.875 1 
vt 7.5 1 
vt 8.875 0.979167 
vt 7.5 0.979167 
vt 8.875 0.958333 
vt 7.5 0.958333 
vt 8.875 0.9375 
vt 7.5 0.9375 
vt 8.875 0.916667 
vt 7.5 0.916667 
vt 8.875 0.895833 
vt 7.5 0.895833 
vt 8.875 0.875 
vt 7.5 0.875 
vt 8.875 1 
vt 7.5 1 
vt 8.875 0.979167 
vt 7.5 0.979167 
vt 8.875 0.958333 
vt 7.5 0.958333 
vt 8.875 0.9375 
vt 7.5 0.9375 
vt 8.875 0.916667 
vt 7.5 0.916667 
vt 8.875 0.895833 
vt 7.5 0.895833 
vt 8.875 0.875 
vt 7.5 0.875 

usemtl Stand1Mtl

f 163/163/163 165/165/165 164/164/164 
f 163/163/163 166/166/166 165/165/165 
f 163/163/163 167/167/167 166/166/166 
f 163/163/163 168/168/168 167/167/167 
f 163/163/163 169/169/169 168/168/168 
f 163/163/163 170/170/170 169/169/169 
f 163/163/163 172/172/172 171/171/171 
f 163/163/163 173/173/173 172/172/172 
f 163/163/163 174/174/174 173/173/173 
f 163/163/163 175/175/175 174/174/174 
f 163/163/163 176/176/176 175/175/175 
f 163/163/163 177/177/177 176/176/176 
f 163/163/163 179/179/179 178/178/178 
f 163/163/163 180/180/180 179/179/179 
f 163/163/163 181/181/181 180/180/180 
f 163/163/163 182/182/182 181/181/181 
f 163/163/163 183/183/183 182/182/182 
f 163/163/163 184/184/184 183/183/183 
f 163/163/163 186/186/186 185/185/185 
f 163/163/163 187/187/187 186/186/186 
f 163/163/163 188/188/188 187/187/187 
f 163/163/163 189/189/189 188/188/188 
f 163/163/163 190/190/190 189/189/189 
f 163/163/163 191/191/191 190/190/190 
f 192/192/192 193/193/193 194/194/194 
f 194/194/194 193/193/193 195/195/195 
f 194/194/194 195/195/195 196/196/196 
f 196/196/196 195/195/195 197/197/197 
f 196/196/196 197/197/197 198/198/198 
f 198/198/198 197/197/197 199/199/199 
f 198/198/198 199/199/199 200/200/200 
f 200/200/200 199/199/199 201/201/201 
f 200/200/200 201/201/201 202/202/202 
f 202/202/202 201/201/201 203/203/203 
f 202/202/202 203/203/203 204/204/204 
f 204/204/204 203/203/203 205/205/205 
f 206/206/206 207/207/207 208/208/208 
f 208/208/208 207/207/207 209/209/209 
f 208/208/208 209/209/209 210/210/210 
f 210/210/210 209/209/209 211/211/211 
f 210/210/210 211/211/211 212/212/212 
f 212/212/212 211/211/211 213/213/213 
f 212/212/212 213/213/213 214/214/214 
f 214/214/214 213/213/213 215/215/215 
f 214/214/214 215/215/215 216/216/216 
f 216/216/216 215/215/215 217/217/217 
f 216/216/216 217/217/217 218/218/218 
f 218/218/218 217/217/217 219/219/219 
f 220/220/220 222/222/222 221/221/221 
f 220/220/220 223/223/223 222/222/222 
f 220/220/220 224/224/224 223/223/223 
f 220/220/220 225/225/225 224/224/224 
f 220/220/220 226/226/226 225/225/225 
f 220/220/220 227/227/227 226/226/226 
f 220/220/220 229/229/229 228/228/228 
f 220/220/220 230/230/230 229/229/229 
f 220/220/220 231/231/231 230/230/230 
f 220/220/220 232/232/232 231/231/231 
f 220/220/220 233/233/233 232/232/232 
f 220/220/220 234/234/234 233/233/233 
f 220/220/220 236/236/236 235/235/235 
f 220/220/220 237/237/237 236/236/236 
f 220/220/220 238/238/238 237/237/237 
f 220/220/220 239/239/239 238/238/238 
f 220/220/220 240/240/240 239/239/239 
f 220/220/220 241/241/241 240/240/240 
f 220/220/220 243/243/243 242/242/242 
f 220/220/220 244/244/244 243/243/243 
f 220/220/220 245/245/245 244/244/244 
f 220/220/220 246/246/246 245/245/245 
f 220/220/220 247/247/247 246/246/246 
f 220/220/220 248/248/248 247/247/247 
f 249/249/249 250/250/250 251/251/251 
f 251/251/251 250/250/250 252/252/252 
f 251/251/251 252/252/252 253/253/253 
f 253/253/253 252/252/252 254/254/254 
f 253/253/253 254/254/254 255/255/255 
f 255/255/255 254/254/254 256/256/256 
f 255/255/255 256/256/256 257/257/257 
f 257/257/257 256/256/256 258/258/258 
f 257/257/257 258/258/258 259/259/259 
f 259/259/259 258/258/258 260/260/260 
f 259/259/259 260/260/260 261/261/261 
f 261/261/261 260/260/260 262/262/262 
f 263/263/263 264/264/264 265/265/265 
f 265/265/265 264/264/264 266/266/266 
f 265/265/265 266/266/266 267/267/267 
f 267/267/267 266/266/266 268/268/268 
f 267/267/267 268/268/268 269/269/269 
f 269/269/269 268/268/268 270/270/270 
f 269/269/269 270/270/270 271/271/271 
f 271/271/271 270/270/270 272/272/272 
f 271/271/271 272/272/272 273/273/273 
f 273/273/273 272/272/272 274/274/274 
f 273/273/273 274/274/274 275/275/275 
f 275/275/275 274/274/274 276/276/276 

g Flag3

v -179 24.4 429.375 
v -173 24.4 429.375 
v -179 20.4 429.375 
v -173 20.4 429.375 
v -173 24.4 429.625 
v -173 24.4 429.375 
v -179 24.4 429.625 
v -179 24.4 429.375 
v -173 24.4 429.375 
v -173 24.4 429.625 
v -173 20.4 429.375 
v -173 20.4 429.625 
v -173 24.4 429.625 
v -179 24.4 429.625 
v -173 20.4 429.625 
v -179 20.4 429.625 
v -179 20.4 429.625 
v -179 20.4 429.375 
v -173 20.4 429.625 
v -173 20.4 429.375 
v -179 24.4 429.625 
v -179 24.4 429.375 
v -179 20.4 429.625 
v -179 20.4 429.375 

vn 0 0 -1 
vn 0 0 -1 
vn 0 0 -1 
vn 0 0 -1 
vn 0 1 0 
vn 0 1 0 
vn 0 1 0 
vn 0 1 0 
vn 1 0 0 
vn 1 0 0 
vn 1 0 0 
vn 1 0 0 
vn 0 0 1 
vn 0 0 1 
vn 0 0 1 
vn 0 0 1 
vn 0 -1 0 
vn 0 -1 0 
vn 0 -1 0 
vn 0 -1 0 
vn -1 0 0 
vn -1 0 0 
vn -1 0 0 
vn -1 0 0 

vt 8.25 0.75 
vt 7.5 0.75 
vt 8.25 0.25 
vt 7.5 0.25 
vt 7.53125 0.75 
vt 7.5 0.75 
vt 7.53125 0 
vt 7.5 0 
vt 7.53125 0.75 
vt 7.5 0.75 
vt 7.53125 0.25 
vt 7.5 0.25 
vt 8.25 0.75 
vt 7.5 0.75 
vt 8.25 0.25 
vt 7.5 0.25 
vt 7.53125 0.75 
vt 7.5 0.75 
vt 7.53125 0 
vt 7.5 0 
vt 7.53125 0.75 
vt 7.5 0.75 
vt 7.53125 0.25 
vt 7.5 0.25 

usemtl Flag1Mtl

f 277/277/277 278/278/278 279/279/279 
f 279/279/279 278/278/278 280/280/280 
f 281/281/281 282/282/282 283/283/283 
f 283/283/283 282/282/282 284/284/284 
f 285/285/285 286/286/286 287/287/287 
f 287/287/287 286/286/286 288/288/288 
f 289/289/289 290/290/290 291/291/291 
f 291/291/291 290/290/290 292/292/292 
f 293/293/293 294/294/294 295/295/295 
f 295/295/295 294/294/294 296/296/296 
f 297/297/297 298/298/298 299/299/299 
f 299/299/299 298/298/298 300/300/300 

g Stand3

v -172.5 13.4 429.5 
v -172.854 13.4 429.146 
v -172.916 13.4 429.223 
v -172.974 13.4 429.342 
v -173 13.4 429.5 
v -172.974 13.4 429.658 
v -172.916 13.4 429.777 
v -172.854 13.4 429.854 
v -172.854 13.4 429.854 
v -172.777 13.4 429.916 
v -172.658 13.4 429.974 
v -172.5 13.4 430 
v -172.342 13.4 429.974 
v -172.223 13.4 429.916 
v -172.146 13.4 429.854 
v -172.146 13.4 429.854 
v -172.084 13.4 429.777 
v -172.026 13.4 429.658 
v -172 13.4 429.5 
v -172.026 13.4 429.342 
v -172.084 13.4 429.223 
v -172.146 13.4 429.146 
v -172.146 13.4 429.146 
v -172.223 13.4 429.084 
v -172.342 13.4 429.026 
v -172.5 13.4 429 
v -172.658 13.4 429.026 
v -172.777 13.4 429.084 
v -172.854 13.4 429.146 
v -172.146 24.4 429.146 
v -172.146 13.4 429.146 
v -172.223 24.4 429.084 
v -172.223 13.4 429.084 
v -172.342 24.4 429.026 
v -172.342 13.4 429.026 
v -172.5 24.4 429 
v -172.5 13.4 429 
v -172.658 24.4 429.026 
v -172.658 13.4 429.026 
v -172.777 24.4 429.084 
v -172.777 13.4 429.084 
v -172.854 24.4 429.146 
v -172.854 13.4 429.146 
v -172.146 13.4 429.146 
v -172.146 24.4 429.146 
v -172.084 13.4 429.223 
v -172.084 24.4 429.223 
v -172.026 13.4 429.342 
v -172.026 24.4 429.342 
v -172 13.4 429.5 
v -172 24.4 429.5 
v -172.026 13.4 429.658 
v -172.026 24.4 429.658 
v -172.084 13.4 429.777 
v -172.084 24.4 429.777 
v -172.146 13.4 429.854 
v -172.146 24.4 429.854 
v -172.5 24.4 429.5 
v -172.146 24.4 429.146 
v -172.084 24.4 429.223 
v -172.026 24.4 429.342 
v -172 24.4 429.5 
v -172.026 24.4 429.658 
v -172.084 24.4 429.777 
v -172.146 24.4 429.854 
v -172.146 24.4 429.854 
v -172.223 24.4 429.916 
v -172.342 24.4 429.974 
v -172.5 24.4 430 
v -172.658 24.4 429.974 
v -172.777 24.4 429.916 
v -172.854 24.4 429.854 
v -172.854 24.4 429.854 
v -172.916 24.4 429.777 
v -172.974 24.4 429.658 
v -173 24.4 429.5 
v -172.974 24.4 429.342 
v -172.916 24.4 429.223 
v -172.854 24.4 429.146 
v -172.854 24.4 429.146 
v -172.777 24.4 429.084 
v -172.658 24.4 429.026 
v -172.5 24.4 429 
v -172.342 24.4 429.026 
v -172.223 24.4 429.084 
v -172.146 24.4 429.146 
v -172.854 24.4 429.854 
v -172.854 13.4 429.854 
v -172.777 24.4 429.916 
v -172.777 13.4 429.916 
v -172.658 24.4 429.974 
v -172.658 13.4 429.974 
v -172.5 24.4 430 
v -172.5 13.4 430 
v -172.342 24.4 429.974 
v -172.342 13.4 429.974 
v -172.223 24.4 429.916 
v -172.223 13.4 429.916 
v -172.146 24.4 429.854 
v -172.146 13.4 429.854 
v -172.854 24.4 429.146 
v -172.854 13.4 429.146 
v -172.916 24.4 429.223 
v -172.916 13.4 429.223 
v -172.974 24.4 429.342 
v -172.974 13.4 429.342 
v -173 24.4 429.5 
v -173 13.4 429.5 
v -172.974 24.4 429.658 
v -172.974 13.4 429.658 
v -172.916 24.4 429.777 
v -172.916 13.4 429.777 
v -172.854 24.4 429.854 
v -172.854 13.4 429.854 

vn 0 -1 0 
vn 0 -1 0 
vn 0 -1 0 
vn 0 -1 0 
vn 0 -1 0 
vn 0 -1 0 
vn 0 -1 0 
vn 0 -1 0 
vn 0 -1 0 
vn 0 -1 0 
vn 0 -1 0 
vn 0 -1 0 
vn 0 -1 0 
vn 0 -1 0 
vn 0 -1 0 
vn 0 -1 0 
vn 0 -1 0 
vn 0 -1 0 
vn 0 -1 0 
vn 0 -1 0 
vn 0 -1 0 
vn 0 -1 0 
vn 0 -1 0 
vn 0 -1 0 
vn 0 -1 0 
vn 0 -1 0 
vn 0 -1 0 
vn 0 -1 0 
vn 0 -1 0 
vn 0.708661 0 -0.708661 
vn 0.708661 0 -0.708661 
vn 0.551181 0 -0.834646 
vn 0.551181 0 -0.834646 
vn 0.314961 0 -0.944882 
vn 0.314961 0 -0.944882 
vn 0 0 -1 
vn 0 0 -1 
vn -0.314961 0 -0.944882 
vn -0.314961 0 -0.944882 
vn -0.551181 0 -0.834646 
vn -0.551181 0 -0.834646 
vn -0.708661 0 -0.708661 
vn -0.708661 0 -0.708661 
vn 0.708661 0 -0.708661 
vn 0.708661 0 -0.708661 
vn 0.834646 0 -0.551181 
vn 0.834646 0 -0.551181 
vn 0.944882 0 -0.314961 
vn 0.944882 0 -0.314961 
vn 1 0 0 
vn 1 0 0 
vn 0.944882 0 0.314961 
vn 0.944882 0 0.314961 
vn 0.834646 0 0.551181 
vn 0.834646 0 0.551181 
vn 0.708661 0 0.708661 
vn 0.708661 0 0.708661 
vn 0 1 0 
vn 0 1 0 
vn 0 1 0 
vn 0 1 0 
vn 0 1 0 
vn 0 1 0 
vn 0 1 0 
vn 0 1 0 
vn 0 1 0 
vn 0 1 0 
vn 0 1 0 
vn 0 1 0 
vn 0 1 0 
vn 0 1 0 
vn 0 1 0 
vn 0 1 0 
vn 0 1 0 
vn 0 1 0 
vn 0 1 0 
vn 0 1 0 
vn 0 1 0 
vn 0 1 0 
vn 0 1 0 
vn 0 1 0 
vn 0 1 0 
vn 0 1 0 
vn 0 1 0 
vn 0 1 0 
vn 0 1 0 
vn -0.708661 0 0.708661 
vn -0.708661 0 0.708661 
vn -0.551181 0 0.834646 
vn -0.551181 0 0.834646 
vn -0.314961 0 0.944882 
vn -0.314961 0 0.944882 
vn 0 0 1 
vn 0 0 1 
vn 0.314961 0 0.944882 
vn 0.314961 0 0.944882 
vn 0.551181 0 0.834646 
vn 0.551181 0 0.834646 
vn 0.708661 0 0.708661 
vn 0.708661 0 0.708661 
vn -0.708661 0 -0.708661 
vn -0.708661 0 -0.708661 
vn -0.834646 0 -0.551181 
vn -0.834646 0 -0.551181 
vn -0.944882 0 -0.314961 
vn -0.944882 0 -0.314961 
vn -1 0 0 
vn -1 0 0 
vn -0.944882 0 0.314961 
vn -0.944882 0 0.314961 
vn -0.834646 0 0.551181 
vn -0.834646 0 0.551181 
vn -0.708661 0 0.708661 
vn -0.708661 0 0.708661 

vt 0.5625 -4.3125 
vt 0.606694 -4.35669 
vt 0.597169 -4.3645 
vt 0.582264 -4.37179 
vt 0.5625 -4.375 
vt 0.542736 -4.37179 
vt 0.527831 -4.3645 
vt 0.518306 -4.35669 
vt 0.518306 -4.35669 
vt 0.510497 -4.34717 
vt 0.503207 -4.33226 
vt 0.5 -4.3125 
vt 0.503207 -4.29274 
vt 0.510497 -4.27783 
vt 0.518306 -4.26831 
vt 0.518306 -4.26831 
vt 0.527831 -4.2605 
vt 0.542736 -4.25321 
vt 0.5625 -4.25 
vt 0.582264 -4.25321 
vt 0.597169 -4.2605 
vt 0.606694 -4.26831 
vt 0.606694 -4.26831 
vt 0.614503 -4.27783 
vt 0.621793 -4.29274 
vt 0.625 -4.3125 
vt 0.621793 -4.33226 
vt 0.614503 -4.34717 
vt 0.606694 -4.35669 
vt 2.375 -9.5 
vt 1 -9.5 
vt 2.375 -9.52083 
vt 1 -9.52083 
vt 2.375 -9.54167 
vt 1 -9.54167 
vt 2.375 -9.5625 
vt 1 -9.5625 
vt 2.375 -9.58333 
vt 1 -9.58333 
vt 2.375 -9.60417 
vt 1 -9.60417 
vt 2.375 -9.625 
vt 1 -9.625 
vt 2.375 -9.5 
vt 1 -9.5 
vt 2.375 -9.52083 
vt 1 -9.52083 
vt 2.375 -9.54167 
vt 1 -9.54167 
vt 2.375 -9.5625 
vt 1 -9.5625 
vt 2.375 -9.58333 
vt 1 -9.58333 
vt 2.375 -9.60417 
vt 1 -9.60417 
vt 2.375 -9.625 
vt 1 -9.625 
vt 0.5625 -4.3125 
vt 0.518306 -4.26831 
vt 0.527831 -4.2605 
vt 0.542736 -4.25321 
vt 0.5625 -4.25 
vt 0.582264 -4.25321 
vt 0.597169 -4.2605 
vt 0.606694 -4.26831 
vt 0.606694 -4.26831 
vt 0.614503 -4.27783 
vt 0.621793 -4.29274 
vt 0.625 -4.3125 
vt 0.621793 -4.33226 
vt 0.614503 -4.34717 
vt 0.606694 -4.35669 
vt 0.606694 -4.35669 
vt 0.597169 -4.3645 
vt 0.582264 -4.37179 
vt 0.5625 -4.375 
vt 0.542736 -4.37179 
vt 0.527831 -4.3645 
vt 0.518306 -4.35669 
vt 0.518306 -4.35669 
vt 0.510497 -4.34717 
vt 0.503207 -4.33226 
vt 0.5 -4.3125 
vt 0.503207 -4.29274 
vt 0.510497 -4.27783 
vt 0.518306 -4.26831 
vt 2.375 -9.5 
vt 1 -9.5 
vt 2.375 -9.52083 
vt 1 -9.52083 
vt 2.375 -9.54167 
vt 1 -9.54167 
vt 2.375 -9.5625 
vt 1 -9.5625 
vt 2.375 -9.58333 
vt 1 -9.58333 
vt 2.375 -9.60417 
vt 1 -9.60417 
vt 2.375 -9.625 
vt 1 -9.625 
vt 2.375 -9.5 
vt 1 -9.5 
vt 2.375 -9.52083 
vt 1 -9.52083 
vt 2.375 -9.54167 
vt 1 -9.54167 
vt 2.375 -9.5625 
vt 1 -9.5625 
vt 2.375 -9.58333 
vt 1 -9.58333 
vt 2.375 -9.60417 
vt 1 -9.60417 
vt 2.375 -9.625 
vt 1 -9.625 

usemtl Stand1Mtl

f 301/301/301 303/303/303 302/302/302 
f 301/301/301 304/304/304 303/303/303 
f 301/301/301 305/305/305 304/304/304 
f 301/301/301 306/306/306 305/305/305 
f 301/301/301 307/307/307 306/306/306 
f 301/301/301 308/308/308 307/307/307 
f 301/301/301 310/310/310 309/309/309 
f 301/301/301 311/311/311 310/310/310 
f 301/301/301 312/312/312 311/311/311 
f 301/301/301 313/313/313 312/312/312 
f 301/301/301 314/314/314 313/313/313 
f 301/301/301 315/315/315 314/314/314 
f 301/301/301 317/317/317 316/316/316 
f 301/301/301 318/318/318 317/317/317 
f 301/301/301 319/319/319 318/318/318 
f 301/301/301 320/320/320 319/319/319 
f 301/301/301 321/321/321 320/320/320 
f 301/301/301 322/322/322 321/321/321 
f 301/301/301 324/324/324 323/323/323 
f 301/301/301 325/325/325 324/324/324 
f 301/301/301 326/326/326 325/325/325 
f 301/301/301 327/327/327 326/326/326 
f 301/301/301 328/328/328 327/327/327 
f 301/301/301 329/329/329 328/328/328 
f 330/330/330 331/331/331 332/332/332 
f 332/332/332 331/331/331 333/333/333 
f 332/332/332 333/333/333 334/334/334 
f 334/334/334 333/333/333 335/335/335 
f 334/334/334 335/335/335 336/336/336 
f 336/336/336 335/335/335 337/337/337 
f 336/336/336 337/337/337 338/338/338 
f 338/338/338 337/337/337 339/339/339 
f 338/338/338 339/339/339 340/340/340 
f 340/340/340 339/339/339 341/341/341 
f 340/340/340 341/341/341 342/342/342 
f 342/342/342 341/341/341 343/343/343 
f 344/344/344 345/345/345 346/346/346 
f 346/346/346 345/345/345 347/347/347 
f 346/346/346 347/347/347 348/348/348 
f 348/348/348 347/347/347 349/349/349 
f 348/348/348 349/349/349 350/350/350 
f 350/350/350 349/349/349 351/351/351 
f 350/350/350 351/351/351 352/352/352 
f 352/352/352 351/351/351 353/353/353 
f 352/352/352 353/353/353 354/354/354 
f 354/354/354 353/353/353 355/355/355 
f 354/354/354 355/355/355 356/356/356 
f 356/356/356 355/355/355 357/357/357 
f 358/358/358 360/360/360 359/359/359 
f 358/358/358 361/361/361 360/360/360 
f 358/358/358 362/362/362 361/361/361 
f 358/358/358 363/363/363 362/362/362 
f 358/358/358 364/364/364 363/363/363 
f 358/358/358 365/365/365 364/364/364 
f 358/358/358 367/367/367 366/366/366 
f 358/358/358 368/368/368 367/367/367 
f 358/358/358 369/369/369 368/368/368 
f 358/358/358 370/370/370 369/369/369 
f 358/358/358 371/371/371 370/370/370 
f 358/358/358 372/372/372 371/371/371 
f 358/358/358 374/374/374 373/373/373 
f 358/358/358 375/375/375 374/374/374 
f 358/358/358 376/376/376 375/375/375 
f 358/358/358 377/377/377 376/376/376 
f 358/358/358 378/378/378 377/377/377 
f 358/358/358 379/379/379 378/378/378 
f 358/358/358 381/381/381 380/380/380 
f 358/358/358 382/382/382 381/381/381 
f 358/358/358 383/383/383 382/382/382 
f 358/358/358 384/384/384 383/383/383 
f 358/358/358 385/385/385 384/384/384 
f 358/358/358 386/386/386 385/385/385 
f 387/387/387 388/388/388 389/389/389 
f 389/389/389 388/388/388 390/390/390 
f 389/389/389 390/390/390 391/391/391 
f 391/391/391 390/390/390 392/392/392 
f 391/391/391 392/392/392 393/393/393 
f 393/393/393 392/392/392 394/394/394 
f 393/393/393 394/394/394 395/395/395 
f 395/395/395 394/394/394 396/396/396 
f 395/395/395 396/396/396 397/397/397 
f 397/397/397 396/396/396 398/398/398 
f 397/397/397 398/398/398 399/399/399 
f 399/399/399 398/398/398 400/400/400 
f 401/401/401 402/402/402 403/403/403 
f 403/403/403 402/402/402 404/404/404 
f 403/403/403 404/404/404 405/405/405 
f 405/405/405 404/404/404 406/406/406 
f 405/405/405 406/406/406 407/407/407 
f 407/407/407 406/406/406 408/408/408 
f 407/407/407 408/408/408 409/409/409 
f 409/409/409 408/408/408 410/410/410 
f 409/409/409 410/410/410 411/411/411 
f 411/411/411 410/410/410 412/412/412 
f 411/411/411 412/412/412 413/413/413 
f 413/413/413 412/412/412 414/414/414 

g Height1

v -106 3.6 427 
v -106 3.6 422 
v -106 0.399999 427 
v -106 0.399999 422 
v -102 3.6 422 
v -106 3.6 422 
v -102 3.6 427 
v -106 3.6 427 
v -106 3.6 422 
v -102 3.6 422 
v -106 0.399999 422 
v -102 0.399999 422 
v -102 3.6 422 
v -102 3.6 427 
v -102 0.399999 422 
v -102 0.399999 427 
v -102 0.399999 427 
v -106 0.399999 427 
v -102 0.399999 422 
v -106 0.399999 422 
v -102 3.6 427 
v -106 3.6 427 
v -102 0.399999 427 
v -106 0.399999 427 

vn -1 0 0 
vn -1 0 0 
vn -1 0 0 
vn -1 0 0 
vn 0 1 0 
vn 0 1 0 
vn 0 1 0 
vn 0 1 0 
vn 0 0 -1 
vn 0 0 -1 
vn 0 0 -1 
vn 0 0 -1 
vn 1 0 0 
vn 1 0 0 
vn 1 0 0 
vn 1 0 0 
vn 0 -1 0 
vn 0 -1 0 
vn 0 -1 0 
vn 0 -1 0 
vn 0 0 1 
vn 0 0 1 
vn 0 0 1 
vn 0 0 1 

vt 5.125 -6 
vt 4.5 -6 
vt 5.125 -6.4 
vt 4.5 -6.4 
vt 5 -6 
vt 4.5 -6 
vt 5 -6.625 
vt 4.5 -6.625 
vt 5 -6 
vt 4.5 -6 
vt 5 -6.4 
vt 4.5 -6.4 
vt 5.125 -6 
vt 4.5 -6 
vt 5.125 -6.4 
vt 4.5 -6.4 
vt 5 -6 
vt 4.5 -6 
vt 5 -6.625 
vt 4.5 -6.625 
vt 5 -6 
vt 4.5 -6 
vt 5 -6.4 
vt 4.5 -6.4 

usemtl Height1Mtl

f 415/415/415 416/416/416 417/417/417 
f 417/417/417 416/416/416 418/418/418 
f 419/419/419 420/420/420 421/421/421 
f 421/421/421 420/420/420 422/422/422 
f 423/423/423 424/424/424 425/425/425 
f 425/425/425 424/424/424 426/426/426 
f 427/427/427 428/428/428 429/429/429 
f 429/429/429 428/428/428 430/430/430 
f 431/431/431 432/432/432 433/433/433 
f 433/433/433 432/432/432 434/434/434 
f 435/435/435 436/436/436 437/437/437 
f 437/437/437 436/436/436 438/438/438 

g Height2

v -157 25.4 422 
v -157 25.4 435 
v -157 25.2 422 
v -157 25.2 435 
v -194 25.4 435 
v -157 25.4 435 
v -194 25.4 422 
v -157 25.4 422 
v -157 25.4 435 
v -194 25.4 435 
v -157 25.2 435 
v -194 25.2 435 
v -194 25.4 435 
v -194 25.4 422 
v -194 25.2 435 
v -194 25.2 422 
v -194 25.2 422 
v -157 25.2 422 
v -194 25.2 435 
v -157 25.2 435 
v -194 25.4 422 
v -157 25.4 422 
v -194 25.2 422 
v -157 25.2 422 

vn 1 0 0 
vn 1 0 0 
vn 1 0 0 
vn 1 0 0 
vn 0 1 0 
vn 0 1 0 
vn 0 1 0 
vn 0 1 0 
vn 0 0 1 
vn 0 0 1 
vn 0 0 1 
vn 0 0 1 
vn -1 0 0 
vn -1 0 0 
vn -1 0 0 
vn -1 0 0 
vn 0 -1 0 
vn 0 -1 0 
vn 0 -1 0 
vn 0 -1 0 
vn 0 0 -1 
vn 0 0 -1 
vn 0 0 -1 
vn 0 0 -1 

vt 9.375 -5 
vt 7.75 -5 
vt 9.375 -5.025 
vt 7.75 -5.025 
vt 12.375 -5 
vt 7.75 -5 
vt 12.375 -6.625 
vt 7.75 -6.625 
vt 12.375 -5 
vt 7.75 -5 
vt 12.375 -5.025 
vt 7.75 -5.025 
vt 9.375 -5 
vt 7.75 -5 
vt 9.375 -5.025 
vt 7.75 -5.025 
vt 12.375 -5 
vt 7.75 -5 
vt 12.375 -6.625 
vt 7.75 -6.625 
vt 12.375 -5 
vt 7.75 -5 
vt 12.375 -5.025 
vt 7.75 -5.025 

usemtl Height2Mtl

f 439/439/439 440/440/440 441/441/441 
f 441/441/441 440/440/440 442/442/442 
f 443/443/443 444/444/444 445/445/445 
f 445/445/445 444/444/444 446/446/446 
f 447/447/447 448/448/448 449/449/449 
f 449/449/449 448/448/448 450/450/450 
f 451/451/451 452/452/452 453/453/453 
f 453/453/453 452/452/452 454/454/454 
f 455/455/455 456/456/456 457/457/457 
f 457/457/457 456/456/456 458/458/458 
f 459/459/459 460/460/460 461/461/461 
f 461/461/461 460/460/460 462/462/462 

g Height3

v -157 13 422 
v -157 13 435 
v -157 12.8 422 
v -157 12.8 435 
v -194 13 435 
v -157 13 435 
v -194 13 422 
v -157 13 422 
v -157 13 435 
v -194 13 435 
v -157 12.8 435 
v -194 12.8 435 
v -194 13 435 
v -194 13 422 
v -194 12.8 435 
v -194 12.8 422 
v -194 12.8 422 
v -157 12.8 422 
v -194 12.8 435 
v -157 12.8 435 
v -194 13 422 
v -157 13 422 
v -194 12.8 422 
v -157 12.8 422 

vn 1 0 0 
vn 1 0 0 
vn 1 0 0 
vn 1 0 0 
vn 0 1 0 
vn 0 1 0 
vn 0 1 0 
vn 0 1 0 
vn 0 0 1 
vn 0 0 1 
vn 0 0 1 
vn 0 0 1 
vn -1 0 0 
vn -1 0 0 
vn -1 0 0 
vn -1 0 0 
vn 0 -1 0 
vn 0 -1 0 
vn 0 -1 0 
vn 0 -1 0 
vn 0 0 -1 
vn 0 0 -1 
vn 0 0 -1 
vn 0 0 -1 

vt 5.125 -0.75 
vt 3.5 -0.75 
vt 5.125 -0.775 
vt 3.5 -0.775 
vt 8.125 -0.75 
vt 3.5 -0.75 
vt 8.125 -2.375 
vt 3.5 -2.375 
vt 8.125 -0.75 
vt 3.5 -0.75 
vt 8.125 -0.775 
vt 3.5 -0.775 
vt 5.125 -0.75 
vt 3.5 -0.75 
vt 5.125 -0.775 
vt 3.5 -0.775 
vt 8.125 -0.75 
vt 3.5 -0.75 
vt 8.125 -2.375 
vt 3.5 -2.375 
vt 8.125 -0.75 
vt 3.5 -0.75 
vt 8.125 -0.775 
vt 3.5 -0.775 

usemtl Height2Mtl

f 463/463/463 464/464/464 465/465/465 
f 465/465/465 464/464/464 466/466/466 
f 467/467/467 468/468/468 469/469/469 
f 469/469/469 468/468/468 470/470/470 
f 471/471/471 472/472/472 473/473/473 
f 473/473/473 472/472/472 474/474/474 
f 475/475/475 476/476/476 477/477/477 
f 477/477/477 476/476/476 478/478/478 
f 479/479/479 480/480/480 481/481/481 
f 481/481/481 480/480/480 482/482/482 
f 483/483/483 484/484/484 485/485/485 
f 485/485/485 484/484/484 486/486/486 

g Height4

v -157 25.2 433.8 
v -157 25.2 435 
v -157 13 433.8 
v -157 13 435 
v -194 25.2 435 
v -157 25.2 435 
v -194 25.2 433.8 
v -157 25.2 433.8 
v -157 25.2 435 
v -194 25.2 435 
v -157 13 435 
v -194 13 435 
v -194 25.2 435 
v -194 25.2 433.8 
v -194 13 435 
v -194 13 433.8 
v -194 13 433.8 
v -157 13 433.8 
v -194 13 435 
v -157 13 435 
v -194 25.2 433.8 
v -157 25.2 433.8 
v -194 13 433.8 
v -157 13 433.8 

vn 1 0 0 
vn 1 0 0 
vn 1 0 0 
vn 1 0 0 
vn 0 1 0 
vn 0 1 0 
vn 0 1 0 
vn 0 1 0 
vn 0 0 1 
vn 0 0 1 
vn 0 0 1 
vn 0 0 1 
vn -1 0 0 
vn -1 0 0 
vn -1 0 0 
vn -1 0 0 
vn 0 -1 0 
vn 0 -1 0 
vn 0 -1 0 
vn 0 -1 0 
vn 0 0 -1 
vn 0 0 -1 
vn 0 0 -1 
vn 0 0 -1 

vt 4.4 -0.25 
vt 4.25 -0.25 
vt 4.4 -1.775 
vt 4.25 -1.775 
vt 8.875 -0.25 
vt 4.25 -0.25 
vt 8.875 -0.4 
vt 4.25 -0.4 
vt 8.875 -0.25 
vt 4.25 -0.25 
vt 8.875 -1.775 
vt 4.25 -1.775 
vt 4.4 -0.25 
vt 4.25 -0.25 
vt 4.4 -1.775 
vt 4.25 -1.775 
vt 8.875 -0.25 
vt 4.25 -0.25 
vt 8.875 -0.4 
vt 4.25 -0.4 
vt 8.875 -0.25 
vt 4.25 -0.25 
vt 8.875 -1.775 
vt 4.25 -1.775 

usemtl Height2Mtl

f 487/487/487 488/488/488 489/489/489 
f 489/489/489 488/488/488 490/490/490 
f 491/491/491 492/492/492 493/493/493 
f 493/493/493 492/492/492 494/494/494 
f 495/495/495 496/496/496 497/497/497 
f 497/497/497 496/496/496 498/498/498 
f 499/499/499 500/500/500 501/501/501 
f 501/501/501 500/500/500 502/502/502 
f 503/503/503 504/504/504 505/505/505 
f 505/505/505 504/504/504 506/506/506 
f 507/507/507 508/508/508 509/509/509 
f 509/509/509 508/508/508 510/510/510 

g Height5

v -157 25.2 435.005 
v -194 25.2 435.005 
v -157 13 435.005 
v -194 13 435.005 

vn 0 0 1 
vn 0 0 1 
vn 0 0 1 
vn 0 0 1 

vt 1 1 
vt 0 1 
vt 1 0 
vt 0 0 

usemtl Height5Mtl

f 511/511/511 512/512/512 513/513/513 
f 513/513/513 512/512/512 514/514/514 

g Height6

v -147.606 3.60005 433.566 
v -150.434 3.60005 436.394 
v -147.606 0.600047 433.566 
v -150.434 0.600047 436.394 
v -150.576 3.60005 436.253 
v -150.434 3.60005 436.394 
v -147.747 3.60005 433.424 
v -147.606 3.60005 433.566 
v -150.434 3.60005 436.394 
v -150.576 3.60005 436.253 
v -150.434 0.600047 436.394 
v -150.576 0.600047 436.253 
v -150.576 3.60005 436.253 
v -147.747 3.60005 433.424 
v -150.576 0.600047 436.253 
v -147.747 0.600047 433.424 
v -147.747 0.600047 433.424 
v -147.606 0.600047 433.566 
v -150.576 0.600047 436.253 
v -150.434 0.600047 436.394 
v -147.747 3.60005 433.424 
v -147.606 3.60005 433.566 
v -147.747 0.600047 433.424 
v -147.606 0.600047 433.566 

vn 0.708661 0 0.708661 
vn 0.708661 0 0.708661 
vn 0.708661 0 0.708661 
vn 0.708661 0 0.708661 
vn 0 1 0 
vn 0 1 0 
vn 0 1 0 
vn 0 1 0 
vn -0.708661 0 0.708661 
vn -0.708661 0 0.708661 
vn -0.708661 0 0.708661 
vn -0.708661 0 0.708661 
vn -0.708661 0 -0.708661 
vn -0.708661 0 -0.708661 
vn -0.708661 0 -0.708661 
vn -0.708661 0 -0.708661 
vn 0 -1 0 
vn 0 -1 0 
vn 0 -1 0 
vn 0 -1 0 
vn 0.708661 0 -0.708661 
vn 0.708661 0 -0.708661 
vn 0.708661 0 -0.708661 
vn 0.708661 0 -0.708661 

vt 5.5 -1.25 
vt 5 -1.25 
vt 5.5 -1.625 
vt 5 -1.625 
vt 5.025 -1.25 
vt 5 -1.25 
vt 5.025 -1.75 
vt 5 -1.75 
vt 5.025 -1.25 
vt 5 -1.25 
vt 5.025 -1.625 
vt 5 -1.625 
vt 5.5 -1.25 
vt 5 -1.25 
vt 5.5 -1.625 
vt 5 -1.625 
vt 5.025 -1.25 
vt 5 -1.25 
vt 5.025 -1.75 
vt 5 -1.75 
vt 5.025 -1.25 
vt 5 -1.25 
vt 5.025 -1.625 
vt 5 -1.625 

usemtl Height1Mtl

f 515/515/515 516/516/516 517/517/517 
f 517/517/517 516/516/516 518/518/518 
f 519/519/519 520/520/520 521/521/521 
f 521/521/521 520/520/520 522/522/522 
f 523/523/523 524/524/524 525/525/525 
f 525/525/525 524/524/524 526/526/526 
f 527/527/527 528/528/528 529/529/529 
f 529/529/529 528/528/528 530/530/530 
f 531/531/531 532/532/532 533/533/533 
f 533/533/533 532/532/532 534/534/534 
f 535/535/535 536/536/536 537/537/537 
f 537/537/537 536/536/536 538/538/538 

g Height7

v -159 12.6 430 
v -159 12.6 443 
v -159 0.199999 430 
v -159 0.199999 443 
v -196 12.6 443 
v -159 12.6 443 
v -196 12.6 430 
v -159 12.6 430 
v -159 12.6 443 
v -196 12.6 443 
v -159 0.199999 443 
v -196 0.199999 443 
v -196 12.6 443 
v -196 12.6 430 
v -196 0.199999 443 
v -196 0.199999 430 
v -196 0.199999 430 
v -159 0.199999 430 
v -196 0.199999 443 
v -159 0.199999 443 
v -196 12.6 430 
v -159 12.6 430 
v -196 0.199999 430 
v -159 0.199999 430 

vn 1 0 0 
vn 1 0 0 
vn 1 0 0 
vn 1 0 0 
vn 0 1 0 
vn 0 1 0 
vn 0 1 0 
vn 0 1 0 
vn 0 0 1 
vn 0 0 1 
vn 0 0 1 
vn 0 0 1 
vn -1 0 0 
vn -1 0 0 
vn -1 0 0 
vn -1 0 0 
vn 0 -1 0 
vn 0 -1 0 
vn 0 -1 0 
vn 0 -1 0 
vn 0 0 -1 
vn 0 0 -1 
vn 0 0 -1 
vn 0 0 -1 

vt 4.375 -3.75 
vt 2.75 -3.75 
vt 4.375 -5.3 
vt 2.75 -5.3 
vt 7.375 -3.75 
vt 2.75 -3.75 
vt 7.375 -5.375 
vt 2.75 -5.375 
vt 7.375 -3.75 
vt 2.75 -3.75 
vt 7.375 -5.3 
vt 2.75 -5.3 
vt 4.375 -3.75 
vt 2.75 -3.75 
vt 4.375 -5.3 
vt 2.75 -5.3 
vt 7.375 -3.75 
vt 2.75 -3.75 
vt 7.375 -5.375 
vt 2.75 -5.375 
vt 7.375 -3.75 
vt 2.75 -3.75 
vt 7.375 -5.3 
vt 2.75 -5.3 

usemtl Height2Mtl

f 539/539/539 540/540/540 541/541/541 
f 541/541/541 540/540/540 542/542/542 
f 543/543/543 544/544/544 545/545/545 
f 545/545/545 544/544/544 546/546/546 
f 547/547/547 548/548/548 549/549/549 
f 549/549/549 548/548/548 550/550/550 
f 551/551/551 552/552/552 553/553/553 
f 553/553/553 552/552/552 554/554/554 
f 555/555/555 556/556/556 557/557/557 
f 557/557/557 556/556/556 558/558/558 
f 559/559/559 560/560/560 561/561/561 
f 561/561/561 560/560/560 562/562/562 

g Height8

v -102 3.6 435 
v -102 3.6 440 
v -102 0.599999 435 
v -102 0.599999 440 
v -102.2 3.6 440 
v -102 3.6 440 
v -102.2 3.6 435 
v -102 3.6 435 
v -102 3.6 440 
v -102.2 3.6 440 
v -102 0.599999 440 
v -102.2 0.599999 440 
v -102.2 3.6 440 
v -102.2 3.6 435 
v -102.2 0.599999 440 
v -102.2 0.599999 435 
v -102.2 0.599999 435 
v -102 0.599999 435 
v -102.2 0.599999 440 
v -102 0.599999 440 
v -102.2 3.6 435 
v -102 3.6 435 
v -102.2 0.599999 435 
v -102 0.599999 435 

vn 1 0 0 
vn 1 0 0 
vn 1 0 0 
vn 1 0 0 
vn 0 1 0 
vn 0 1 0 
vn 0 1 0 
vn 0 1 0 
vn 0 0 1 
vn 0 0 1 
vn 0 0 1 
vn 0 0 1 
vn -1 0 0 
vn -1 0 0 
vn -1 0 0 
vn -1 0 0 
vn 0 -1 0 
vn 0 -1 0 
vn 0 -1 0 
vn 0 -1 0 
vn 0 0 -1 
vn 0 0 -1 
vn 0 0 -1 
vn 0 0 -1 

vt 5.125 -5.5 
vt 4.5 -5.5 
vt 5.125 -5.875 
vt 4.5 -5.875 
vt 4.525 -5.5 
vt 4.5 -5.5 
vt 4.525 -6.125 
vt 4.5 -6.125 
vt 4.525 -5.5 
vt 4.5 -5.5 
vt 4.525 -5.875 
vt 4.5 -5.875 
vt 5.125 -5.5 
vt 4.5 -5.5 
vt 5.125 -5.875 
vt 4.5 -5.875 
vt 4.525 -5.5 
vt 4.5 -5.5 
vt 4.525 -6.125 
vt 4.5 -6.125 
vt 4.525 -5.5 
vt 4.5 -5.5 
vt 4.525 -5.875 
vt 4.5 -5.875 

usemtl Height1Mtl

f 563/563/563 564/564/564 565/565/565 
f 565/565/565 564/564/564 566/566/566 
f 567/567/567 568/568/568 569/569/569 
f 569/569/569 568/568/568 570/570/570 
f 571/571/571 572/572/572 573/573/573 
f 573/573/573 572/572/572 574/574/574 
f 575/575/575 576/576/576 577/577/577 
f 577/577/577 576/576/576 578/578/578 
f 579/579/579 580/580/580 581/581/581 
f 581/581/581 580/580/580 582/582/582 
f 583/583/583 584/584/584 585/585/585 
f 585/585/585 584/584/584 586/586/586 

g Height9

v -106 3.59997 439.8 
v -102 3.59997 439.8 
v -106 0.599966 439.8 
v -102 0.599966 439.8 
v -102 3.59997 440 
v -102 3.59997 439.8 
v -106 3.59997 440 
v -106 3.59997 439.8 
v -102 3.59997 439.8 
v -102 3.59997 440 
v -102 0.599966 439.8 
v -102 0.599966 440 
v -102 3.59997 440 
v -106 3.59997 440 
v -102 0.599966 440 
v -106 0.599966 440 
v -106 0.599966 440 
v -106 0.599966 439.8 
v -102 0.599966 440 
v -102 0.599966 439.8 
v -106 3.59997 440 
v -106 3.59997 439.8 
v -106 0.599966 440 
v -106 0.599966 439.8 

vn 0 0 -1 
vn 0 0 -1 
vn 0 0 -1 
vn 0 0 -1 
vn 0 1 0 
vn 0 1 0 
vn 0 1 0 
vn 0 1 0 
vn 1 0 0 
vn 1 0 0 
vn 1 0 0 
vn 1 0 0 
vn 0 0 1 
vn 0 0 1 
vn 0 0 1 
vn 0 0 1 
vn 0 -1 0 
vn 0 -1 0 
vn 0 -1 0 
vn 0 -1 0 
vn -1 0 0 
vn -1 0 0 
vn -1 0 0 
vn -1 0 0 

vt 4.75 -5.75 
vt 4.25 -5.75 
vt 4.75 -6.125 
vt 4.25 -6.125 
vt 4.275 -5.75 
vt 4.25 -5.75 
vt 4.275 -6.25 
vt 4.25 -6.25 
vt 4.275 -5.75 
vt 4.25 -5.75 
vt 4.275 -6.125 
vt 4.25 -6.125 
vt 4.75 -5.75 
vt 4.25 -5.75 
vt 4.75 -6.125 
vt 4.25 -6.125 
vt 4.275 -5.75 
vt 4.25 -5.75 
vt 4.275 -6.25 
vt 4.25 -6.25 
vt 4.275 -5.75 
vt 4.25 -5.75 
vt 4.275 -6.125 
vt 4.25 -6.125 

usemtl Height1Mtl

f 587/587/587 588/588/588 589/589/589 
f 589/589/589 588/588/588 590/590/590 
f 591/591/591 592/592/592 593/593/593 
f 593/593/593 592/592/592 594/594/594 
f 595/595/595 596/596/596 597/597/597 
f 597/597/597 596/596/596 598/598/598 
f 599/599/599 600/600/600 601/601/601 
f 601/601/601 600/600/600 602/602/602 
f 603/603/603 604/604/604 605/605/605 
f 605/605/605 604/604/604 606/606/606 
f 607/607/607 608/608/608 609/609/609 
f 609/609/609 608/608/608 610/610/610 

g Height10

v -113 0.399999 422 
v -100 0.399999 422 
v -113 0.199999 422 
v -100 0.199999 422 
v -100 0.399999 459 
v -100 0.399999 422 
v -113 0.399999 459 
v -113 0.399999 422 
v -100 0.399999 422 
v -100 0.399999 459 
v -100 0.199999 422 
v -100 0.199999 459 
v -100 0.399999 459 
v -113 0.399999 459 
v -100 0.199999 459 
v -113 0.199999 459 
v -113 0.199999 459 
v -113 0.199999 422 
v -100 0.199999 459 
v -100 0.199999 422 
v -113 0.399999 459 
v -113 0.399999 422 
v -113 0.199999 459 
v -113 0.199999 422 

vn 0 0 -1 
vn 0 0 -1 
vn 0 0 -1 
vn 0 0 -1 
vn 0 1 0 
vn 0 1 0 
vn 0 1 0 
vn 0 1 0 
vn 1 0 0 
vn 1 0 0 
vn 1 0 0 
vn 1 0 0 
vn 0 0 1 
vn 0 0 1 
vn 0 0 1 
vn 0 0 1 
vn 0 -1 0 
vn 0 -1 0 
vn 0 -1 0 
vn 0 -1 0 
vn -1 0 0 
vn -1 0 0 
vn -1 0 0 
vn -1 0 0 

vt 7.625 -1.75 
vt 6 -1.75 
vt 7.625 -1.775 
vt 6 -1.775 
vt 10.625 -1.75 
vt 6 -1.75 
vt 10.625 -3.375 
vt 6 -3.375 
vt 10.625 -1.75 
vt 6 -1.75 
vt 10.625 -1.775 
vt 6 -1.775 
vt 7.625 -1.75 
vt 6 -1.75 
vt 7.625 -1.775 
vt 6 -1.775 
vt 10.625 -1.75 
vt 6 -1.75 
vt 10.625 -3.375 
vt 6 -3.375 
vt 10.625 -1.75 
vt 6 -1.75 
vt 10.625 -1.775 
vt 6 -1.775 

usemtl Height2Mtl

f 611/611/611 612/612/612 613/613/613 
f 613/613/613 612/612/612 614/614/614 
f 615/615/615 616/616/616 617/617/617 
f 617/617/617 616/616/616 618/618/618 
f 619/619/619 620/620/620 621/621/621 
f 621/621/621 620/620/620 622/622/622 
f 623/623/623 624/624/624 625/625/625 
f 625/625/625 624/624/624 626/626/626 
f 627/627/627 628/628/628 629/629/629 
f 629/629/629 628/628/628 630/630/630 
f 631/631/631 632/632/632 633/633/633 
f 633/633/633 632/632/632 634/634/634 

g Height11

v -314 15.6004 426 
v -313.8 15.6004 426 
v -314 3.40042 426 
v -313.8 3.40042 426 
v -313.8 15.6004 455 
v -313.8 15.6004 426 
v -314 15.6004 455 
v -314 15.6004 426 
v -313.8 15.6004 426 
v -313.8 15.6004 455 
v -313.8 3.40042 426 
v -313.8 3.40042 455 
v -313.8 15.6004 455 
v -314 15.6004 455 
v -313.8 3.40042 455 
v -314 3.40042 455 
v -314 3.40042 455 
v -314 3.40042 426 
v -313.8 3.40042 455 
v -313.8 3.40042 426 
v -314 15.6004 455 
v -314 15.6004 426 
v -314 3.40042 455 
v -314 3.40042 426 

vn 0 0 -1 
vn 0 0 -1 
vn 0 0 -1 
vn 0 0 -1 
vn 0 1 0 
vn 0 1 0 
vn 0 1 0 
vn 0 1 0 
vn 1 0 0 
vn 1 0 0 
vn 1 0 0 
vn 1 0 0 
vn 0 0 1 
vn 0 0 1 
vn 0 0 1 
vn 0 0 1 
vn 0 -1 0 
vn 0 -1 0 
vn 0 -1 0 
vn 0 -1 0 
vn -1 0 0 
vn -1 0 0 
vn -1 0 0 
vn -1 0 0 

vt 5.025 -5.75 
vt 5 -5.75 
vt 5.025 -7.275 
vt 5 -7.275 
vt 8.625 -5.75 
vt 5 -5.75 
vt 8.625 -5.775 
vt 5 -5.775 
vt 8.625 -5.75 
vt 5 -5.75 
vt 8.625 -7.275 
vt 5 -7.275 
vt 5.025 -5.75 
vt 5 -5.75 
vt 5.025 -7.275 
vt 5 -7.275 
vt 8.625 -5.75 
vt 5 -5.75 
vt 8.625 -5.775 
vt 5 -5.775 
vt 8.625 -5.75 
vt 5 -5.75 
vt 8.625 -7.275 
vt 5 -7.275 

usemtl Height11Mtl

f 635/635/635 636/636/636 637/637/637 
f 637/637/637 636/636/636 638/638/638 
f 639/639/639 640/640/640 641/641/641 
f 641/641/641 640/640/640 642/642/642 
f 643/643/643 644/644/644 645/645/645 
f 645/645/645 644/644/644 646/646/646 
f 647/647/647 648/648/648 649/649/649 
f 649/649/649 648/648/648 650/650/650 
f 651/651/651 652/652/652 653/653/653 
f 653/653/653 652/652/652 654/654/654 
f 655/655/655 656/656/656 657/657/657 
f 657/657/657 656/656/656 658/658/658 

g Height12

v -313.795 15.6004 426 
v -313.795 15.6004 455 
v -313.795 3.40042 426 
v -313.795 3.40042 455 

vn 1 0 0 
vn 1 0 0 
vn 1 0 0 
vn 1 0 0 

vt 1 1 
vt 0 1 
vt 1 0 
vt 0 0 

usemtl Height12Mtl

f 659/659/659 660/660/660 661/661/661 
f 661/661/661 660/660/660 662/662/662 

g Height13

v -102 0.599999 435 
v -102 0.599999 440 
v -102 0.399999 435 
v -102 0.399999 440 
v -106 0.599999 440 
v -102 0.599999 440 
v -106 0.599999 435 
v -102 0.599999 435 
v -102 0.599999 440 
v -106 0.599999 440 
v -102 0.399999 440 
v -106 0.399999 440 
v -106 0.599999 440 
v -106 0.599999 435 
v -106 0.399999 440 
v -106 0.399999 435 
v -106 0.399999 435 
v -102 0.399999 435 
v -106 0.399999 440 
v -102 0.399999 440 
v -106 0.599999 435 
v -102 0.599999 435 
v -106 0.399999 435 
v -102 0.399999 435 

vn 1 0 0 
vn 1 0 0 
vn 1 0 0 
vn 1 0 0 
vn 0 1 0 
vn 0 1 0 
vn 0 1 0 
vn 0 1 0 
vn 0 0 1 
vn 0 0 1 
vn 0 0 1 
vn 0 0 1 
vn -1 0 0 
vn -1 0 0 
vn -1 0 0 
vn -1 0 0 
vn 0 -1 0 
vn 0 -1 0 
vn 0 -1 0 
vn 0 -1 0 
vn 0 0 -1 
vn 0 0 -1 
vn 0 0 -1 
vn 0 0 -1 

vt 2.125 -0.5 
vt 1.5 -0.5 
vt 2.125 -0.525 
vt 1.5 -0.525 
vt 2 -0.5 
vt 1.5 -0.5 
vt 2 -1.125 
vt 1.5 -1.125 
vt 2 -0.5 
vt 1.5 -0.5 
vt 2 -0.525 
vt 1.5 -0.525 
vt 2.125 -0.5 
vt 1.5 -0.5 
vt 2.125 -0.525 
vt 1.5 -0.525 
vt 2 -0.5 
vt 1.5 -0.5 
vt 2 -1.125 
vt 1.5 -1.125 
vt 2 -0.5 
vt 1.5 -0.5 
vt 2 -0.525 
vt 1.5 -0.525 

usemtl Height1Mtl

f 663/663/663 664/664/664 665/665/665 
f 665/665/665 664/664/664 666/666/666 
f 667/667/667 668/668/668 669/669/669 
f 669/669/669 668/668/668 670/670/670 
f 671/671/671 672/672/672 673/673/673 
f 673/673/673 672/672/672 674/674/674 
f 675/675/675 676/676/676 677/677/677 
f 677/677/677 676/676/676 678/678/678 
f 679/679/679 680/680/680 681/681/681 
f 681/681/681 680/680/680 682/682/682 
f 683/683/683 684/684/684 685/685/685 
f 685/685/685 684/684/684 686/686/686 

g Height14

v -106 3.6 440 
v -106 3.6 435 
v -106 0.599999 440 
v -106 0.599999 435 
v -105.8 3.6 435 
v -106 3.6 435 
v -105.8 3.6 440 
v -106 3.6 440 
v -106 3.6 435 
v -105.8 3.6 435 
v -106 0.599999 435 
v -105.8 0.599999 435 
v -105.8 3.6 435 
v -105.8 3.6 440 
v -105.8 0.599999 435 
v -105.8 0.599999 440 
v -105.8 0.599999 440 
v -106 0.599999 440 
v -105.8 0.599999 435 
v -106 0.599999 435 
v -105.8 3.6 440 
v -106 3.6 440 
v -105.8 0.599999 440 
v -106 0.599999 440 

vn -1 0 0 
vn -1 0 0 
vn -1 0 0 
vn -1 0 0 
vn 0 1 0 
vn 0 1 0 
vn 0 1 0 
vn 0 1 0 
vn 0 0 -1 
vn 0 0 -1 
vn 0 0 -1 
vn 0 0 -1 
vn 1 0 0 
vn 1 0 0 
vn 1 0 0 
vn 1 0 0 
vn 0 -1 0 
vn 0 -1 0 
vn 0 -1 0 
vn 0 -1 0 
vn 0 0 1 
vn 0 0 1 
vn 0 0 1 
vn 0 0 1 

vt 6.875 -3 
vt 6.25 -3 
vt 6.875 -3.375 
vt 6.25 -3.375 
vt 6.275 -3 
vt 6.25 -3 
vt 6.275 -3.625 
vt 6.25 -3.625 
vt 6.275 -3 
vt 6.25 -3 
vt 6.275 -3.375 
vt 6.25 -3.375 
vt 6.875 -3 
vt 6.25 -3 
vt 6.875 -3.375 
vt 6.25 -3.375 
vt 6.275 -3 
vt 6.25 -3 
vt 6.275 -3.625 
vt 6.25 -3.625 
vt 6.275 -3 
vt 6.25 -3 
vt 6.275 -3.375 
vt 6.25 -3.375 

usemtl Height1Mtl

f 687/687/687 688/688/688 689/689/689 
f 689/689/689 688/688/688 690/690/690 
f 691/691/691 692/692/692 693/693/693 
f 693/693/693 692/692/692 694/694/694 
f 695/695/695 696/696/696 697/697/697 
f 697/697/697 696/696/696 698/698/698 
f 699/699/699 700/700/700 701/701/701 
f 701/701/701 700/700/700 702/702/702 
f 703/703/703 704/704/704 705/705/705 
f 705/705/705 704/704/704 706/706/706 
f 707/707/707 708/708/708 709/709/709 
f 709/709/709 708/708/708 710/710/710 

g Height15

v -102.2 3.09982 435.14 
v -105.8 3.09982 435.14 
v -102.2 3.09982 439.74 
v -105.8 3.09982 439.74 
v -105.8 0.899822 435.14 
v -105.8 3.09982 435.14 
v -102.2 0.899823 435.14 
v -102.2 3.09982 435.14 
v -105.8 3.09982 435.14 
v -105.8 0.899822 435.14 
v -105.8 3.09982 439.74 
v -105.8 0.899822 439.74 
v -105.8 0.899822 435.14 
v -102.2 0.899823 435.14 
v -105.8 0.899822 439.74 
v -102.2 0.899823 439.74 
v -102.2 0.899823 439.74 
v -102.2 3.09982 439.74 
v -105.8 0.899822 439.74 
v -105.8 3.09982 439.74 
v -102.2 0.899823 435.14 
v -102.2 3.09982 435.14 
v -102.2 0.899823 439.74 
v -102.2 3.09982 439.74 

vn 0 1 0 
vn 0 1 0 
vn 0 1 0 
vn 0 1 0 
vn 0 0 -1 
vn 0 0 -1 
vn 0 0 -1 
vn 0 0 -1 
vn -1 0 0 
vn -1 0 0 
vn -1 0 0 
vn -1 0 0 
vn 0 -1 0 
vn 0 -1 0 
vn 0 -1 0 
vn 0 -1 0 
vn 0 0 1 
vn 0 0 1 
vn 0 0 1 
vn 0 0 1 
vn 1 0 0 
vn 1 0 0 
vn 1 0 0 
vn 1 0 0 

vt 2.2 -4.5 
vt 1.75 -4.5 
vt 2.2 -5.075 
vt 1.75 -5.075 
vt 2.025 -4.5 
vt 1.75 -4.5 
vt 2.025 -4.95 
vt 1.75 -4.95 
vt 2.025 -4.5 
vt 1.75 -4.5 
vt 2.025 -5.075 
vt 1.75 -5.075 
vt 2.2 -4.5 
vt 1.75 -4.5 
vt 2.2 -5.075 
vt 1.75 -5.075 
vt 2.025 -4.5 
vt 1.75 -4.5 
vt 2.025 -4.95 
vt 1.75 -4.95 
vt 2.025 -4.5 
vt 1.75 -4.5 
vt 2.025 -5.075 
vt 1.75 -5.075 

usemtl Height15Mtl

f 711/711/711 712/712/712 713/713/713 
f 713/713/713 712/712/712 714/714/714 
f 715/715/715 716/716/716 717/717/717 
f 717/717/717 716/716/716 718/718/718 
f 719/719/719 720/720/720 721/721/721 
f 721/721/721 720/720/720 722/722/722 
f 723/723/723 724/724/724 725/725/725 
f 725/725/725 724/724/724 726/726/726 
f 727/727/727 728/728/728 729/729/729 
f 729/729/729 728/728/728 730/730/730 
f 731/731/731 732/732/732 733/733/733 
f 733/733/733 732/732/732 734/734/734 

g Height16

v -102.2 3.10482 435.14 
v -105.8 3.10482 435.14 
v -102.2 3.10482 439.74 
v -105.8 3.10482 439.74 

vn 0 1 0 
vn 0 1 0 
vn 0 1 0 
vn 0 1 0 

vt 1 1 
vt 0 1 
vt 1 0 
vt 0 0 

usemtl Height16Mtl

f 735/735/735 736/736/736 737/737/737 
f 737/737/737 736/736/736 738/738/738 

g Height17

v -101.2 12.6 422 
v -100 12.6 422 
v -101.2 0.399999 422 
v -100 0.399999 422 
v -100 12.6 459 
v -100 12.6 422 
v -101.2 12.6 459 
v -101.2 12.6 422 
v -100 12.6 422 
v -100 12.6 459 
v -100 0.399999 422 
v -100 0.399999 459 
v -100 12.6 459 
v -101.2 12.6 459 
v -100 0.399999 459 
v -101.2 0.399999 459 
v -101.2 0.399999 459 
v -101.2 0.399999 422 
v -100 0.399999 459 
v -100 0.399999 422 
v -101.2 12.6 459 
v -101.2 12.6 422 
v -101.2 0.399999 459 
v -101.2 0.399999 422 

vn 0 0 -1 
vn 0 0 -1 
vn 0 0 -1 
vn 0 0 -1 
vn 0 1 0 
vn 0 1 0 
vn 0 1 0 
vn 0 1 0 
vn 1 0 0 
vn 1 0 0 
vn 1 0 0 
vn 1 0 0 
vn 0 0 1 
vn 0 0 1 
vn 0 0 1 
vn 0 0 1 
vn 0 -1 0 
vn 0 -1 0 
vn 0 -1 0 
vn 0 -1 0 
vn -1 0 0 
vn -1 0 0 
vn -1 0 0 
vn -1 0 0 

vt 7.65 -0.75 
vt 7.5 -0.75 
vt 7.65 -2.275 
vt 7.5 -2.275 
vt 12.125 -0.75 
vt 7.5 -0.75 
vt 12.125 -0.9 
vt 7.5 -0.9 
vt 12.125 -0.75 
vt 7.5 -0.75 
vt 12.125 -2.275 
vt 7.5 -2.275 
vt 7.65 -0.75 
vt 7.5 -0.75 
vt 7.65 -2.275 
vt 7.5 -2.275 
vt 12.125 -0.75 
vt 7.5 -0.75 
vt 12.125 -0.9 
vt 7.5 -0.9 
vt 12.125 -0.75 
vt 7.5 -0.75 
vt 12.125 -2.275 
vt 7.5 -2.275 

usemtl Height2Mtl

f 739/739/739 740/740/740 741/741/741 
f 741/741/741 740/740/740 742/742/742 
f 743/743/743 744/744/744 745/745/745 
f 745/745/745 744/744/744 746/746/746 
f 747/747/747 748/748/748 749/749/749 
f 749/749/749 748/748/748 750/750/750 
f 751/751/751 752/752/752 753/753/753 
f 753/753/753 752/752/752 754/754/754 
f 755/755/755 756/756/756 757/757/757 
f 757/757/757 756/756/756 758/758/758 
f 759/759/759 760/760/760 761/761/761 
f 761/761/761 760/760/760 762/762/762 

g Height18

v -106 3.6 435 
v -102 3.6 435 
v -106 0.599999 435 
v -102 0.599999 435 
v -102 3.6 435.2 
v -102 3.6 435 
v -106 3.6 435.2 
v -106 3.6 435 
v -102 3.6 435 
v -102 3.6 435.2 
v -102 0.599999 435 
v -102 0.599999 435.2 
v -102 3.6 435.2 
v -106 3.6 435.2 
v -102 0.599999 435.2 
v -106 0.599999 435.2 
v -106 0.599999 435.2 
v -106 0.599999 435 
v -102 0.599999 435.2 
v -102 0.599999 435 
v -106 3.6 435.2 
v -106 3.6 435 
v -106 0.599999 435.2 
v -106 0.599999 435 

vn 0 0 -1 
vn 0 0 -1 
vn 0 0 -1 
vn 0 0 -1 
vn 0 1 0 
vn 0 1 0 
vn 0 1 0 
vn 0 1 0 
vn 1 0 0 
vn 1 0 0 
vn 1 0 0 
vn 1 0 0 
vn 0 0 1 
vn 0 0 1 
vn 0 0 1 
vn 0 0 1 
vn 0 -1 0 
vn 0 -1 0 
vn 0 -1 0 
vn 0 -1 0 
vn -1 0 0 
vn -1 0 0 
vn -1 0 0 
vn -1 0 0 

vt 6.25 -6 
vt 5.75 -6 
vt 6.25 -6.375 
vt 5.75 -6.375 
vt 5.775 -6 
vt 5.75 -6 
vt 5.775 -6.5 
vt 5.75 -6.5 
vt 5.775 -6 
vt 5.75 -6 
vt 5.775 -6.375 
vt 5.75 -6.375 
vt 6.25 -6 
vt 5.75 -6 
vt 6.25 -6.375 
vt 5.75 -6.375 
vt 5.775 -6 
vt 5.75 -6 
vt 5.775 -6.5 
vt 5.75 -6.5 
vt 5.775 -6 
vt 5.75 -6 
vt 5.775 -6.375 
vt 5.75 -6.375 

usemtl Height1Mtl

f 763/763/763 764/764/764 765/765/765 
f 765/765/765 764/764/764 766/766/766 
f 767/767/767 768/768/768 769/769/769 
f 769/769/769 768/768/768 770/770/770 
f 771/771/771 772/772/772 773/773/773 
f 773/773/773 772/772/772 774/774/774 
f 775/775/775 776/776/776 777/777/777 
f 777/777/777 776/776/776 778/778/778 
f 779/779/779 780/780/780 781/781/781 
f 781/781/781 780/780/780 782/782/782 
f 783/783/783 784/784/784 785/785/785 
f 785/785/785 784/784/784 786/786/786 

g Height19

v -113 12.8 422 
v -100 12.8 422 
v -113 12.6 422 
v -100 12.6 422 
v -100 12.8 459 
v -100 12.8 422 
v -113 12.8 459 
v -113 12.8 422 
v -100 12.8 422 
v -100 12.8 459 
v -100 12.6 422 
v -100 12.6 459 
v -100 12.8 459 
v -113 12.8 459 
v -100 12.6 459 
v -113 12.6 459 
v -113 12.6 459 
v -113 12.6 422 
v -100 12.6 459 
v -100 12.6 422 
v -113 12.8 459 
v -113 12.8 422 
v -113 12.6 459 
v -113 12.6 422 

vn 0 0 -1 
vn 0 0 -1 
vn 0 0 -1 
vn 0 0 -1 
vn 0 1 0 
vn 0 1 0 
vn 0 1 0 
vn 0 1 0 
vn 1 0 0 
vn 1 0 0 
vn 1 0 0 
vn 1 0 0 
vn 0 0 1 
vn 0 0 1 
vn 0 0 1 
vn 0 0 1 
vn 0 -1 0 
vn 0 -1 0 
vn 0 -1 0 
vn 0 -1 0 
vn -1 0 0 
vn -1 0 0 
vn -1 0 0 
vn -1 0 0 

vt 4.375 1 
vt 2.75 1 
vt 4.375 0.975 
vt 2.75 0.975 
vt 7.375 1 
vt 2.75 1 
vt 7.375 -0.625 
vt 2.75 -0.625 
vt 7.375 1 
vt 2.75 1 
vt 7.375 0.975 
vt 2.75 0.975 
vt 4.375 1 
vt 2.75 1 
vt 4.375 0.975 
vt 2.75 0.975 
vt 7.375 1 
vt 2.75 1 
vt 7.375 -0.625 
vt 2.75 -0.625 
vt 7.375 1 
vt 2.75 1 
vt 7.375 0.975 
vt 2.75 0.975 

usemtl Height2Mtl

f 787/787/787 788/788/788 789/789/789 
f 789/789/789 788/788/788 790/790/790 
f 791/791/791 792/792/792 793/793/793 
f 793/793/793 792/792/792 794/794/794 
f 795/795/795 796/796/796 797/797/797 
f 797/797/797 796/796/796 798/798/798 
f 799/799/799 800/800/800 801/801/801 
f 801/801/801 800/800/800 802/802/802 
f 803/803/803 804/804/804 805/805/805 
f 805/805/805 804/804/804 806/806/806 
f 807/807/807 808/808/808 809/809/809 
f 809/809/809 808/808/808 810/810/810 

g Height20

v -113.2 12.6 422 
v -112 12.6 422 
v -113.2 0.399999 422 
v -112 0.399999 422 
v -112 12.6 459 
v -112 12.6 422 
v -113.2 12.6 459 
v -113.2 12.6 422 
v -112 12.6 422 
v -112 12.6 459 
v -112 0.399999 422 
v -112 0.399999 459 
v -112 12.6 459 
v -113.2 12.6 459 
v -112 0.399999 459 
v -113.2 0.399999 459 
v -113.2 0.399999 459 
v -113.2 0.399999 422 
v -112 0.399999 459 
v -112 0.399999 422 
v -113.2 12.6 459 
v -113.2 12.6 422 
v -113.2 0.399999 459 
v -113.2 0.399999 422 

vn 0 0 -1 
vn 0 0 -1 
vn 0 0 -1 
vn 0 0 -1 
vn 0 1 0 
vn 0 1 0 
vn 0 1 0 
vn 0 1 0 
vn 1 0 0 
vn 1 0 0 
vn 1 0 0 
vn 1 0 0 
vn 0 0 1 
vn 0 0 1 
vn 0 0 1 
vn 0 0 1 
vn 0 -1 0 
vn 0 -1 0 
vn 0 -1 0 
vn 0 -1 0 
vn -1 0 0 
vn -1 0 0 
vn -1 0 0 
vn -1 0 0 

vt 1.4 -1.25 
vt 1.25 -1.25 
vt 1.4 -2.775 
vt 1.25 -2.775 
vt 5.875 -1.25 
vt 1.25 -1.25 
vt 5.875 -1.4 
vt 1.25 -1.4 
vt 5.875 -1.25 
vt 1.25 -1.25 
vt 5.875 -2.775 
vt 1.25 -2.775 
vt 1.4 -1.25 
vt 1.25 -1.25 
vt 1.4 -2.775 
vt 1.25 -2.775 
vt 5.875 -1.25 
vt 1.25 -1.25 
vt 5.875 -1.4 
vt 1.25 -1.4 
vt 5.875 -1.25 
vt 1.25 -1.25 
vt 5.875 -2.775 
vt 1.25 -2.775 

usemtl Height2Mtl

f 811/811/811 812/812/812 813/813/813 
f 813/813/813 812/812/812 814/814/814 
f 815/815/815 816/816/816 817/817/817 
f 817/817/817 816/816/816 818/818/818 
f 819/819/819 820/820/820 821/821/821 
f 821/821/821 820/820/820 822/822/822 
f 823/823/823 824/824/824 825/825/825 
f 825/825/825 824/824/824 826/826/826 
f 827/827/827 828/828/828 829/829/829 
f 829/829/829 828/828/828 830/830/830 
f 831/831/831 832/832/832 833/833/833 
f 833/833/833 832/832/832 834/834/834 

g Height21

v -112 10.0004 458.2 
v -112 10.0004 453.2 
v -112 7.00035 458.2 
v -112 7.00035 453.2 
v -111.8 10.0004 453.2 
v -112 10.0004 453.2 
v -111.8 10.0004 458.2 
v -112 10.0004 458.2 
v -112 10.0004 453.2 
v -111.8 10.0004 453.2 
v -112 7.00035 453.2 
v -111.8 7.00035 453.2 
v -111.8 10.0004 453.2 
v -111.8 10.0004 458.2 
v -111.8 7.00035 453.2 
v -111.8 7.00035 458.2 
v -111.8 7.00035 458.2 
v -112 7.00035 458.2 
v -111.8 7.00035 453.2 
v -112 7.00035 453.2 
v -111.8 10.0004 458.2 
v -112 10.0004 458.2 
v -111.8 7.00035 458.2 
v -112 7.00035 458.2 

vn -1 0 0 
vn -1 0 0 
vn -1 0 0 
vn -1 0 0 
vn 0 1 0 
vn 0 1 0 
vn 0 1 0 
vn 0 1 0 
vn 0 0 -1 
vn 0 0 -1 
vn 0 0 -1 
vn 0 0 -1 
vn 1 0 0 
vn 1 0 0 
vn 1 0 0 
vn 1 0 0 
vn 0 -1 0 
vn 0 -1 0 
vn 0 -1 0 
vn 0 -1 0 
vn 0 0 1 
vn 0 0 1 
vn 0 0 1 
vn 0 0 1 

vt 3.375 -1.75 
vt 2.75 -1.75 
vt 3.375 -2.125 
vt 2.75 -2.125 
vt 2.775 -1.75 
vt 2.75 -1.75 
vt 2.775 -2.375 
vt 2.75 -2.375 
vt 2.775 -1.75 
vt 2.75 -1.75 
vt 2.775 -2.125 
vt 2.75 -2.125 
vt 3.375 -1.75 
vt 2.75 -1.75 
vt 3.375 -2.125 
vt 2.75 -2.125 
vt 2.775 -1.75 
vt 2.75 -1.75 
vt 2.775 -2.375 
vt 2.75 -2.375 
vt 2.775 -1.75 
vt 2.75 -1.75 
vt 2.775 -2.125 
vt 2.75 -2.125 

usemtl Height1Mtl

f 835/835/835 836/836/836 837/837/837 
f 837/837/837 836/836/836 838/838/838 
f 839/839/839 840/840/840 841/841/841 
f 841/841/841 840/840/840 842/842/842 
f 843/843/843 844/844/844 845/845/845 
f 845/845/845 844/844/844 846/846/846 
f 847/847/847 848/848/848 849/849/849 
f 849/849/849 848/848/848 850/850/850 
f 851/851/851 852/852/852 853/853/853 
f 853/853/853 852/852/852 854/854/854 
f 855/855/855 856/856/856 857/857/857 
f 857/857/857 856/856/856 858/858/858 

g Height22

v -108 3.6 454 
v -108 3.6 459 
v -108 0.599999 454 
v -108 0.599999 459 
v -108.2 3.6 459 
v -108 3.6 459 
v -108.2 3.6 454 
v -108 3.6 454 
v -108 3.6 459 
v -108.2 3.6 459 
v -108 0.599999 459 
v -108.2 0.599999 459 
v -108.2 3.6 459 
v -108.2 3.6 454 
v -108.2 0.599999 459 
v -108.2 0.599999 454 
v -108.2 0.599999 454 
v -108 0.599999 454 
v -108.2 0.599999 459 
v -108 0.599999 459 
v -108.2 3.6 454 
v -108 3.6 454 
v -108.2 0.599999 454 
v -108 0.599999 454 

vn 1 0 0 
vn 1 0 0 
vn 1 0 0 
vn 1 0 0 
vn 0 1 0 
vn 0 1 0 
vn 0 1 0 
vn 0 1 0 
vn 0 0 1 
vn 0 0 1 
vn 0 0 1 
vn 0 0 1 
vn -1 0 0 
vn -1 0 0 
vn -1 0 0 
vn -1 0 0 
vn 0 -1 0 
vn 0 -1 0 
vn 0 -1 0 
vn 0 -1 0 
vn 0 0 -1 
vn 0 0 -1 
vn 0 0 -1 
vn 0 0 -1 

vt 7.625 -3.5 
vt 7 -3.5 
vt 7.625 -3.875 
vt 7 -3.875 
vt 7.025 -3.5 
vt 7 -3.5 
vt 7.025 -4.125 
vt 7 -4.125 
vt 7.025 -3.5 
vt 7 -3.5 
vt 7.025 -3.875 
vt 7 -3.875 
vt 7.625 -3.5 
vt 7 -3.5 
vt 7.625 -3.875 
vt 7 -3.875 
vt 7.025 -3.5 
vt 7 -3.5 
vt 7.025 -4.125 
vt 7 -4.125 
vt 7.025 -3.5 
vt 7 -3.5 
vt 7.025 -3.875 
vt 7 -3.875 

usemtl Height1Mtl

f 859/859/859 860/860/860 861/861/861 
f 861/861/861 860/860/860 862/862/862 
f 863/863/863 864/864/864 865/865/865 
f 865/865/865 864/864/864 866/866/866 
f 867/867/867 868/868/868 869/869/869 
f 869/869/869 868/868/868 870/870/870 
f 871/871/871 872/872/872 873/873/873 
f 873/873/873 872/872/872 874/874/874 
f 875/875/875 876/876/876 877/877/877 
f 877/877/877 876/876/876 878/878/878 
f 879/879/879 880/880/880 881/881/881 
f 881/881/881 880/880/880 882/882/882 

g Height23

v -108 7.00019 453.2 
v -108 7.00019 458.2 
v -108 6.80019 453.2 
v -108 6.80019 458.2 
v -112 7.00019 458.2 
v -108 7.00019 458.2 
v -112 7.00019 453.2 
v -108 7.00019 453.2 
v -108 7.00019 458.2 
v -112 7.00019 458.2 
v -108 6.80019 458.2 
v -112 6.80019 458.2 
v -112 7.00019 458.2 
v -112 7.00019 453.2 
v -112 6.80019 458.2 
v -112 6.80019 453.2 
v -112 6.80019 453.2 
v -108 6.80019 453.2 
v -112 6.80019 458.2 
v -108 6.80019 458.2 
v -112 7.00019 453.2 
v -108 7.00019 453.2 
v -112 6.80019 453.2 
v -108 6.80019 453.2 

vn 1 0 0 
vn 1 0 0 
vn 1 0 0 
vn 1 0 0 
vn 0 1 0 
vn 0 1 0 
vn 0 1 0 
vn 0 1 0 
vn 0 0 1 
vn 0 0 1 
vn 0 0 1 
vn 0 0 1 
vn -1 0 0 
vn -1 0 0 
vn -1 0 0 
vn -1 0 0 
vn 0 -1 0 
vn 0 -1 0 
vn 0 -1 0 
vn 0 -1 0 
vn 0 0 -1 
vn 0 0 -1 
vn 0 0 -1 
vn 0 0 -1 

vt 8.375 -2.25 
vt 7.75 -2.25 
vt 8.375 -2.275 
vt 7.75 -2.275 
vt 8.25 -2.25 
vt 7.75 -2.25 
vt 8.25 -2.875 
vt 7.75 -2.875 
vt 8.25 -2.25 
vt 7.75 -2.25 
vt 8.25 -2.275 
vt 7.75 -2.275 
vt 8.375 -2.25 
vt 7.75 -2.25 
vt 8.375 -2.275 
vt 7.75 -2.275 
vt 8.25 -2.25 
vt 7.75 -2.25 
vt 8.25 -2.875 
vt 7.75 -2.875 
vt 8.25 -2.25 
vt 7.75 -2.25 
vt 8.25 -2.275 
vt 7.75 -2.275 

usemtl Height1Mtl

f 883/883/883 884/884/884 885/885/885 
f 885/885/885 884/884/884 886/886/886 
f 887/887/887 888/888/888 889/889/889 
f 889/889/889 888/888/888 890/890/890 
f 891/891/891 892/892/892 893/893/893 
f 893/893/893 892/892/892 894/894/894 
f 895/895/895 896/896/896 897/897/897 
f 897/897/897 896/896/896 898/898/898 
f 899/899/899 900/900/900 901/901/901 
f 901/901/901 900/900/900 902/902/902 
f 903/903/903 904/904/904 905/905/905 
f 905/905/905 904/904/904 906/906/906 

g Height24

v -112 3.60014 458.8 
v -108 3.60014 458.8 
v -112 0.600139 458.8 
v -108 0.600139 458.8 
v -108 3.60014 459 
v -108 3.60014 458.8 
v -112 3.60014 459 
v -112 3.60014 458.8 
v -108 3.60014 458.8 
v -108 3.60014 459 
v -108 0.600139 458.8 
v -108 0.600139 459 
v -108 3.60014 459 
v -112 3.60014 459 
v -108 0.600139 459 
v -112 0.600139 459 
v -112 0.600139 459 
v -112 0.600139 458.8 
v -108 0.600139 459 
v -108 0.600139 458.8 
v -112 3.60014 459 
v -112 3.60014 458.8 
v -112 0.600139 459 
v -112 0.600139 458.8 

vn 0 0 -1 
vn 0 0 -1 
vn 0 0 -1 
vn 0 0 -1 
vn 0 1 0 
vn 0 1 0 
vn 0 1 0 
vn 0 1 0 
vn 1 0 0 
vn 1 0 0 
vn 1 0 0 
vn 1 0 0 
vn 0 0 1 
vn 0 0 1 
vn 0 0 1 
vn 0 0 1 
vn 0 -1 0 
vn 0 -1 0 
vn 0 -1 0 
vn 0 -1 0 
vn -1 0 0 
vn -1 0 0 
vn -1 0 0 
vn -1 0 0 

vt 6.75 -2.5 
vt 6.25 -2.5 
vt 6.75 -2.875 
vt 6.25 -2.875 
vt 6.275 -2.5 
vt 6.25 -2.5 
vt 6.275 -3 
vt 6.25 -3 
vt 6.275 -2.5 
vt 6.25 -2.5 
vt 6.275 -2.875 
vt 6.25 -2.875 
vt 6.75 -2.5 
vt 6.25 -2.5 
vt 6.75 -2.875 
vt 6.25 -2.875 
vt 6.275 -2.5 
vt 6.25 -2.5 
vt 6.275 -3 
vt 6.25 -3 
vt 6.275 -2.5 
vt 6.25 -2.5 
vt 6.275 -2.875 
vt 6.25 -2.875 

usemtl Height1Mtl

f 907/907/907 908/908/908 909/909/909 
f 909/909/909 908/908/908 910/910/910 
f 911/911/911 912/912/912 913/913/913 
f 913/913/913 912/912/912 914/914/914 
f 915/915/915 916/916/916 917/917/917 
f 917/917/917 916/916/916 918/918/918 
f 919/919/919 920/920/920 921/921/921 
f 921/921/921 920/920/920 922/922/922 
f 923/923/923 924/924/924 925/925/925 
f 925/925/925 924/924/924 926/926/926 
f 927/927/927 928/928/928 929/929/929 
f 929/929/929 928/928/928 930/930/930 

g Height25

v -108.2 3.10001 454.14 
v -111.8 3.10001 454.14 
v -108.2 3.10001 458.74 
v -111.8 3.10001 458.74 
v -111.8 0.900005 454.14 
v -111.8 3.10001 454.14 
v -108.2 0.900006 454.14 
v -108.2 3.10001 454.14 
v -111.8 3.10001 454.14 
v -111.8 0.900005 454.14 
v -111.8 3.10001 458.74 
v -111.8 0.900005 458.74 
v -111.8 0.900005 454.14 
v -108.2 0.900006 454.14 
v -111.8 0.900005 458.74 
v -108.2 0.900006 458.74 
v -108.2 0.900006 458.74 
v -108.2 3.10001 458.74 
v -111.8 0.900005 458.74 
v -111.8 3.10001 458.74 
v -108.2 0.900006 454.14 
v -108.2 3.10001 454.14 
v -108.2 0.900006 458.74 
v -108.2 3.10001 458.74 

vn 0 1 0 
vn 0 1 0 
vn 0 1 0 
vn 0 1 0 
vn 0 0 -1 
vn 0 0 -1 
vn 0 0 -1 
vn 0 0 -1 
vn -1 0 0 
vn -1 0 0 
vn -1 0 0 
vn -1 0 0 
vn 0 -1 0 
vn 0 -1 0 
vn 0 -1 0 
vn 0 -1 0 
vn 0 0 1 
vn 0 0 1 
vn 0 0 1 
vn 0 0 1 
vn 1 0 0 
vn 1 0 0 
vn 1 0 0 
vn 1 0 0 

vt 2.95 -1.25 
vt 2.5 -1.25 
vt 2.95 -1.825 
vt 2.5 -1.825 
vt 2.775 -1.25 
vt 2.5 -1.25 
vt 2.775 -1.7 
vt 2.5 -1.7 
vt 2.775 -1.25 
vt 2.5 -1.25 
vt 2.775 -1.825 
vt 2.5 -1.825 
vt 2.95 -1.25 
vt 2.5 -1.25 
vt 2.95 -1.825 
vt 2.5 -1.825 
vt 2.775 -1.25 
vt 2.5 -1.25 
vt 2.775 -1.7 
vt 2.5 -1.7 
vt 2.775 -1.25 
vt 2.5 -1.25 
vt 2.775 -1.825 
vt 2.5 -1.825 

usemtl Height15Mtl

f 931/931/931 932/932/932 933/933/933 
f 933/933/933 932/932/932 934/934/934 
f 935/935/935 936/936/936 937/937/937 
f 937/937/937 936/936/936 938/938/938 
f 939/939/939 940/940/940 941/941/941 
f 941/941/941 940/940/940 942/942/942 
f 943/943/943 944/944/944 945/945/945 
f 945/945/945 944/944/944 946/946/946 
f 947/947/947 948/948/948 949/949/949 
f 949/949/949 948/948/948 950/950/950 
f 951/951/951 952/952/952 953/953/953 
f 953/953/953 952/952/952 954/954/954 

g Height26

v -108.2 3.10501 454.14 
v -111.8 3.10501 454.14 
v -108.2 3.10501 458.74 
v -111.8 3.10501 458.74 

vn 0 1 0 
vn 0 1 0 
vn 0 1 0 
vn 0 1 0 

vt 1 1 
vt 0 1 
vt 1 0 
vt 0 0 

usemtl Height16Mtl

f 955/955/955 956/956/956 957/957/957 
f 957/957/957 956/956/956 958/958/958 

g Height27

v -112 6.8 459 
v -108 6.8 459 
v -112 3.8 459 
v -108 3.8 459 
v -108 6.8 459.2 
v -108 6.8 459 
v -112 6.8 459.2 
v -112 6.8 459 
v -108 6.8 459 
v -108 6.8 459.2 
v -108 3.8 459 
v -108 3.8 459.2 
v -108 6.8 459.2 
v -112 6.8 459.2 
v -108 3.8 459.2 
v -112 3.8 459.2 
v -112 3.8 459.2 
v -112 3.8 459 
v -108 3.8 459.2 
v -108 3.8 459 
v -112 6.8 459.2 
v -112 6.8 459 
v -112 3.8 459.2 
v -112 3.8 459 

vn 0 0 -1 
vn 0 0 -1 
vn 0 0 -1 
vn 0 0 -1 
vn 0 1 0 
vn 0 1 0 
vn 0 1 0 
vn 0 1 0 
vn 1 0 0 
vn 1 0 0 
vn 1 0 0 
vn 1 0 0 
vn 0 0 1 
vn 0 0 1 
vn 0 0 1 
vn 0 0 1 
vn 0 -1 0 
vn 0 -1 0 
vn 0 -1 0 
vn 0 -1 0 
vn -1 0 0 
vn -1 0 0 
vn -1 0 0 
vn -1 0 0 

vt 4.75 -3.25 
vt 4.25 -3.25 
vt 4.75 -3.625 
vt 4.25 -3.625 
vt 4.275 -3.25 
vt 4.25 -3.25 
vt 4.275 -3.75 
vt 4.25 -3.75 
vt 4.275 -3.25 
vt 4.25 -3.25 
vt 4.275 -3.625 
vt 4.25 -3.625 
vt 4.75 -3.25 
vt 4.25 -3.25 
vt 4.75 -3.625 
vt 4.25 -3.625 
vt 4.275 -3.25 
vt 4.25 -3.25 
vt 4.275 -3.75 
vt 4.25 -3.75 
vt 4.275 -3.25 
vt 4.25 -3.25 
vt 4.275 -3.625 
vt 4.25 -3.625 

usemtl Height1Mtl

f 959/959/959 960/960/960 961/961/961 
f 961/961/961 960/960/960 962/962/962 
f 963/963/963 964/964/964 965/965/965 
f 965/965/965 964/964/964 966/966/966 
f 967/967/967 968/968/968 969/969/969 
f 969/969/969 968/968/968 970/970/970 
f 971/971/971 972/972/972 973/973/973 
f 973/973/973 972/972/972 974/974/974 
f 975/975/975 976/976/976 977/977/977 
f 977/977/977 976/976/976 978/978/978 
f 979/979/979 980/980/980 981/981/981 
f 981/981/981 980/980/980 982/982/982 

g Height28

v -112 6.79986 454.2 
v -108 6.79986 454.2 
v -112 3.79986 454.2 
v -108 3.79986 454.2 
v -108 6.79986 454.4 
v -108 6.79986 454.2 
v -112 6.79986 454.4 
v -112 6.79986 454.2 
v -108 6.79986 454.2 
v -108 6.79986 454.4 
v -108 3.79986 454.2 
v -108 3.79986 454.4 
v -108 6.79986 454.4 
v -112 6.79986 454.4 
v -108 3.79986 454.4 
v -112 3.79986 454.4 
v -112 3.79986 454.4 
v -112 3.79986 454.2 
v -108 3.79986 454.4 
v -108 3.79986 454.2 
v -112 6.79986 454.4 
v -112 6.79986 454.2 
v -112 3.79986 454.4 
v -112 3.79986 454.2 

vn 0 0 -1 
vn 0 0 -1 
vn 0 0 -1 
vn 0 0 -1 
vn 0 1 0 
vn 0 1 0 
vn 0 1 0 
vn 0 1 0 
vn 1 0 0 
vn 1 0 0 
vn 1 0 0 
vn 1 0 0 
vn 0 0 1 
vn 0 0 1 
vn 0 0 1 
vn 0 0 1 
vn 0 -1 0 
vn 0 -1 0 
vn 0 -1 0 
vn 0 -1 0 
vn -1 0 0 
vn -1 0 0 
vn -1 0 0 
vn -1 0 0 

vt 5.5 -4.5 
vt 5 -4.5 
vt 5.5 -4.875 
vt 5 -4.875 
vt 5.025 -4.5 
vt 5 -4.5 
vt 5.025 -5 
vt 5 -5 
vt 5.025 -4.5 
vt 5 -4.5 
vt 5.025 -4.875 
vt 5 -4.875 
vt 5.5 -4.5 
vt 5 -4.5 
vt 5.5 -4.875 
vt 5 -4.875 
vt 5.025 -4.5 
vt 5 -4.5 
vt 5.025 -5 
vt 5 -5 
vt 5.025 -4.5 
vt 5 -4.5 
vt 5.025 -4.875 
vt 5 -4.875 

usemtl Height1Mtl

f 983/983/983 984/984/984 985/985/985 
f 985/985/985 984/984/984 986/986/986 
f 987/987/987 988/988/988 989/989/989 
f 989/989/989 988/988/988 990/990/990 
f 991/991/991 992/992/992 993/993/993 
f 993/993/993 992/992/992 994/994/994 
f 995/995/995 996/996/996 997/997/997 
f 997/997/997 996/996/996 998/998/998 
f 999/999/999 1000/1000/1000 1001/1001/1001 
f 1001/1001/1001 1000/1000/1000 1002/1002/1002 
f 1003/1003/1003 1004/1004/1004 1005/1005/1005 
f 1005/1005/1005 1004/1004/1004 1006/1006/1006 

g Height29

v -108.2 6.29972 454.34 
v -111.8 6.29972 454.34 
v -108.2 6.29972 458.94 
v -111.8 6.29972 458.94 
v -111.8 4.09972 454.34 
v -111.8 6.29972 454.34 
v -108.2 4.09972 454.34 
v -108.2 6.29972 454.34 
v -111.8 6.29972 454.34 
v -111.8 4.09972 454.34 
v -111.8 6.29972 458.94 
v -111.8 4.09972 458.94 
v -111.8 4.09972 454.34 
v -108.2 4.09972 454.34 
v -111.8 4.09972 458.94 
v -108.2 4.09972 458.94 
v -108.2 4.09972 458.94 
v -108.2 6.29972 458.94 
v -111.8 4.09972 458.94 
v -111.8 6.29972 458.94 
v -108.2 4.09972 454.34 
v -108.2 6.29972 454.34 
v -108.2 4.09972 458.94 
v -108.2 6.29972 458.94 

vn 0 1 0 
vn 0 1 0 
vn 0 1 0 
vn 0 1 0 
vn 0 0 -1 
vn 0 0 -1 
vn 0 0 -1 
vn 0 0 -1 
vn -1 0 0 
vn -1 0 0 
vn -1 0 0 
vn -1 0 0 
vn 0 -1 0 
vn 0 -1 0 
vn 0 -1 0 
vn 0 -1 0 
vn 0 0 1 
vn 0 0 1 
vn 0 0 1 
vn 0 0 1 
vn 1 0 0 
vn 1 0 0 
vn 1 0 0 
vn 1 0 0 

vt 3.95 0 
vt 3.5 0 
vt 3.95 -0.575 
vt 3.5 -0.575 
vt 3.775 0 
vt 3.5 0 
vt 3.775 -0.45 
vt 3.5 -0.45 
vt 3.775 0 
vt 3.5 0 
vt 3.775 -0.575 
vt 3.5 -0.575 
vt 3.95 0 
vt 3.5 0 
vt 3.95 -0.575 
vt 3.5 -0.575 
vt 3.775 0 
vt 3.5 0 
vt 3.775 -0.45 
vt 3.5 -0.45 
vt 3.775 0 
vt 3.5 0 
vt 3.775 -0.575 
vt 3.5 -0.575 

usemtl Height15Mtl

f 1007/1007/1007 1008/1008/1008 1009/1009/1009 
f 1009/1009/1009 1008/1008/1008 1010/1010/1010 
f 1011/1011/1011 1012/1012/1012 1013/1013/1013 
f 1013/1013/1013 1012/1012/1012 1014/1014/1014 
f 1015/1015/1015 1016/1016/1016 1017/1017/1017 
f 1017/1017/1017 1016/1016/1016 1018/1018/1018 
f 1019/1019/1019 1020/1020/1020 1021/1021/1021 
f 1021/1021/1021 1020/1020/1020 1022/1022/1022 
f 1023/1023/1023 1024/1024/1024 1025/1025/1025 
f 1025/1025/1025 1024/1024/1024 1026/1026/1026 
f 1027/1027/1027 1028/1028/1028 1029/1029/1029 
f 1029/1029/1029 1028/1028/1028 1030/1030/1030 

g Height30

v -108.2 6.30472 454.34 
v -111.8 6.30472 454.34 
v -108.2 6.30472 458.94 
v -111.8 6.30472 458.94 

vn 0 1 0 
vn 0 1 0 
vn 0 1 0 
vn 0 1 0 

vt 1 1 
vt 0 1 
vt 1 0 
vt 0 0 

usemtl Height16Mtl

f 1031/1031/1031 1032/1032/1032 1033/1033/1033 
f 1033/1033/1033 1032/1032/1032 1034/1034/1034 

g Height31

v -108 3.79986 454.2 
v -108 3.79986 459.2 
v -108 3.59986 454.2 
v -108 3.59986 459.2 
v -112 3.79986 459.2 
v -108 3.79986 459.2 
v -112 3.79986 454.2 
v -108 3.79986 454.2 
v -108 3.79986 459.2 
v -112 3.79986 459.2 
v -108 3.59986 459.2 
v -112 3.59986 459.2 
v -112 3.79986 459.2 
v -112 3.79986 454.2 
v -112 3.59986 459.2 
v -112 3.59986 454.2 
v -112 3.59986 454.2 
v -108 3.59986 454.2 
v -112 3.59986 459.2 
v -108 3.59986 459.2 
v -112 3.79986 454.2 
v -108 3.79986 454.2 
v -112 3.59986 454.2 
v -108 3.59986 454.2 

vn 1 0 0 
vn 1 0 0 
vn 1 0 0 
vn 1 0 0 
vn 0 1 0 
vn 0 1 0 
vn 0 1 0 
vn 0 1 0 
vn 0 0 1 
vn 0 0 1 
vn 0 0 1 
vn 0 0 1 
vn -1 0 0 
vn -1 0 0 
vn -1 0 0 
vn -1 0 0 
vn 0 -1 0 
vn 0 -1 0 
vn 0 -1 0 
vn 0 -1 0 
vn 0 0 -1 
vn 0 0 -1 
vn 0 0 -1 
vn 0 0 -1 

vt 7.875 -2.5 
vt 7.25 -2.5 
vt 7.875 -2.525 
vt 7.25 -2.525 
vt 7.75 -2.5 
vt 7.25 -2.5 
vt 7.75 -3.125 
vt 7.25 -3.125 
vt 7.75 -2.5 
vt 7.25 -2.5 
vt 7.75 -2.525 
vt 7.25 -2.525 
vt 7.875 -2.5 
vt 7.25 -2.5 
vt 7.875 -2.525 
vt 7.25 -2.525 
vt 7.75 -2.5 
vt 7.25 -2.5 
vt 7.75 -3.125 
vt 7.25 -3.125 
vt 7.75 -2.5 
vt 7.25 -2.5 
vt 7.75 -2.525 
vt 7.25 -2.525 

usemtl Height1Mtl

f 1035/1035/1035 1036/1036/1036 1037/1037/1037 
f 1037/1037/1037 1036/1036/1036 1038/1038/1038 
f 1039/1039/1039 1040/1040/1040 1041/1041/1041 
f 1041/1041/1041 1040/1040/1040 1042/1042/1042 
f 1043/1043/1043 1044/1044/1044 1045/1045/1045 
f 1045/1045/1045 1044/1044/1044 1046/1046/1046 
f 1047/1047/1047 1048/1048/1048 1049/1049/1049 
f 1049/1049/1049 1048/1048/1048 1050/1050/1050 
f 1051/1051/1051 1052/1052/1052 1053/1053/1053 
f 1053/1053/1053 1052/1052/1052 1054/1054/1054 
f 1055/1055/1055 1056/1056/1056 1057/1057/1057 
f 1057/1057/1057 1056/1056/1056 1058/1058/1058 

g Height32

v -112 3.6 454 
v -108 3.6 454 
v -112 0.599999 454 
v -108 0.599999 454 
v -108 3.6 454.2 
v -108 3.6 454 
v -112 3.6 454.2 
v -112 3.6 454 
v -108 3.6 454 
v -108 3.6 454.2 
v -108 0.599999 454 
v -108 0.599999 454.2 
v -108 3.6 454.2 
v -112 3.6 454.2 
v -108 0.599999 454.2 
v -112 0.599999 454.2 
v -112 0.599999 454.2 
v -112 0.599999 454 
v -108 0.599999 454.2 
v -108 0.599999 454 
v -112 3.6 454.2 
v -112 3.6 454 
v -112 0.599999 454.2 
v -112 0.599999 454 

vn 0 0 -1 
vn 0 0 -1 
vn 0 0 -1 
vn 0 0 -1 
vn 0 1 0 
vn 0 1 0 
vn 0 1 0 
vn 0 1 0 
vn 1 0 0 
vn 1 0 0 
vn 1 0 0 
vn 1 0 0 
vn 0 0 1 
vn 0 0 1 
vn 0 0 1 
vn 0 0 1 
vn 0 -1 0 
vn 0 -1 0 
vn 0 -1 0 
vn 0 -1 0 
vn -1 0 0 
vn -1 0 0 
vn -1 0 0 
vn -1 0 0 

vt 1.5 -0.25 
vt 1 -0.25 
vt 1.5 -0.625 
vt 1 -0.625 
vt 1.025 -0.25 
vt 1 -0.25 
vt 1.025 -0.75 
vt 1 -0.75 
vt 1.025 -0.25 
vt 1 -0.25 
vt 1.025 -0.625 
vt 1 -0.625 
vt 1.5 -0.25 
vt 1 -0.25 
vt 1.5 -0.625 
vt 1 -0.625 
vt 1.025 -0.25 
vt 1 -0.25 
vt 1.025 -0.75 
vt 1 -0.75 
vt 1.025 -0.25 
vt 1 -0.25 
vt 1.025 -0.625 
vt 1 -0.625 

usemtl Height1Mtl

f 1059/1059/1059 1060/1060/1060 1061/1061/1061 
f 1061/1061/1061 1060/1060/1060 1062/1062/1062 
f 1063/1063/1063 1064/1064/1064 1065/1065/1065 
f 1065/1065/1065 1064/1064/1064 1066/1066/1066 
f 1067/1067/1067 1068/1068/1068 1069/1069/1069 
f 1069/1069/1069 1068/1068/1068 1070/1070/1070 
f 1071/1071/1071 1072/1072/1072 1073/1073/1073 
f 1073/1073/1073 1072/1072/1072 1074/1074/1074 
f 1075/1075/1075 1076/1076/1076 1077/1077/1077 
f 1077/1077/1077 1076/1076/1076 1078/1078/1078 
f 1079/1079/1079 1080/1080/1080 1081/1081/1081 
f 1081/1081/1081 1080/1080/1080 1082/1082/1082 

g Height33

v -112 6.79986 459.2 
v -112 6.79986 454.2 
v -112 3.79986 459.2 
v -112 3.79986 454.2 
v -111.8 6.79986 454.2 
v -112 6.79986 454.2 
v -111.8 6.79986 459.2 
v -112 6.79986 459.2 
v -112 6.79986 454.2 
v -111.8 6.79986 454.2 
v -112 3.79986 454.2 
v -111.8 3.79986 454.2 
v -111.8 6.79986 454.2 
v -111.8 6.79986 459.2 
v -111.8 3.79986 454.2 
v -111.8 3.79986 459.2 
v -111.8 3.79986 459.2 
v -112 3.79986 459.2 
v -111.8 3.79986 454.2 
v -112 3.79986 454.2 
v -111.8 6.79986 459.2 
v -112 6.79986 459.2 
v -111.8 3.79986 459.2 
v -112 3.79986 459.2 

vn -1 0 0 
vn -1 0 0 
vn -1 0 0 
vn -1 0 0 
vn 0 1 0 
vn 0 1 0 
vn 0 1 0 
vn 0 1 0 
vn 0 0 -1 
vn 0 0 -1 
vn 0 0 -1 
vn 0 0 -1 
vn 1 0 0 
vn 1 0 0 
vn 1 0 0 
vn 1 0 0 
vn 0 -1 0 
vn 0 -1 0 
vn 0 -1 0 
vn 0 -1 0 
vn 0 0 1 
vn 0 0 1 
vn 0 0 1 
vn 0 0 1 

vt 2.125 -3 
vt 1.5 -3 
vt 2.125 -3.375 
vt 1.5 -3.375 
vt 1.525 -3 
vt 1.5 -3 
vt 1.525 -3.625 
vt 1.5 -3.625 
vt 1.525 -3 
vt 1.5 -3 
vt 1.525 -3.375 
vt 1.5 -3.375 
vt 2.125 -3 
vt 1.5 -3 
vt 2.125 -3.375 
vt 1.5 -3.375 
vt 1.525 -3 
vt 1.5 -3 
vt 1.525 -3.625 
vt 1.5 -3.625 
vt 1.525 -3 
vt 1.5 -3 
vt 1.525 -3.375 
vt 1.5 -3.375 

usemtl Height1Mtl

f 1083/1083/1083 1084/1084/1084 1085/1085/1085 
f 1085/1085/1085 1084/1084/1084 1086/1086/1086 
f 1087/1087/1087 1088/1088/1088 1089/1089/1089 
f 1089/1089/1089 1088/1088/1088 1090/1090/1090 
f 1091/1091/1091 1092/1092/1092 1093/1093/1093 
f 1093/1093/1093 1092/1092/1092 1094/1094/1094 
f 1095/1095/1095 1096/1096/1096 1097/1097/1097 
f 1097/1097/1097 1096/1096/1096 1098/1098/1098 
f 1099/1099/1099 1100/1100/1100 1101/1101/1101 
f 1101/1101/1101 1100/1100/1100 1102/1102/1102 
f 1103/1103/1103 1104/1104/1104 1105/1105/1105 
f 1105/1105/1105 1104/1104/1104 1106/1106/1106 

g Height34

v -108 6.79986 454.2 
v -108 6.79986 459.2 
v -108 3.79986 454.2 
v -108 3.79986 459.2 
v -108.2 6.79986 459.2 
v -108 6.79986 459.2 
v -108.2 6.79986 454.2 
v -108 6.79986 454.2 
v -108 6.79986 459.2 
v -108.2 6.79986 459.2 
v -108 3.79986 459.2 
v -108.2 3.79986 459.2 
v -108.2 6.79986 459.2 
v -108.2 6.79986 454.2 
v -108.2 3.79986 459.2 
v -108.2 3.79986 454.2 
v -108.2 3.79986 454.2 
v -108 3.79986 454.2 
v -108.2 3.79986 459.2 
v -108 3.79986 459.2 
v -108.2 6.79986 454.2 
v -108 6.79986 454.2 
v -108.2 3.79986 454.2 
v -108 3.79986 454.2 

vn 1 0 0 
vn 1 0 0 
vn 1 0 0 
vn 1 0 0 
vn 0 1 0 
vn 0 1 0 
vn 0 1 0 
vn 0 1 0 
vn 0 0 1 
vn 0 0 1 
vn 0 0 1 
vn 0 0 1 
vn -1 0 0 
vn -1 0 0 
vn -1 0 0 
vn -1 0 0 
vn 0 -1 0 
vn 0 -1 0 
vn 0 -1 0 
vn 0 -1 0 
vn 0 0 -1 
vn 0 0 -1 
vn 0 0 -1 
vn 0 0 -1 

vt 2.875 -2.25 
vt 2.25 -2.25 
vt 2.875 -2.625 
vt 2.25 -2.625 
vt 2.275 -2.25 
vt 2.25 -2.25 
vt 2.275 -2.875 
vt 2.25 -2.875 
vt 2.275 -2.25 
vt 2.25 -2.25 
vt 2.275 -2.625 
vt 2.25 -2.625 
vt 2.875 -2.25 
vt 2.25 -2.25 
vt 2.875 -2.625 
vt 2.25 -2.625 
vt 2.275 -2.25 
vt 2.25 -2.25 
vt 2.275 -2.875 
vt 2.25 -2.875 
vt 2.275 -2.25 
vt 2.25 -2.25 
vt 2.275 -2.625 
vt 2.25 -2.625 

usemtl Height1Mtl

f 1107/1107/1107 1108/1108/1108 1109/1109/1109 
f 1109/1109/1109 1108/1108/1108 1110/1110/1110 
f 1111/1111/1111 1112/1112/1112 1113/1113/1113 
f 1113/1113/1113 1112/1112/1112 1114/1114/1114 
f 1115/1115/1115 1116/1116/1116 1117/1117/1117 
f 1117/1117/1117 1116/1116/1116 1118/1118/1118 
f 1119/1119/1119 1120/1120/1120 1121/1121/1121 
f 1121/1121/1121 1120/1120/1120 1122/1122/1122 
f 1123/1123/1123 1124/1124/1124 1125/1125/1125 
f 1125/1125/1125 1124/1124/1124 1126/1126/1126 
f 1127/1127/1127 1128/1128/1128 1129/1129/1129 
f 1129/1129/1129 1128/1128/1128 1130/1130/1130 

g Height35

v -108 0.599999 454 
v -108 0.599999 459 
v -108 0.399999 454 
v -108 0.399999 459 
v -112 0.599999 459 
v -108 0.599999 459 
v -112 0.599999 454 
v -108 0.599999 454 
v -108 0.599999 459 
v -112 0.599999 459 
v -108 0.399999 459 
v -112 0.399999 459 
v -112 0.599999 459 
v -112 0.599999 454 
v -112 0.399999 459 
v -112 0.399999 454 
v -112 0.399999 454 
v -108 0.399999 454 
v -112 0.399999 459 
v -108 0.399999 459 
v -112 0.599999 454 
v -108 0.599999 454 
v -112 0.399999 454 
v -108 0.399999 454 

vn 1 0 0 
vn 1 0 0 
vn 1 0 0 
vn 1 0 0 
vn 0 1 0 
vn 0 1 0 
vn 0 1 0 
vn 0 1 0 
vn 0 0 1 
vn 0 0 1 
vn 0 0 1 
vn 0 0 1 
vn -1 0 0 
vn -1 0 0 
vn -1 0 0 
vn -1 0 0 
vn 0 -1 0 
vn 0 -1 0 
vn 0 -1 0 
vn 0 -1 0 
vn 0 0 -1 
vn 0 0 -1 
vn 0 0 -1 
vn 0 0 -1 

vt 6.125 -4.75 
vt 5.5 -4.75 
vt 6.125 -4.775 
vt 5.5 -4.775 
vt 6 -4.75 
vt 5.5 -4.75 
vt 6 -5.375 
vt 5.5 -5.375 
vt 6 -4.75 
vt 5.5 -4.75 
vt 6 -4.775 
vt 5.5 -4.775 
vt 6.125 -4.75 
vt 5.5 -4.75 
vt 6.125 -4.775 
vt 5.5 -4.775 
vt 6 -4.75 
vt 5.5 -4.75 
vt 6 -5.375 
vt 5.5 -5.375 
vt 6 -4.75 
vt 5.5 -4.75 
vt 6 -4.775 
vt 5.5 -4.775 

usemtl Height1Mtl

f 1131/1131/1131 1132/1132/1132 1133/1133/1133 
f 1133/1133/1133 1132/1132/1132 1134/1134/1134 
f 1135/1135/1135 1136/1136/1136 1137/1137/1137 
f 1137/1137/1137 1136/1136/1136 1138/1138/1138 
f 1139/1139/1139 1140/1140/1140 1141/1141/1141 
f 1141/1141/1141 1140/1140/1140 1142/1142/1142 
f 1143/1143/1143 1144/1144/1144 1145/1145/1145 
f 1145/1145/1145 1144/1144/1144 1146/1146/1146 
f 1147/1147/1147 1148/1148/1148 1149/1149/1149 
f 1149/1149/1149 1148/1148/1148 1150/1150/1150 
f 1151/1151/1151 1152/1152/1152 1153/1153/1153 
f 1153/1153/1153 1152/1152/1152 1154/1154/1154 

g Height36

v -112 3.6 459 
v -112 3.6 454 
v -112 0.599999 459 
v -112 0.599999 454 
v -111.8 3.6 454 
v -112 3.6 454 
v -111.8 3.6 459 
v -112 3.6 459 
v -112 3.6 454 
v -111.8 3.6 454 
v -112 0.599999 454 
v -111.8 0.599999 454 
v -111.8 3.6 454 
v -111.8 3.6 459 
v -111.8 0.599999 454 
v -111.8 0.599999 459 
v -111.8 0.599999 459 
v -112 0.599999 459 
v -111.8 0.599999 454 
v -112 0.599999 454 
v -111.8 3.6 459 
v -112 3.6 459 
v -111.8 0.599999 459 
v -112 0.599999 459 

vn -1 0 0 
vn -1 0 0 
vn -1 0 0 
vn -1 0 0 
vn 0 1 0 
vn 0 1 0 
vn 0 1 0 
vn 0 1 0 
vn 0 0 -1 
vn 0 0 -1 
vn 0 0 -1 
vn 0 0 -1 
vn 1 0 0 
vn 1 0 0 
vn 1 0 0 
vn 1 0 0 
vn 0 -1 0 
vn 0 -1 0 
vn 0 -1 0 
vn 0 -1 0 
vn 0 0 1 
vn 0 0 1 
vn 0 0 1 
vn 0 0 1 

vt 3.625 -4.5 
vt 3 -4.5 
vt 3.625 -4.875 
vt 3 -4.875 
vt 3.025 -4.5 
vt 3 -4.5 
vt 3.025 -5.125 
vt 3 -5.125 
vt 3.025 -4.5 
vt 3 -4.5 
vt 3.025 -4.875 
vt 3 -4.875 
vt 3.625 -4.5 
vt 3 -4.5 
vt 3.625 -4.875 
vt 3 -4.875 
vt 3.025 -4.5 
vt 3 -4.5 
vt 3.025 -5.125 
vt 3 -5.125 
vt 3.025 -4.5 
vt 3 -4.5 
vt 3.025 -4.875 
vt 3 -4.875 

usemtl Height1Mtl

f 1155/1155/1155 1156/1156/1156 1157/1157/1157 
f 1157/1157/1157 1156/1156/1156 1158/1158/1158 
f 1159/1159/1159 1160/1160/1160 1161/1161/1161 
f 1161/1161/1161 1160/1160/1160 1162/1162/1162 
f 1163/1163/1163 1164/1164/1164 1165/1165/1165 
f 1165/1165/1165 1164/1164/1164 1166/1166/1166 
f 1167/1167/1167 1168/1168/1168 1169/1169/1169 
f 1169/1169/1169 1168/1168/1168 1170/1170/1170 
f 1171/1171/1171 1172/1172/1172 1173/1173/1173 
f 1173/1173/1173 1172/1172/1172 1174/1174/1174 
f 1175/1175/1175 1176/1176/1176 1177/1177/1177 
f 1177/1177/1177 1176/1176/1176 1178/1178/1178 

g Height37

v -112 10.0004 453.2 
v -108 10.0004 453.2 
v -112 7.00035 453.2 
v -108 7.00035 453.2 
v -108 10.0004 453.4 
v -108 10.0004 453.2 
v -112 10.0004 453.4 
v -112 10.0004 453.2 
v -108 10.0004 453.2 
v -108 10.0004 453.4 
v -108 7.00035 453.2 
v -108 7.00035 453.4 
v -108 10.0004 453.4 
v -112 10.0004 453.4 
v -108 7.00035 453.4 
v -112 7.00035 453.4 
v -112 7.00035 453.4 
v -112 7.00035 453.2 
v -108 7.00035 453.4 
v -108 7.00035 453.2 
v -112 10.0004 453.4 
v -112 10.0004 453.2 
v -112 7.00035 453.4 
v -112 7.00035 453.2 

vn 0 0 -1 
vn 0 0 -1 
vn 0 0 -1 
vn 0 0 -1 
vn 0 1 0 
vn 0 1 0 
vn 0 1 0 
vn 0 1 0 
vn 1 0 0 
vn 1 0 0 
vn 1 0 0 
vn 1 0 0 
vn 0 0 1 
vn 0 0 1 
vn 0 0 1 
vn 0 0 1 
vn 0 -1 0 
vn 0 -1 0 
vn 0 -1 0 
vn 0 -1 0 
vn -1 0 0 
vn -1 0 0 
vn -1 0 0 
vn -1 0 0 

vt 3.75 -3.5 
vt 3.25 -3.5 
vt 3.75 -3.875 
vt 3.25 -3.875 
vt 3.275 -3.5 
vt 3.25 -3.5 
vt 3.275 -4 
vt 3.25 -4 
vt 3.275 -3.5 
vt 3.25 -3.5 
vt 3.275 -3.875 
vt 3.25 -3.875 
vt 3.75 -3.5 
vt 3.25 -3.5 
vt 3.75 -3.875 
vt 3.25 -3.875 
vt 3.275 -3.5 
vt 3.25 -3.5 
vt 3.275 -4 
vt 3.25 -4 
vt 3.275 -3.5 
vt 3.25 -3.5 
vt 3.275 -3.875 
vt 3.25 -3.875 

usemtl Height1Mtl

f 1179/1179/1179 1180/1180/1180 1181/1181/1181 
f 1181/1181/1181 1180/1180/1180 1182/1182/1182 
f 1183/1183/1183 1184/1184/1184 1185/1185/1185 
f 1185/1185/1185 1184/1184/1184 1186/1186/1186 
f 1187/1187/1187 1188/1188/1188 1189/1189/1189 
f 1189/1189/1189 1188/1188/1188 1190/1190/1190 
f 1191/1191/1191 1192/1192/1192 1193/1193/1193 
f 1193/1193/1193 1192/1192/1192 1194/1194/1194 
f 1195/1195/1195 1196/1196/1196 1197/1197/1197 
f 1197/1197/1197 1196/1196/1196 1198/1198/1198 
f 1199/1199/1199 1200/1200/1200 1201/1201/1201 
f 1201/1201/1201 1200/1200/1200 1202/1202/1202 

g Height38

v -108.2 9.50018 453.34 
v -111.8 9.50018 453.34 
v -108.2 9.50018 457.94 
v -111.8 9.50018 457.94 
v -111.8 7.30018 453.34 
v -111.8 9.50018 453.34 
v -108.2 7.30018 453.34 
v -108.2 9.50018 453.34 
v -111.8 9.50018 453.34 
v -111.8 7.30018 453.34 
v -111.8 9.50018 457.94 
v -111.8 7.30018 457.94 
v -111.8 7.30018 453.34 
v -108.2 7.30018 453.34 
v -111.8 7.30018 457.94 
v -108.2 7.30018 457.94 
v -108.2 7.30018 457.94 
v -108.2 9.50018 457.94 
v -111.8 7.30018 457.94 
v -111.8 9.50018 457.94 
v -108.2 7.30018 453.34 
v -108.2 9.50018 453.34 
v -108.2 7.30018 457.94 
v -108.2 9.50018 457.94 

vn 0 1 0 
vn 0 1 0 
vn 0 1 0 
vn 0 1 0 
vn 0 0 -1 
vn 0 0 -1 
vn 0 0 -1 
vn 0 0 -1 
vn -1 0 0 
vn -1 0 0 
vn -1 0 0 
vn -1 0 0 
vn 0 -1 0 
vn 0 -1 0 
vn 0 -1 0 
vn 0 -1 0 
vn 0 0 1 
vn 0 0 1 
vn 0 0 1 
vn 0 0 1 
vn 1 0 0 
vn 1 0 0 
vn 1 0 0 
vn 1 0 0 

vt 0.95 1 
vt 0.5 1 
vt 0.95 0.425 
vt 0.5 0.425 
vt 0.775 1 
vt 0.5 1 
vt 0.775 0.55 
vt 0.5 0.55 
vt 0.775 1 
vt 0.5 1 
vt 0.775 0.425 
vt 0.5 0.425 
vt 0.95 1 
vt 0.5 1 
vt 0.95 0.425 
vt 0.5 0.425 
vt 0.775 1 
vt 0.5 1 
vt 0.775 0.55 
vt 0.5 0.55 
vt 0.775 1 
vt 0.5 1 
vt 0.775 0.425 
vt 0.5 0.425 

usemtl Height15Mtl

f 1203/1203/1203 1204/1204/1204 1205/1205/1205 
f 1205/1205/1205 1204/1204/1204 1206/1206/1206 
f 1207/1207/1207 1208/1208/1208 1209/1209/1209 
f 1209/1209/1209 1208/1208/1208 1210/1210/1210 
f 1211/1211/1211 1212/1212/1212 1213/1213/1213 
f 1213/1213/1213 1212/1212/1212 1214/1214/1214 
f 1215/1215/1215 1216/1216/1216 1217/1217/1217 
f 1217/1217/1217 1216/1216/1216 1218/1218/1218 
f 1219/1219/1219 1220/1220/1220 1221/1221/1221 
f 1221/1221/1221 1220/1220/1220 1222/1222/1222 
f 1223/1223/1223 1224/1224/1224 1225/1225/1225 
f 1225/1225/1225 1224/1224/1224 1226/1226/1226 

g Height39

v -108.2 9.50518 453.34 
v -111.8 9.50518 453.34 
v -108.2 9.50518 457.94 
v -111.8 9.50518 457.94 

vn 0 1 0 
vn 0 1 0 
vn 0 1 0 
vn 0 1 0 

vt 1 1 
vt 0 1 
vt 1 0 
vt 0 0 

usemtl Height16Mtl

f 1227/1227/1227 1228/1228/1228 1229/1229/1229 
f 1229/1229/1229 1228/1228/1228 1230/1230/1230 

g Height40

v -112 10 458 
v -108 10 458 
v -112 7 458 
v -108 7 458 
v -108 10 458.2 
v -108 10 458 
v -112 10 458.2 
v -112 10 458 
v -108 10 458 
v -108 10 458.2 
v -108 7 458 
v -108 7 458.2 
v -108 10 458.2 
v -112 10 458.2 
v -108 7 458.2 
v -112 7 458.2 
v -112 7 458.2 
v -112 7 458 
v -108 7 458.2 
v -108 7 458 
v -112 10 458.2 
v -112 10 458 
v -112 7 458.2 
v -112 7 458 

vn 0 0 -1 
vn 0 0 -1 
vn 0 0 -1 
vn 0 0 -1 
vn 0 1 0 
vn 0 1 0 
vn 0 1 0 
vn 0 1 0 
vn 1 0 0 
vn 1 0 0 
vn 1 0 0 
vn 1 0 0 
vn 0 0 1 
vn 0 0 1 
vn 0 0 1 
vn 0 0 1 
vn 0 -1 0 
vn 0 -1 0 
vn 0 -1 0 
vn 0 -1 0 
vn -1 0 0 
vn -1 0 0 
vn -1 0 0 
vn -1 0 0 

vt 7.5 -4.75 
vt 7 -4.75 
vt 7.5 -5.125 
vt 7 -5.125 
vt 7.025 -4.75 
vt 7 -4.75 
vt 7.025 -5.25 
vt 7 -5.25 
vt 7.025 -4.75 
vt 7 -4.75 
vt 7.025 -5.125 
vt 7 -5.125 
vt 7.5 -4.75 
vt 7 -4.75 
vt 7.5 -5.125 
vt 7 -5.125 
vt 7.025 -4.75 
vt 7 -4.75 
vt 7.025 -5.25 
vt 7 -5.25 
vt 7.025 -4.75 
vt 7 -4.75 
vt 7.025 -5.125 
vt 7 -5.125 

usemtl Height1Mtl

f 1231/1231/1231 1232/1232/1232 1233/1233/1233 
f 1233/1233/1233 1232/1232/1232 1234/1234/1234 
f 1235/1235/1235 1236/1236/1236 1237/1237/1237 
f 1237/1237/1237 1236/1236/1236 1238/1238/1238 
f 1239/1239/1239 1240/1240/1240 1241/1241/1241 
f 1241/1241/1241 1240/1240/1240 1242/1242/1242 
f 1243/1243/1243 1244/1244/1244 1245/1245/1245 
f 1245/1245/1245 1244/1244/1244 1246/1246/1246 
f 1247/1247/1247 1248/1248/1248 1249/1249/1249 
f 1249/1249/1249 1248/1248/1248 1250/1250/1250 
f 1251/1251/1251 1252/1252/1252 1253/1253/1253 
f 1253/1253/1253 1252/1252/1252 1254/1254/1254 

g Height41

v -108 10.0004 453.2 
v -108 10.0004 458.2 
v -108 7.00035 453.2 
v -108 7.00035 458.2 
v -108.2 10.0004 458.2 
v -108 10.0004 458.2 
v -108.2 10.0004 453.2 
v -108 10.0004 453.2 
v -108 10.0004 458.2 
v -108.2 10.0004 458.2 
v -108 7.00035 458.2 
v -108.2 7.00035 458.2 
v -108.2 10.0004 458.2 
v -108.2 10.0004 453.2 
v -108.2 7.00035 458.2 
v -108.2 7.00035 453.2 
v -108.2 7.00035 453.2 
v -108 7.00035 453.2 
v -108.2 7.00035 458.2 
v -108 7.00035 458.2 
v -108.2 10.0004 453.2 
v -108 10.0004 453.2 
v -108.2 7.00035 453.2 
v -108 7.00035 453.2 

vn 1 0 0 
vn 1 0 0 
vn 1 0 0 
vn 1 0 0 
vn 0 1 0 
vn 0 1 0 
vn 0 1 0 
vn 0 1 0 
vn 0 0 1 
vn 0 0 1 
vn 0 0 1 
vn 0 0 1 
vn -1 0 0 
vn -1 0 0 
vn -1 0 0 
vn -1 0 0 
vn 0 -1 0 
vn 0 -1 0 
vn 0 -1 0 
vn 0 -1 0 
vn 0 0 -1 
vn 0 0 -1 
vn 0 0 -1 
vn 0 0 -1 

vt 8.125 -5.5 
vt 7.5 -5.5 
vt 8.125 -5.875 
vt 7.5 -5.875 
vt 7.525 -5.5 
vt 7.5 -5.5 
vt 7.525 -6.125 
vt 7.5 -6.125 
vt 7.525 -5.5 
vt 7.5 -5.5 
vt 7.525 -5.875 
vt 7.5 -5.875 
vt 8.125 -5.5 
vt 7.5 -5.5 
vt 8.125 -5.875 
vt 7.5 -5.875 
vt 7.525 -5.5 
vt 7.5 -5.5 
vt 7.525 -6.125 
vt 7.5 -6.125 
vt 7.525 -5.5 
vt 7.5 -5.5 
vt 7.525 -5.875 
vt 7.5 -5.875 

usemtl Height1Mtl

f 1255/1255/1255 1256/1256/1256 1257/1257/1257 
f 1257/1257/1257 1256/1256/1256 1258/1258/1258 
f 1259/1259/1259 1260/1260/1260 1261/1261/1261 
f 1261/1261/1261 1260/1260/1260 1262/1262/1262 
f 1263/1263/1263 1264/1264/1264 1265/1265/1265 
f 1265/1265/1265 1264/1264/1264 1266/1266/1266 
f 1267/1267/1267 1268/1268/1268 1269/1269/1269 
f 1269/1269/1269 1268/1268/1268 1270/1270/1270 
f 1271/1271/1271 1272/1272/1272 1273/1273/1273 
f 1273/1273/1273 1272/1272/1272 1274/1274/1274 
f 1275/1275/1275 1276/1276/1276 1277/1277/1277 
f 1277/1277/1277 1276/1276/1276 1278/1278/1278 

g Height42

v -314 12.4 458.2 
v -314 12.4 458 
v -314 0.199999 458.2 
v -314 0.199999 458 
v -285 12.4 458 
v -314 12.4 458 
v -285 12.4 458.2 
v -314 12.4 458.2 
v -314 12.4 458 
v -285 12.4 458 
v -314 0.199999 458 
v -285 0.199999 458 
v -285 12.4 458 
v -285 12.4 458.2 
v -285 0.199999 458 
v -285 0.199999 458.2 
v -285 0.199999 458.2 
v -314 0.199999 458.2 
v -285 0.199999 458 
v -314 0.199999 458 
v -285 12.4 458.2 
v -314 12.4 458.2 
v -285 0.199999 458.2 
v -314 0.199999 458.2 

vn -1 0 0 
vn -1 0 0 
vn -1 0 0 
vn -1 0 0 
vn 0 1 0 
vn 0 1 0 
vn 0 1 0 
vn 0 1 0 
vn 0 0 -1 
vn 0 0 -1 
vn 0 0 -1 
vn 0 0 -1 
vn 1 0 0 
vn 1 0 0 
vn 1 0 0 
vn 1 0 0 
vn 0 -1 0 
vn 0 -1 0 
vn 0 -1 0 
vn 0 -1 0 
vn 0 0 1 
vn 0 0 1 
vn 0 0 1 
vn 0 0 1 

vt 6.525 -0.75 
vt 6.5 -0.75 
vt 6.525 -2.275 
vt 6.5 -2.275 
vt 10.125 -0.75 
vt 6.5 -0.75 
vt 10.125 -0.775 
vt 6.5 -0.775 
vt 10.125 -0.75 
vt 6.5 -0.75 
vt 10.125 -2.275 
vt 6.5 -2.275 
vt 6.525 -0.75 
vt 6.5 -0.75 
vt 6.525 -2.275 
vt 6.5 -2.275 
vt 10.125 -0.75 
vt 6.5 -0.75 
vt 10.125 -0.775 
vt 6.5 -0.775 
vt 10.125 -0.75 
vt 6.5 -0.75 
vt 10.125 -2.275 
vt 6.5 -2.275 

usemtl Height2Mtl

f 1279/1279/1279 1280/1280/1280 1281/1281/1281 
f 1281/1281/1281 1280/1280/1280 1282/1282/1282 
f 1283/1283/1283 1284/1284/1284 1285/1285/1285 
f 1285/1285/1285 1284/1284/1284 1286/1286/1286 
f 1287/1287/1287 1288/1288/1288 1289/1289/1289 
f 1289/1289/1289 1288/1288/1288 1290/1290/1290 
f 1291/1291/1291 1292/1292/1292 1293/1293/1293 
f 1293/1293/1293 1292/1292/1292 1294/1294/1294 
f 1295/1295/1295 1296/1296/1296 1297/1297/1297 
f 1297/1297/1297 1296/1296/1296 1298/1298/1298 
f 1299/1299/1299 1300/1300/1300 1301/1301/1301 
f 1301/1301/1301 1300/1300/1300 1302/1302/1302 

g Height43

v -181.998 12.598 492 
v -194.998 12.6 492 
v -182 0.198036 492 
v -195 0.200027 492 
v -194.998 12.6 455 
v -194.998 12.6 492 
v -181.998 12.598 455 
v -181.998 12.598 492 
v -194.998 12.6 492 
v -194.998 12.6 455 
v -195 0.200027 492 
v -195 0.200027 455 
v -194.998 12.6 455 
v -181.998 12.598 455 
v -195 0.200027 455 
v -182 0.198036 455 
v -182 0.198036 455 
v -182 0.198036 492 
v -195 0.200027 455 
v -195 0.200027 492 
v -181.998 12.598 455 
v -181.998 12.598 492 
v -182 0.198036 455 
v -182 0.198036 492 

vn 0 0 1 
vn 0 0 1 
vn 0 0 1 
vn 0 0 1 
vn 0 1 0 
vn 0 1 0 
vn 0 1 0 
vn 0 1 0 
vn -1 0 0 
vn -1 0 0 
vn -1 0 0 
vn -1 0 0 
vn 0 0 -1 
vn 0 0 -1 
vn 0 0 -1 
vn 0 0 -1 
vn 0 -1 0 
vn 0 -1 0 
vn 0 -1 0 
vn 0 -1 0 
vn 1 0 0 
vn 1 0 0 
vn 1 0 0 
vn 1 0 0 

vt 8.375 -2.75 
vt 6.75 -2.75 
vt 8.375 -4.3 
vt 6.75 -4.3 
vt 11.375 -2.75 
vt 6.75 -2.75 
vt 11.375 -4.375 
vt 6.75 -4.375 
vt 11.375 -2.75 
vt 6.75 -2.75 
vt 11.375 -4.3 
vt 6.75 -4.3 
vt 8.375 -2.75 
vt 6.75 -2.75 
vt 8.375 -4.3 
vt 6.75 -4.3 
vt 11.375 -2.75 
vt 6.75 -2.75 
vt 11.375 -4.375 
vt 6.75 -4.375 
vt 11.375 -2.75 
vt 6.75 -2.75 
vt 11.375 -4.3 
vt 6.75 -4.3 

usemtl Height11Mtl

f 1303/1303/1303 1304/1304/1304 1305/1305/1305 
f 1305/1305/1305 1304/1304/1304 1306/1306/1306 
f 1307/1307/1307 1308/1308/1308 1309/1309/1309 
f 1309/1309/1309 1308/1308/1308 1310/1310/1310 
f 1311/1311/1311 1312/1312/1312 1313/1313/1313 
f 1313/1313/1313 1312/1312/1312 1314/1314/1314 
f 1315/1315/1315 1316/1316/1316 1317/1317/1317 
f 1317/1317/1317 1316/1316/1316 1318/1318/1318 
f 1319/1319/1319 1320/1320/1320 1321/1321/1321 
f 1321/1321/1321 1320/1320/1320 1322/1322/1322 
f 1323/1323/1323 1324/1324/1324 1325/1325/1325 
f 1325/1325/1325 1324/1324/1324 1326/1326/1326 

g Height44

v -79 12.6 458 
v -66 12.6 458 
v -79 0.199999 458 
v -66 0.199999 458 
v -66 12.6 495 
v -66 12.6 458 
v -79 12.6 495 
v -79 12.6 458 
v -66 12.6 458 
v -66 12.6 495 
v -66 0.199999 458 
v -66 0.199999 495 
v -66 12.6 495 
v -79 12.6 495 
v -66 0.199999 495 
v -79 0.199999 495 
v -79 0.199999 495 
v -79 0.199999 458 
v -66 0.199999 495 
v -66 0.199999 458 
v -79 12.6 495 
v -79 12.6 458 
v -79 0.199999 495 
v -79 0.199999 458 

vn 0 0 -1 
vn 0 0 -1 
vn 0 0 -1 
vn 0 0 -1 
vn 0 1 0 
vn 0 1 0 
vn 0 1 0 
vn 0 1 0 
vn 1 0 0 
vn 1 0 0 
vn 1 0 0 
vn 1 0 0 
vn 0 0 1 
vn 0 0 1 
vn 0 0 1 
vn 0 0 1 
vn 0 -1 0 
vn 0 -1 0 
vn 0 -1 0 
vn 0 -1 0 
vn -1 0 0 
vn -1 0 0 
vn -1 0 0 
vn -1 0 0 

vt 8.625 -3.75 
vt 7 -3.75 
vt 8.625 -5.3 
vt 7 -5.3 
vt 11.625 -3.75 
vt 7 -3.75 
vt 11.625 -5.375 
vt 7 -5.375 
vt 11.625 -3.75 
vt 7 -3.75 
vt 11.625 -5.3 
vt 7 -5.3 
vt 8.625 -3.75 
vt 7 -3.75 
vt 8.625 -5.3 
vt 7 -5.3 
vt 11.625 -3.75 
vt 7 -3.75 
vt 11.625 -5.375 
vt 7 -5.375 
vt 11.625 -3.75 
vt 7 -3.75 
vt 11.625 -5.3 
vt 7 -5.3 

usemtl Height2Mtl

f 1327/1327/1327 1328/1328/1328 1329/1329/1329 
f 1329/1329/1329 1328/1328/1328 1330/1330/1330 
f 1331/1331/1331 1332/1332/1332 1333/1333/1333 
f 1333/1333/1333 1332/1332/1332 1334/1334/1334 
f 1335/1335/1335 1336/1336/1336 1337/1337/1337 
f 1337/1337/1337 1336/1336/1336 1338/1338/1338 
f 1339/1339/1339 1340/1340/1340 1341/1341/1341 
f 1341/1341/1341 1340/1340/1340 1342/1342/1342 
f 1343/1343/1343 1344/1344/1344 1345/1345/1345 
f 1345/1345/1345 1344/1344/1344 1346/1346/1346 
f 1347/1347/1347 1348/1348/1348 1349/1349/1349 
f 1349/1349/1349 1348/1348/1348 1350/1350/1350 

g Height45

v -215.2 3.09981 484.14 
v -218.8 3.09981 484.14 
v -215.2 3.09981 488.74 
v -218.8 3.09981 488.74 
v -218.8 0.899807 484.14 
v -218.8 3.09981 484.14 
v -215.2 0.899808 484.14 
v -215.2 3.09981 484.14 
v -218.8 3.09981 484.14 
v -218.8 0.899807 484.14 
v -218.8 3.09981 488.74 
v -218.8 0.899807 488.74 
v -218.8 0.899807 484.14 
v -215.2 0.899808 484.14 
v -218.8 0.899807 488.74 
v -215.2 0.899807 488.74 
v -215.2 0.899807 488.74 
v -215.2 3.09981 488.74 
v -218.8 0.899807 488.74 
v -218.8 3.09981 488.74 
v -215.2 0.899808 484.14 
v -215.2 3.09981 484.14 
v -215.2 0.899807 488.74 
v -215.2 3.09981 488.74 

vn 0 1 0 
vn 0 1 0 
vn 0 1 0 
vn 0 1 0 
vn 0 0 -1 
vn 0 0 -1 
vn 0 0 -1 
vn 0 0 -1 
vn -1 0 0 
vn -1 0 0 
vn -1 0 0 
vn -1 0 0 
vn 0 -1 0 
vn 0 -1 0 
vn 0 -1 0 
vn 0 -1 0 
vn 0 0 1 
vn 0 0 1 
vn 0 0 1 
vn 0 0 1 
vn 1 0 0 
vn 1 0 0 
vn 1 0 0 
vn 1 0 0 

vt 5.2 -0.75 
vt 4.75 -0.75 
vt 5.2 -1.325 
vt 4.75 -1.325 
vt 5.025 -0.75 
vt 4.75 -0.75 
vt 5.025 -1.2 
vt 4.75 -1.2 
vt 5.025 -0.75 
vt 4.75 -0.75 
vt 5.025 -1.325 
vt 4.75 -1.325 
vt 5.2 -0.75 
vt 4.75 -0.75 
vt 5.2 -1.325 
vt 4.75 -1.325 
vt 5.025 -0.75 
vt 4.75 -0.75 
vt 5.025 -1.2 
vt 4.75 -1.2 
vt 5.025 -0.75 
vt 4.75 -0.75 
vt 5.025 -1.325 
vt 4.75 -1.325 

usemtl Height15Mtl

f 1351/1351/1351 1352/1352/1352 1353/1353/1353 
f 1353/1353/1353 1352/1352/1352 1354/1354/1354 
f 1355/1355/1355 1356/1356/1356 1357/1357/1357 
f 1357/1357/1357 1356/1356/1356 1358/1358/1358 
f 1359/1359/1359 1360/1360/1360 1361/1361/1361 
f 1361/1361/1361 1360/1360/1360 1362/1362/1362 
f 1363/1363/1363 1364/1364/1364 1365/1365/1365 
f 1365/1365/1365 1364/1364/1364 1366/1366/1366 
f 1367/1367/1367 1368/1368/1368 1369/1369/1369 
f 1369/1369/1369 1368/1368/1368 1370/1370/1370 
f 1371/1371/1371 1372/1372/1372 1373/1373/1373 
f 1373/1373/1373 1372/1372/1372 1374/1374/1374 

g Height46

v -215.2 3.10481 484.14 
v -218.8 3.10481 484.14 
v -215.2 3.10481 488.74 
v -218.8 3.10481 488.74 

vn 0 1 0 
vn 0 1 0 
vn 0 1 0 
vn 0 1 0 

vt 1 1 
vt 0 1 
vt 1 0 
vt 0 0 

usemtl Height16Mtl

f 1375/1375/1375 1376/1376/1376 1377/1377/1377 
f 1377/1377/1377 1376/1376/1376 1378/1378/1378 

g Height47

v -222.8 3.09979 484.86 
v -219.2 3.09979 484.86 
v -222.8 3.09979 480.26 
v -219.2 3.09979 480.26 
v -219.2 0.899792 484.86 
v -219.2 3.09979 484.86 
v -222.8 0.899792 484.86 
v -222.8 3.09979 484.86 
v -219.2 3.09979 484.86 
v -219.2 0.899792 484.86 
v -219.2 3.09979 480.26 
v -219.2 0.899792 480.26 
v -219.2 0.899792 484.86 
v -222.8 0.899792 484.86 
v -219.2 0.899792 480.26 
v -222.8 0.899792 480.26 
v -222.8 0.899792 480.26 
v -222.8 3.09979 480.26 
v -219.2 0.899792 480.26 
v -219.2 3.09979 480.26 
v -222.8 0.899792 484.86 
v -222.8 3.09979 484.86 
v -222.8 0.899792 480.26 
v -222.8 3.09979 480.26 

vn 0 1 0 
vn 0 1 0 
vn 0 1 0 
vn 0 1 0 
vn 0 0 1 
vn 0 0 1 
vn 0 0 1 
vn 0 0 1 
vn 1 0 0 
vn 1 0 0 
vn 1 0 0 
vn 1 0 0 
vn 0 -1 0 
vn 0 -1 0 
vn 0 -1 0 
vn 0 -1 0 
vn 0 0 -1 
vn 0 0 -1 
vn 0 0 -1 
vn 0 0 -1 
vn -1 0 0 
vn -1 0 0 
vn -1 0 0 
vn -1 0 0 

vt 4.2 0.5 
vt 3.75 0.5 
vt 4.2 -0.075 
vt 3.75 -0.075 
vt 4.025 0.5 
vt 3.75 0.5 
vt 4.025 0.05 
vt 3.75 0.05 
vt 4.025 0.5 
vt 3.75 0.5 
vt 4.025 -0.075 
vt 3.75 -0.075 
vt 4.2 0.5 
vt 3.75 0.5 
vt 4.2 -0.075 
vt 3.75 -0.075 
vt 4.025 0.5 
vt 3.75 0.5 
vt 4.025 0.05 
vt 3.75 0.05 
vt 4.025 0.5 
vt 3.75 0.5 
vt 4.025 -0.075 
vt 3.75 -0.075 

usemtl Height15Mtl

f 1379/1379/1379 1380/1380/1380 1381/1381/1381 
f 1381/1381/1381 1380/1380/1380 1382/1382/1382 
f 1383/1383/1383 1384/1384/1384 1385/1385/1385 
f 1385/1385/1385 1384/1384/1384 1386/1386/1386 
f 1387/1387/1387 1388/1388/1388 1389/1389/1389 
f 1389/1389/1389 1388/1388/1388 1390/1390/1390 
f 1391/1391/1391 1392/1392/1392 1393/1393/1393 
f 1393/1393/1393 1392/1392/1392 1394/1394/1394 
f 1395/1395/1395 1396/1396/1396 1397/1397/1397 
f 1397/1397/1397 1396/1396/1396 1398/1398/1398 
f 1399/1399/1399 1400/1400/1400 1401/1401/1401 
f 1401/1401/1401 1400/1400/1400 1402/1402/1402 

g Height48

v -222.8 3.10479 484.86 
v -219.2 3.10479 484.86 
v -222.8 3.10479 480.26 
v -219.2 3.10479 480.26 

vn 0 1 0 
vn 0 1 0 
vn 0 1 0 
vn 0 1 0 

vt 1 1 
vt 0 1 
vt 1 0 
vt 0 0 

usemtl Height16Mtl

f 1403/1403/1403 1404/1404/1404 1405/1405/1405 
f 1405/1405/1405 1404/1404/1404 1406/1406/1406 

g Height49

v -219 3.6 480 
v -219 3.6 485 
v -219 0.599999 480 
v -219 0.599999 485 
v -219.2 3.6 485 
v -219 3.6 485 
v -219.2 3.6 480 
v -219 3.6 480 
v -219 3.6 485 
v -219.2 3.6 485 
v -219 0.599999 485 
v -219.2 0.599999 485 
v -219.2 3.6 485 
v -219.2 3.6 480 
v -219.2 0.599999 485 
v -219.2 0.599999 480 
v -219.2 0.599999 480 
v -219 0.599999 480 
v -219.2 0.599999 485 
v -219 0.599999 485 
v -219.2 3.6 480 
v -219 3.6 480 
v -219.2 0.599999 480 
v -219 0.599999 480 

vn 1 0 0 
vn 1 0 0 
vn 1 0 0 
vn 1 0 0 
vn 0 1 0 
vn 0 1 0 
vn 0 1 0 
vn 0 1 0 
vn 0 0 1 
vn 0 0 1 
vn 0 0 1 
vn 0 0 1 
vn -1 0 0 
vn -1 0 0 
vn -1 0 0 
vn -1 0 0 
vn 0 -1 0 
vn 0 -1 0 
vn 0 -1 0 
vn 0 -1 0 
vn 0 0 -1 
vn 0 0 -1 
vn 0 0 -1 
vn 0 0 -1 

vt 8.375 -1.75 
vt 7.75 -1.75 
vt 8.375 -2.125 
vt 7.75 -2.125 
vt 7.775 -1.75 
vt 7.75 -1.75 
vt 7.775 -2.375 
vt 7.75 -2.375 
vt 7.775 -1.75 
vt 7.75 -1.75 
vt 7.775 -2.125 
vt 7.75 -2.125 
vt 8.375 -1.75 
vt 7.75 -1.75 
vt 8.375 -2.125 
vt 7.75 -2.125 
vt 7.775 -1.75 
vt 7.75 -1.75 
vt 7.775 -2.375 
vt 7.75 -2.375 
vt 7.775 -1.75 
vt 7.75 -1.75 
vt 7.775 -2.125 
vt 7.75 -2.125 

usemtl Height1Mtl

f 1407/1407/1407 1408/1408/1408 1409/1409/1409 
f 1409/1409/1409 1408/1408/1408 1410/1410/1410 
f 1411/1411/1411 1412/1412/1412 1413/1413/1413 
f 1413/1413/1413 1412/1412/1412 1414/1414/1414 
f 1415/1415/1415 1416/1416/1416 1417/1417/1417 
f 1417/1417/1417 1416/1416/1416 1418/1418/1418 
f 1419/1419/1419 1420/1420/1420 1421/1421/1421 
f 1421/1421/1421 1420/1420/1420 1422/1422/1422 
f 1423/1423/1423 1424/1424/1424 1425/1425/1425 
f 1425/1425/1425 1424/1424/1424 1426/1426/1426 
f 1427/1427/1427 1428/1428/1428 1429/1429/1429 
f 1429/1429/1429 1428/1428/1428 1430/1430/1430 

g Height50

v -217.2 3.60043 489.26 
v -217.2 3.60043 494.26 
v -217.2 0.600428 489.26 
v -217.2 0.600429 494.26 
v -217.4 3.60043 494.26 
v -217.2 3.60043 494.26 
v -217.4 3.60043 489.26 
v -217.2 3.60043 489.26 
v -217.2 3.60043 494.26 
v -217.4 3.60043 494.26 
v -217.2 0.600429 494.26 
v -217.4 0.600429 494.26 
v -217.4 3.60043 494.26 
v -217.4 3.60043 489.26 
v -217.4 0.600429 494.26 
v -217.4 0.600428 489.26 
v -217.4 0.600428 489.26 
v -217.2 0.600428 489.26 
v -217.4 0.600429 494.26 
v -217.2 0.600429 494.26 
v -217.4 3.60043 489.26 
v -217.2 3.60043 489.26 
v -217.4 0.600428 489.26 
v -217.2 0.600428 489.26 

vn 1 0 0 
vn 1 0 0 
vn 1 0 0 
vn 1 0 0 
vn 0 1 0 
vn 0 1 0 
vn 0 1 0 
vn 0 1 0 
vn 0 0 1 
vn 0 0 1 
vn 0 0 1 
vn 0 0 1 
vn -1 0 0 
vn -1 0 0 
vn -1 0 0 
vn -1 0 0 
vn 0 -1 0 
vn 0 -1 0 
vn 0 -1 0 
vn 0 -1 0 
vn 0 0 -1 
vn 0 0 -1 
vn 0 0 -1 
vn 0 0 -1 

vt 4.375 -4.25 
vt 3.75 -4.25 
vt 4.375 -4.625 
vt 3.75 -4.625 
vt 3.775 -4.25 
vt 3.75 -4.25 
vt 3.775 -4.875 
vt 3.75 -4.875 
vt 3.775 -4.25 
vt 3.75 -4.25 
vt 3.775 -4.625 
vt 3.75 -4.625 
vt 4.375 -4.25 
vt 3.75 -4.25 
vt 4.375 -4.625 
vt 3.75 -4.625 
vt 3.775 -4.25 
vt 3.75 -4.25 
vt 3.775 -4.875 
vt 3.75 -4.875 
vt 3.775 -4.25 
vt 3.75 -4.25 
vt 3.775 -4.625 
vt 3.75 -4.625 

usemtl Height1Mtl

f 1431/1431/1431 1432/1432/1432 1433/1433/1433 
f 1433/1433/1433 1432/1432/1432 1434/1434/1434 
f 1435/1435/1435 1436/1436/1436 1437/1437/1437 
f 1437/1437/1437 1436/1436/1436 1438/1438/1438 
f 1439/1439/1439 1440/1440/1440 1441/1441/1441 
f 1441/1441/1441 1440/1440/1440 1442/1442/1442 
f 1443/1443/1443 1444/1444/1444 1445/1445/1445 
f 1445/1445/1445 1444/1444/1444 1446/1446/1446 
f 1447/1447/1447 1448/1448/1448 1449/1449/1449 
f 1449/1449/1449 1448/1448/1448 1450/1450/1450 
f 1451/1451/1451 1452/1452/1452 1453/1453/1453 
f 1453/1453/1453 1452/1452/1452 1454/1454/1454 

g Height51

v -221.2 3.60043 489.26 
v -217.2 3.60043 489.26 
v -221.2 0.600429 489.26 
v -217.2 0.600428 489.26 
v -217.2 3.60043 489.46 
v -217.2 3.60043 489.26 
v -221.2 3.60043 489.46 
v -221.2 3.60043 489.26 
v -217.2 3.60043 489.26 
v -217.2 3.60043 489.46 
v -217.2 0.600428 489.26 
v -217.2 0.600428 489.46 
v -217.2 3.60043 489.46 
v -221.2 3.60043 489.46 
v -217.2 0.600428 489.46 
v -221.2 0.600429 489.46 
v -221.2 0.600429 489.46 
v -221.2 0.600429 489.26 
v -217.2 0.600428 489.46 
v -217.2 0.600428 489.26 
v -221.2 3.60043 489.46 
v -221.2 3.60043 489.26 
v -221.2 0.600429 489.46 
v -221.2 0.600429 489.26 

vn 0 0 -1 
vn 0 0 -1 
vn 0 0 -1 
vn 0 0 -1 
vn 0 1 0 
vn 0 1 0 
vn 0 1 0 
vn 0 1 0 
vn 1 0 0 
vn 1 0 0 
vn 1 0 0 
vn 1 0 0 
vn 0 0 1 
vn 0 0 1 
vn 0 0 1 
vn 0 0 1 
vn 0 -1 0 
vn 0 -1 0 
vn 0 -1 0 
vn 0 -1 0 
vn -1 0 0 
vn -1 0 0 
vn -1 0 0 
vn -1 0 0 

vt 1.25 -5.5 
vt 0.75 -5.5 
vt 1.25 -5.875 
vt 0.75 -5.875 
vt 0.775 -5.5 
vt 0.75 -5.5 
vt 0.775 -6 
vt 0.75 -6 
vt 0.775 -5.5 
vt 0.75 -5.5 
vt 0.775 -5.875 
vt 0.75 -5.875 
vt 1.25 -5.5 
vt 0.75 -5.5 
vt 1.25 -5.875 
vt 0.75 -5.875 
vt 0.775 -5.5 
vt 0.75 -5.5 
vt 0.775 -6 
vt 0.75 -6 
vt 0.775 -5.5 
vt 0.75 -5.5 
vt 0.775 -5.875 
vt 0.75 -5.875 

usemtl Height1Mtl

f 1455/1455/1455 1456/1456/1456 1457/1457/1457 
f 1457/1457/1457 1456/1456/1456 1458/1458/1458 
f 1459/1459/1459 1460/1460/1460 1461/1461/1461 
f 1461/1461/1461 1460/1460/1460 1462/1462/1462 
f 1463/1463/1463 1464/1464/1464 1465/1465/1465 
f 1465/1465/1465 1464/1464/1464 1466/1466/1466 
f 1467/1467/1467 1468/1468/1468 1469/1469/1469 
f 1469/1469/1469 1468/1468/1468 1470/1470/1470 
f 1471/1471/1471 1472/1472/1472 1473/1473/1473 
f 1473/1473/1473 1472/1472/1472 1474/1474/1474 
f 1475/1475/1475 1476/1476/1476 1477/1477/1477 
f 1477/1477/1477 1476/1476/1476 1478/1478/1478 

g Height52

v -220.2 3.60002 489 
v -220.2 3.60002 485 
v -220.2 0.600017 489 
v -220.2 0.600017 485 
v -220 3.60002 485 
v -220.2 3.60002 485 
v -220 3.60002 489 
v -220.2 3.60002 489 
v -220.2 3.60002 485 
v -220 3.60002 485 
v -220.2 0.600017 485 
v -220 0.600017 485 
v -220 3.60002 485 
v -220 3.60002 489 
v -220 0.600017 485 
v -220 0.600017 489 
v -220 0.600017 489 
v -220.2 0.600017 489 
v -220 0.600017 485 
v -220.2 0.600017 485 
v -220 3.60002 489 
v -220.2 3.60002 489 
v -220 0.600017 489 
v -220.2 0.600017 489 

vn -1 0 0 
vn -1 0 0 
vn -1 0 0 
vn -1 0 0 
vn 0 1 0 
vn 0 1 0 
vn 0 1 0 
vn 0 1 0 
vn 0 0 -1 
vn 0 0 -1 
vn 0 0 -1 
vn 0 0 -1 
vn 1 0 0 
vn 1 0 0 
vn 1 0 0 
vn 1 0 0 
vn 0 -1 0 
vn 0 -1 0 
vn 0 -1 0 
vn 0 -1 0 
vn 0 0 1 
vn 0 0 1 
vn 0 0 1 
vn 0 0 1 

vt 5.5 -5 
vt 5 -5 
vt 5.5 -5.375 
vt 5 -5.375 
vt 5.025 -5 
vt 5 -5 
vt 5.025 -5.5 
vt 5 -5.5 
vt 5.025 -5 
vt 5 -5 
vt 5.025 -5.375 
vt 5 -5.375 
vt 5.5 -5 
vt 5 -5 
vt 5.5 -5.375 
vt 5 -5.375 
vt 5.025 -5 
vt 5 -5 
vt 5.025 -5.5 
vt 5 -5.5 
vt 5.025 -5 
vt 5 -5 
vt 5.025 -5.375 
vt 5 -5.375 

usemtl Height1Mtl

f 1479/1479/1479 1480/1480/1480 1481/1481/1481 
f 1481/1481/1481 1480/1480/1480 1482/1482/1482 
f 1483/1483/1483 1484/1484/1484 1485/1485/1485 
f 1485/1485/1485 1484/1484/1484 1486/1486/1486 
f 1487/1487/1487 1488/1488/1488 1489/1489/1489 
f 1489/1489/1489 1488/1488/1488 1490/1490/1490 
f 1491/1491/1491 1492/1492/1492 1493/1493/1493 
f 1493/1493/1493 1492/1492/1492 1494/1494/1494 
f 1495/1495/1495 1496/1496/1496 1497/1497/1497 
f 1497/1497/1497 1496/1496/1496 1498/1498/1498 
f 1499/1499/1499 1500/1500/1500 1501/1501/1501 
f 1501/1501/1501 1500/1500/1500 1502/1502/1502 

g Height53

v -217.2 0.600449 489.26 
v -217.2 0.600449 494.26 
v -217.2 0.400449 489.26 
v -217.2 0.400449 494.26 
v -221.2 0.60045 494.26 
v -217.2 0.600449 494.26 
v -221.2 0.600449 489.26 
v -217.2 0.600449 489.26 
v -217.2 0.600449 494.26 
v -221.2 0.60045 494.26 
v -217.2 0.400449 494.26 
v -221.2 0.40045 494.26 
v -221.2 0.60045 494.26 
v -221.2 0.600449 489.26 
v -221.2 0.40045 494.26 
v -221.2 0.400449 489.26 
v -221.2 0.400449 489.26 
v -217.2 0.400449 489.26 
v -221.2 0.40045 494.26 
v -217.2 0.400449 494.26 
v -221.2 0.600449 489.26 
v -217.2 0.600449 489.26 
v -221.2 0.400449 489.26 
v -217.2 0.400449 489.26 

vn 1 0 0 
vn 1 0 0 
vn 1 0 0 
vn 1 0 0 
vn 0 1 0 
vn 0 1 0 
vn 0 1 0 
vn 0 1 0 
vn 0 0 1 
vn 0 0 1 
vn 0 0 1 
vn 0 0 1 
vn -1 0 0 
vn -1 0 0 
vn -1 0 0 
vn -1 0 0 
vn 0 -1 0 
vn 0 -1 0 
vn 0 -1 0 
vn 0 -1 0 
vn 0 0 -1 
vn 0 0 -1 
vn 0 0 -1 
vn 0 0 -1 

vt 3.125 -5.5 
vt 2.5 -5.5 
vt 3.125 -5.525 
vt 2.5 -5.525 
vt 3 -5.5 
vt 2.5 -5.5 
vt 3 -6.125 
vt 2.5 -6.125 
vt 3 -5.5 
vt 2.5 -5.5 
vt 3 -5.525 
vt 2.5 -5.525 
vt 3.125 -5.5 
vt 2.5 -5.5 
vt 3.125 -5.525 
vt 2.5 -5.525 
vt 3 -5.5 
vt 2.5 -5.5 
vt 3 -6.125 
vt 2.5 -6.125 
vt 3 -5.5 
vt 2.5 -5.5 
vt 3 -5.525 
vt 2.5 -5.525 

usemtl Height1Mtl

f 1503/1503/1503 1504/1504/1504 1505/1505/1505 
f 1505/1505/1505 1504/1504/1504 1506/1506/1506 
f 1507/1507/1507 1508/1508/1508 1509/1509/1509 
f 1509/1509/1509 1508/1508/1508 1510/1510/1510 
f 1511/1511/1511 1512/1512/1512 1513/1513/1513 
f 1513/1513/1513 1512/1512/1512 1514/1514/1514 
f 1515/1515/1515 1516/1516/1516 1517/1517/1517 
f 1517/1517/1517 1516/1516/1516 1518/1518/1518 
f 1519/1519/1519 1520/1520/1520 1521/1521/1521 
f 1521/1521/1521 1520/1520/1520 1522/1522/1522 
f 1523/1523/1523 1524/1524/1524 1525/1525/1525 
f 1525/1525/1525 1524/1524/1524 1526/1526/1526 

g Height54

v -221.2 3.60043 494.26 
v -221.2 3.60043 489.26 
v -221.2 0.600429 494.26 
v -221.2 0.600429 489.26 
v -221 3.60043 489.26 
v -221.2 3.60043 489.26 
v -221 3.60043 494.26 
v -221.2 3.60043 494.26 
v -221.2 3.60043 489.26 
v -221 3.60043 489.26 
v -221.2 0.600429 489.26 
v -221 0.600428 489.26 
v -221 3.60043 489.26 
v -221 3.60043 494.26 
v -221 0.600428 489.26 
v -221 0.600429 494.26 
v -221 0.600429 494.26 
v -221.2 0.600429 494.26 
v -221 0.600428 489.26 
v -221.2 0.600429 489.26 
v -221 3.60043 494.26 
v -221.2 3.60043 494.26 
v -221 0.600429 494.26 
v -221.2 0.600429 494.26 

vn -1 0 0 
vn -1 0 0 
vn -1 0 0 
vn -1 0 0 
vn 0 1 0 
vn 0 1 0 
vn 0 1 0 
vn 0 1 0 
vn 0 0 -1 
vn 0 0 -1 
vn 0 0 -1 
vn 0 0 -1 
vn 1 0 0 
vn 1 0 0 
vn 1 0 0 
vn 1 0 0 
vn 0 -1 0 
vn 0 -1 0 
vn 0 -1 0 
vn 0 -1 0 
vn 0 0 1 
vn 0 0 1 
vn 0 0 1 
vn 0 0 1 

vt 8.375 -2 
vt 7.75 -2 
vt 8.375 -2.375 
vt 7.75 -2.375 
vt 7.775 -2 
vt 7.75 -2 
vt 7.775 -2.625 
vt 7.75 -2.625 
vt 7.775 -2 
vt 7.75 -2 
vt 7.775 -2.375 
vt 7.75 -2.375 
vt 8.375 -2 
vt 7.75 -2 
vt 8.375 -2.375 
vt 7.75 -2.375 
vt 7.775 -2 
vt 7.75 -2 
vt 7.775 -2.625 
vt 7.75 -2.625 
vt 7.775 -2 
vt 7.75 -2 
vt 7.775 -2.375 
vt 7.75 -2.375 

usemtl Height1Mtl

f 1527/1527/1527 1528/1528/1528 1529/1529/1529 
f 1529/1529/1529 1528/1528/1528 1530/1530/1530 
f 1531/1531/1531 1532/1532/1532 1533/1533/1533 
f 1533/1533/1533 1532/1532/1532 1534/1534/1534 
f 1535/1535/1535 1536/1536/1536 1537/1537/1537 
f 1537/1537/1537 1536/1536/1536 1538/1538/1538 
f 1539/1539/1539 1540/1540/1540 1541/1541/1541 
f 1541/1541/1541 1540/1540/1540 1542/1542/1542 
f 1543/1543/1543 1544/1544/1544 1545/1545/1545 
f 1545/1545/1545 1544/1544/1544 1546/1546/1546 
f 1547/1547/1547 1548/1548/1548 1549/1549/1549 
f 1549/1549/1549 1548/1548/1548 1550/1550/1550 

g Height55

v -217.4 3.1 489.4 
v -221 3.1 489.4 
v -217.4 3.1 494 
v -221 3.1 494 
v -221 0.899999 489.4 
v -221 3.1 489.4 
v -217.4 0.899999 489.4 
v -217.4 3.1 489.4 
v -221 3.1 489.4 
v -221 0.899999 489.4 
v -221 3.1 494 
v -221 0.899999 494 
v -221 0.899999 489.4 
v -217.4 0.899999 489.4 
v -221 0.899999 494 
v -217.4 0.899999 494 
v -217.4 0.899999 494 
v -217.4 3.1 494 
v -221 0.899999 494 
v -221 3.1 494 
v -217.4 0.899999 489.4 
v -217.4 3.1 489.4 
v -217.4 0.899999 494 
v -217.4 3.1 494 

vn 0 1 0 
vn 0 1 0 
vn 0 1 0 
vn 0 1 0 
vn 0 0 -1 
vn 0 0 -1 
vn 0 0 -1 
vn 0 0 -1 
vn -1 0 0 
vn -1 0 0 
vn -1 0 0 
vn -1 0 0 
vn 0 -1 0 
vn 0 -1 0 
vn 0 -1 0 
vn 0 -1 0 
vn 0 0 1 
vn 0 0 1 
vn 0 0 1 
vn 0 0 1 
vn 1 0 0 
vn 1 0 0 
vn 1 0 0 
vn 1 0 0 

vt 4.95 -2.5 
vt 4.5 -2.5 
vt 4.95 -3.075 
vt 4.5 -3.075 
vt 4.775 -2.5 
vt 4.5 -2.5 
vt 4.775 -2.95 
vt 4.5 -2.95 
vt 4.775 -2.5 
vt 4.5 -2.5 
vt 4.775 -3.075 
vt 4.5 -3.075 
vt 4.95 -2.5 
vt 4.5 -2.5 
vt 4.95 -3.075 
vt 4.5 -3.075 
vt 4.775 -2.5 
vt 4.5 -2.5 
vt 4.775 -2.95 
vt 4.5 -2.95 
vt 4.775 -2.5 
vt 4.5 -2.5 
vt 4.775 -3.075 
vt 4.5 -3.075 

usemtl Height15Mtl

f 1551/1551/1551 1552/1552/1552 1553/1553/1553 
f 1553/1553/1553 1552/1552/1552 1554/1554/1554 
f 1555/1555/1555 1556/1556/1556 1557/1557/1557 
f 1557/1557/1557 1556/1556/1556 1558/1558/1558 
f 1559/1559/1559 1560/1560/1560 1561/1561/1561 
f 1561/1561/1561 1560/1560/1560 1562/1562/1562 
f 1563/1563/1563 1564/1564/1564 1565/1565/1565 
f 1565/1565/1565 1564/1564/1564 1566/1566/1566 
f 1567/1567/1567 1568/1568/1568 1569/1569/1569 
f 1569/1569/1569 1568/1568/1568 1570/1570/1570 
f 1571/1571/1571 1572/1572/1572 1573/1573/1573 
f 1573/1573/1573 1572/1572/1572 1574/1574/1574 

g Height56

v -217.4 3.105 489.4 
v -221 3.105 489.4 
v -217.4 3.105 494 
v -221 3.105 494 

vn 0 1 0 
vn 0 1 0 
vn 0 1 0 
vn 0 1 0 

vt 1 1 
vt 0 1 
vt 1 0 
vt 0 0 

usemtl Height16Mtl

f 1575/1575/1575 1576/1576/1576 1577/1577/1577 
f 1577/1577/1577 1576/1576/1576 1578/1578/1578 

g Height57

v -224.86 3.09978 485.2 
v -224.86 3.09978 488.8 
v -220.26 3.09978 485.2 
v -220.26 3.09978 488.8 
v -224.86 0.899777 488.8 
v -224.86 3.09978 488.8 
v -224.86 0.899777 485.2 
v -224.86 3.09978 485.2 
v -224.86 3.09978 488.8 
v -224.86 0.899777 488.8 
v -220.26 3.09978 488.8 
v -220.26 0.899776 488.8 
v -224.86 0.899777 488.8 
v -224.86 0.899777 485.2 
v -220.26 0.899776 488.8 
v -220.26 0.899777 485.2 
v -220.26 0.899777 485.2 
v -220.26 3.09978 485.2 
v -220.26 0.899776 488.8 
v -220.26 3.09978 488.8 
v -224.86 0.899777 485.2 
v -224.86 3.09978 485.2 
v -220.26 0.899777 485.2 
v -220.26 3.09978 485.2 

vn 0 1 0 
vn 0 1 0 
vn 0 1 0 
vn 0 1 0 
vn -1 0 0 
vn -1 0 0 
vn -1 0 0 
vn -1 0 0 
vn 0 0 1 
vn 0 0 1 
vn 0 0 1 
vn 0 0 1 
vn 0 -1 0 
vn 0 -1 0 
vn 0 -1 0 
vn 0 -1 0 
vn 1 0 0 
vn 1 0 0 
vn 1 0 0 
vn 1 0 0 
vn 0 0 -1 
vn 0 0 -1 
vn 0 0 -1 
vn 0 0 -1 

vt 2.2 -3.75 
vt 1.75 -3.75 
vt 2.2 -4.325 
vt 1.75 -4.325 
vt 2.025 -3.75 
vt 1.75 -3.75 
vt 2.025 -4.2 
vt 1.75 -4.2 
vt 2.025 -3.75 
vt 1.75 -3.75 
vt 2.025 -4.325 
vt 1.75 -4.325 
vt 2.2 -3.75 
vt 1.75 -3.75 
vt 2.2 -4.325 
vt 1.75 -4.325 
vt 2.025 -3.75 
vt 1.75 -3.75 
vt 2.025 -4.2 
vt 1.75 -4.2 
vt 2.025 -3.75 
vt 1.75 -3.75 
vt 2.025 -4.325 
vt 1.75 -4.325 

usemtl Height15Mtl

f 1579/1579/1579 1580/1580/1580 1581/1581/1581 
f 1581/1581/1581 1580/1580/1580 1582/1582/1582 
f 1583/1583/1583 1584/1584/1584 1585/1585/1585 
f 1585/1585/1585 1584/1584/1584 1586/1586/1586 
f 1587/1587/1587 1588/1588/1588 1589/1589/1589 
f 1589/1589/1589 1588/1588/1588 1590/1590/1590 
f 1591/1591/1591 1592/1592/1592 1593/1593/1593 
f 1593/1593/1593 1592/1592/1592 1594/1594/1594 
f 1595/1595/1595 1596/1596/1596 1597/1597/1597 
f 1597/1597/1597 1596/1596/1596 1598/1598/1598 
f 1599/1599/1599 1600/1600/1600 1601/1601/1601 
f 1601/1601/1601 1600/1600/1600 1602/1602/1602 

g Height58

v -224.86 3.10478 485.2 
v -224.86 3.10478 488.8 
v -220.26 3.10478 485.2 
v -220.26 3.10478 488.8 

vn 0 1 0 
vn 0 1 0 
vn 0 1 0 
vn 0 1 0 

vt 1 1 
vt 0 1 
vt 1 0 
vt 0 0 

usemtl Height16Mtl

f 1603/1603/1603 1604/1604/1604 1605/1605/1605 
f 1605/1605/1605 1604/1604/1604 1606/1606/1606 

g Height59

v -219 3.60003 480.2 
v -223 3.60003 480.2 
v -219 0.600032 480.2 
v -223 0.600032 480.2 
v -223 3.60003 480 
v -223 3.60003 480.2 
v -219 3.60003 480 
v -219 3.60003 480.2 
v -223 3.60003 480.2 
v -223 3.60003 480 
v -223 0.600032 480.2 
v -223 0.600032 480 
v -223 3.60003 480 
v -219 3.60003 480 
v -223 0.600032 480 
v -219 0.600032 480 
v -219 0.600032 480 
v -219 0.600032 480.2 
v -223 0.600032 480 
v -223 0.600032 480.2 
v -219 3.60003 480 
v -219 3.60003 480.2 
v -219 0.600032 480 
v -219 0.600032 480.2 

vn 0 0 1 
vn 0 0 1 
vn 0 0 1 
vn 0 0 1 
vn 0 1 0 
vn 0 1 0 
vn 0 1 0 
vn 0 1 0 
vn -1 0 0 
vn -1 0 0 
vn -1 0 0 
vn -1 0 0 
vn 0 0 -1 
vn 0 0 -1 
vn 0 0 -1 
vn 0 0 -1 
vn 0 -1 0 
vn 0 -1 0 
vn 0 -1 0 
vn 0 -1 0 
vn 1 0 0 
vn 1 0 0 
vn 1 0 0 
vn 1 0 0 

vt 8.25 -3.5 
vt 7.75 -3.5 
vt 8.25 -3.875 
vt 7.75 -3.875 
vt 7.775 -3.5 
vt 7.75 -3.5 
vt 7.775 -4 
vt 7.75 -4 
vt 7.775 -3.5 
vt 7.75 -3.5 
vt 7.775 -3.875 
vt 7.75 -3.875 
vt 8.25 -3.5 
vt 7.75 -3.5 
vt 8.25 -3.875 
vt 7.75 -3.875 
vt 7.775 -3.5 
vt 7.75 -3.5 
vt 7.775 -4 
vt 7.75 -4 
vt 7.775 -3.5 
vt 7.75 -3.5 
vt 7.775 -3.875 
vt 7.75 -3.875 

usemtl Height1Mtl

f 1607/1607/1607 1608/1608/1608 1609/1609/1609 
f 1609/1609/1609 1608/1608/1608 1610/1610/1610 
f 1611/1611/1611 1612/1612/1612 1613/1613/1613 
f 1613/1613/1613 1612/1612/1612 1614/1614/1614 
f 1615/1615/1615 1616/1616/1616 1617/1617/1617 
f 1617/1617/1617 1616/1616/1616 1618/1618/1618 
f 1619/1619/1619 1620/1620/1620 1621/1621/1621 
f 1621/1621/1621 1620/1620/1620 1622/1622/1622 
f 1623/1623/1623 1624/1624/1624 1625/1625/1625 
f 1625/1625/1625 1624/1624/1624 1626/1626/1626 
f 1627/1627/1627 1628/1628/1628 1629/1629/1629 
f 1629/1629/1629 1628/1628/1628 1630/1630/1630 

g Height60

v -221.2 3.60043 494.06 
v -217.2 3.60043 494.06 
v -221.2 0.600429 494.06 
v -217.2 0.600428 494.06 
v -217.2 3.60043 494.26 
v -217.2 3.60043 494.06 
v -221.2 3.60043 494.26 
v -221.2 3.60043 494.06 
v -217.2 3.60043 494.06 
v -217.2 3.60043 494.26 
v -217.2 0.600428 494.06 
v -217.2 0.600428 494.26 
v -217.2 3.60043 494.26 
v -221.2 3.60043 494.26 
v -217.2 0.600428 494.26 
v -221.2 0.600429 494.26 
v -221.2 0.600429 494.26 
v -221.2 0.600429 494.06 
v -217.2 0.600428 494.26 
v -217.2 0.600428 494.06 
v -221.2 3.60043 494.26 
v -221.2 3.60043 494.06 
v -221.2 0.600429 494.26 
v -221.2 0.600429 494.06 

vn 0 0 -1 
vn 0 0 -1 
vn 0 0 -1 
vn 0 0 -1 
vn 0 1 0 
vn 0 1 0 
vn 0 1 0 
vn 0 1 0 
vn 1 0 0 
vn 1 0 0 
vn 1 0 0 
vn 1 0 0 
vn 0 0 1 
vn 0 0 1 
vn 0 0 1 
vn 0 0 1 
vn 0 -1 0 
vn 0 -1 0 
vn 0 -1 0 
vn 0 -1 0 
vn -1 0 0 
vn -1 0 0 
vn -1 0 0 
vn -1 0 0 

vt 2.5 -6.5 
vt 2 -6.5 
vt 2.5 -6.875 
vt 2 -6.875 
vt 2.025 -6.5 
vt 2 -6.5 
vt 2.025 -7 
vt 2 -7 
vt 2.025 -6.5 
vt 2 -6.5 
vt 2.025 -6.875 
vt 2 -6.875 
vt 2.5 -6.5 
vt 2 -6.5 
vt 2.5 -6.875 
vt 2 -6.875 
vt 2.025 -6.5 
vt 2 -6.5 
vt 2.025 -7 
vt 2 -7 
vt 2.025 -6.5 
vt 2 -6.5 
vt 2.025 -6.875 
vt 2 -6.875 

usemtl Height1Mtl

f 1631/1631/1631 1632/1632/1632 1633/1633/1633 
f 1633/1633/1633 1632/1632/1632 1634/1634/1634 
f 1635/1635/1635 1636/1636/1636 1637/1637/1637 
f 1637/1637/1637 1636/1636/1636 1638/1638/1638 
f 1639/1639/1639 1640/1640/1640 1641/1641/1641 
f 1641/1641/1641 1640/1640/1640 1642/1642/1642 
f 1643/1643/1643 1644/1644/1644 1645/1645/1645 
f 1645/1645/1645 1644/1644/1644 1646/1646/1646 
f 1647/1647/1647 1648/1648/1648 1649/1649/1649 
f 1649/1649/1649 1648/1648/1648 1650/1650/1650 
f 1651/1651/1651 1652/1652/1652 1653/1653/1653 
f 1653/1653/1653 1652/1652/1652 1654/1654/1654 

g Height61

v -220 3.6 489 
v -225 3.6 489 
v -220 0.599999 489 
v -225 0.599999 489 
v -225 3.6 488.8 
v -225 3.6 489 
v -220 3.6 488.8 
v -220 3.6 489 
v -225 3.6 489 
v -225 3.6 488.8 
v -225 0.599999 489 
v -225 0.599999 488.8 
v -225 3.6 488.8 
v -220 3.6 488.8 
v -225 0.599999 488.8 
v -220 0.599999 488.8 
v -220 0.599999 488.8 
v -220 0.599999 489 
v -225 0.599999 488.8 
v -225 0.599999 489 
v -220 3.6 488.8 
v -220 3.6 489 
v -220 0.599999 488.8 
v -220 0.599999 489 

vn 0 0 1 
vn 0 0 1 
vn 0 0 1 
vn 0 0 1 
vn 0 1 0 
vn 0 1 0 
vn 0 1 0 
vn 0 1 0 
vn -1 0 0 
vn -1 0 0 
vn -1 0 0 
vn -1 0 0 
vn 0 0 -1 
vn 0 0 -1 
vn 0 0 -1 
vn 0 0 -1 
vn 0 -1 0 
vn 0 -1 0 
vn 0 -1 0 
vn 0 -1 0 
vn 1 0 0 
vn 1 0 0 
vn 1 0 0 
vn 1 0 0 

vt 7.375 -3.75 
vt 6.75 -3.75 
vt 7.375 -4.125 
vt 6.75 -4.125 
vt 6.775 -3.75 
vt 6.75 -3.75 
vt 6.775 -4.375 
vt 6.75 -4.375 
vt 6.775 -3.75 
vt 6.75 -3.75 
vt 6.775 -4.125 
vt 6.75 -4.125 
vt 7.375 -3.75 
vt 6.75 -3.75 
vt 7.375 -4.125 
vt 6.75 -4.125 
vt 6.775 -3.75 
vt 6.75 -3.75 
vt 6.775 -4.375 
vt 6.75 -4.375 
vt 6.775 -3.75 
vt 6.75 -3.75 
vt 6.775 -4.125 
vt 6.75 -4.125 

usemtl Height1Mtl

f 1655/1655/1655 1656/1656/1656 1657/1657/1657 
f 1657/1657/1657 1656/1656/1656 1658/1658/1658 
f 1659/1659/1659 1660/1660/1660 1661/1661/1661 
f 1661/1661/1661 1660/1660/1660 1662/1662/1662 
f 1663/1663/1663 1664/1664/1664 1665/1665/1665 
f 1665/1665/1665 1664/1664/1664 1666/1666/1666 
f 1667/1667/1667 1668/1668/1668 1669/1669/1669 
f 1669/1669/1669 1668/1668/1668 1670/1670/1670 
f 1671/1671/1671 1672/1672/1672 1673/1673/1673 
f 1673/1673/1673 1672/1672/1672 1674/1674/1674 
f 1675/1675/1675 1676/1676/1676 1677/1677/1677 
f 1677/1677/1677 1676/1676/1676 1678/1678/1678 

g Height62

v -225 0.599999 485 
v -220 0.599999 485 
v -225 0.399999 485 
v -220 0.399999 485 
v -220 0.599999 489 
v -220 0.599999 485 
v -225 0.599999 489 
v -225 0.599999 485 
v -220 0.599999 485 
v -220 0.599999 489 
v -220 0.399999 485 
v -220 0.399999 489 
v -220 0.599999 489 
v -225 0.599999 489 
v -220 0.399999 489 
v -225 0.399999 489 
v -225 0.399999 489 
v -225 0.399999 485 
v -220 0.399999 489 
v -220 0.399999 485 
v -225 0.599999 489 
v -225 0.599999 485 
v -225 0.399999 489 
v -225 0.399999 485 

vn 0 0 -1 
vn 0 0 -1 
vn 0 0 -1 
vn 0 0 -1 
vn 0 1 0 
vn 0 1 0 
vn 0 1 0 
vn 0 1 0 
vn 1 0 0 
vn 1 0 0 
vn 1 0 0 
vn 1 0 0 
vn 0 0 1 
vn 0 0 1 
vn 0 0 1 
vn 0 0 1 
vn 0 -1 0 
vn 0 -1 0 
vn 0 -1 0 
vn 0 -1 0 
vn -1 0 0 
vn -1 0 0 
vn -1 0 0 
vn -1 0 0 

vt 4.875 0.5 
vt 4.25 0.5 
vt 4.875 0.475 
vt 4.25 0.475 
vt 4.75 0.5 
vt 4.25 0.5 
vt 4.75 -0.125 
vt 4.25 -0.125 
vt 4.75 0.5 
vt 4.25 0.5 
vt 4.75 0.475 
vt 4.25 0.475 
vt 4.875 0.5 
vt 4.25 0.5 
vt 4.875 0.475 
vt 4.25 0.475 
vt 4.75 0.5 
vt 4.25 0.5 
vt 4.75 -0.125 
vt 4.25 -0.125 
vt 4.75 0.5 
vt 4.25 0.5 
vt 4.75 0.475 
vt 4.25 0.475 

usemtl Height1Mtl

f 1679/1679/1679 1680/1680/1680 1681/1681/1681 
f 1681/1681/1681 1680/1680/1680 1682/1682/1682 
f 1683/1683/1683 1684/1684/1684 1685/1685/1685 
f 1685/1685/1685 1684/1684/1684 1686/1686/1686 
f 1687/1687/1687 1688/1688/1688 1689/1689/1689 
f 1689/1689/1689 1688/1688/1688 1690/1690/1690 
f 1691/1691/1691 1692/1692/1692 1693/1693/1693 
f 1693/1693/1693 1692/1692/1692 1694/1694/1694 
f 1695/1695/1695 1696/1696/1696 1697/1697/1697 
f 1697/1697/1697 1696/1696/1696 1698/1698/1698 
f 1699/1699/1699 1700/1700/1700 1701/1701/1701 
f 1701/1701/1701 1700/1700/1700 1702/1702/1702 

g Height63

v -225 3.6 489 
v -225 3.6 485 
v -225 0.599999 489 
v -225 0.599999 485 
v -224.8 3.6 485 
v -225 3.6 485 
v -224.8 3.6 489 
v -225 3.6 489 
v -225 3.6 485 
v -224.8 3.6 485 
v -225 0.599999 485 
v -224.8 0.599999 485 
v -224.8 3.6 485 
v -224.8 3.6 489 
v -224.8 0.599999 485 
v -224.8 0.599999 489 
v -224.8 0.599999 489 
v -225 0.599999 489 
v -224.8 0.599999 485 
v -225 0.599999 485 
v -224.8 3.6 489 
v -225 3.6 489 
v -224.8 0.599999 489 
v -225 0.599999 489 

vn -1 0 0 
vn -1 0 0 
vn -1 0 0 
vn -1 0 0 
vn 0 1 0 
vn 0 1 0 
vn 0 1 0 
vn 0 1 0 
vn 0 0 -1 
vn 0 0 -1 
vn 0 0 -1 
vn 0 0 -1 
vn 1 0 0 
vn 1 0 0 
vn 1 0 0 
vn 1 0 0 
vn 0 -1 0 
vn 0 -1 0 
vn 0 -1 0 
vn 0 -1 0 
vn 0 0 1 
vn 0 0 1 
vn 0 0 1 
vn 0 0 1 

vt 6 -4.5 
vt 5.5 -4.5 
vt 6 -4.875 
vt 5.5 -4.875 
vt 5.525 -4.5 
vt 5.5 -4.5 
vt 5.525 -5 
vt 5.5 -5 
vt 5.525 -4.5 
vt 5.5 -4.5 
vt 5.525 -4.875 
vt 5.5 -4.875 
vt 6 -4.5 
vt 5.5 -4.5 
vt 6 -4.875 
vt 5.5 -4.875 
vt 5.525 -4.5 
vt 5.5 -4.5 
vt 5.525 -5 
vt 5.5 -5 
vt 5.525 -4.5 
vt 5.5 -4.5 
vt 5.525 -4.875 
vt 5.5 -4.875 

usemtl Height1Mtl

f 1703/1703/1703 1704/1704/1704 1705/1705/1705 
f 1705/1705/1705 1704/1704/1704 1706/1706/1706 
f 1707/1707/1707 1708/1708/1708 1709/1709/1709 
f 1709/1709/1709 1708/1708/1708 1710/1710/1710 
f 1711/1711/1711 1712/1712/1712 1713/1713/1713 
f 1713/1713/1713 1712/1712/1712 1714/1714/1714 
f 1715/1715/1715 1716/1716/1716 1717/1717/1717 
f 1717/1717/1717 1716/1716/1716 1718/1718/1718 
f 1719/1719/1719 1720/1720/1720 1721/1721/1721 
f 1721/1721/1721 1720/1720/1720 1722/1722/1722 
f 1723/1723/1723 1724/1724/1724 1725/1725/1725 
f 1725/1725/1725 1724/1724/1724 1726/1726/1726 

g Height64

v -225 3.6 485 
v -220 3.6 485 
v -225 0.599999 485 
v -220 0.599999 485 
v -220 3.6 485.2 
v -220 3.6 485 
v -225 3.6 485.2 
v -225 3.6 485 
v -220 3.6 485 
v -220 3.6 485.2 
v -220 0.599999 485 
v -220 0.599999 485.2 
v -220 3.6 485.2 
v -225 3.6 485.2 
v -220 0.599999 485.2 
v -225 0.599999 485.2 
v -225 0.599999 485.2 
v -225 0.599999 485 
v -220 0.599999 485.2 
v -220 0.599999 485 
v -225 3.6 485.2 
v -225 3.6 485 
v -225 0.599999 485.2 
v -225 0.599999 485 

vn 0 0 -1 
vn 0 0 -1 
vn 0 0 -1 
vn 0 0 -1 
vn 0 1 0 
vn 0 1 0 
vn 0 1 0 
vn 0 1 0 
vn 1 0 0 
vn 1 0 0 
vn 1 0 0 
vn 1 0 0 
vn 0 0 1 
vn 0 0 1 
vn 0 0 1 
vn 0 0 1 
vn 0 -1 0 
vn 0 -1 0 
vn 0 -1 0 
vn 0 -1 0 
vn -1 0 0 
vn -1 0 0 
vn -1 0 0 
vn -1 0 0 

vt 6.125 -6.75 
vt 5.5 -6.75 
vt 6.125 -7.125 
vt 5.5 -7.125 
vt 5.525 -6.75 
vt 5.5 -6.75 
vt 5.525 -7.375 
vt 5.5 -7.375 
vt 5.525 -6.75 
vt 5.5 -6.75 
vt 5.525 -7.125 
vt 5.5 -7.125 
vt 6.125 -6.75 
vt 5.5 -6.75 
vt 6.125 -7.125 
vt 5.5 -7.125 
vt 5.525 -6.75 
vt 5.5 -6.75 
vt 5.525 -7.375 
vt 5.5 -7.375 
vt 5.525 -6.75 
vt 5.5 -6.75 
vt 5.525 -7.125 
vt 5.5 -7.125 

usemtl Height1Mtl

f 1727/1727/1727 1728/1728/1728 1729/1729/1729 
f 1729/1729/1729 1728/1728/1728 1730/1730/1730 
f 1731/1731/1731 1732/1732/1732 1733/1733/1733 
f 1733/1733/1733 1732/1732/1732 1734/1734/1734 
f 1735/1735/1735 1736/1736/1736 1737/1737/1737 
f 1737/1737/1737 1736/1736/1736 1738/1738/1738 
f 1739/1739/1739 1740/1740/1740 1741/1741/1741 
f 1741/1741/1741 1740/1740/1740 1742/1742/1742 
f 1743/1743/1743 1744/1744/1744 1745/1745/1745 
f 1745/1745/1745 1744/1744/1744 1746/1746/1746 
f 1747/1747/1747 1748/1748/1748 1749/1749/1749 
f 1749/1749/1749 1748/1748/1748 1750/1750/1750 

g Height65

v -219 3.6 485 
v -223 3.6 485 
v -219 0.599999 485 
v -223 0.599999 485 
v -223 3.6 484.8 
v -223 3.6 485 
v -219 3.6 484.8 
v -219 3.6 485 
v -223 3.6 485 
v -223 3.6 484.8 
v -223 0.599999 485 
v -223 0.599999 484.8 
v -223 3.6 484.8 
v -219 3.6 484.8 
v -223 0.599999 484.8 
v -219 0.599999 484.8 
v -219 0.599999 484.8 
v -219 0.599999 485 
v -223 0.599999 484.8 
v -223 0.599999 485 
v -219 3.6 484.8 
v -219 3.6 485 
v -219 0.599999 484.8 
v -219 0.599999 485 

vn 0 0 1 
vn 0 0 1 
vn 0 0 1 
vn 0 0 1 
vn 0 1 0 
vn 0 1 0 
vn 0 1 0 
vn 0 1 0 
vn -1 0 0 
vn -1 0 0 
vn -1 0 0 
vn -1 0 0 
vn 0 0 -1 
vn 0 0 -1 
vn 0 0 -1 
vn 0 0 -1 
vn 0 -1 0 
vn 0 -1 0 
vn 0 -1 0 
vn 0 -1 0 
vn 1 0 0 
vn 1 0 0 
vn 1 0 0 
vn 1 0 0 

vt 7.5 -4.25 
vt 7 -4.25 
vt 7.5 -4.625 
vt 7 -4.625 
vt 7.025 -4.25 
vt 7 -4.25 
vt 7.025 -4.75 
vt 7 -4.75 
vt 7.025 -4.25 
vt 7 -4.25 
vt 7.025 -4.625 
vt 7 -4.625 
vt 7.5 -4.25 
vt 7 -4.25 
vt 7.5 -4.625 
vt 7 -4.625 
vt 7.025 -4.25 
vt 7 -4.25 
vt 7.025 -4.75 
vt 7 -4.75 
vt 7.025 -4.25 
vt 7 -4.25 
vt 7.025 -4.625 
vt 7 -4.625 

usemtl Height1Mtl

f 1751/1751/1751 1752/1752/1752 1753/1753/1753 
f 1753/1753/1753 1752/1752/1752 1754/1754/1754 
f 1755/1755/1755 1756/1756/1756 1757/1757/1757 
f 1757/1757/1757 1756/1756/1756 1758/1758/1758 
f 1759/1759/1759 1760/1760/1760 1761/1761/1761 
f 1761/1761/1761 1760/1760/1760 1762/1762/1762 
f 1763/1763/1763 1764/1764/1764 1765/1765/1765 
f 1765/1765/1765 1764/1764/1764 1766/1766/1766 
f 1767/1767/1767 1768/1768/1768 1769/1769/1769 
f 1769/1769/1769 1768/1768/1768 1770/1770/1770 
f 1771/1771/1771 1772/1772/1772 1773/1773/1773 
f 1773/1773/1773 1772/1772/1772 1774/1774/1774 

g Height66

v -219 3.6 484 
v -215 3.6 484 
v -219 0.599999 484 
v -215 0.599999 484 
v -215 3.6 484.2 
v -215 3.6 484 
v -219 3.6 484.2 
v -219 3.6 484 
v -215 3.6 484 
v -215 3.6 484.2 
v -215 0.599999 484 
v -215 0.599999 484.2 
v -215 3.6 484.2 
v -219 3.6 484.2 
v -215 0.599999 484.2 
v -219 0.599999 484.2 
v -219 0.599999 484.2 
v -219 0.599999 484 
v -215 0.599999 484.2 
v -215 0.599999 484 
v -219 3.6 484.2 
v -219 3.6 484 
v -219 0.599999 484.2 
v -219 0.599999 484 

vn 0 0 -1 
vn 0 0 -1 
vn 0 0 -1 
vn 0 0 -1 
vn 0 1 0 
vn 0 1 0 
vn 0 1 0 
vn 0 1 0 
vn 1 0 0 
vn 1 0 0 
vn 1 0 0 
vn 1 0 0 
vn 0 0 1 
vn 0 0 1 
vn 0 0 1 
vn 0 0 1 
vn 0 -1 0 
vn 0 -1 0 
vn 0 -1 0 
vn 0 -1 0 
vn -1 0 0 
vn -1 0 0 
vn -1 0 0 
vn -1 0 0 

vt 7 -4.5 
vt 6.5 -4.5 
vt 7 -4.875 
vt 6.5 -4.875 
vt 6.525 -4.5 
vt 6.5 -4.5 
vt 6.525 -5 
vt 6.5 -5 
vt 6.525 -4.5 
vt 6.5 -4.5 
vt 6.525 -4.875 
vt 6.5 -4.875 
vt 7 -4.5 
vt 6.5 -4.5 
vt 7 -4.875 
vt 6.5 -4.875 
vt 6.525 -4.5 
vt 6.5 -4.5 
vt 6.525 -5 
vt 6.5 -5 
vt 6.525 -4.5 
vt 6.5 -4.5 
vt 6.525 -4.875 
vt 6.5 -4.875 

usemtl Height1Mtl

f 1775/1775/1775 1776/1776/1776 1777/1777/1777 
f 1777/1777/1777 1776/1776/1776 1778/1778/1778 
f 1779/1779/1779 1780/1780/1780 1781/1781/1781 
f 1781/1781/1781 1780/1780/1780 1782/1782/1782 
f 1783/1783/1783 1784/1784/1784 1785/1785/1785 
f 1785/1785/1785 1784/1784/1784 1786/1786/1786 
f 1787/1787/1787 1788/1788/1788 1789/1789/1789 
f 1789/1789/1789 1788/1788/1788 1790/1790/1790 
f 1791/1791/1791 1792/1792/1792 1793/1793/1793 
f 1793/1793/1793 1792/1792/1792 1794/1794/1794 
f 1795/1795/1795 1796/1796/1796 1797/1797/1797 
f 1797/1797/1797 1796/1796/1796 1798/1798/1798 

g Height67

v -222 6.8 488 
v -222 6.8 483 
v -222 3.8 488 
v -222 3.8 483 
v -221.8 6.8 483 
v -222 6.8 483 
v -221.8 6.8 488 
v -222 6.8 488 
v -222 6.8 483 
v -221.8 6.8 483 
v -222 3.8 483 
v -221.8 3.8 483 
v -221.8 6.8 483 
v -221.8 6.8 488 
v -221.8 3.8 483 
v -221.8 3.8 488 
v -221.8 3.8 488 
v -222 3.8 488 
v -221.8 3.8 483 
v -222 3.8 483 
v -221.8 6.8 488 
v -222 6.8 488 
v -221.8 3.8 488 
v -222 3.8 488 

vn -1 0 0 
vn -1 0 0 
vn -1 0 0 
vn -1 0 0 
vn 0 1 0 
vn 0 1 0 
vn 0 1 0 
vn 0 1 0 
vn 0 0 -1 
vn 0 0 -1 
vn 0 0 -1 
vn 0 0 -1 
vn 1 0 0 
vn 1 0 0 
vn 1 0 0 
vn 1 0 0 
vn 0 -1 0 
vn 0 -1 0 
vn 0 -1 0 
vn 0 -1 0 
vn 0 0 1 
vn 0 0 1 
vn 0 0 1 
vn 0 0 1 

vt 4.875 -2 
vt 4.25 -2 
vt 4.875 -2.375 
vt 4.25 -2.375 
vt 4.275 -2 
vt 4.25 -2 
vt 4.275 -2.625 
vt 4.25 -2.625 
vt 4.275 -2 
vt 4.25 -2 
vt 4.275 -2.375 
vt 4.25 -2.375 
vt 4.875 -2 
vt 4.25 -2 
vt 4.875 -2.375 
vt 4.25 -2.375 
vt 4.275 -2 
vt 4.25 -2 
vt 4.275 -2.625 
vt 4.25 -2.625 
vt 4.275 -2 
vt 4.25 -2 
vt 4.275 -2.375 
vt 4.25 -2.375 

usemtl Height1Mtl

f 1799/1799/1799 1800/1800/1800 1801/1801/1801 
f 1801/1801/1801 1800/1800/1800 1802/1802/1802 
f 1803/1803/1803 1804/1804/1804 1805/1805/1805 
f 1805/1805/1805 1804/1804/1804 1806/1806/1806 
f 1807/1807/1807 1808/1808/1808 1809/1809/1809 
f 1809/1809/1809 1808/1808/1808 1810/1810/1810 
f 1811/1811/1811 1812/1812/1812 1813/1813/1813 
f 1813/1813/1813 1812/1812/1812 1814/1814/1814 
f 1815/1815/1815 1816/1816/1816 1817/1817/1817 
f 1817/1817/1817 1816/1816/1816 1818/1818/1818 
f 1819/1819/1819 1820/1820/1820 1821/1821/1821 
f 1821/1821/1821 1820/1820/1820 1822/1822/1822 

g Height68

v -215 0.599999 484 
v -215 0.599999 489 
v -215 0.399999 484 
v -215 0.399999 489 
v -219 0.599999 489 
v -215 0.599999 489 
v -219 0.599999 484 
v -215 0.599999 484 
v -215 0.599999 489 
v -219 0.599999 489 
v -215 0.399999 489 
v -219 0.399999 489 
v -219 0.599999 489 
v -219 0.599999 484 
v -219 0.399999 489 
v -219 0.399999 484 
v -219 0.399999 484 
v -215 0.399999 484 
v -219 0.399999 489 
v -215 0.399999 489 
v -219 0.599999 484 
v -215 0.599999 484 
v -219 0.399999 484 
v -215 0.399999 484 

vn 1 0 0 
vn 1 0 0 
vn 1 0 0 
vn 1 0 0 
vn 0 1 0 
vn 0 1 0 
vn 0 1 0 
vn 0 1 0 
vn 0 0 1 
vn 0 0 1 
vn 0 0 1 
vn 0 0 1 
vn -1 0 0 
vn -1 0 0 
vn -1 0 0 
vn -1 0 0 
vn 0 -1 0 
vn 0 -1 0 
vn 0 -1 0 
vn 0 -1 0 
vn 0 0 -1 
vn 0 0 -1 
vn 0 0 -1 
vn 0 0 -1 

vt 2.375 -6 
vt 1.75 -6 
vt 2.375 -6.025 
vt 1.75 -6.025 
vt 2.25 -6 
vt 1.75 -6 
vt 2.25 -6.625 
vt 1.75 -6.625 
vt 2.25 -6 
vt 1.75 -6 
vt 2.25 -6.025 
vt 1.75 -6.025 
vt 2.375 -6 
vt 1.75 -6 
vt 2.375 -6.025 
vt 1.75 -6.025 
vt 2.25 -6 
vt 1.75 -6 
vt 2.25 -6.625 
vt 1.75 -6.625 
vt 2.25 -6 
vt 1.75 -6 
vt 2.25 -6.025 
vt 1.75 -6.025 

usemtl Height1Mtl

f 1823/1823/1823 1824/1824/1824 1825/1825/1825 
f 1825/1825/1825 1824/1824/1824 1826/1826/1826 
f 1827/1827/1827 1828/1828/1828 1829/1829/1829 
f 1829/1829/1829 1828/1828/1828 1830/1830/1830 
f 1831/1831/1831 1832/1832/1832 1833/1833/1833 
f 1833/1833/1833 1832/1832/1832 1834/1834/1834 
f 1835/1835/1835 1836/1836/1836 1837/1837/1837 
f 1837/1837/1837 1836/1836/1836 1838/1838/1838 
f 1839/1839/1839 1840/1840/1840 1841/1841/1841 
f 1841/1841/1841 1840/1840/1840 1842/1842/1842 
f 1843/1843/1843 1844/1844/1844 1845/1845/1845 
f 1845/1845/1845 1844/1844/1844 1846/1846/1846 

g Height69

v -219 3.60005 488.8 
v -215 3.60005 488.8 
v -219 0.600047 488.8 
v -215 0.600047 488.8 
v -215 3.60005 489 
v -215 3.60005 488.8 
v -219 3.60005 489 
v -219 3.60005 488.8 
v -215 3.60005 488.8 
v -215 3.60005 489 
v -215 0.600047 488.8 
v -215 0.600047 489 
v -215 3.60005 489 
v -219 3.60005 489 
v -215 0.600047 489 
v -219 0.600047 489 
v -219 0.600047 489 
v -219 0.600047 488.8 
v -215 0.600047 489 
v -215 0.600047 488.8 
v -219 3.60005 489 
v -219 3.60005 488.8 
v -219 0.600047 489 
v -219 0.600047 488.8 

vn 0 0 -1 
vn 0 0 -1 
vn 0 0 -1 
vn 0 0 -1 
vn 0 1 0 
vn 0 1 0 
vn 0 1 0 
vn 0 1 0 
vn 1 0 0 
vn 1 0 0 
vn 1 0 0 
vn 1 0 0 
vn 0 0 1 
vn 0 0 1 
vn 0 0 1 
vn 0 0 1 
vn 0 -1 0 
vn 0 -1 0 
vn 0 -1 0 
vn 0 -1 0 
vn -1 0 0 
vn -1 0 0 
vn -1 0 0 
vn -1 0 0 

vt 1.25 -6 
vt 0.75 -6 
vt 1.25 -6.375 
vt 0.75 -6.375 
vt 0.775 -6 
vt 0.75 -6 
vt 0.775 -6.5 
vt 0.75 -6.5 
vt 0.775 -6 
vt 0.75 -6 
vt 0.775 -6.375 
vt 0.75 -6.375 
vt 1.25 -6 
vt 0.75 -6 
vt 1.25 -6.375 
vt 0.75 -6.375 
vt 0.775 -6 
vt 0.75 -6 
vt 0.775 -6.5 
vt 0.75 -6.5 
vt 0.775 -6 
vt 0.75 -6 
vt 0.775 -6.375 
vt 0.75 -6.375 

usemtl Height1Mtl

f 1847/1847/1847 1848/1848/1848 1849/1849/1849 
f 1849/1849/1849 1848/1848/1848 1850/1850/1850 
f 1851/1851/1851 1852/1852/1852 1853/1853/1853 
f 1853/1853/1853 1852/1852/1852 1854/1854/1854 
f 1855/1855/1855 1856/1856/1856 1857/1857/1857 
f 1857/1857/1857 1856/1856/1856 1858/1858/1858 
f 1859/1859/1859 1860/1860/1860 1861/1861/1861 
f 1861/1861/1861 1860/1860/1860 1862/1862/1862 
f 1863/1863/1863 1864/1864/1864 1865/1865/1865 
f 1865/1865/1865 1864/1864/1864 1866/1866/1866 
f 1867/1867/1867 1868/1868/1868 1869/1869/1869 
f 1869/1869/1869 1868/1868/1868 1870/1870/1870 

g Height70

v -219 3.6 489 
v -219 3.6 484 
v -219 0.599999 489 
v -219 0.599999 484 
v -218.8 3.6 484 
v -219 3.6 484 
v -218.8 3.6 489 
v -219 3.6 489 
v -219 3.6 484 
v -218.8 3.6 484 
v -219 0.599999 484 
v -218.8 0.599999 484 
v -218.8 3.6 484 
v -218.8 3.6 489 
v -218.8 0.599999 484 
v -218.8 0.599999 489 
v -218.8 0.599999 489 
v -219 0.599999 489 
v -218.8 0.599999 484 
v -219 0.599999 484 
v -218.8 3.6 489 
v -219 3.6 489 
v -218.8 0.599999 489 
v -219 0.599999 489 

vn -1 0 0 
vn -1 0 0 
vn -1 0 0 
vn -1 0 0 
vn 0 1 0 
vn 0 1 0 
vn 0 1 0 
vn 0 1 0 
vn 0 0 -1 
vn 0 0 -1 
vn 0 0 -1 
vn 0 0 -1 
vn 1 0 0 
vn 1 0 0 
vn 1 0 0 
vn 1 0 0 
vn 0 -1 0 
vn 0 -1 0 
vn 0 -1 0 
vn 0 -1 0 
vn 0 0 1 
vn 0 0 1 
vn 0 0 1 
vn 0 0 1 

vt 7.375 -3 
vt 6.75 -3 
vt 7.375 -3.375 
vt 6.75 -3.375 
vt 6.775 -3 
vt 6.75 -3 
vt 6.775 -3.625 
vt 6.75 -3.625 
vt 6.775 -3 
vt 6.75 -3 
vt 6.775 -3.375 
vt 6.75 -3.375 
vt 7.375 -3 
vt 6.75 -3 
vt 7.375 -3.375 
vt 6.75 -3.375 
vt 6.775 -3 
vt 6.75 -3 
vt 6.775 -3.625 
vt 6.75 -3.625 
vt 6.775 -3 
vt 6.75 -3 
vt 6.775 -3.375 
vt 6.75 -3.375 

usemtl Height1Mtl

f 1871/1871/1871 1872/1872/1872 1873/1873/1873 
f 1873/1873/1873 1872/1872/1872 1874/1874/1874 
f 1875/1875/1875 1876/1876/1876 1877/1877/1877 
f 1877/1877/1877 1876/1876/1876 1878/1878/1878 
f 1879/1879/1879 1880/1880/1880 1881/1881/1881 
f 1881/1881/1881 1880/1880/1880 1882/1882/1882 
f 1883/1883/1883 1884/1884/1884 1885/1885/1885 
f 1885/1885/1885 1884/1884/1884 1886/1886/1886 
f 1887/1887/1887 1888/1888/1888 1889/1889/1889 
f 1889/1889/1889 1888/1888/1888 1890/1890/1890 
f 1891/1891/1891 1892/1892/1892 1893/1893/1893 
f 1893/1893/1893 1892/1892/1892 1894/1894/1894 

g Height71

v -215 3.6 484 
v -215 3.6 489 
v -215 0.599999 484 
v -215 0.599999 489 
v -215.2 3.6 489 
v -215 3.6 489 
v -215.2 3.6 484 
v -215 3.6 484 
v -215 3.6 489 
v -215.2 3.6 489 
v -215 0.599999 489 
v -215.2 0.599999 489 
v -215.2 3.6 489 
v -215.2 3.6 484 
v -215.2 0.599999 489 
v -215.2 0.599999 484 
v -215.2 0.599999 484 
v -215 0.599999 484 
v -215.2 0.599999 489 
v -215 0.599999 489 
v -215.2 3.6 484 
v -215 3.6 484 
v -215.2 0.599999 484 
v -215 0.599999 484 

vn 1 0 0 
vn 1 0 0 
vn 1 0 0 
vn 1 0 0 
vn 0 1 0 
vn 0 1 0 
vn 0 1 0 
vn 0 1 0 
vn 0 0 1 
vn 0 0 1 
vn 0 0 1 
vn 0 0 1 
vn -1 0 0 
vn -1 0 0 
vn -1 0 0 
vn -1 0 0 
vn 0 -1 0 
vn 0 -1 0 
vn 0 -1 0 
vn 0 -1 0 
vn 0 0 -1 
vn 0 0 -1 
vn 0 0 -1 
vn 0 0 -1 

vt 2.125 -6.75 
vt 1.5 -6.75 
vt 2.125 -7.125 
vt 1.5 -7.125 
vt 1.525 -6.75 
vt 1.5 -6.75 
vt 1.525 -7.375 
vt 1.5 -7.375 
vt 1.525 -6.75 
vt 1.5 -6.75 
vt 1.525 -7.125 
vt 1.5 -7.125 
vt 2.125 -6.75 
vt 1.5 -6.75 
vt 2.125 -7.125 
vt 1.5 -7.125 
vt 1.525 -6.75 
vt 1.5 -6.75 
vt 1.525 -7.375 
vt 1.5 -7.375 
vt 1.525 -6.75 
vt 1.5 -6.75 
vt 1.525 -7.125 
vt 1.5 -7.125 

usemtl Height1Mtl

f 1895/1895/1895 1896/1896/1896 1897/1897/1897 
f 1897/1897/1897 1896/1896/1896 1898/1898/1898 
f 1899/1899/1899 1900/1900/1900 1901/1901/1901 
f 1901/1901/1901 1900/1900/1900 1902/1902/1902 
f 1903/1903/1903 1904/1904/1904 1905/1905/1905 
f 1905/1905/1905 1904/1904/1904 1906/1906/1906 
f 1907/1907/1907 1908/1908/1908 1909/1909/1909 
f 1909/1909/1909 1908/1908/1908 1910/1910/1910 
f 1911/1911/1911 1912/1912/1912 1913/1913/1913 
f 1913/1913/1913 1912/1912/1912 1914/1914/1914 
f 1915/1915/1915 1916/1916/1916 1917/1917/1917 
f 1917/1917/1917 1916/1916/1916 1918/1918/1918 

g Height72

v -222 6.8 483 
v -218 6.8 483 
v -222 3.8 483 
v -218 3.8 483 
v -218 6.8 483.2 
v -218 6.8 483 
v -222 6.8 483.2 
v -222 6.8 483 
v -218 6.8 483 
v -218 6.8 483.2 
v -218 3.8 483 
v -218 3.8 483.2 
v -218 6.8 483.2 
v -222 6.8 483.2 
v -218 3.8 483.2 
v -222 3.8 483.2 
v -222 3.8 483.2 
v -222 3.8 483 
v -218 3.8 483.2 
v -218 3.8 483 
v -222 6.8 483.2 
v -222 6.8 483 
v -222 3.8 483.2 
v -222 3.8 483 

vn 0 0 -1 
vn 0 0 -1 
vn 0 0 -1 
vn 0 0 -1 
vn 0 1 0 
vn 0 1 0 
vn 0 1 0 
vn 0 1 0 
vn 1 0 0 
vn 1 0 0 
vn 1 0 0 
vn 1 0 0 
vn 0 0 1 
vn 0 0 1 
vn 0 0 1 
vn 0 0 1 
vn 0 -1 0 
vn 0 -1 0 
vn 0 -1 0 
vn 0 -1 0 
vn -1 0 0 
vn -1 0 0 
vn -1 0 0 
vn -1 0 0 

vt 1 0.75 
vt 0.5 0.75 
vt 1 0.375 
vt 0.5 0.375 
vt 0.525 0.75 
vt 0.5 0.75 
vt 0.525 0.25 
vt 0.5 0.25 
vt 0.525 0.75 
vt 0.5 0.75 
vt 0.525 0.375 
vt 0.5 0.375 
vt 1 0.75 
vt 0.5 0.75 
vt 1 0.375 
vt 0.5 0.375 
vt 0.525 0.75 
vt 0.5 0.75 
vt 0.525 0.25 
vt 0.5 0.25 
vt 0.525 0.75 
vt 0.5 0.75 
vt 0.525 0.375 
vt 0.5 0.375 

usemtl Height1Mtl

f 1919/1919/1919 1920/1920/1920 1921/1921/1921 
f 1921/1921/1921 1920/1920/1920 1922/1922/1922 
f 1923/1923/1923 1924/1924/1924 1925/1925/1925 
f 1925/1925/1925 1924/1924/1924 1926/1926/1926 
f 1927/1927/1927 1928/1928/1928 1929/1929/1929 
f 1929/1929/1929 1928/1928/1928 1930/1930/1930 
f 1931/1931/1931 1932/1932/1932 1933/1933/1933 
f 1933/1933/1933 1932/1932/1932 1934/1934/1934 
f 1935/1935/1935 1936/1936/1936 1937/1937/1937 
f 1937/1937/1937 1936/1936/1936 1938/1938/1938 
f 1939/1939/1939 1940/1940/1940 1941/1941/1941 
f 1941/1941/1941 1940/1940/1940 1942/1942/1942 

g Height73

v -222 6.79996 487.8 
v -218 6.79996 487.8 
v -222 3.79996 487.8 
v -218 3.79996 487.8 
v -218 6.79996 488 
v -218 6.79996 487.8 
v -222 6.79996 488 
v -222 6.79996 487.8 
v -218 6.79996 487.8 
v -218 6.79996 488 
v -218 3.79996 487.8 
v -218 3.79996 488 
v -218 6.79996 488 
v -222 6.79996 488 
v -218 3.79996 488 
v -222 3.79996 488 
v -222 3.79996 488 
v -222 3.79996 487.8 
v -218 3.79996 488 
v -218 3.79996 487.8 
v -222 6.79996 488 
v -222 6.79996 487.8 
v -222 3.79996 488 
v -222 3.79996 487.8 

vn 0 0 -1 
vn 0 0 -1 
vn 0 0 -1 
vn 0 0 -1 
vn 0 1 0 
vn 0 1 0 
vn 0 1 0 
vn 0 1 0 
vn 1 0 0 
vn 1 0 0 
vn 1 0 0 
vn 1 0 0 
vn 0 0 1 
vn 0 0 1 
vn 0 0 1 
vn 0 0 1 
vn 0 -1 0 
vn 0 -1 0 
vn 0 -1 0 
vn 0 -1 0 
vn -1 0 0 
vn -1 0 0 
vn -1 0 0 
vn -1 0 0 

vt 4.75 -5.75 
vt 4.25 -5.75 
vt 4.75 -6.125 
vt 4.25 -6.125 
vt 4.275 -5.75 
vt 4.25 -5.75 
vt 4.275 -6.25 
vt 4.25 -6.25 
vt 4.275 -5.75 
vt 4.25 -5.75 
vt 4.275 -6.125 
vt 4.25 -6.125 
vt 4.75 -5.75 
vt 4.25 -5.75 
vt 4.75 -6.125 
vt 4.25 -6.125 
vt 4.275 -5.75 
vt 4.25 -5.75 
vt 4.275 -6.25 
vt 4.25 -6.25 
vt 4.275 -5.75 
vt 4.25 -5.75 
vt 4.275 -6.125 
vt 4.25 -6.125 

usemtl Height1Mtl

f 1943/1943/1943 1944/1944/1944 1945/1945/1945 
f 1945/1945/1945 1944/1944/1944 1946/1946/1946 
f 1947/1947/1947 1948/1948/1948 1949/1949/1949 
f 1949/1949/1949 1948/1948/1948 1950/1950/1950 
f 1951/1951/1951 1952/1952/1952 1953/1953/1953 
f 1953/1953/1953 1952/1952/1952 1954/1954/1954 
f 1955/1955/1955 1956/1956/1956 1957/1957/1957 
f 1957/1957/1957 1956/1956/1956 1958/1958/1958 
f 1959/1959/1959 1960/1960/1960 1961/1961/1961 
f 1961/1961/1961 1960/1960/1960 1962/1962/1962 
f 1963/1963/1963 1964/1964/1964 1965/1965/1965 
f 1965/1965/1965 1964/1964/1964 1966/1966/1966 

g Height74

v -223 0.599999 485 
v -223 0.599999 480 
v -223 0.399999 485 
v -223 0.399999 480 
v -219 0.599999 480 
v -223 0.599999 480 
v -219 0.599999 485 
v -223 0.599999 485 
v -223 0.599999 480 
v -219 0.599999 480 
v -223 0.399999 480 
v -219 0.399999 480 
v -219 0.599999 480 
v -219 0.599999 485 
v -219 0.399999 480 
v -219 0.399999 485 
v -219 0.399999 485 
v -223 0.399999 485 
v -219 0.399999 480 
v -223 0.399999 480 
v -219 0.599999 485 
v -223 0.599999 485 
v -219 0.399999 485 
v -223 0.399999 485 

vn -1 0 0 
vn -1 0 0 
vn -1 0 0 
vn -1 0 0 
vn 0 1 0 
vn 0 1 0 
vn 0 1 0 
vn 0 1 0 
vn 0 0 -1 
vn 0 0 -1 
vn 0 0 -1 
vn 0 0 -1 
vn 1 0 0 
vn 1 0 0 
vn 1 0 0 
vn 1 0 0 
vn 0 -1 0 
vn 0 -1 0 
vn 0 -1 0 
vn 0 -1 0 
vn 0 0 1 
vn 0 0 1 
vn 0 0 1 
vn 0 0 1 

vt 8.125 -3 
vt 7.5 -3 
vt 8.125 -3.025 
vt 7.5 -3.025 
vt 8 -3 
vt 7.5 -3 
vt 8 -3.625 
vt 7.5 -3.625 
vt 8 -3 
vt 7.5 -3 
vt 8 -3.025 
vt 7.5 -3.025 
vt 8.125 -3 
vt 7.5 -3 
vt 8.125 -3.025 
vt 7.5 -3.025 
vt 8 -3 
vt 7.5 -3 
vt 8 -3.625 
vt 7.5 -3.625 
vt 8 -3 
vt 7.5 -3 
vt 8 -3.025 
vt 7.5 -3.025 

usemtl Height1Mtl

f 1967/1967/1967 1968/1968/1968 1969/1969/1969 
f 1969/1969/1969 1968/1968/1968 1970/1970/1970 
f 1971/1971/1971 1972/1972/1972 1973/1973/1973 
f 1973/1973/1973 1972/1972/1972 1974/1974/1974 
f 1975/1975/1975 1976/1976/1976 1977/1977/1977 
f 1977/1977/1977 1976/1976/1976 1978/1978/1978 
f 1979/1979/1979 1980/1980/1980 1981/1981/1981 
f 1981/1981/1981 1980/1980/1980 1982/1982/1982 
f 1983/1983/1983 1984/1984/1984 1985/1985/1985 
f 1985/1985/1985 1984/1984/1984 1986/1986/1986 
f 1987/1987/1987 1988/1988/1988 1989/1989/1989 
f 1989/1989/1989 1988/1988/1988 1990/1990/1990 

g Height75

v -223 3.6 485 
v -223 3.6 480 
v -223 0.599999 485 
v -223 0.599999 480 
v -222.8 3.6 480 
v -223 3.6 480 
v -222.8 3.6 485 
v -223 3.6 485 
v -223 3.6 480 
v -222.8 3.6 480 
v -223 0.599999 480 
v -222.8 0.599999 480 
v -222.8 3.6 480 
v -222.8 3.6 485 
v -222.8 0.599999 480 
v -222.8 0.599999 485 
v -222.8 0.599999 485 
v -223 0.599999 485 
v -222.8 0.599999 480 
v -223 0.599999 480 
v -222.8 3.6 485 
v -223 3.6 485 
v -222.8 0.599999 485 
v -223 0.599999 485 

vn -1 0 0 
vn -1 0 0 
vn -1 0 0 
vn -1 0 0 
vn 0 1 0 
vn 0 1 0 
vn 0 1 0 
vn 0 1 0 
vn 0 0 -1 
vn 0 0 -1 
vn 0 0 -1 
vn 0 0 -1 
vn 1 0 0 
vn 1 0 0 
vn 1 0 0 
vn 1 0 0 
vn 0 -1 0 
vn 0 -1 0 
vn 0 -1 0 
vn 0 -1 0 
vn 0 0 1 
vn 0 0 1 
vn 0 0 1 
vn 0 0 1 

vt 6.375 0.25 
vt 5.75 0.25 
vt 6.375 -0.125 
vt 5.75 -0.125 
vt 5.775 0.25 
vt 5.75 0.25 
vt 5.775 -0.375 
vt 5.75 -0.375 
vt 5.775 0.25 
vt 5.75 0.25 
vt 5.775 -0.125 
vt 5.75 -0.125 
vt 6.375 0.25 
vt 5.75 0.25 
vt 6.375 -0.125 
vt 5.75 -0.125 
vt 5.775 0.25 
vt 5.75 0.25 
vt 5.775 -0.375 
vt 5.75 -0.375 
vt 5.775 0.25 
vt 5.75 0.25 
vt 5.775 -0.125 
vt 5.75 -0.125 

usemtl Height1Mtl

f 1991/1991/1991 1992/1992/1992 1993/1993/1993 
f 1993/1993/1993 1992/1992/1992 1994/1994/1994 
f 1995/1995/1995 1996/1996/1996 1997/1997/1997 
f 1997/1997/1997 1996/1996/1996 1998/1998/1998 
f 1999/1999/1999 2000/2000/2000 2001/2001/2001 
f 2001/2001/2001 2000/2000/2000 2002/2002/2002 
f 2003/2003/2003 2004/2004/2004 2005/2005/2005 
f 2005/2005/2005 2004/2004/2004 2006/2006/2006 
f 2007/2007/2007 2008/2008/2008 2009/2009/2009 
f 2009/2009/2009 2008/2008/2008 2010/2010/2010 
f 2011/2011/2011 2012/2012/2012 2013/2013/2013 
f 2013/2013/2013 2012/2012/2012 2014/2014/2014 

g Height76

v -218 3.8 483 
v -218 3.8 488 
v -218 3.6 483 
v -218 3.6 488 
v -222 3.8 488 
v -218 3.8 488 
v -222 3.8 483 
v -218 3.8 483 
v -218 3.8 488 
v -222 3.8 488 
v -218 3.6 488 
v -222 3.6 488 
v -222 3.8 488 
v -222 3.8 483 
v -222 3.6 488 
v -222 3.6 483 
v -222 3.6 483 
v -218 3.6 483 
v -222 3.6 488 
v -218 3.6 488 
v -222 3.8 483 
v -218 3.8 483 
v -222 3.6 483 
v -218 3.6 483 

vn 1 0 0 
vn 1 0 0 
vn 1 0 0 
vn 1 0 0 
vn 0 1 0 
vn 0 1 0 
vn 0 1 0 
vn 0 1 0 
vn 0 0 1 
vn 0 0 1 
vn 0 0 1 
vn 0 0 1 
vn -1 0 0 
vn -1 0 0 
vn -1 0 0 
vn -1 0 0 
vn 0 -1 0 
vn 0 -1 0 
vn 0 -1 0 
vn 0 -1 0 
vn 0 0 -1 
vn 0 0 -1 
vn 0 0 -1 
vn 0 0 -1 

vt 3.625 -3.5 
vt 3 -3.5 
vt 3.625 -3.525 
vt 3 -3.525 
vt 3.5 -3.5 
vt 3 -3.5 
vt 3.5 -4.125 
vt 3 -4.125 
vt 3.5 -3.5 
vt 3 -3.5 
vt 3.5 -3.525 
vt 3 -3.525 
vt 3.625 -3.5 
vt 3 -3.5 
vt 3.625 -3.525 
vt 3 -3.525 
vt 3.5 -3.5 
vt 3 -3.5 
vt 3.5 -4.125 
vt 3 -4.125 
vt 3.5 -3.5 
vt 3 -3.5 
vt 3.5 -3.525 
vt 3 -3.525 

usemtl Height1Mtl

f 2015/2015/2015 2016/2016/2016 2017/2017/2017 
f 2017/2017/2017 2016/2016/2016 2018/2018/2018 
f 2019/2019/2019 2020/2020/2020 2021/2021/2021 
f 2021/2021/2021 2020/2020/2020 2022/2022/2022 
f 2023/2023/2023 2024/2024/2024 2025/2025/2025 
f 2025/2025/2025 2024/2024/2024 2026/2026/2026 
f 2027/2027/2027 2028/2028/2028 2029/2029/2029 
f 2029/2029/2029 2028/2028/2028 2030/2030/2030 
f 2031/2031/2031 2032/2032/2032 2033/2033/2033 
f 2033/2033/2033 2032/2032/2032 2034/2034/2034 
f 2035/2035/2035 2036/2036/2036 2037/2037/2037 
f 2037/2037/2037 2036/2036/2036 2038/2038/2038 

g Height77

v -218 6.8 483 
v -218 6.8 488 
v -218 3.8 483 
v -218 3.8 488 
v -218.2 6.8 488 
v -218 6.8 488 
v -218.2 6.8 483 
v -218 6.8 483 
v -218 6.8 488 
v -218.2 6.8 488 
v -218 3.8 488 
v -218.2 3.8 488 
v -218.2 6.8 488 
v -218.2 6.8 483 
v -218.2 3.8 488 
v -218.2 3.8 483 
v -218.2 3.8 483 
v -218 3.8 483 
v -218.2 3.8 488 
v -218 3.8 488 
v -218.2 6.8 483 
v -218 6.8 483 
v -218.2 3.8 483 
v -218 3.8 483 

vn 1 0 0 
vn 1 0 0 
vn 1 0 0 
vn 1 0 0 
vn 0 1 0 
vn 0 1 0 
vn 0 1 0 
vn 0 1 0 
vn 0 0 1 
vn 0 0 1 
vn 0 0 1 
vn 0 0 1 
vn -1 0 0 
vn -1 0 0 
vn -1 0 0 
vn -1 0 0 
vn 0 -1 0 
vn 0 -1 0 
vn 0 -1 0 
vn 0 -1 0 
vn 0 0 -1 
vn 0 0 -1 
vn 0 0 -1 
vn 0 0 -1 

vt 5.125 -4 
vt 4.5 -4 
vt 5.125 -4.375 
vt 4.5 -4.375 
vt 4.525 -4 
vt 4.5 -4 
vt 4.525 -4.625 
vt 4.5 -4.625 
vt 4.525 -4 
vt 4.5 -4 
vt 4.525 -4.375 
vt 4.5 -4.375 
vt 5.125 -4 
vt 4.5 -4 
vt 5.125 -4.375 
vt 4.5 -4.375 
vt 4.525 -4 
vt 4.5 -4 
vt 4.525 -4.625 
vt 4.5 -4.625 
vt 4.525 -4 
vt 4.5 -4 
vt 4.525 -4.375 
vt 4.5 -4.375 

usemtl Height1Mtl

f 2039/2039/2039 2040/2040/2040 2041/2041/2041 
f 2041/2041/2041 2040/2040/2040 2042/2042/2042 
f 2043/2043/2043 2044/2044/2044 2045/2045/2045 
f 2045/2045/2045 2044/2044/2044 2046/2046/2046 
f 2047/2047/2047 2048/2048/2048 2049/2049/2049 
f 2049/2049/2049 2048/2048/2048 2050/2050/2050 
f 2051/2051/2051 2052/2052/2052 2053/2053/2053 
f 2053/2053/2053 2052/2052/2052 2054/2054/2054 
f 2055/2055/2055 2056/2056/2056 2057/2057/2057 
f 2057/2057/2057 2056/2056/2056 2058/2058/2058 
f 2059/2059/2059 2060/2060/2060 2061/2061/2061 
f 2061/2061/2061 2060/2060/2060 2062/2062/2062 

g Height78

v -218.2 6.29971 483.14 
v -221.8 6.29971 483.14 
v -218.2 6.29971 487.74 
v -221.8 6.29971 487.74 
v -221.8 4.09971 483.14 
v -221.8 6.29971 483.14 
v -218.2 4.09971 483.14 
v -218.2 6.29971 483.14 
v -221.8 6.29971 483.14 
v -221.8 4.09971 483.14 
v -221.8 6.29971 487.74 
v -221.8 4.09971 487.74 
v -221.8 4.09971 483.14 
v -218.2 4.09971 483.14 
v -221.8 4.09971 487.74 
v -218.2 4.09971 487.74 
v -218.2 4.09971 487.74 
v -218.2 6.29971 487.74 
v -221.8 4.09971 487.74 
v -221.8 6.29971 487.74 
v -218.2 4.09971 483.14 
v -218.2 6.29971 483.14 
v -218.2 4.09971 487.74 
v -218.2 6.29971 487.74 

vn 0 1 0 
vn 0 1 0 
vn 0 1 0 
vn 0 1 0 
vn 0 0 -1 
vn 0 0 -1 
vn 0 0 -1 
vn 0 0 -1 
vn -1 0 0 
vn -1 0 0 
vn -1 0 0 
vn -1 0 0 
vn 0 -1 0 
vn 0 -1 0 
vn 0 -1 0 
vn 0 -1 0 
vn 0 0 1 
vn 0 0 1 
vn 0 0 1 
vn 0 0 1 
vn 1 0 0 
vn 1 0 0 
vn 1 0 0 
vn 1 0 0 

vt 6.95 -5 
vt 6.5 -5 
vt 6.95 -5.575 
vt 6.5 -5.575 
vt 6.775 -5 
vt 6.5 -5 
vt 6.775 -5.45 
vt 6.5 -5.45 
vt 6.775 -5 
vt 6.5 -5 
vt 6.775 -5.575 
vt 6.5 -5.575 
vt 6.95 -5 
vt 6.5 -5 
vt 6.95 -5.575 
vt 6.5 -5.575 
vt 6.775 -5 
vt 6.5 -5 
vt 6.775 -5.45 
vt 6.5 -5.45 
vt 6.775 -5 
vt 6.5 -5 
vt 6.775 -5.575 
vt 6.5 -5.575 

usemtl Height15Mtl

f 2063/2063/2063 2064/2064/2064 2065/2065/2065 
f 2065/2065/2065 2064/2064/2064 2066/2066/2066 
f 2067/2067/2067 2068/2068/2068 2069/2069/2069 
f 2069/2069/2069 2068/2068/2068 2070/2070/2070 
f 2071/2071/2071 2072/2072/2072 2073/2073/2073 
f 2073/2073/2073 2072/2072/2072 2074/2074/2074 
f 2075/2075/2075 2076/2076/2076 2077/2077/2077 
f 2077/2077/2077 2076/2076/2076 2078/2078/2078 
f 2079/2079/2079 2080/2080/2080 2081/2081/2081 
f 2081/2081/2081 2080/2080/2080 2082/2082/2082 
f 2083/2083/2083 2084/2084/2084 2085/2085/2085 
f 2085/2085/2085 2084/2084/2084 2086/2086/2086 

g Height79

v -218.2 6.30471 483.14 
v -221.8 6.30471 483.14 
v -218.2 6.30471 487.74 
v -221.8 6.30471 487.74 

vn 0 1 0 
vn 0 1 0 
vn 0 1 0 
vn 0 1 0 

vt 1 1 
vt 0 1 
vt 1 0 
vt 0 0 

usemtl Height16Mtl

f 2087/2087/2087 2088/2088/2088 2089/2089/2089 
f 2089/2089/2089 2088/2088/2088 2090/2090/2090 

g Height80

v -214 12.8 495 
v -227 12.8 495 
v -214 12.6 495 
v -227 12.6 495 
v -227 12.8 458 
v -227 12.8 495 
v -214 12.8 458 
v -214 12.8 495 
v -227 12.8 495 
v -227 12.8 458 
v -227 12.6 495 
v -227 12.6 458 
v -227 12.8 458 
v -214 12.8 458 
v -227 12.6 458 
v -214 12.6 458 
v -214 12.6 458 
v -214 12.6 495 
v -227 12.6 458 
v -227 12.6 495 
v -214 12.8 458 
v -214 12.8 495 
v -214 12.6 458 
v -214 12.6 495 

vn 0 0 1 
vn 0 0 1 
vn 0 0 1 
vn 0 0 1 
vn 0 1 0 
vn 0 1 0 
vn 0 1 0 
vn 0 1 0 
vn -1 0 0 
vn -1 0 0 
vn -1 0 0 
vn -1 0 0 
vn 0 0 -1 
vn 0 0 -1 
vn 0 0 -1 
vn 0 0 -1 
vn 0 -1 0 
vn 0 -1 0 
vn 0 -1 0 
vn 0 -1 0 
vn 1 0 0 
vn 1 0 0 
vn 1 0 0 
vn 1 0 0 

vt 2.875 0 
vt 1.25 0 
vt 2.875 -0.025 
vt 1.25 -0.025 
vt 5.875 0 
vt 1.25 0 
vt 5.875 -1.625 
vt 1.25 -1.625 
vt 5.875 0 
vt 1.25 0 
vt 5.875 -0.025 
vt 1.25 -0.025 
vt 2.875 0 
vt 1.25 0 
vt 2.875 -0.025 
vt 1.25 -0.025 
vt 5.875 0 
vt 1.25 0 
vt 5.875 -1.625 
vt 1.25 -1.625 
vt 5.875 0 
vt 1.25 0 
vt 5.875 -0.025 
vt 1.25 -0.025 

usemtl Height2Mtl

f 2091/2091/2091 2092/2092/2092 2093/2093/2093 
f 2093/2093/2093 2092/2092/2092 2094/2094/2094 
f 2095/2095/2095 2096/2096/2096 2097/2097/2097 
f 2097/2097/2097 2096/2096/2096 2098/2098/2098 
f 2099/2099/2099 2100/2100/2100 2101/2101/2101 
f 2101/2101/2101 2100/2100/2100 2102/2102/2102 
f 2103/2103/2103 2104/2104/2104 2105/2105/2105 
f 2105/2105/2105 2104/2104/2104 2106/2106/2106 
f 2107/2107/2107 2108/2108/2108 2109/2109/2109 
f 2109/2109/2109 2108/2108/2108 2110/2110/2110 
f 2111/2111/2111 2112/2112/2112 2113/2113/2113 
f 2113/2113/2113 2112/2112/2112 2114/2114/2114 

g Height81

v -195 12.6 495 
v -208 12.6 495 
v -195 0.199999 495 
v -208 0.199999 495 
v -208 12.6 458 
v -208 12.6 495 
v -195 12.6 458 
v -195 12.6 495 
v -208 12.6 495 
v -208 12.6 458 
v -208 0.199999 495 
v -208 0.199999 458 
v -208 12.6 458 
v -195 12.6 458 
v -208 0.199999 458 
v -195 0.199999 458 
v -195 0.199999 458 
v -195 0.199999 495 
v -208 0.199999 458 
v -208 0.199999 495 
v -195 12.6 458 
v -195 12.6 495 
v -195 0.199999 458 
v -195 0.199999 495 

vn 0 0 1 
vn 0 0 1 
vn 0 0 1 
vn 0 0 1 
vn 0 1 0 
vn 0 1 0 
vn 0 1 0 
vn 0 1 0 
vn -1 0 0 
vn -1 0 0 
vn -1 0 0 
vn -1 0 0 
vn 0 0 -1 
vn 0 0 -1 
vn 0 0 -1 
vn 0 0 -1 
vn 0 -1 0 
vn 0 -1 0 
vn 0 -1 0 
vn 0 -1 0 
vn 1 0 0 
vn 1 0 0 
vn 1 0 0 
vn 1 0 0 

vt 2.125 -3 
vt 0.5 -3 
vt 2.125 -4.55 
vt 0.5 -4.55 
vt 5.125 -3 
vt 0.5 -3 
vt 5.125 -4.625 
vt 0.5 -4.625 
vt 5.125 -3 
vt 0.5 -3 
vt 5.125 -4.55 
vt 0.5 -4.55 
vt 2.125 -3 
vt 0.5 -3 
vt 2.125 -4.55 
vt 0.5 -4.55 
vt 5.125 -3 
vt 0.5 -3 
vt 5.125 -4.625 
vt 0.5 -4.625 
vt 5.125 -3 
vt 0.5 -3 
vt 5.125 -4.55 
vt 0.5 -4.55 

usemtl Height2Mtl

f 2115/2115/2115 2116/2116/2116 2117/2117/2117 
f 2117/2117/2117 2116/2116/2116 2118/2118/2118 
f 2119/2119/2119 2120/2120/2120 2121/2121/2121 
f 2121/2121/2121 2120/2120/2120 2122/2122/2122 
f 2123/2123/2123 2124/2124/2124 2125/2125/2125 
f 2125/2125/2125 2124/2124/2124 2126/2126/2126 
f 2127/2127/2127 2128/2128/2128 2129/2129/2129 
f 2129/2129/2129 2128/2128/2128 2130/2130/2130 
f 2131/2131/2131 2132/2132/2132 2133/2133/2133 
f 2133/2133/2133 2132/2132/2132 2134/2134/2134 
f 2135/2135/2135 2136/2136/2136 2137/2137/2137 
f 2137/2137/2137 2136/2136/2136 2138/2138/2138 

g Height82

v -208 12.6 457.995 
v -195 12.6 457.995 
v -208 0.199999 457.995 
v -195 0.199999 457.995 

vn 0 0 -1 
vn 0 0 -1 
vn 0 0 -1 
vn 0 0 -1 

vt 1 1 
vt 0 1 
vt 1 0 
vt 0 0 

usemtl Height5Mtl

f 2139/2139/2139 2140/2140/2140 2141/2141/2141 
f 2141/2141/2141 2140/2140/2140 2142/2142/2142 

g Height83

v -214 0.399999 495 
v -227 0.399999 495 
v -214 0.199999 495 
v -227 0.199999 495 
v -227 0.399999 458 
v -227 0.399999 495 
v -214 0.399999 458 
v -214 0.399999 495 
v -227 0.399999 495 
v -227 0.399999 458 
v -227 0.199999 495 
v -227 0.199999 458 
v -227 0.399999 458 
v -214 0.399999 458 
v -227 0.199999 458 
v -214 0.199999 458 
v -214 0.199999 458 
v -214 0.199999 495 
v -227 0.199999 458 
v -227 0.199999 495 
v -214 0.399999 458 
v -214 0.399999 495 
v -214 0.199999 458 
v -214 0.199999 495 

vn 0 0 1 
vn 0 0 1 
vn 0 0 1 
vn 0 0 1 
vn 0 1 0 
vn 0 1 0 
vn 0 1 0 
vn 0 1 0 
vn -1 0 0 
vn -1 0 0 
vn -1 0 0 
vn -1 0 0 
vn 0 0 -1 
vn 0 0 -1 
vn 0 0 -1 
vn 0 0 -1 
vn 0 -1 0 
vn 0 -1 0 
vn 0 -1 0 
vn 0 -1 0 
vn 1 0 0 
vn 1 0 0 
vn 1 0 0 
vn 1 0 0 

vt 8.875 -2.75 
vt 7.25 -2.75 
vt 8.875 -2.775 
vt 7.25 -2.775 
vt 11.875 -2.75 
vt 7.25 -2.75 
vt 11.875 -4.375 
vt 7.25 -4.375 
vt 11.875 -2.75 
vt 7.25 -2.75 
vt 11.875 -2.775 
vt 7.25 -2.775 
vt 8.875 -2.75 
vt 7.25 -2.75 
vt 8.875 -2.775 
vt 7.25 -2.775 
vt 11.875 -2.75 
vt 7.25 -2.75 
vt 11.875 -4.375 
vt 7.25 -4.375 
vt 11.875 -2.75 
vt 7.25 -2.75 
vt 11.875 -2.775 
vt 7.25 -2.775 

usemtl Height2Mtl

f 2143/2143/2143 2144/2144/2144 2145/2145/2145 
f 2145/2145/2145 2144/2144/2144 2146/2146/2146 
f 2147/2147/2147 2148/2148/2148 2149/2149/2149 
f 2149/2149/2149 2148/2148/2148 2150/2150/2150 
f 2151/2151/2151 2152/2152/2152 2153/2153/2153 
f 2153/2153/2153 2152/2152/2152 2154/2154/2154 
f 2155/2155/2155 2156/2156/2156 2157/2157/2157 
f 2157/2157/2157 2156/2156/2156 2158/2158/2158 
f 2159/2159/2159 2160/2160/2160 2161/2161/2161 
f 2161/2161/2161 2160/2160/2160 2162/2162/2162 
f 2163/2163/2163 2164/2164/2164 2165/2165/2165 
f 2165/2165/2165 2164/2164/2164 2166/2166/2166 

g Height84

v -225.8 12.6 495 
v -227 12.6 495 
v -225.8 0.399999 495 
v -227 0.399999 495 
v -227 12.6 458 
v -227 12.6 495 
v -225.8 12.6 458 
v -225.8 12.6 495 
v -227 12.6 495 
v -227 12.6 458 
v -227 0.399999 495 
v -227 0.399999 458 
v -227 12.6 458 
v -225.8 12.6 458 
v -227 0.399999 458 
v -225.8 0.399999 458 
v -225.8 0.399999 458 
v -225.8 0.399999 495 
v -227 0.399999 458 
v -227 0.399999 495 
v -225.8 12.6 458 
v -225.8 12.6 495 
v -225.8 0.399999 458 
v -225.8 0.399999 495 

vn 0 0 1 
vn 0 0 1 
vn 0 0 1 
vn 0 0 1 
vn 0 1 0 
vn 0 1 0 
vn 0 1 0 
vn 0 1 0 
vn -1 0 0 
vn -1 0 0 
vn -1 0 0 
vn -1 0 0 
vn 0 0 -1 
vn 0 0 -1 
vn 0 0 -1 
vn 0 0 -1 
vn 0 -1 0 
vn 0 -1 0 
vn 0 -1 0 
vn 0 -1 0 
vn 1 0 0 
vn 1 0 0 
vn 1 0 0 
vn 1 0 0 

vt 6.15 -3.25 
vt 6 -3.25 
vt 6.15 -4.775 
vt 6 -4.775 
vt 10.625 -3.25 
vt 6 -3.25 
vt 10.625 -3.4 
vt 6 -3.4 
vt 10.625 -3.25 
vt 6 -3.25 
vt 10.625 -4.775 
vt 6 -4.775 
vt 6.15 -3.25 
vt 6 -3.25 
vt 6.15 -4.775 
vt 6 -4.775 
vt 10.625 -3.25 
vt 6 -3.25 
vt 10.625 -3.4 
vt 6 -3.4 
vt 10.625 -3.25 
vt 6 -3.25 
vt 10.625 -4.775 
vt 6 -4.775 

usemtl Height2Mtl

f 2167/2167/2167 2168/2168/2168 2169/2169/2169 
f 2169/2169/2169 2168/2168/2168 2170/2170/2170 
f 2171/2171/2171 2172/2172/2172 2173/2173/2173 
f 2173/2173/2173 2172/2172/2172 2174/2174/2174 
f 2175/2175/2175 2176/2176/2176 2177/2177/2177 
f 2177/2177/2177 2176/2176/2176 2178/2178/2178 
f 2179/2179/2179 2180/2180/2180 2181/2181/2181 
f 2181/2181/2181 2180/2180/2180 2182/2182/2182 
f 2183/2183/2183 2184/2184/2184 2185/2185/2185 
f 2185/2185/2185 2184/2184/2184 2186/2186/2186 
f 2187/2187/2187 2188/2188/2188 2189/2189/2189 
f 2189/2189/2189 2188/2188/2188 2190/2190/2190 

g Height85

v -227.005 12.6 495 
v -227.005 12.6 458 
v -227.005 0.399999 495 
v -227.005 0.399999 458 

vn -1 0 0 
vn -1 0 0 
vn -1 0 0 
vn -1 0 0 

vt 1 1 
vt 0 1 
vt 1 0 
vt 0 0 

usemtl Height5Mtl

f 2191/2191/2191 2192/2192/2192 2193/2193/2193 
f 2193/2193/2193 2192/2192/2192 2194/2194/2194 

g Height86

v -171.664 25.6004 478.081 
v -170.488 25.6004 491.027 
v -171.664 13.2004 478.081 
v -170.488 13.2004 491.027 
v -207.336 25.6004 494.375 
v -170.488 25.6004 491.027 
v -208.512 25.6004 481.428 
v -171.664 25.6004 478.081 
v -170.488 25.6004 491.027 
v -207.336 25.6004 494.375 
v -170.488 13.2004 491.027 
v -207.336 13.2004 494.375 
v -207.336 25.6004 494.375 
v -208.512 25.6004 481.428 
v -207.336 13.2004 494.375 
v -208.512 13.2004 481.428 
v -208.512 13.2004 481.428 
v -171.664 13.2004 478.081 
v -207.336 13.2004 494.375 
v -170.488 13.2004 491.027 
v -208.512 25.6004 481.428 
v -171.664 25.6004 478.081 
v -208.512 13.2004 481.428 
v -171.664 13.2004 478.081 

vn 0.992126 0 -0.0866142 
vn 0.992126 0 -0.0866142 
vn 0.992126 0 -0.0866142 
vn 0.992126 0 -0.0866142 
vn 0 1 0 
vn 0 1 0 
vn 0 1 0 
vn 0 1 0 
vn 0.0866142 0 0.992126 
vn 0.0866142 0 0.992126 
vn 0.0866142 0 0.992126 
vn 0.0866142 0 0.992126 
vn -0.992126 0 0.0866142 
vn -0.992126 0 0.0866142 
vn -0.992126 0 0.0866142 
vn -0.992126 0 0.0866142 
vn 0 -1 0 
vn 0 -1 0 
vn 0 -1 0 
vn 0 -1 0 
vn -0.0866142 0 -0.992126 
vn -0.0866142 0 -0.992126 
vn -0.0866142 0 -0.992126 
vn -0.0866142 0 -0.992126 

vt 2.375 -0.25 
vt 0.75 -0.25 
vt 2.375 -1.8 
vt 0.75 -1.8 
vt 5.375 -0.25 
vt 0.75 -0.25 
vt 5.375 -1.875 
vt 0.75 -1.875 
vt 5.375 -0.25 
vt 0.75 -0.25 
vt 5.375 -1.8 
vt 0.75 -1.8 
vt 2.375 -0.25 
vt 0.75 -0.25 
vt 2.375 -1.8 
vt 0.75 -1.8 
vt 5.375 -0.25 
vt 0.75 -0.25 
vt 5.375 -1.875 
vt 0.75 -1.875 
vt 5.375 -0.25 
vt 0.75 -0.25 
vt 5.375 -1.8 
vt 0.75 -1.8 

usemtl Height11Mtl

f 2195/2195/2195 2196/2196/2196 2197/2197/2197 
f 2197/2197/2197 2196/2196/2196 2198/2198/2198 
f 2199/2199/2199 2200/2200/2200 2201/2201/2201 
f 2201/2201/2201 2200/2200/2200 2202/2202/2202 
f 2203/2203/2203 2204/2204/2204 2205/2205/2205 
f 2205/2205/2205 2204/2204/2204 2206/2206/2206 
f 2207/2207/2207 2208/2208/2208 2209/2209/2209 
f 2209/2209/2209 2208/2208/2208 2210/2210/2210 
f 2211/2211/2211 2212/2212/2212 2213/2213/2213 
f 2213/2213/2213 2212/2212/2212 2214/2214/2214 
f 2215/2215/2215 2216/2216/2216 2217/2217/2217 
f 2217/2217/2217 2216/2216/2216 2218/2218/2218 

g Height87

v -213.8 12.6 495 
v -215 12.6 495 
v -213.8 0.399999 495 
v -215 0.399999 495 
v -215 12.6 458 
v -215 12.6 495 
v -213.8 12.6 458 
v -213.8 12.6 495 
v -215 12.6 495 
v -215 12.6 458 
v -215 0.399999 495 
v -215 0.399999 458 
v -215 12.6 458 
v -213.8 12.6 458 
v -215 0.399999 458 
v -213.8 0.399999 458 
v -213.8 0.399999 458 
v -213.8 0.399999 495 
v -215 0.399999 458 
v -215 0.399999 495 
v -213.8 12.6 458 
v -213.8 12.6 495 
v -213.8 0.399999 458 
v -213.8 0.399999 495 

vn 0 0 1 
vn 0 0 1 
vn 0 0 1 
vn 0 0 1 
vn 0 1 0 
vn 0 1 0 
vn 0 1 0 
vn 0 1 0 
vn -1 0 0 
vn -1 0 0 
vn -1 0 0 
vn -1 0 0 
vn 0 0 -1 
vn 0 0 -1 
vn 0 0 -1 
vn 0 0 -1 
vn 0 -1 0 
vn 0 -1 0 
vn 0 -1 0 
vn 0 -1 0 
vn 1 0 0 
vn 1 0 0 
vn 1 0 0 
vn 1 0 0 

vt 2.9 -0.25 
vt 2.75 -0.25 
vt 2.9 -1.775 
vt 2.75 -1.775 
vt 7.375 -0.25 
vt 2.75 -0.25 
vt 7.375 -0.4 
vt 2.75 -0.4 
vt 7.375 -0.25 
vt 2.75 -0.25 
vt 7.375 -1.775 
vt 2.75 -1.775 
vt 2.9 -0.25 
vt 2.75 -0.25 
vt 2.9 -1.775 
vt 2.75 -1.775 
vt 7.375 -0.25 
vt 2.75 -0.25 
vt 7.375 -0.4 
vt 2.75 -0.4 
vt 7.375 -0.25 
vt 2.75 -0.25 
vt 7.375 -1.775 
vt 2.75 -1.775 

usemtl Height2Mtl

f 2219/2219/2219 2220/2220/2220 2221/2221/2221 
f 2221/2221/2221 2220/2220/2220 2222/2222/2222 
f 2223/2223/2223 2224/2224/2224 2225/2225/2225 
f 2225/2225/2225 2224/2224/2224 2226/2226/2226 
f 2227/2227/2227 2228/2228/2228 2229/2229/2229 
f 2229/2229/2229 2228/2228/2228 2230/2230/2230 
f 2231/2231/2231 2232/2232/2232 2233/2233/2233 
f 2233/2233/2233 2232/2232/2232 2234/2234/2234 
f 2235/2235/2235 2236/2236/2236 2237/2237/2237 
f 2237/2237/2237 2236/2236/2236 2238/2238/2238 
f 2239/2239/2239 2240/2240/2240 2241/2241/2241 
f 2241/2241/2241 2240/2240/2240 2242/2242/2242 

g Height88

v -271.8 12.6 495 
v -314 12.6 495 
v -271.8 12.4 495 
v -314 12.4 495 
v -314 12.6 457 
v -314 12.6 495 
v -271.8 12.6 457 
v -271.8 12.6 495 
v -314 12.6 495 
v -314 12.6 457 
v -314 12.4 495 
v -314 12.4 457 
v -314 12.6 457 
v -271.8 12.6 457 
v -314 12.4 457 
v -271.8 12.4 457 
v -271.8 12.4 457 
v -271.8 12.4 495 
v -314 12.4 457 
v -314 12.4 495 
v -271.8 12.6 457 
v -271.8 12.6 495 
v -271.8 12.4 457 
v -271.8 12.4 495 

vn 0 0 1 
vn 0 0 1 
vn 0 0 1 
vn 0 0 1 
vn 0 1 0 
vn 0 1 0 
vn 0 1 0 
vn 0 1 0 
vn -1 0 0 
vn -1 0 0 
vn -1 0 0 
vn -1 0 0 
vn 0 0 -1 
vn 0 0 -1 
vn 0 0 -1 
vn 0 0 -1 
vn 0 -1 0 
vn 0 -1 0 
vn 0 -1 0 
vn 0 -1 0 
vn 1 0 0 
vn 1 0 0 
vn 1 0 0 
vn 1 0 0 

vt 8.775 -0.5 
vt 3.5 -0.5 
vt 8.775 -0.525 
vt 3.5 -0.525 
vt 8.25 -0.5 
vt 3.5 -0.5 
vt 8.25 -5.775 
vt 3.5 -5.775 
vt 8.25 -0.5 
vt 3.5 -0.5 
vt 8.25 -0.525 
vt 3.5 -0.525 
vt 8.775 -0.5 
vt 3.5 -0.5 
vt 8.775 -0.525 
vt 3.5 -0.525 
vt 8.25 -0.5 
vt 3.5 -0.5 
vt 8.25 -5.775 
vt 3.5 -5.775 
vt 8.25 -0.5 
vt 3.5 -0.5 
vt 8.25 -0.525 
vt 3.5 -0.525 

usemtl Height2Mtl

f 2243/2243/2243 2244/2244/2244 2245/2245/2245 
f 2245/2245/2245 2244/2244/2244 2246/2246/2246 
f 2247/2247/2247 2248/2248/2248 2249/2249/2249 
f 2249/2249/2249 2248/2248/2248 2250/2250/2250 
f 2251/2251/2251 2252/2252/2252 2253/2253/2253 
f 2253/2253/2253 2252/2252/2252 2254/2254/2254 
f 2255/2255/2255 2256/2256/2256 2257/2257/2257 
f 2257/2257/2257 2256/2256/2256 2258/2258/2258 
f 2259/2259/2259 2260/2260/2260 2261/2261/2261 
f 2261/2261/2261 2260/2260/2260 2262/2262/2262 
f 2263/2263/2263 2264/2264/2264 2265/2265/2265 
f 2265/2265/2265 2264/2264/2264 2266/2266/2266 

g Height89

v -169 12.6 495 
v -182 12.6 495 
v -169 0.199999 495 
v -182 0.199999 495 
v -182 12.6 458 
v -182 12.6 495 
v -169 12.6 458 
v -169 12.6 495 
v -182 12.6 495 
v -182 12.6 458 
v -182 0.199999 495 
v -182 0.199999 458 
v -182 12.6 458 
v -169 12.6 458 
v -182 0.199999 458 
v -169 0.199999 458 
v -169 0.199999 458 
v -169 0.199999 495 
v -182 0.199999 458 
v -182 0.199999 495 
v -169 12.6 458 
v -169 12.6 495 
v -169 0.199999 458 
v -169 0.199999 495 

vn 0 0 1 
vn 0 0 1 
vn 0 0 1 
vn 0 0 1 
vn 0 1 0 
vn 0 1 0 
vn 0 1 0 
vn 0 1 0 
vn -1 0 0 
vn -1 0 0 
vn -1 0 0 
vn -1 0 0 
vn 0 0 -1 
vn 0 0 -1 
vn 0 0 -1 
vn 0 0 -1 
vn 0 -1 0 
vn 0 -1 0 
vn 0 -1 0 
vn 0 -1 0 
vn 1 0 0 
vn 1 0 0 
vn 1 0 0 
vn 1 0 0 

vt 5.625 1 
vt 4 1 
vt 5.625 -0.55 
vt 4 -0.55 
vt 8.625 1 
vt 4 1 
vt 8.625 -0.625 
vt 4 -0.625 
vt 8.625 1 
vt 4 1 
vt 8.625 -0.55 
vt 4 -0.55 
vt 5.625 1 
vt 4 1 
vt 5.625 -0.55 
vt 4 -0.55 
vt 8.625 1 
vt 4 1 
vt 8.625 -0.625 
vt 4 -0.625 
vt 8.625 1 
vt 4 1 
vt 8.625 -0.55 
vt 4 -0.55 

usemtl Height2Mtl

f 2267/2267/2267 2268/2268/2268 2269/2269/2269 
f 2269/2269/2269 2268/2268/2268 2270/2270/2270 
f 2271/2271/2271 2272/2272/2272 2273/2273/2273 
f 2273/2273/2273 2272/2272/2272 2274/2274/2274 
f 2275/2275/2275 2276/2276/2276 2277/2277/2277 
f 2277/2277/2277 2276/2276/2276 2278/2278/2278 
f 2279/2279/2279 2280/2280/2280 2281/2281/2281 
f 2281/2281/2281 2280/2280/2280 2282/2282/2282 
f 2283/2283/2283 2284/2284/2284 2285/2285/2285 
f 2285/2285/2285 2284/2284/2284 2286/2286/2286 
f 2287/2287/2287 2288/2288/2288 2289/2289/2289 
f 2289/2289/2289 2288/2288/2288 2290/2290/2290 

g Height90

v -273.2 12.4 458 
v -273 12.4 458 
v -273.2 0.199999 458 
v -273 0.199999 458 
v -273 12.4 495 
v -273 12.4 458 
v -273.2 12.4 495 
v -273.2 12.4 458 
v -273 12.4 458 
v -273 12.4 495 
v -273 0.199999 458 
v -273 0.199999 495 
v -273 12.4 495 
v -273.2 12.4 495 
v -273 0.199999 495 
v -273.2 0.199999 495 
v -273.2 0.199999 495 
v -273.2 0.199999 458 
v -273 0.199999 495 
v -273 0.199999 458 
v -273.2 12.4 495 
v -273.2 12.4 458 
v -273.2 0.199999 495 
v -273.2 0.199999 458 

vn 0 0 -1 
vn 0 0 -1 
vn 0 0 -1 
vn 0 0 -1 
vn 0 1 0 
vn 0 1 0 
vn 0 1 0 
vn 0 1 0 
vn 1 0 0 
vn 1 0 0 
vn 1 0 0 
vn 1 0 0 
vn 0 0 1 
vn 0 0 1 
vn 0 0 1 
vn 0 0 1 
vn 0 -1 0 
vn 0 -1 0 
vn 0 -1 0 
vn 0 -1 0 
vn -1 0 0 
vn -1 0 0 
vn -1 0 0 
vn -1 0 0 

vt 6.275 -3.75 
vt 6.25 -3.75 
vt 6.275 -5.275 
vt 6.25 -5.275 
vt 10.875 -3.75 
vt 6.25 -3.75 
vt 10.875 -3.775 
vt 6.25 -3.775 
vt 10.875 -3.75 
vt 6.25 -3.75 
vt 10.875 -5.275 
vt 6.25 -5.275 
vt 6.275 -3.75 
vt 6.25 -3.75 
vt 6.275 -5.275 
vt 6.25 -5.275 
vt 10.875 -3.75 
vt 6.25 -3.75 
vt 10.875 -3.775 
vt 6.25 -3.775 
vt 10.875 -3.75 
vt 6.25 -3.75 
vt 10.875 -5.275 
vt 6.25 -5.275 

usemtl Height2Mtl

f 2291/2291/2291 2292/2292/2292 2293/2293/2293 
f 2293/2293/2293 2292/2292/2292 2294/2294/2294 
f 2295/2295/2295 2296/2296/2296 2297/2297/2297 
f 2297/2297/2297 2296/2296/2296 2298/2298/2298 
f 2299/2299/2299 2300/2300/2300 2301/2301/2301 
f 2301/2301/2301 2300/2300/2300 2302/2302/2302 
f 2303/2303/2303 2304/2304/2304 2305/2305/2305 
f 2305/2305/2305 2304/2304/2304 2306/2306/2306 
f 2307/2307/2307 2308/2308/2308 2309/2309/2309 
f 2309/2309/2309 2308/2308/2308 2310/2310/2310 
f 2311/2311/2311 2312/2312/2312 2313/2313/2313 
f 2313/2313/2313 2312/2312/2312 2314/2314/2314 

g Height91

v -79 0.399999 482 
v -79 0.399999 495 
v -79 0.199999 482 
v -79 0.199999 495 
v -116 0.399999 495 
v -79 0.399999 495 
v -116 0.399999 482 
v -79 0.399999 482 
v -79 0.399999 495 
v -116 0.399999 495 
v -79 0.199999 495 
v -116 0.199999 495 
v -116 0.399999 495 
v -116 0.399999 482 
v -116 0.199999 495 
v -116 0.199999 482 
v -116 0.199999 482 
v -79 0.199999 482 
v -116 0.199999 495 
v -79 0.199999 495 
v -116 0.399999 482 
v -79 0.399999 482 
v -116 0.199999 482 
v -79 0.199999 482 

vn 1 0 0 
vn 1 0 0 
vn 1 0 0 
vn 1 0 0 
vn 0 1 0 
vn 0 1 0 
vn 0 1 0 
vn 0 1 0 
vn 0 0 1 
vn 0 0 1 
vn 0 0 1 
vn 0 0 1 
vn -1 0 0 
vn -1 0 0 
vn -1 0 0 
vn -1 0 0 
vn 0 -1 0 
vn 0 -1 0 
vn 0 -1 0 
vn 0 -1 0 
vn 0 0 -1 
vn 0 0 -1 
vn 0 0 -1 
vn 0 0 -1 

vt 4.875 0.75 
vt 3.25 0.75 
vt 4.875 0.725 
vt 3.25 0.725 
vt 7.875 0.75 
vt 3.25 0.75 
vt 7.875 -0.875 
vt 3.25 -0.875 
vt 7.875 0.75 
vt 3.25 0.75 
vt 7.875 0.725 
vt 3.25 0.725 
vt 4.875 0.75 
vt 3.25 0.75 
vt 4.875 0.725 
vt 3.25 0.725 
vt 7.875 0.75 
vt 3.25 0.75 
vt 7.875 -0.875 
vt 3.25 -0.875 
vt 7.875 0.75 
vt 3.25 0.75 
vt 7.875 0.725 
vt 3.25 0.725 

usemtl Height11Mtl

f 2315/2315/2315 2316/2316/2316 2317/2317/2317 
f 2317/2317/2317 2316/2316/2316 2318/2318/2318 
f 2319/2319/2319 2320/2320/2320 2321/2321/2321 
f 2321/2321/2321 2320/2320/2320 2322/2322/2322 
f 2323/2323/2323 2324/2324/2324 2325/2325/2325 
f 2325/2325/2325 2324/2324/2324 2326/2326/2326 
f 2327/2327/2327 2328/2328/2328 2329/2329/2329 
f 2329/2329/2329 2328/2328/2328 2330/2330/2330 
f 2331/2331/2331 2332/2332/2332 2333/2333/2333 
f 2333/2333/2333 2332/2332/2332 2334/2334/2334 
f 2335/2335/2335 2336/2336/2336 2337/2337/2337 
f 2337/2337/2337 2336/2336/2336 2338/2338/2338 

g Height92

v -79 12.6 481.8 
v -79 12.6 483 
v -79 0.399999 481.8 
v -79 0.399999 483 
v -116 12.6 483 
v -79 12.6 483 
v -116 12.6 481.8 
v -79 12.6 481.8 
v -79 12.6 483 
v -116 12.6 483 
v -79 0.399999 483 
v -116 0.399999 483 
v -116 12.6 483 
v -116 12.6 481.8 
v -116 0.399999 483 
v -116 0.399999 481.8 
v -116 0.399999 481.8 
v -79 0.399999 481.8 
v -116 0.399999 483 
v -79 0.399999 483 
v -116 12.6 481.8 
v -79 12.6 481.8 
v -116 0.399999 481.8 
v -79 0.399999 481.8 

vn 1 0 0 
vn 1 0 0 
vn 1 0 0 
vn 1 0 0 
vn 0 1 0 
vn 0 1 0 
vn 0 1 0 
vn 0 1 0 
vn 0 0 1 
vn 0 0 1 
vn 0 0 1 
vn 0 0 1 
vn -1 0 0 
vn -1 0 0 
vn -1 0 0 
vn -1 0 0 
vn 0 -1 0 
vn 0 -1 0 
vn 0 -1 0 
vn 0 -1 0 
vn 0 0 -1 
vn 0 0 -1 
vn 0 0 -1 
vn 0 0 -1 

vt 1.9 1 
vt 1.75 1 
vt 1.9 -0.525 
vt 1.75 -0.525 
vt 6.375 1 
vt 1.75 1 
vt 6.375 0.85 
vt 1.75 0.85 
vt 6.375 1 
vt 1.75 1 
vt 6.375 -0.525 
vt 1.75 -0.525 
vt 1.9 1 
vt 1.75 1 
vt 1.9 -0.525 
vt 1.75 -0.525 
vt 6.375 1 
vt 1.75 1 
vt 6.375 0.85 
vt 1.75 0.85 
vt 6.375 1 
vt 1.75 1 
vt 6.375 -0.525 
vt 1.75 -0.525 

usemtl Height11Mtl

f 2339/2339/2339 2340/2340/2340 2341/2341/2341 
f 2341/2341/2341 2340/2340/2340 2342/2342/2342 
f 2343/2343/2343 2344/2344/2344 2345/2345/2345 
f 2345/2345/2345 2344/2344/2344 2346/2346/2346 
f 2347/2347/2347 2348/2348/2348 2349/2349/2349 
f 2349/2349/2349 2348/2348/2348 2350/2350/2350 
f 2351/2351/2351 2352/2352/2352 2353/2353/2353 
f 2353/2353/2353 2352/2352/2352 2354/2354/2354 
f 2355/2355/2355 2356/2356/2356 2357/2357/2357 
f 2357/2357/2357 2356/2356/2356 2358/2358/2358 
f 2359/2359/2359 2360/2360/2360 2361/2361/2361 
f 2361/2361/2361 2360/2360/2360 2362/2362/2362 

g Height93

v -116 12.6 481.795 
v -79 12.6 481.795 
v -116 0.399999 481.795 
v -79 0.399999 481.795 

vn 0 0 -1 
vn 0 0 -1 
vn 0 0 -1 
vn 0 0 -1 

vt 1 1 
vt 0 1 
vt 1 0 
vt 0 0 

usemtl Height5Mtl

f 2363/2363/2363 2364/2364/2364 2365/2365/2365 
f 2365/2365/2365 2364/2364/2364 2366/2366/2366 

g Height94

v -79 12.8 482 
v -79 12.8 495 
v -79 12.6 482 
v -79 12.6 495 
v -116 12.8 495 
v -79 12.8 495 
v -116 12.8 482 
v -79 12.8 482 
v -79 12.8 495 
v -116 12.8 495 
v -79 12.6 495 
v -116 12.6 495 
v -116 12.8 495 
v -116 12.8 482 
v -116 12.6 495 
v -116 12.6 482 
v -116 12.6 482 
v -79 12.6 482 
v -116 12.6 495 
v -79 12.6 495 
v -116 12.8 482 
v -79 12.8 482 
v -116 12.6 482 
v -79 12.6 482 

vn 1 0 0 
vn 1 0 0 
vn 1 0 0 
vn 1 0 0 
vn 0 1 0 
vn 0 1 0 
vn 0 1 0 
vn 0 1 0 
vn 0 0 1 
vn 0 0 1 
vn 0 0 1 
vn 0 0 1 
vn -1 0 0 
vn -1 0 0 
vn -1 0 0 
vn -1 0 0 
vn 0 -1 0 
vn 0 -1 0 
vn 0 -1 0 
vn 0 -1 0 
vn 0 0 -1 
vn 0 0 -1 
vn 0 0 -1 
vn 0 0 -1 

vt 7.375 -1.75 
vt 5.75 -1.75 
vt 7.375 -1.775 
vt 5.75 -1.775 
vt 10.375 -1.75 
vt 5.75 -1.75 
vt 10.375 -3.375 
vt 5.75 -3.375 
vt 10.375 -1.75 
vt 5.75 -1.75 
vt 10.375 -1.775 
vt 5.75 -1.775 
vt 7.375 -1.75 
vt 5.75 -1.75 
vt 7.375 -1.775 
vt 5.75 -1.775 
vt 10.375 -1.75 
vt 5.75 -1.75 
vt 10.375 -3.375 
vt 5.75 -3.375 
vt 10.375 -1.75 
vt 5.75 -1.75 
vt 10.375 -1.775 
vt 5.75 -1.775 

usemtl Height11Mtl

f 2367/2367/2367 2368/2368/2368 2369/2369/2369 
f 2369/2369/2369 2368/2368/2368 2370/2370/2370 
f 2371/2371/2371 2372/2372/2372 2373/2373/2373 
f 2373/2373/2373 2372/2372/2372 2374/2374/2374 
f 2375/2375/2375 2376/2376/2376 2377/2377/2377 
f 2377/2377/2377 2376/2376/2376 2378/2378/2378 
f 2379/2379/2379 2380/2380/2380 2381/2381/2381 
f 2381/2381/2381 2380/2380/2380 2382/2382/2382 
f 2383/2383/2383 2384/2384/2384 2385/2385/2385 
f 2385/2385/2385 2384/2384/2384 2386/2386/2386 
f 2387/2387/2387 2388/2388/2388 2389/2389/2389 
f 2389/2389/2389 2388/2388/2388 2390/2390/2390 

g Height95

v -79 12.6 493.8 
v -79 12.6 495 
v -79 0.399999 493.8 
v -79 0.399999 495 
v -116 12.6 495 
v -79 12.6 495 
v -116 12.6 493.8 
v -79 12.6 493.8 
v -79 12.6 495 
v -116 12.6 495 
v -79 0.399999 495 
v -116 0.399999 495 
v -116 12.6 495 
v -116 12.6 493.8 
v -116 0.399999 495 
v -116 0.399999 493.8 
v -116 0.399999 493.8 
v -79 0.399999 493.8 
v -116 0.399999 495 
v -79 0.399999 495 
v -116 12.6 493.8 
v -79 12.6 493.8 
v -116 0.399999 493.8 
v -79 0.399999 493.8 

vn 1 0 0 
vn 1 0 0 
vn 1 0 0 
vn 1 0 0 
vn 0 1 0 
vn 0 1 0 
vn 0 1 0 
vn 0 1 0 
vn 0 0 1 
vn 0 0 1 
vn 0 0 1 
vn 0 0 1 
vn -1 0 0 
vn -1 0 0 
vn -1 0 0 
vn -1 0 0 
vn 0 -1 0 
vn 0 -1 0 
vn 0 -1 0 
vn 0 -1 0 
vn 0 0 -1 
vn 0 0 -1 
vn 0 0 -1 
vn 0 0 -1 

vt 3.15 -6 
vt 3 -6 
vt 3.15 -7.525 
vt 3 -7.525 
vt 7.625 -6 
vt 3 -6 
vt 7.625 -6.15 
vt 3 -6.15 
vt 7.625 -6 
vt 3 -6 
vt 7.625 -7.525 
vt 3 -7.525 
vt 3.15 -6 
vt 3 -6 
vt 3.15 -7.525 
vt 3 -7.525 
vt 7.625 -6 
vt 3 -6 
vt 7.625 -6.15 
vt 3 -6.15 
vt 7.625 -6 
vt 3 -6 
vt 7.625 -7.525 
vt 3 -7.525 

usemtl Height11Mtl

f 2391/2391/2391 2392/2392/2392 2393/2393/2393 
f 2393/2393/2393 2392/2392/2392 2394/2394/2394 
f 2395/2395/2395 2396/2396/2396 2397/2397/2397 
f 2397/2397/2397 2396/2396/2396 2398/2398/2398 
f 2399/2399/2399 2400/2400/2400 2401/2401/2401 
f 2401/2401/2401 2400/2400/2400 2402/2402/2402 
f 2403/2403/2403 2404/2404/2404 2405/2405/2405 
f 2405/2405/2405 2404/2404/2404 2406/2406/2406 
f 2407/2407/2407 2408/2408/2408 2409/2409/2409 
f 2409/2409/2409 2408/2408/2408 2410/2410/2410 
f 2411/2411/2411 2412/2412/2412 2413/2413/2413 
f 2413/2413/2413 2412/2412/2412 2414/2414/2414 

g Truss1

v -242 12.2 392 
v -241.75 12.2 392 
v -242 0.199999 392 
v -241.75 0.199999 392 
v -242 12.2 392.25 
v -242 12.2 392 
v -242 0.199999 392.25 
v -242 0.199999 392 
v -241.75 12.2 392 
v -241.75 12.2 392.25 
v -241.75 0.199999 392 
v -241.75 0.199999 392.25 
v -241.75 12.2 392.25 
v -242 12.2 392.25 
v -241.75 0.199999 392.25 
v -242 0.199999 392.25 
v -241.75 0.449999 392 
v -240.25 0.449999 392 
v -241.75 0.199999 392 
v -240.25 0.199999 392 
v -240.25 0.449999 392.25 
v -241.75 0.449999 392.25 
v -240.25 0.199999 392.25 
v -241.75 0.199999 392.25 
v -240.25 0.199999 392.25 
v -242 0.199999 392.25 
v -240.25 0.199999 392 
v -242 0.199999 392 
v -241.75 0.449999 392.25 
v -240.25 0.449999 392.25 
v -241.75 0.449999 392 
v -240.25 0.449999 392 
v -241.75 2.45 392 
v -240.25 2.45 392 
v -241.75 1.95 392 
v -240.25 1.95 392 
v -240.25 2.45 392.25 
v -241.75 2.45 392.25 
v -240.25 1.95 392.25 
v -241.75 1.95 392.25 
v -240.25 1.95 392.25 
v -241.75 1.95 392.25 
v -240.25 1.95 392 
v -241.75 1.95 392 
v -241.75 2.45 392.25 
v -240.25 2.45 392.25 
v -241.75 2.45 392 
v -240.25 2.45 392 
v -241.75 4.45 392 
v -240.25 4.45 392 
v -241.75 3.95 392 
v -240.25 3.95 392 
v -240.25 4.45 392.25 
v -241.75 4.45 392.25 
v -240.25 3.95 392.25 
v -241.75 3.95 392.25 
v -240.25 3.95 392.25 
v -241.75 3.95 392.25 
v -240.25 3.95 392 
v -241.75 3.95 392 
v -241.75 4.45 392.25 
v -240.25 4.45 392.25 
v -241.75 4.45 392 
v -240.25 4.45 392 
v -241.75 6.45 392 
v -240.25 6.45 392 
v -241.75 5.95 392 
v -240.25 5.95 392 
v -240.25 6.45 392.25 
v -241.75 6.45 392.25 
v -240.25 5.95 392.25 
v -241.75 5.95 392.25 
v -240.25 5.95 392.25 
v -241.75 5.95 392.25 
v -240.25 5.95 392 
v -241.75 5.95 392 
v -241.75 6.45 392.25 
v -240.25 6.45 392.25 
v -241.75 6.45 392 
v -240.25 6.45 392 
v -241.75 8.45 392 
v -240.25 8.45 392 
v -241.75 7.95 392 
v -240.25 7.95 392 
v -240.25 8.45 392.25 
v -241.75 8.45 392.25 
v -240.25 7.95 392.25 
v -241.75 7.95 392.25 
v -240.25 7.95 392.25 
v -241.75 7.95 392.25 
v -240.25 7.95 392 
v -241.75 7.95 392 
v -241.75 8.45 392.25 
v -240.25 8.45 392.25 
v -241.75 8.45 392 
v -240.25 8.45 392 
v -241.75 10.45 392 
v -240.25 10.45 392 
v -241.75 9.95 392 
v -240.25 9.95 392 
v -240.25 10.45 392.25 
v -241.75 10.45 392.25 
v -240.25 9.95 392.25 
v -241.75 9.95 392.25 
v -240.25 9.95 392.25 
v -241.75 9.95 392.25 
v -240.25 9.95 392 
v -241.75 9.95 392 
v -241.75 10.45 392.25 
v -240.25 10.45 392.25 
v -241.75 10.45 392 
v -240.25 10.45 392 
v -241.75 12.2 392 
v -240.25 12.2 392 
v -241.75 11.95 392 
v -240.25 11.95 392 
v -240.25 12.2 392.25 
v -241.75 12.2 392.25 
v -240.25 11.95 392.25 
v -241.75 11.95 392.25 
v -240.25 11.95 392.25 
v -241.75 11.95 392.25 
v -240.25 11.95 392 
v -241.75 11.95 392 
v -242 12.2 392.25 
v -240.25 12.2 392.25 
v -242 12.2 392 
v -240.25 12.2 392 
v -240.213 2.16338 392.062 
v -240.037 1.98661 392.062 
v -241.963 0.413387 392.062 
v -241.787 0.236611 392.062 
v -240.037 1.98661 392.188 
v -240.213 2.16338 392.188 
v -241.787 0.236611 392.188 
v -241.963 0.413387 392.188 
v -240.037 1.98661 392.062 
v -240.037 1.98661 392.188 
v -241.787 0.236611 392.062 
v -241.787 0.236611 392.188 
v -240.213 2.16338 392.188 
v -240.213 2.16338 392.062 
v -241.963 0.413387 392.188 
v -241.963 0.413387 392.062 
v -240.037 2.41339 392.062 
v -240.213 2.23661 392.062 
v -241.787 4.16339 392.062 
v -241.963 3.98661 392.062 
v -240.213 2.23661 392.188 
v -240.037 2.41339 392.188 
v -241.963 3.98661 392.188 
v -241.787 4.16339 392.188 
v -240.213 2.23661 392.062 
v -240.213 2.23661 392.188 
v -241.963 3.98661 392.062 
v -241.963 3.98661 392.188 
v -240.037 2.41339 392.188 
v -240.037 2.41339 392.062 
v -241.787 4.16339 392.188 
v -241.787 4.16339 392.062 
v -240.213 6.16339 392.062 
v -240.037 5.98661 392.062 
v -241.963 4.41339 392.062 
v -241.787 4.23661 392.062 
v -240.037 5.98661 392.188 
v -240.213 6.16339 392.188 
v -241.787 4.23661 392.188 
v -241.963 4.41339 392.188 
v -240.037 5.98661 392.062 
v -240.037 5.98661 392.188 
v -241.787 4.23661 392.062 
v -241.787 4.23661 392.188 
v -240.213 6.16339 392.188 
v -240.213 6.16339 392.062 
v -241.963 4.41339 392.188 
v -241.963 4.41339 392.062 
v -240.037 6.41339 392.062 
v -240.213 6.23661 392.062 
v -241.787 8.16339 392.062 
v -241.963 7.98661 392.062 
v -240.213 6.23661 392.188 
v -240.037 6.41339 392.188 
v -241.963 7.98661 392.188 
v -241.787 8.16339 392.188 
v -240.213 6.23661 392.062 
v -240.213 6.23661 392.188 
v -241.963 7.98661 392.062 
v -241.963 7.98661 392.188 
v -240.037 6.41339 392.188 
v -240.037 6.41339 392.062 
v -241.787 8.16339 392.188 
v -241.787 8.16339 392.062 
v -240.213 10.1634 392.062 
v -240.037 9.98661 392.062 
v -241.963 8.41339 392.062 
v -241.787 8.23661 392.062 
v -240.037 9.98661 392.188 
v -240.213 10.1634 392.188 
v -241.787 8.23661 392.188 
v -241.963 8.41339 392.188 
v -240.037 9.98661 392.062 
v -240.037 9.98661 392.188 
v -241.787 8.23661 392.062 
v -241.787 8.23661 392.188 
v -240.213 10.1634 392.188 
v -240.213 10.1634 392.062 
v -241.963 8.41339 392.188 
v -241.963 8.41339 392.062 
v -240.037 10.4134 392.062 
v -240.213 10.2366 392.062 
v -241.787 12.1634 392.062 
v -241.963 11.9866 392.062 
v -240.213 10.2366 392.188 
v -240.037 10.4134 392.188 
v -241.963 11.9866 392.188 
v -241.787 12.1634 392.188 
v -240.213 10.2366 392.062 
v -240.213 10.2366 392.188 
v -241.963 11.9866 392.062 
v -241.963 11.9866 392.188 
v -240.037 10.4134 392.188 
v -240.037 10.4134 392.062 
v -241.787 12.1634 392.188 
v -241.787 12.1634 392.062 
v -242 12.2 394 
v -242 12.2 393.75 
v -242 0.199999 394 
v -242 0.199999 393.75 
v -241.75 12.2 394 
v -242 12.2 394 
v -241.75 0.199999 394 
v -242 0.199999 394 
v -242 12.2 393.75 
v -241.75 12.2 393.75 
v -242 0.199999 393.75 
v -241.75 0.199999 393.75 
v -241.75 12.2 393.75 
v -241.75 12.2 394 
v -241.75 0.199999 393.75 
v -241.75 0.199999 394 
v -242 0.449999 393.75 
v -242 0.449999 392.25 
v -242 0.199999 393.75 
v -242 0.199999 392.25 
v -241.75 0.449999 392.25 
v -241.75 0.449999 393.75 
v -241.75 0.199999 392.25 
v -241.75 0.199999 393.75 
v -241.75 0.199999 392.25 
v -241.75 0.199999 394 
v -242 0.199999 392.25 
v -242 0.199999 394 
v -241.75 0.449999 393.75 
v -241.75 0.449999 392.25 
v -242 0.449999 393.75 
v -242 0.449999 392.25 
v -242 2.45 393.75 
v -242 2.45 392.25 
v -242 1.95 393.75 
v -242 1.95 392.25 
v -241.75 2.45 392.25 
v -241.75 2.45 393.75 
v -241.75 1.95 392.25 
v -241.75 1.95 393.75 
v -241.75 1.95 392.25 
v -241.75 1.95 393.75 
v -242 1.95 392.25 
v -242 1.95 393.75 
v -241.75 2.45 393.75 
v -241.75 2.45 392.25 
v -242 2.45 393.75 
v -242 2.45 392.25 
v -242 4.45 393.75 
v -242 4.45 392.25 
v -242 3.95 393.75 
v -242 3.95 392.25 
v -241.75 4.45 392.25 
v -241.75 4.45 393.75 
v -241.75 3.95 392.25 
v -241.75 3.95 393.75 
v -241.75 3.95 392.25 
v -241.75 3.95 393.75 
v -242 3.95 392.25 
v -242 3.95 393.75 
v -241.75 4.45 393.75 
v -241.75 4.45 392.25 
v -242 4.45 393.75 
v -242 4.45 392.25 
v -242 6.45 393.75 
v -242 6.45 392.25 
v -242 5.95 393.75 
v -242 5.95 392.25 
v -241.75 6.45 392.25 
v -241.75 6.45 393.75 
v -241.75 5.95 392.25 
v -241.75 5.95 393.75 
v -241.75 5.95 392.25 
v -241.75 5.95 393.75 
v -242 5.95 392.25 
v -242 5.95 393.75 
v -241.75 6.45 393.75 
v -241.75 6.45 392.25 
v -242 6.45 393.75 
v -242 6.45 392.25 
v -242 8.45 393.75 
v -242 8.45 392.25 
v -242 7.95 393.75 
v -242 7.95 392.25 
v -241.75 8.45 392.25 
v -241.75 8.45 393.75 
v -241.75 7.95 392.25 
v -241.75 7.95 393.75 
v -241.75 7.95 392.25 
v -241.75 7.95 393.75 
v -242 7.95 392.25 
v -242 7.95 393.75 
v -241.75 8.45 393.75 
v -241.75 8.45 392.25 
v -242 8.45 393.75 
v -242 8.45 392.25 
v -242 10.45 393.75 
v -242 10.45 392.25 
v -242 9.95 393.75 
v -242 9.95 392.25 
v -241.75 10.45 392.25 
v -241.75 10.45 393.75 
v -241.75 9.95 392.25 
v -241.75 9.95 393.75 
v -241.75 9.95 392.25 
v -241.75 9.95 393.75 
v -242 9.95 392.25 
v -242 9.95 393.75 
v -241.75 10.45 393.75 
v -241.75 10.45 392.25 
v -242 10.45 393.75 
v -242 10.45 392.25 
v -242 12.2 393.75 
v -242 12.2 392.25 
v -242 11.95 393.75 
v -242 11.95 392.25 
v -241.75 12.2 392.25 
v -241.75 12.2 393.75 
v -241.75 11.95 392.25 
v -241.75 11.95 393.75 
v -241.75 11.95 392.25 
v -241.75 11.95 393.75 
v -242 11.95 392.25 
v -242 11.95 393.75 
v -241.75 12.2 394 
v -241.75 12.2 392.25 
v -242 12.2 394 
v -242 12.2 392.25 
v -241.938 2.16338 392.213 
v -241.938 1.98661 392.037 
v -241.938 0.413387 393.963 
v -241.938 0.236611 393.787 
v -241.812 1.98661 392.037 
v -241.812 2.16338 392.213 
v -241.812 0.236611 393.787 
v -241.812 0.413387 393.963 
v -241.938 1.98661 392.037 
v -241.812 1.98661 392.037 
v -241.938 0.236611 393.787 
v -241.812 0.236611 393.787 
v -241.812 2.16338 392.213 
v -241.938 2.16338 392.213 
v -241.812 0.413387 393.963 
v -241.938 0.413387 393.963 
v -241.938 2.41339 392.037 
v -241.938 2.23661 392.213 
v -241.938 4.16339 393.787 
v -241.938 3.98661 393.963 
v -241.812 2.23661 392.213 
v -241.812 2.41339 392.037 
v -241.812 3.98661 393.963 
v -241.812 4.16339 393.787 
v -241.938 2.23661 392.213 
v -241.812 2.23661 392.213 
v -241.938 3.98661 393.963 
v -241.812 3.98661 393.963 
v -241.812 2.41339 392.037 
v -241.938 2.41339 392.037 
v -241.812 4.16339 393.787 
v -241.938 4.16339 393.787 
v -241.938 6.16339 392.213 
v -241.938 5.98661 392.037 
v -241.938 4.41339 393.963 
v -241.938 4.23661 393.787 
v -241.812 5.98661 392.037 
v -241.812 6.16339 392.213 
v -241.812 4.23661 393.787 
v -241.812 4.41339 393.963 
v -241.938 5.98661 392.037 
v -241.812 5.98661 392.037 
v -241.938 4.23661 393.787 
v -241.812 4.23661 393.787 
v -241.812 6.16339 392.213 
v -241.938 6.16339 392.213 
v -241.812 4.41339 393.963 
v -241.938 4.41339 393.963 
v -241.938 6.41339 392.037 
v -241.938 6.23661 392.213 
v -241.938 8.16339 393.787 
v -241.938 7.98661 393.963 
v -241.812 6.23661 392.213 
v -241.812 6.41339 392.037 
v -241.812 7.98661 393.963 
v -241.812 8.16339 393.787 
v -241.938 6.23661 392.213 
v -241.812 6.23661 392.213 
v -241.938 7.98661 393.963 
v -241.812 7.98661 393.963 
v -241.812 6.41339 392.037 
v -241.938 6.41339 392.037 
v -241.812 8.16339 393.787 
v -241.938 8.16339 393.787 
v -241.938 10.1634 392.213 
v -241.938 9.98661 392.037 
v -241.938 8.41339 393.963 
v -241.938 8.23661 393.787 
v -241.812 9.98661 392.037 
v -241.812 10.1634 392.213 
v -241.812 8.23661 393.787 
v -241.812 8.41339 393.963 
v -241.938 9.98661 392.037 
v -241.812 9.98661 392.037 
v -241.938 8.23661 393.787 
v -241.812 8.23661 393.787 
v -241.812 10.1634 392.213 
v -241.938 10.1634 392.213 
v -241.812 8.41339 393.963 
v -241.938 8.41339 393.963 
v -241.938 10.4134 392.037 
v -241.938 10.2366 392.213 
v -241.938 12.1634 393.787 
v -241.938 11.9866 393.963 
v -241.812 10.2366 392.213 
v -241.812 10.4134 392.037 
v -241.812 11.9866 393.963 
v -241.812 12.1634 393.787 
v -241.938 10.2366 392.213 
v -241.812 10.2366 392.213 
v -241.938 11.9866 393.963 
v -241.812 11.9866 393.963 
v -241.812 10.4134 392.037 
v -241.938 10.4134 392.037 
v -241.812 12.1634 393.787 
v -241.938 12.1634 393.787 
v -240 12.2 394 
v -240.25 12.2 394 
v -240 0.199999 394 
v -240.25 0.199999 394 
v -240 12.2 393.75 
v -240 12.2 394 
v -240 0.199999 393.75 
v -240 0.199999 394 
v -240.25 12.2 394 
v -240.25 12.2 393.75 
v -240.25 0.199999 394 
v -240.25 0.199999 393.75 
v -240.25 12.2 393.75 
v -240 12.2 393.75 
v -240.25 0.199999 393.75 
v -240 0.199999 393.75 
v -240.25 0.449999 394 
v -241.75 0.449999 394 
v -240.25 0.199999 394 
v -241.75 0.199999 394 
v -241.75 0.449999 393.75 
v -240.25 0.449999 393.75 
v -241.75 0.199999 393.75 
v -240.25 0.199999 393.75 
v -241.75 0.199999 393.75 
v -240 0.199999 393.75 
v -241.75 0.199999 394 
v -240 0.199999 394 
v -240.25 0.449999 393.75 
v -241.75 0.449999 393.75 
v -240.25 0.449999 394 
v -241.75 0.449999 394 
v -240.25 2.45 394 
v -241.75 2.45 394 
v -240.25 1.95 394 
v -241.75 1.95 394 
v -241.75 2.45 393.75 
v -240.25 2.45 393.75 
v -241.75 1.95 393.75 
v -240.25 1.95 393.75 
v -241.75 1.95 393.75 
v -240.25 1.95 393.75 
v -241.75 1.95 394 
v -240.25 1.95 394 
v -240.25 2.45 393.75 
v -241.75 2.45 393.75 
v -240.25 2.45 394 
v -241.75 2.45 394 
v -240.25 4.45 394 
v -241.75 4.45 394 
v -240.25 3.95 394 
v -241.75 3.95 394 
v -241.75 4.45 393.75 
v -240.25 4.45 393.75 
v -241.75 3.95 393.75 
v -240.25 3.95 393.75 
v -241.75 3.95 393.75 
v -240.25 3.95 393.75 
v -241.75 3.95 394 
v -240.25 3.95 394 
v -240.25 4.45 393.75 
v -241.75 4.45 393.75 
v -240.25 4.45 394 
v -241.75 4.45 394 
v -240.25 6.45 394 
v -241.75 6.45 394 
v -240.25 5.95 394 
v -241.75 5.95 394 
v -241.75 6.45 393.75 
v -240.25 6.45 393.75 
v -241.75 5.95 393.75 
v -240.25 5.95 393.75 
v -241.75 5.95 393.75 
v -240.25 5.95 393.75 
v -241.75 5.95 394 
v -240.25 5.95 394 
v -240.25 6.45 393.75 
v -241.75 6.45 393.75 
v -240.25 6.45 394 
v -241.75 6.45 394 
v -240.25 8.45 394 
v -241.75 8.45 394 
v -240.25 7.95 394 
v -241.75 7.95 394 
v -241.75 8.45 393.75 
v -240.25 8.45 393.75 
v -241.75 7.95 393.75 
v -240.25 7.95 393.75 
v -241.75 7.95 393.75 
v -240.25 7.95 393.75 
v -241.75 7.95 394 
v -240.25 7.95 394 
v -240.25 8.45 393.75 
v -241.75 8.45 393.75 
v -240.25 8.45 394 
v -241.75 8.45 394 
v -240.25 10.45 394 
v -241.75 10.45 394 
v -240.25 9.95 394 
v -241.75 9.95 394 
v -241.75 10.45 393.75 
v -240.25 10.45 393.75 
v -241.75 9.95 393.75 
v -240.25 9.95 393.75 
v -241.75 9.95 393.75 
v -240.25 9.95 393.75 
v -241.75 9.95 394 
v -240.25 9.95 394 
v -240.25 10.45 393.75 
v -241.75 10.45 393.75 
v -240.25 10.45 394 
v -241.75 10.45 394 
v -240.25 12.2 394 
v -241.75 12.2 394 
v -240.25 11.95 394 
v -241.75 11.95 394 
v -241.75 12.2 393.75 
v -240.25 12.2 393.75 
v -241.75 11.95 393.75 
v -240.25 11.95 393.75 
v -241.75 11.95 393.75 
v -240.25 11.95 393.75 
v -241.75 11.95 394 
v -240.25 11.95 394 
v -240 12.2 393.75 
v -241.75 12.2 393.75 
v -240 12.2 394 
v -241.75 12.2 394 
v -241.787 2.16338 393.938 
v -241.963 1.98661 393.938 
v -240.037 0.413387 393.938 
v -240.213 0.236611 393.938 
v -241.963 1.98661 393.812 
v -241.787 2.16338 393.812 
v -240.213 0.236611 393.812 
v -240.037 0.413387 393.812 
v -241.963 1.98661 393.938 
v -241.963 1.98661 393.812 
v -240.213 0.236611 393.938 
v -240.213 0.236611 393.812 
v -241.787 2.16338 393.812 
v -241.787 2.16338 393.938 
v -240.037 0.413387 393.812 
v -240.037 0.413387 393.938 
v -241.963 2.41339 393.938 
v -241.787 2.23661 393.938 
v -240.213 4.16339 393.938 
v -240.037 3.98661 393.938 
v -241.787 2.23661 393.812 
v -241.963 2.41339 393.812 
v -240.037 3.98661 393.812 
v -240.213 4.16339 393.812 
v -241.787 2.23661 393.938 
v -241.787 2.23661 393.812 
v -240.037 3.98661 393.938 
v -240.037 3.98661 393.812 
v -241.963 2.41339 393.812 
v -241.963 2.41339 393.938 
v -240.213 4.16339 393.812 
v -240.213 4.16339 393.938 
v -241.787 6.16339 393.938 
v -241.963 5.98661 393.938 
v -240.037 4.41339 393.938 
v -240.213 4.23661 393.938 
v -241.963 5.98661 393.812 
v -241.787 6.16339 393.812 
v -240.213 4.23661 393.812 
v -240.037 4.41339 393.812 
v -241.963 5.98661 393.938 
v -241.963 5.98661 393.812 
v -240.213 4.23661 393.938 
v -240.213 4.23661 393.812 
v -241.787 6.16339 393.812 
v -241.787 6.16339 393.938 
v -240.037 4.41339 393.812 
v -240.037 4.41339 393.938 
v -241.963 6.41339 393.938 
v -241.787 6.23661 393.938 
v -240.213 8.16339 393.938 
v -240.037 7.98661 393.938 
v -241.787 6.23661 393.812 
v -241.963 6.41339 393.812 
v -240.037 7.98661 393.812 
v -240.213 8.16339 393.812 
v -241.787 6.23661 393.938 
v -241.787 6.23661 393.812 
v -240.037 7.98661 393.938 
v -240.037 7.98661 393.812 
v -241.963 6.41339 393.812 
v -241.963 6.41339 393.938 
v -240.213 8.16339 393.812 
v -240.213 8.16339 393.938 
v -241.787 10.1634 393.938 
v -241.963 9.98661 393.938 
v -240.037 8.41339 393.938 
v -240.213 8.23661 393.938 
v -241.963 9.98661 393.812 
v -241.787 10.1634 393.812 
v -240.213 8.23661 393.812 
v -240.037 8.41339 393.812 
v -241.963 9.98661 393.938 
v -241.963 9.98661 393.812 
v -240.213 8.23661 393.938 
v -240.213 8.23661 393.812 
v -241.787 10.1634 393.812 
v -241.787 10.1634 393.938 
v -240.037 8.41339 393.812 
v -240.037 8.41339 393.938 
v -241.963 10.4134 393.938 
v -241.787 10.2366 393.938 
v -240.213 12.1634 393.938 
v -240.037 11.9866 393.938 
v -241.787 10.2366 393.812 
v -241.963 10.4134 393.812 
v -240.037 11.9866 393.812 
v -240.213 12.1634 393.812 
v -241.787 10.2366 393.938 
v -241.787 10.2366 393.812 
v -240.037 11.9866 393.938 
v -240.037 11.9866 393.812 
v -241.963 10.4134 393.812 
v -241.963 10.4134 393.938 
v -240.213 12.1634 393.812 
v -240.213 12.1634 393.938 
v -240 12.2 392 
v -240 12.2 392.25 
v -240 0.199999 392 
v -240 0.199999 392.25 
v -240.25 12.2 392 
v -240 12.2 392 
v -240.25 0.199999 392 
v -240 0.199999 392 
v -240 12.2 392.25 
v -240.25 12.2 392.25 
v -240 0.199999 392.25 
v -240.25 0.199999 392.25 
v -240.25 12.2 392.25 
v -240.25 12.2 392 
v -240.25 0.199999 392.25 
v -240.25 0.199999 392 
v -240 0.449999 392.25 
v -240 0.449999 393.75 
v -240 0.199999 392.25 
v -240 0.199999 393.75 
v -240.25 0.449999 393.75 
v -240.25 0.449999 392.25 
v -240.25 0.199999 393.75 
v -240.25 0.199999 392.25 
v -240.25 0.199999 393.75 
v -240.25 0.199999 392 
v -240 0.199999 393.75 
v -240 0.199999 392 
v -240.25 0.449999 392.25 
v -240.25 0.449999 393.75 
v -240 0.449999 392.25 
v -240 0.449999 393.75 
v -240 2.45 392.25 
v -240 2.45 393.75 
v -240 1.95 392.25 
v -240 1.95 393.75 
v -240.25 2.45 393.75 
v -240.25 2.45 392.25 
v -240.25 1.95 393.75 
v -240.25 1.95 392.25 
v -240.25 1.95 393.75 
v -240.25 1.95 392.25 
v -240 1.95 393.75 
v -240 1.95 392.25 
v -240.25 2.45 392.25 
v -240.25 2.45 393.75 
v -240 2.45 392.25 
v -240 2.45 393.75 
v -240 4.45 392.25 
v -240 4.45 393.75 
v -240 3.95 392.25 
v -240 3.95 393.75 
v -240.25 4.45 393.75 
v -240.25 4.45 392.25 
v -240.25 3.95 393.75 
v -240.25 3.95 392.25 
v -240.25 3.95 393.75 
v -240.25 3.95 392.25 
v -240 3.95 393.75 
v -240 3.95 392.25 
v -240.25 4.45 392.25 
v -240.25 4.45 393.75 
v -240 4.45 392.25 
v -240 4.45 393.75 
v -240 6.45 392.25 
v -240 6.45 393.75 
v -240 5.95 392.25 
v -240 5.95 393.75 
v -240.25 6.45 393.75 
v -240.25 6.45 392.25 
v -240.25 5.95 393.75 
v -240.25 5.95 392.25 
v -240.25 5.95 393.75 
v -240.25 5.95 392.25 
v -240 5.95 393.75 
v -240 5.95 392.25 
v -240.25 6.45 392.25 
v -240.25 6.45 393.75 
v -240 6.45 392.25 
v -240 6.45 393.75 
v -240 8.45 392.25 
v -240 8.45 393.75 
v -240 7.95 392.25 
v -240 7.95 393.75 
v -240.25 8.45 393.75 
v -240.25 8.45 392.25 
v -240.25 7.95 393.75 
v -240.25 7.95 392.25 
v -240.25 7.95 393.75 
v -240.25 7.95 392.25 
v -240 7.95 393.75 
v -240 7.95 392.25 
v -240.25 8.45 392.25 
v -240.25 8.45 393.75 
v -240 8.45 392.25 
v -240 8.45 393.75 
v -240 10.45 392.25 
v -240 10.45 393.75 
v -240 9.95 392.25 
v -240 9.95 393.75 
v -240.25 10.45 393.75 
v -240.25 10.45 392.25 
v -240.25 9.95 393.75 
v -240.25 9.95 392.25 
v -240.25 9.95 393.75 
v -240.25 9.95 392.25 
v -240 9.95 393.75 
v -240 9.95 392.25 
v -240.25 10.45 392.25 
v -240.25 10.45 393.75 
v -240 10.45 392.25 
v -240 10.45 393.75 
v -240 12.2 392.25 
v -240 12.2 393.75 
v -240 11.95 392.25 
v -240 11.95 393.75 
v -240.25 12.2 393.75 
v -240.25 12.2 392.25 
v -240.25 11.95 393.75 
v -240.25 11.95 392.25 
v -240.25 11.95 393.75 
v -240.25 11.95 392.25 
v -240 11.95 393.75 
v -240 11.95 392.25 
v -240.25 12.2 392 
v -240.25 12.2 393.75 
v -240 12.2 392 
v -240 12.2 393.75 
v -240.062 2.16338 393.787 
v -240.062 1.98661 393.963 
v -240.062 0.413387 392.037 
v -240.062 0.236611 392.213 
v -240.188 1.98661 393.963 
v -240.188 2.16338 393.787 
v -240.188 0.236611 392.213 
v -240.188 0.413387 392.037 
v -240.062 1.98661 393.963 
v -240.188 1.98661 393.963 
v -240.062 0.236611 392.213 
v -240.188 0.236611 392.213 
v -240.188 2.16338 393.787 
v -240.062 2.16338 393.787 
v -240.188 0.413387 392.037 
v -240.062 0.413387 392.037 
v -240.062 2.41339 393.963 
v -240.062 2.23661 393.787 
v -240.062 4.16339 392.213 
v -240.062 3.98661 392.037 
v -240.188 2.23661 393.787 
v -240.188 2.41339 393.963 
v -240.188 3.98661 392.037 
v -240.188 4.16339 392.213 
v -240.062 2.23661 393.787 
v -240.188 2.23661 393.787 
v -240.062 3.98661 392.037 
v -240.188 3.98661 392.037 
v -240.188 2.41339 393.963 
v -240.062 2.41339 393.963 
v -240.188 4.16339 392.213 
v -240.062 4.16339 392.213 
v -240.062 6.16339 393.787 
v -240.062 5.98661 393.963 
v -240.062 4.41339 392.037 
v -240.062 4.23661 392.213 
v -240.188 5.98661 393.963 
v -240.188 6.16339 393.787 
v -240.188 4.23661 392.213 
v -240.188 4.41339 392.037 
v -240.062 5.98661 393.963 
v -240.188 5.98661 393.963 
v -240.062 4.23661 392.213 
v -240.188 4.23661 392.213 
v -240.188 6.16339 393.787 
v -240.062 6.16339 393.787 
v -240.188 4.41339 392.037 
v -240.062 4.41339 392.037 
v -240.062 6.41339 393.963 
v -240.062 6.23661 393.787 
v -240.062 8.16339 392.213 
v -240.062 7.98661 392.037 
v -240.188 6.23661 393.787 
v -240.188 6.41339 393.963 
v -240.188 7.98661 392.037 
v -240.188 8.16339 392.213 
v -240.062 6.23661 393.787 
v -240.188 6.23661 393.787 
v -240.062 7.98661 392.037 
v -240.188 7.98661 392.037 
v -240.188 6.41339 393.963 
v -240.062 6.41339 393.963 
v -240.188 8.16339 392.213 
v -240.062 8.16339 392.213 
v -240.062 10.1634 393.787 
v -240.062 9.98661 393.963 
v -240.062 8.41339 392.037 
v -240.062 8.23661 392.213 
v -240.188 9.98661 393.963 
v -240.188 10.1634 393.787 
v -240.188 8.23661 392.213 
v -240.188 8.41339 392.037 
v -240.062 9.98661 393.963 
v -240.188 9.98661 393.963 
v -240.062 8.23661 392.213 
v -240.188 8.23661 392.213 
v -240.188 10.1634 393.787 
v -240.062 10.1634 393.787 
v -240.188 8.41339 392.037 
v -240.062 8.41339 392.037 
v -240.062 10.4134 393.963 
v -240.062 10.2366 393.787 
v -240.062 12.1634 392.213 
v -240.062 11.9866 392.037 
v -240.188 10.2366 393.787 
v -240.188 10.4134 393.963 
v -240.188 11.9866 392.037 
v -240.188 12.1634 392.213 
v -240.062 10.2366 393.787 
v -240.188 10.2366 393.787 
v -240.062 11.9866 392.037 
v -240.188 11.9866 392.037 
v -240.188 10.4134 393.963 
v -240.062 10.4134 393.963 
v -240.188 12.1634 392.213 
v -240.062 12.1634 392.213 

vn 0 0 -1 
vn 0 0 -1 
vn 0 0 -1 
vn 0 0 -1 
vn -1 0 0 
vn -1 0 0 
vn -1 0 0 
vn -1 0 0 
vn 1 0 0 
vn 1 0 0 
vn 1 0 0 
vn 1 0 0 
vn 0 0 1 
vn 0 0 1 
vn 0 0 1 
vn 0 0 1 
vn 0 0 -1 
vn 0 0 -1 
vn 0 0 -1 
vn 0 0 -1 
vn 0 0 1 
vn 0 0 1 
vn 0 0 1 
vn 0 0 1 
vn 0 -1 0 
vn 0 -1 0 
vn 0 -1 0 
vn 0 -1 0 
vn 0 1 0 
vn 0 1 0 
vn 0 1 0 
vn 0 1 0 
vn 0 0 -1 
vn 0 0 -1 
vn 0 0 -1 
vn 0 0 -1 
vn 0 0 1 
vn 0 0 1 
vn 0 0 1 
vn 0 0 1 
vn 0 -1 0 
vn 0 -1 0 
vn 0 -1 0 
vn 0 -1 0 
vn 0 1 0 
vn 0 1 0 
vn 0 1 0 
vn 0 1 0 
vn 0 0 -1 
vn 0 0 -1 
vn 0 0 -1 
vn 0 0 -1 
vn 0 0 1 
vn 0 0 1 
vn 0 0 1 
vn 0 0 1 
vn 0 -1 0 
vn 0 -1 0 
vn 0 -1 0 
vn 0 -1 0 
vn 0 1 0 
vn 0 1 0 
vn 0 1 0 
vn 0 1 0 
vn 0 0 -1 
vn 0 0 -1 
vn 0 0 -1 
vn 0 0 -1 
vn 0 0 1 
vn 0 0 1 
vn 0 0 1 
vn 0 0 1 
vn 0 -1 0 
vn 0 -1 0 
vn 0 -1 0 
vn 0 -1 0 
vn 0 1 0 
vn 0 1 0 
vn 0 1 0 
vn 0 1 0 
vn 0 0 -1 
vn 0 0 -1 
vn 0 0 -1 
vn 0 0 -1 
vn 0 0 1 
vn 0 0 1 
vn 0 0 1 
vn 0 0 1 
vn 0 -1 0 
vn 0 -1 0 
vn 0 -1 0 
vn 0 -1 0 
vn 0 1 0 
vn 0 1 0 
vn 0 1 0 
vn 0 1 0 
vn 0 0 -1 
vn 0 0 -1 
vn 0 0 -1 
vn 0 0 -1 
vn 0 0 1 
vn 0 0 1 
vn 0 0 1 
vn 0 0 1 
vn 0 -1 0 
vn 0 -1 0 
vn 0 -1 0 
vn 0 -1 0 
vn 0 1 0 
vn 0 1 0 
vn 0 1 0 
vn 0 1 0 
vn 0 0 -1 
vn 0 0 -1 
vn 0 0 -1 
vn 0 0 -1 
vn 0 0 1 
vn 0 0 1 
vn 0 0 1 
vn 0 0 1 
vn 0 -1 0 
vn 0 -1 0 
vn 0 -1 0 
vn 0 -1 0 
vn 0 1 0 
vn 0 1 0 
vn 0 1 0 
vn 0 1 0 
vn 0 0 -1 
vn 0 0 -1 
vn 0 0 -1 
vn 0 0 -1 
vn 0 0 1 
vn 0 0 1 
vn 0 0 1 
vn 0 0 1 
vn 0.708661 -0.708661 0 
vn 0.708661 -0.708661 0 
vn 0.708661 -0.708661 0 
vn 0.708661 -0.708661 0 
vn -0.708661 0.708661 0 
vn -0.708661 0.708661 0 
vn -0.708661 0.708661 0 
vn -0.708661 0.708661 0 
vn 0 0 -1 
vn 0 0 -1 
vn 0 0 -1 
vn 0 0 -1 
vn 0 0 1 
vn 0 0 1 
vn 0 0 1 
vn 0 0 1 
vn -0.708661 -0.708661 0 
vn -0.708661 -0.708661 0 
vn -0.708661 -0.708661 0 
vn -0.708661 -0.708661 0 
vn 0.708661 0.708661 0 
vn 0.708661 0.708661 0 
vn 0.708661 0.708661 0 
vn 0.708661 0.708661 0 
vn 0 0 -1 
vn 0 0 -1 
vn 0 0 -1 
vn 0 0 -1 
vn 0 0 1 
vn 0 0 1 
vn 0 0 1 
vn 0 0 1 
vn 0.708661 -0.708661 0 
vn 0.708661 -0.708661 0 
vn 0.708661 -0.708661 0 
vn 0.708661 -0.708661 0 
vn -0.708661 0.708661 0 
vn -0.708661 0.708661 0 
vn -0.708661 0.708661 0 
vn -0.708661 0.708661 0 
vn 0 0 -1 
vn 0 0 -1 
vn 0 0 -1 
vn 0 0 -1 
vn 0 0 1 
vn 0 0 1 
vn 0 0 1 
vn 0 0 1 
vn -0.708661 -0.708661 0 
vn -0.708661 -0.708661 0 
vn -0.708661 -0.708661 0 
vn -0.708661 -0.708661 0 
vn 0.708661 0.708661 0 
vn 0.708661 0.708661 0 
vn 0.708661 0.708661 0 
vn 0.708661 0.708661 0 
vn 0 0 -1 
vn 0 0 -1 
vn 0 0 -1 
vn 0 0 -1 
vn 0 0 1 
vn 0 0 1 
vn 0 0 1 
vn 0 0 1 
vn 0.708661 -0.708661 0 
vn 0.708661 -0.708661 0 
vn 0.708661 -0.708661 0 
vn 0.708661 -0.708661 0 
vn -0.708661 0.708661 0 
vn -0.708661 0.708661 0 
vn -0.708661 0.708661 0 
vn -0.708661 0.708661 0 
vn 0 0 -1 
vn 0 0 -1 
vn 0 0 -1 
vn 0 0 -1 
vn 0 0 1 
vn 0 0 1 
vn 0 0 1 
vn 0 0 1 
vn -0.708661 -0.708661 0 
vn -0.708661 -0.708661 0 
vn -0.708661 -0.708661 0 
vn -0.708661 -0.708661 0 
vn 0.708661 0.708661 0 
vn 0.708661 0.708661 0 
vn 0.708661 0.708661 0 
vn 0.708661 0.708661 0 
vn -1 0 0 
vn -1 0 0 
vn -1 0 0 
vn -1 0 0 
vn 0 0 1 
vn 0 0 1 
vn 0 0 1 
vn 0 0 1 
vn 0 0 -1 
vn 0 0 -1 
vn 0 0 -1 
vn 0 0 -1 
vn 1 0 0 
vn 1 0 0 
vn 1 0 0 
vn 1 0 0 
vn -1 0 0 
vn -1 0 0 
vn -1 0 0 
vn -1 0 0 
vn 1 0 0 
vn 1 0 0 
vn 1 0 0 
vn 1 0 0 
vn 0 -1 0 
vn 0 -1 0 
vn 0 -1 0 
vn 0 -1 0 
vn 0 1 0 
vn 0 1 0 
vn 0 1 0 
vn 0 1 0 
vn -1 0 0 
vn -1 0 0 
vn -1 0 0 
vn -1 0 0 
vn 1 0 0 
vn 1 0 0 
vn 1 0 0 
vn 1 0 0 
vn 0 -1 0 
vn 0 -1 0 
vn 0 -1 0 
vn 0 -1 0 
vn 0 1 0 
vn 0 1 0 
vn 0 1 0 
vn 0 1 0 
vn -1 0 0 
vn -1 0 0 
vn -1 0 0 
vn -1 0 0 
vn 1 0 0 
vn 1 0 0 
vn 1 0 0 
vn 1 0 0 
vn 0 -1 0 
vn 0 -1 0 
vn 0 -1 0 
vn 0 -1 0 
vn 0 1 0 
vn 0 1 0 
vn 0 1 0 
vn 0 1 0 
vn -1 0 0 
vn -1 0 0 
vn -1 0 0 
vn -1 0 0 
vn 1 0 0 
vn 1 0 0 
vn 1 0 0 
vn 1 0 0 
vn 0 -1 0 
vn 0 -1 0 
vn 0 -1 0 
vn 0 -1 0 
vn 0 1 0 
vn 0 1 0 
vn 0 1 0 
vn 0 1 0 
vn -1 0 0 
vn -1 0 0 
vn -1 0 0 
vn -1 0 0 
vn 1 0 0 
vn 1 0 0 
vn 1 0 0 
vn 1 0 0 
vn 0 -1 0 
vn 0 -1 0 
vn 0 -1 0 
vn 0 -1 0 
vn 0 1 0 
vn 0 1 0 
vn 0 1 0 
vn 0 1 0 
vn -1 0 0 
vn -1 0 0 
vn -1 0 0 
vn -1 0 0 
vn 1 0 0 
vn 1 0 0 
vn 1 0 0 
vn 1 0 0 
vn 0 -1 0 
vn 0 -1 0 
vn 0 -1 0 
vn 0 -1 0 
vn 0 1 0 
vn 0 1 0 
vn 0 1 0 
vn 0 1 0 
vn -1 0 0 
vn -1 0 0 
vn -1 0 0 
vn -1 0 0 
vn 1 0 0 
vn 1 0 0 
vn 1 0 0 
vn 1 0 0 
vn 0 -1 0 
vn 0 -1 0 
vn 0 -1 0 
vn 0 -1 0 
vn 0 1 0 
vn 0 1 0 
vn 0 1 0 
vn 0 1 0 
vn -1 0 0 
vn -1 0 0 
vn -1 0 0 
vn -1 0 0 
vn 1 0 0 
vn 1 0 0 
vn 1 0 0 
vn 1 0 0 
vn 0 -0.708661 -0.708661 
vn 0 -0.708661 -0.708661 
vn 0 -0.708661 -0.708661 
vn 0 -0.708661 -0.708661 
vn 0 0.708661 0.708661 
vn 0 0.708661 0.708661 
vn 0 0.708661 0.708661 
vn 0 0.708661 0.708661 
vn -1 0 0 
vn -1 0 0 
vn -1 0 0 
vn -1 0 0 
vn 1 0 0 
vn 1 0 0 
vn 1 0 0 
vn 1 0 0 
vn 0 -0.708661 0.708661 
vn 0 -0.708661 0.708661 
vn 0 -0.708661 0.708661 
vn 0 -0.708661 0.708661 
vn 0 0.708661 -0.708661 
vn 0 0.708661 -0.708661 
vn 0 0.708661 -0.708661 
vn 0 0.708661 -0.708661 
vn -1 0 0 
vn -1 0 0 
vn -1 0 0 
vn -1 0 0 
vn 1 0 0 
vn 1 0 0 
vn 1 0 0 
vn 1 0 0 
vn 0 -0.708661 -0.708661 
vn 0 -0.708661 -0.708661 
vn 0 -0.708661 -0.708661 
vn 0 -0.708661 -0.708661 
vn 0 0.708661 0.708661 
vn 0 0.708661 0.708661 
vn 0 0.708661 0.708661 
vn 0 0.708661 0.708661 
vn -1 0 0 
vn -1 0 0 
vn -1 0 0 
vn -1 0 0 
vn 1 0 0 
vn 1 0 0 
vn 1 0 0 
vn 1 0 0 
vn 0 -0.708661 0.708661 
vn 0 -0.708661 0.708661 
vn 0 -0.708661 0.708661 
vn 0 -0.708661 0.708661 
vn 0 0.708661 -0.708661 
vn 0 0.708661 -0.708661 
vn 0 0.708661 -0.708661 
vn 0 0.708661 -0.708661 
vn -1 0 0 
vn -1 0 0 
vn -1 0 0 
vn -1 0 0 
vn 1 0 0 
vn 1 0 0 
vn 1 0 0 
vn 1 0 0 
vn 0 -0.708661 -0.708661 
vn 0 -0.708661 -0.708661 
vn 0 -0.708661 -0.708661 
vn 0 -0.708661 -0.708661 
vn 0 0.708661 0.708661 
vn 0 0.708661 0.708661 
vn 0 0.708661 0.708661 
vn 0 0.708661 0.708661 
vn -1 0 0 
vn -1 0 0 
vn -1 0 0 
vn -1 0 0 
vn 1 0 0 
vn 1 0 0 
vn 1 0 0 
vn 1 0 0 
vn 0 -0.708661 0.708661 
vn 0 -0.708661 0.708661 
vn 0 -0.708661 0.708661 
vn 0 -0.708661 0.708661 
vn 0 0.708661 -0.708661 
vn 0 0.708661 -0.708661 
vn 0 0.708661 -0.708661 
vn 0 0.708661 -0.708661 
vn 0 0 1 
vn 0 0 1 
vn 0 0 1 
vn 0 0 1 
vn 1 0 0 
vn 1 0 0 
vn 1 0 0 
vn 1 0 0 
vn -1 0 0 
vn -1 0 0 
vn -1 0 0 
vn -1 0 0 
vn 0 0 -1 
vn 0 0 -1 
vn 0 0 -1 
vn 0 0 -1 
vn 0 0 1 
vn 0 0 1 
vn 0 0 1 
vn 0 0 1 
vn 0 0 -1 
vn 0 0 -1 
vn 0 0 -1 
vn 0 0 -1 
vn 0 -1 0 
vn 0 -1 0 
vn 0 -1 0 
vn 0 -1 0 
vn 0 1 0 
vn 0 1 0 
vn 0 1 0 
vn 0 1 0 
vn 0 0 1 
vn 0 0 1 
vn 0 0 1 
vn 0 0 1 
vn 0 0 -1 
vn 0 0 -1 
vn 0 0 -1 
vn 0 0 -1 
vn 0 -1 0 
vn 0 -1 0 
vn 0 -1 0 
vn 0 -1 0 
vn 0 1 0 
vn 0 1 0 
vn 0 1 0 
vn 0 1 0 
vn 0 0 1 
vn 0 0 1 
vn 0 0 1 
vn 0 0 1 
vn 0 0 -1 
vn 0 0 -1 
vn 0 0 -1 
vn 0 0 -1 
vn 0 -1 0 
vn 0 -1 0 
vn 0 -1 0 
vn 0 -1 0 
vn 0 1 0 
vn 0 1 0 
vn 0 1 0 
vn 0 1 0 
vn 0 0 1 
vn 0 0 1 
vn 0 0 1 
vn 0 0 1 
vn 0 0 -1 
vn 0 0 -1 
vn 0 0 -1 
vn 0 0 -1 
vn 0 -1 0 
vn 0 -1 0 
vn 0 -1 0 
vn 0 -1 0 
vn 0 1 0 
vn 0 1 0 
vn 0 1 0 
vn 0 1 0 
vn 0 0 1 
vn 0 0 1 
vn 0 0 1 
vn 0 0 1 
vn 0 0 -1 
vn 0 0 -1 
vn 0 0 -1 
vn 0 0 -1 
vn 0 -1 0 
vn 0 -1 0 
vn 0 -1 0 
vn 0 -1 0 
vn 0 1 0 
vn 0 1 0 
vn 0 1 0 
vn 0 1 0 
vn 0 0 1 
vn 0 0 1 
vn 0 0 1 
vn 0 0 1 
vn 0 0 -1 
vn 0 0 -1 
vn 0 0 -1 
vn 0 0 -1 
vn 0 -1 0 
vn 0 -1 0 
vn 0 -1 0 
vn 0 -1 0 
vn 0 1 0 
vn 0 1 0 
vn 0 1 0 
vn 0 1 0 
vn 0 0 1 
vn 0 0 1 
vn 0 0 1 
vn 0 0 1 
vn 0 0 -1 
vn 0 0 -1 
vn 0 0 -1 
vn 0 0 -1 
vn 0 -1 0 
vn 0 -1 0 
vn 0 -1 0 
vn 0 -1 0 
vn 0 1 0 
vn 0 1 0 
vn 0 1 0 
vn 0 1 0 
vn 0 0 1 
vn 0 0 1 
vn 0 0 1 
vn 0 0 1 
vn 0 0 -1 
vn 0 0 -1 
vn 0 0 -1 
vn 0 0 -1 
vn -0.708661 -0.708661 0 
vn -0.708661 -0.708661 0 
vn -0.708661 -0.708661 0 
vn -0.708661 -0.708661 0 
vn 0.708661 0.708661 0 
vn 0.708661 0.708661 0 
vn 0.708661 0.708661 0 
vn 0.708661 0.708661 0 
vn 0 0 1 
vn 0 0 1 
vn 0 0 1 
vn 0 0 1 
vn 0 0 -1 
vn 0 0 -1 
vn 0 0 -1 
vn 0 0 -1 
vn 0.708661 -0.708661 0 
vn 0.708661 -0.708661 0 
vn 0.708661 -0.708661 0 
vn 0.708661 -0.708661 0 
vn -0.708661 0.708661 0 
vn -0.708661 0.708661 0 
vn -0.708661 0.708661 0 
vn -0.708661 0.708661 0 
vn 0 0 1 
vn 0 0 1 
vn 0 0 1 
vn 0 0 1 
vn 0 0 -1 
vn 0 0 -1 
vn 0 0 -1 
vn 0 0 -1 
vn -0.708661 -0.708661 0 
vn -0.708661 -0.708661 0 
vn -0.708661 -0.708661 0 
vn -0.708661 -0.708661 0 
vn 0.708661 0.708661 0 
vn 0.708661 0.708661 0 
vn 0.708661 0.708661 0 
vn 0.708661 0.708661 0 
vn 0 0 1 
vn 0 0 1 
vn 0 0 1 
vn 0 0 1 
vn 0 0 -1 
vn 0 0 -1 
vn 0 0 -1 
vn 0 0 -1 
vn 0.708661 -0.708661 0 
vn 0.708661 -0.708661 0 
vn 0.708661 -0.708661 0 
vn 0.708661 -0.708661 0 
vn -0.708661 0.708661 0 
vn -0.708661 0.708661 0 
vn -0.708661 0.708661 0 
vn -0.708661 0.708661 0 
vn 0 0 1 
vn 0 0 1 
vn 0 0 1 
vn 0 0 1 
vn 0 0 -1 
vn 0 0 -1 
vn 0 0 -1 
vn 0 0 -1 
vn -0.708661 -0.708661 0 
vn -0.708661 -0.708661 0 
vn -0.708661 -0.708661 0 
vn -0.708661 -0.708661 0 
vn 0.708661 0.708661 0 
vn 0.708661 0.708661 0 
vn 0.708661 0.708661 0 
vn 0.708661 0.708661 0 
vn 0 0 1 
vn 0 0 1 
vn 0 0 1 
vn 0 0 1 
vn 0 0 -1 
vn 0 0 -1 
vn 0 0 -1 
vn 0 0 -1 
vn 0.708661 -0.708661 0 
vn 0.708661 -0.708661 0 
vn 0.708661 -0.708661 0 
vn 0.708661 -0.708661 0 
vn -0.708661 0.708661 0 
vn -0.708661 0.708661 0 
vn -0.708661 0.708661 0 
vn -0.708661 0.708661 0 
vn 1 0 0 
vn 1 0 0 
vn 1 0 0 
vn 1 0 0 
vn 0 0 -1 
vn 0 0 -1 
vn 0 0 -1 
vn 0 0 -1 
vn 0 0 1 
vn 0 0 1 
vn 0 0 1 
vn 0 0 1 
vn -1 0 0 
vn -1 0 0 
vn -1 0 0 
vn -1 0 0 
vn 1 0 0 
vn 1 0 0 
vn 1 0 0 
vn 1 0 0 
vn -1 0 0 
vn -1 0 0 
vn -1 0 0 
vn -1 0 0 
vn 0 -1 0 
vn 0 -1 0 
vn 0 -1 0 
vn 0 -1 0 
vn 0 1 0 
vn 0 1 0 
vn 0 1 0 
vn 0 1 0 
vn 1 0 0 
vn 1 0 0 
vn 1 0 0 
vn 1 0 0 
vn -1 0 0 
vn -1 0 0 
vn -1 0 0 
vn -1 0 0 
vn 0 -1 0 
vn 0 -1 0 
vn 0 -1 0 
vn 0 -1 0 
vn 0 1 0 
vn 0 1 0 
vn 0 1 0 
vn 0 1 0 
vn 1 0 0 
vn 1 0 0 
vn 1 0 0 
vn 1 0 0 
vn -1 0 0 
vn -1 0 0 
vn -1 0 0 
vn -1 0 0 
vn 0 -1 0 
vn 0 -1 0 
vn 0 -1 0 
vn 0 -1 0 
vn 0 1 0 
vn 0 1 0 
vn 0 1 0 
vn 0 1 0 
vn 1 0 0 
vn 1 0 0 
vn 1 0 0 
vn 1 0 0 
vn -1 0 0 
vn -1 0 0 
vn -1 0 0 
vn -1 0 0 
vn 0 -1 0 
vn 0 -1 0 
vn 0 -1 0 
vn 0 -1 0 
vn 0 1 0 
vn 0 1 0 
vn 0 1 0 
vn 0 1 0 
vn 1 0 0 
vn 1 0 0 
vn 1 0 0 
vn 1 0 0 
vn -1 0 0 
vn -1 0 0 
vn -1 0 0 
vn -1 0 0 
vn 0 -1 0 
vn 0 -1 0 
vn 0 -1 0 
vn 0 -1 0 
vn 0 1 0 
vn 0 1 0 
vn 0 1 0 
vn 0 1 0 
vn 1 0 0 
vn 1 0 0 
vn 1 0 0 
vn 1 0 0 
vn -1 0 0 
vn -1 0 0 
vn -1 0 0 
vn -1 0 0 
vn 0 -1 0 
vn 0 -1 0 
vn 0 -1 0 
vn 0 -1 0 
vn 0 1 0 
vn 0 1 0 
vn 0 1 0 
vn 0 1 0 
vn 1 0 0 
vn 1 0 0 
vn 1 0 0 
vn 1 0 0 
vn -1 0 0 
vn -1 0 0 
vn -1 0 0 
vn -1 0 0 
vn 0 -1 0 
vn 0 -1 0 
vn 0 -1 0 
vn 0 -1 0 
vn 0 1 0 
vn 0 1 0 
vn 0 1 0 
vn 0 1 0 
vn 1 0 0 
vn 1 0 0 
vn 1 0 0 
vn 1 0 0 
vn -1 0 0 
vn -1 0 0 
vn -1 0 0 
vn -1 0 0 
vn 0 -0.708661 0.708661 
vn 0 -0.708661 0.708661 
vn 0 -0.708661 0.708661 
vn 0 -0.708661 0.708661 
vn 0 0.708661 -0.708661 
vn 0 0.708661 -0.708661 
vn 0 0.708661 -0.708661 
vn 0 0.708661 -0.708661 
vn 1 0 0 
vn 1 0 0 
vn 1 0 0 
vn 1 0 0 
vn -1 0 0 
vn -1 0 0 
vn -1 0 0 
vn -1 0 0 
vn 0 -0.708661 -0.708661 
vn 0 -0.708661 -0.708661 
vn 0 -0.708661 -0.708661 
vn 0 -0.708661 -0.708661 
vn 0 0.708661 0.708661 
vn 0 0.708661 0.708661 
vn 0 0.708661 0.708661 
vn 0 0.708661 0.708661 
vn 1 0 0 
vn 1 0 0 
vn 1 0 0 
vn 1 0 0 
vn -1 0 0 
vn -1 0 0 
vn -1 0 0 
vn -1 0 0 
vn 0 -0.708661 0.708661 
vn 0 -0.708661 0.708661 
vn 0 -0.708661 0.708661 
vn 0 -0.708661 0.708661 
vn 0 0.708661 -0.708661 
vn 0 0.708661 -0.708661 
vn 0 0.708661 -0.708661 
vn 0 0.708661 -0.708661 
vn 1 0 0 
vn 1 0 0 
vn 1 0 0 
vn 1 0 0 
vn -1 0 0 
vn -1 0 0 
vn -1 0 0 
vn -1 0 0 
vn 0 -0.708661 -0.708661 
vn 0 -0.708661 -0.708661 
vn 0 -0.708661 -0.708661 
vn 0 -0.708661 -0.708661 
vn 0 0.708661 0.708661 
vn 0 0.708661 0.708661 
vn 0 0.708661 0.708661 
vn 0 0.708661 0.708661 
vn 1 0 0 
vn 1 0 0 
vn 1 0 0 
vn 1 0 0 
vn -1 0 0 
vn -1 0 0 
vn -1 0 0 
vn -1 0 0 
vn 0 -0.708661 0.708661 
vn 0 -0.708661 0.708661 
vn 0 -0.708661 0.708661 
vn 0 -0.708661 0.708661 
vn 0 0.708661 -0.708661 
vn 0 0.708661 -0.708661 
vn 0 0.708661 -0.708661 
vn 0 0.708661 -0.708661 
vn 1 0 0 
vn 1 0 0 
vn 1 0 0 
vn 1 0 0 
vn -1 0 0 
vn -1 0 0 
vn -1 0 0 
vn -1 0 0 
vn 0 -0.708661 -0.708661 
vn 0 -0.708661 -0.708661 
vn 0 -0.708661 -0.708661 
vn 0 -0.708661 -0.708661 
vn 0 0.708661 0.708661 
vn 0 0.708661 0.708661 
vn 0 0.708661 0.708661 
vn 0 0.708661 0.708661 

vt 0.875 -1.25 
vt 0.84375 -1.25 
vt 0.875 0.25 
vt 0.84375 0.25 
vt 0.65625 -1.25 
vt 0.625 -1.25 
vt 0.65625 0.25 
vt 0.625 0.25 
vt 0.875 -1.25 
vt 0.84375 -1.25 
vt 0.875 0.25 
vt 0.84375 0.25 
vt 0.65625 -1.25 
vt 0.625 -1.25 
vt 0.65625 0.25 
vt 0.625 0.25 
vt 0.84375 0.21875 
vt 0.65625 0.21875 
vt 0.84375 0.25 
vt 0.65625 0.25 
vt 0.84375 0.21875 
vt 0.65625 0.21875 
vt 0.84375 0.25 
vt 0.65625 0.25 
vt 0.84375 -0.40625 
vt 0.625 -0.40625 
vt 0.84375 -0.375 
vt 0.625 -0.375 
vt 0.84375 -0.40625 
vt 0.65625 -0.40625 
vt 0.84375 -0.375 
vt 0.65625 -0.375 
vt 0.84375 -0.03125 
vt 0.65625 -0.03125 
vt 0.84375 0.03125 
vt 0.65625 0.03125 
vt 0.84375 -0.03125 
vt 0.65625 -0.03125 
vt 0.84375 0.03125 
vt 0.65625 0.03125 
vt 0.84375 -0.40625 
vt 0.65625 -0.40625 
vt 0.84375 -0.375 
vt 0.65625 -0.375 
vt 0.84375 -0.40625 
vt 0.65625 -0.40625 
vt 0.84375 -0.375 
vt 0.65625 -0.375 
vt 0.84375 -0.28125 
vt 0.65625 -0.28125 
vt 0.84375 -0.21875 
vt 0.65625 -0.21875 
vt 0.84375 -0.28125 
vt 0.65625 -0.28125 
vt 0.84375 -0.21875 
vt 0.65625 -0.21875 
vt 0.84375 -0.40625 
vt 0.65625 -0.40625 
vt 0.84375 -0.375 
vt 0.65625 -0.375 
vt 0.84375 -0.40625 
vt 0.65625 -0.40625 
vt 0.84375 -0.375 
vt 0.65625 -0.375 
vt 0.84375 -0.53125 
vt 0.65625 -0.53125 
vt 0.84375 -0.46875 
vt 0.65625 -0.46875 
vt 0.84375 -0.53125 
vt 0.65625 -0.53125 
vt 0.84375 -0.46875 
vt 0.65625 -0.46875 
vt 0.84375 -0.40625 
vt 0.65625 -0.40625 
vt 0.84375 -0.375 
vt 0.65625 -0.375 
vt 0.84375 -0.40625 
vt 0.65625 -0.40625 
vt 0.84375 -0.375 
vt 0.65625 -0.375 
vt 0.84375 -0.78125 
vt 0.65625 -0.78125 
vt 0.84375 -0.71875 
vt 0.65625 -0.71875 
vt 0.84375 -0.78125 
vt 0.65625 -0.78125 
vt 0.84375 -0.71875 
vt 0.65625 -0.71875 
vt 0.84375 -0.40625 
vt 0.65625 -0.40625 
vt 0.84375 -0.375 
vt 0.65625 -0.375 
vt 0.84375 -0.40625 
vt 0.65625 -0.40625 
vt 0.84375 -0.375 
vt 0.65625 -0.375 
vt 0.84375 -1.03125 
vt 0.65625 -1.03125 
vt 0.84375 -0.96875 
vt 0.65625 -0.96875 
vt 0.84375 -1.03125 
vt 0.65625 -1.03125 
vt 0.84375 -0.96875 
vt 0.65625 -0.96875 
vt 0.84375 -0.40625 
vt 0.65625 -0.40625 
vt 0.84375 -0.375 
vt 0.65625 -0.375 
vt 0.84375 -0.40625 
vt 0.65625 -0.40625 
vt 0.84375 -0.375 
vt 0.65625 -0.375 
vt 0.84375 -1.25 
vt 0.65625 -1.25 
vt 0.84375 -1.21875 
vt 0.65625 -1.21875 
vt 0.84375 -1.25 
vt 0.65625 -1.25 
vt 0.84375 -1.21875 
vt 0.65625 -1.21875 
vt 0.84375 -0.40625 
vt 0.65625 -0.40625 
vt 0.84375 -0.375 
vt 0.65625 -0.375 
vt 0.875 -0.40625 
vt 0.65625 -0.40625 
vt 0.875 -0.375 
vt 0.65625 -0.375 
vt 0.323684 -0.212738 
vt 0.292434 -0.212738 
vt 0.323684 0.0966207 
vt 0.292434 0.0966207 
vt 1.20757 -0.212738 
vt 1.17632 -0.212738 
vt 1.20757 0.0966207 
vt 1.17632 0.0966207 
vt 0.867188 -0.212738 
vt 0.851562 -0.212738 
vt 0.867188 0.0966207 
vt 0.851562 0.0966207 
vt 0.648438 -0.212738 
vt 0.632812 -0.212738 
vt 0.648438 0.0966207 
vt 0.632812 0.0966207 
vt 0.50046 -0.919844 
vt 0.46921 -0.919844 
vt 0.50046 -0.610485 
vt 0.46921 -0.610485 
vt 1.03079 -0.919844 
vt 0.99954 -0.919844 
vt 1.03079 -0.610485 
vt 0.99954 -0.610485 
vt 0.867188 -0.919844 
vt 0.851562 -0.919844 
vt 0.867188 -0.610485 
vt 0.851562 -0.610485 
vt 0.648438 -0.919844 
vt 0.632812 -0.919844 
vt 0.648438 -0.610485 
vt 0.632812 -0.610485 
vt 0.677237 -0.566291 
vt 0.645987 -0.566291 
vt 0.677237 -0.256932 
vt 0.645987 -0.256932 
vt 0.854013 -0.566291 
vt 0.822763 -0.566291 
vt 0.854013 -0.256932 
vt 0.822763 -0.256932 
vt 0.867188 -0.566291 
vt 0.851562 -0.566291 
vt 0.867188 -0.256932 
vt 0.851562 -0.256932 
vt 0.648438 -0.566291 
vt 0.632812 -0.566291 
vt 0.648438 -0.256932 
vt 0.632812 -0.256932 
vt 0.854013 -0.566291 
vt 0.822763 -0.566291 
vt 0.854013 -0.256932 
vt 0.822763 -0.256932 
vt 0.677237 -0.566291 
vt 0.645987 -0.566291 
vt 0.677237 -0.256932 
vt 0.645987 -0.256932 
vt 0.867188 -0.566291 
vt 0.851562 -0.566291 
vt 0.867188 -0.256932 
vt 0.851562 -0.256932 
vt 0.648438 -0.566291 
vt 0.632812 -0.566291 
vt 0.648438 -0.256932 
vt 0.632812 -0.256932 
vt 1.03079 -0.919844 
vt 0.99954 -0.919844 
vt 1.03079 -0.610485 
vt 0.99954 -0.610485 
vt 0.50046 -0.919844 
vt 0.46921 -0.919844 
vt 0.50046 -0.610485 
vt 0.46921 -0.610485 
vt 0.867188 -0.919844 
vt 0.851562 -0.919844 
vt 0.867188 -0.610485 
vt 0.851562 -0.610485 
vt 0.648438 -0.919844 
vt 0.632812 -0.919844 
vt 0.648438 -0.610485 
vt 0.632812 -0.610485 
vt 1.20757 -0.212738 
vt 1.17632 -0.212738 
vt 1.20757 0.0966207 
vt 1.17632 0.0966207 
vt 0.323684 -0.212738 
vt 0.292434 -0.212738 
vt 0.323684 0.0966207 
vt 0.292434 0.0966207 
vt 0.867188 -0.212738 
vt 0.851562 -0.212738 
vt 0.867188 0.0966207 
vt 0.851562 0.0966207 
vt 0.648438 -0.212738 
vt 0.632812 -0.212738 
vt 0.648438 0.0966207 
vt 0.632812 0.0966207 
vt 0.875 -1.25 
vt 0.84375 -1.25 
vt 0.875 0.25 
vt 0.84375 0.25 
vt 0.65625 -1.25 
vt 0.625 -1.25 
vt 0.65625 0.25 
vt 0.625 0.25 
vt 0.875 -1.25 
vt 0.84375 -1.25 
vt 0.875 0.25 
vt 0.84375 0.25 
vt 0.65625 -1.25 
vt 0.625 -1.25 
vt 0.65625 0.25 
vt 0.625 0.25 
vt 0.84375 0.21875 
vt 0.65625 0.21875 
vt 0.84375 0.25 
vt 0.65625 0.25 
vt 0.84375 0.21875 
vt 0.65625 0.21875 
vt 0.84375 0.25 
vt 0.65625 0.25 
vt 0.84375 -0.40625 
vt 0.625 -0.40625 
vt 0.84375 -0.375 
vt 0.625 -0.375 
vt 0.84375 -0.40625 
vt 0.65625 -0.40625 
vt 0.84375 -0.375 
vt 0.65625 -0.375 
vt 0.84375 -0.03125 
vt 0.65625 -0.03125 
vt 0.84375 0.03125 
vt 0.65625 0.03125 
vt 0.84375 -0.03125 
vt 0.65625 -0.03125 
vt 0.84375 0.03125 
vt 0.65625 0.03125 
vt 0.84375 -0.40625 
vt 0.65625 -0.40625 
vt 0.84375 -0.375 
vt 0.65625 -0.375 
vt 0.84375 -0.40625 
vt 0.65625 -0.40625 
vt 0.84375 -0.375 
vt 0.65625 -0.375 
vt 0.84375 -0.28125 
vt 0.65625 -0.28125 
vt 0.84375 -0.21875 
vt 0.65625 -0.21875 
vt 0.84375 -0.28125 
vt 0.65625 -0.28125 
vt 0.84375 -0.21875 
vt 0.65625 -0.21875 
vt 0.84375 -0.40625 
vt 0.65625 -0.40625 
vt 0.84375 -0.375 
vt 0.65625 -0.375 
vt 0.84375 -0.40625 
vt 0.65625 -0.40625 
vt 0.84375 -0.375 
vt 0.65625 -0.375 
vt 0.84375 -0.53125 
vt 0.65625 -0.53125 
vt 0.84375 -0.46875 
vt 0.65625 -0.46875 
vt 0.84375 -0.53125 
vt 0.65625 -0.53125 
vt 0.84375 -0.46875 
vt 0.65625 -0.46875 
vt 0.84375 -0.40625 
vt 0.65625 -0.40625 
vt 0.84375 -0.375 
vt 0.65625 -0.375 
vt 0.84375 -0.40625 
vt 0.65625 -0.40625 
vt 0.84375 -0.375 
vt 0.65625 -0.375 
vt 0.84375 -0.78125 
vt 0.65625 -0.78125 
vt 0.84375 -0.71875 
vt 0.65625 -0.71875 
vt 0.84375 -0.78125 
vt 0.65625 -0.78125 
vt 0.84375 -0.71875 
vt 0.65625 -0.71875 
vt 0.84375 -0.40625 
vt 0.65625 -0.40625 
vt 0.84375 -0.375 
vt 0.65625 -0.375 
vt 0.84375 -0.40625 
vt 0.65625 -0.40625 
vt 0.84375 -0.375 
vt 0.65625 -0.375 
vt 0.84375 -1.03125 
vt 0.65625 -1.03125 
vt 0.84375 -0.96875 
vt 0.65625 -0.96875 
vt 0.84375 -1.03125 
vt 0.65625 -1.03125 
vt 0.84375 -0.96875 
vt 0.65625 -0.96875 
vt 0.84375 -0.40625 
vt 0.65625 -0.40625 
vt 0.84375 -0.375 
vt 0.65625 -0.375 
vt 0.84375 -0.40625 
vt 0.65625 -0.40625 
vt 0.84375 -0.375 
vt 0.65625 -0.375 
vt 0.84375 -1.25 
vt 0.65625 -1.25 
vt 0.84375 -1.21875 
vt 0.65625 -1.21875 
vt 0.84375 -1.25 
vt 0.65625 -1.25 
vt 0.84375 -1.21875 
vt 0.65625 -1.21875 
vt 0.84375 -0.40625 
vt 0.65625 -0.40625 
vt 0.84375 -0.375 
vt 0.65625 -0.375 
vt 0.875 -0.40625 
vt 0.65625 -0.40625 
vt 0.875 -0.375 
vt 0.65625 -0.375 
vt 0.323684 -0.212738 
vt 0.292434 -0.212738 
vt 0.323684 0.0966207 
vt 0.292434 0.0966207 
vt 1.20757 -0.212738 
vt 1.17632 -0.212738 
vt 1.20757 0.0966207 
vt 1.17632 0.0966207 
vt 0.867188 -0.212738 
vt 0.851562 -0.212738 
vt 0.867188 0.0966207 
vt 0.851562 0.0966207 
vt 0.648438 -0.212738 
vt 0.632812 -0.212738 
vt 0.648438 0.0966207 
vt 0.632812 0.0966207 
vt 0.50046 -0.919844 
vt 0.46921 -0.919844 
vt 0.50046 -0.610485 
vt 0.46921 -0.610485 
vt 1.03079 -0.919844 
vt 0.99954 -0.919844 
vt 1.03079 -0.610485 
vt 0.99954 -0.610485 
vt 0.867188 -0.919844 
vt 0.851562 -0.919844 
vt 0.867188 -0.610485 
vt 0.851562 -0.610485 
vt 0.648438 -0.919844 
vt 0.632812 -0.919844 
vt 0.648438 -0.610485 
vt 0.632812 -0.610485 
vt 0.677237 -0.566291 
vt 0.645987 -0.566291 
vt 0.677237 -0.256932 
vt 0.645987 -0.256932 
vt 0.854013 -0.566291 
vt 0.822763 -0.566291 
vt 0.854013 -0.256932 
vt 0.822763 -0.256932 
vt 0.867188 -0.566291 
vt 0.851562 -0.566291 
vt 0.867188 -0.256932 
vt 0.851562 -0.256932 
vt 0.648438 -0.566291 
vt 0.632812 -0.566291 
vt 0.648438 -0.256932 
vt 0.632812 -0.256932 
vt 0.854013 -0.566291 
vt 0.822763 -0.566291 
vt 0.854013 -0.256932 
vt 0.822763 -0.256932 
vt 0.677237 -0.566291 
vt 0.645987 -0.566291 
vt 0.677237 -0.256932 
vt 0.645987 -0.256932 
vt 0.867188 -0.566291 
vt 0.851562 -0.566291 
vt 0.867188 -0.256932 
vt 0.851562 -0.256932 
vt 0.648438 -0.566291 
vt 0.632812 -0.566291 
vt 0.648438 -0.256932 
vt 0.632812 -0.256932 
vt 1.03079 -0.919844 
vt 0.99954 -0.919844 
vt 1.03079 -0.610485 
vt 0.99954 -0.610485 
vt 0.50046 -0.919844 
vt 0.46921 -0.919844 
vt 0.50046 -0.610485 
vt 0.46921 -0.610485 
vt 0.867188 -0.919844 
vt 0.851562 -0.919844 
vt 0.867188 -0.610485 
vt 0.851562 -0.610485 
vt 0.648438 -0.919844 
vt 0.632812 -0.919844 
vt 0.648438 -0.610485 
vt 0.632812 -0.610485 
vt 1.20757 -0.212738 
vt 1.17632 -0.212738 
vt 1.20757 0.0966207 
vt 1.17632 0.0966207 
vt 0.323684 -0.212738 
vt 0.292434 -0.212738 
vt 0.323684 0.0966207 
vt 0.292434 0.0966207 
vt 0.867188 -0.212738 
vt 0.851562 -0.212738 
vt 0.867188 0.0966207 
vt 0.851562 0.0966207 
vt 0.648438 -0.212738 
vt 0.632812 -0.212738 
vt 0.648438 0.0966207 
vt 0.632812 0.0966207 
vt 0.875 -1.25 
vt 0.84375 -1.25 
vt 0.875 0.25 
vt 0.84375 0.25 
vt 0.65625 -1.25 
vt 0.625 -1.25 
vt 0.65625 0.25 
vt 0.625 0.25 
vt 0.875 -1.25 
vt 0.84375 -1.25 
vt 0.875 0.25 
vt 0.84375 0.25 
vt 0.65625 -1.25 
vt 0.625 -1.25 
vt 0.65625 0.25 
vt 0.625 0.25 
vt 0.84375 0.21875 
vt 0.65625 0.21875 
vt 0.84375 0.25 
vt 0.65625 0.25 
vt 0.84375 0.21875 
vt 0.65625 0.21875 
vt 0.84375 0.25 
vt 0.65625 0.25 
vt 0.84375 -0.40625 
vt 0.625 -0.40625 
vt 0.84375 -0.375 
vt 0.625 -0.375 
vt 0.84375 -0.40625 
vt 0.65625 -0.40625 
vt 0.84375 -0.375 
vt 0.65625 -0.375 
vt 0.84375 -0.03125 
vt 0.65625 -0.03125 
vt 0.84375 0.03125 
vt 0.65625 0.03125 
vt 0.84375 -0.03125 
vt 0.65625 -0.03125 
vt 0.84375 0.03125 
vt 0.65625 0.03125 
vt 0.84375 -0.40625 
vt 0.65625 -0.40625 
vt 0.84375 -0.375 
vt 0.65625 -0.375 
vt 0.84375 -0.40625 
vt 0.65625 -0.40625 
vt 0.84375 -0.375 
vt 0.65625 -0.375 
vt 0.84375 -0.28125 
vt 0.65625 -0.28125 
vt 0.84375 -0.21875 
vt 0.65625 -0.21875 
vt 0.84375 -0.28125 
vt 0.65625 -0.28125 
vt 0.84375 -0.21875 
vt 0.65625 -0.21875 
vt 0.84375 -0.40625 
vt 0.65625 -0.40625 
vt 0.84375 -0.375 
vt 0.65625 -0.375 
vt 0.84375 -0.40625 
vt 0.65625 -0.40625 
vt 0.84375 -0.375 
vt 0.65625 -0.375 
vt 0.84375 -0.53125 
vt 0.65625 -0.53125 
vt 0.84375 -0.46875 
vt 0.65625 -0.46875 
vt 0.84375 -0.53125 
vt 0.65625 -0.53125 
vt 0.84375 -0.46875 
vt 0.65625 -0.46875 
vt 0.84375 -0.40625 
vt 0.65625 -0.40625 
vt 0.84375 -0.375 
vt 0.65625 -0.375 
vt 0.84375 -0.40625 
vt 0.65625 -0.40625 
vt 0.84375 -0.375 
vt 0.65625 -0.375 
vt 0.84375 -0.78125 
vt 0.65625 -0.78125 
vt 0.84375 -0.71875 
vt 0.65625 -0.71875 
vt 0.84375 -0.78125 
vt 0.65625 -0.78125 
vt 0.84375 -0.71875 
vt 0.65625 -0.71875 
vt 0.84375 -0.40625 
vt 0.65625 -0.40625 
vt 0.84375 -0.375 
vt 0.65625 -0.375 
vt 0.84375 -0.40625 
vt 0.65625 -0.40625 
vt 0.84375 -0.375 
vt 0.65625 -0.375 
vt 0.84375 -1.03125 
vt 0.65625 -1.03125 
vt 0.84375 -0.96875 
vt 0.65625 -0.96875 
vt 0.84375 -1.03125 
vt 0.65625 -1.03125 
vt 0.84375 -0.96875 
vt 0.65625 -0.96875 
vt 0.84375 -0.40625 
vt 0.65625 -0.40625 
vt 0.84375 -0.375 
vt 0.65625 -0.375 
vt 0.84375 -0.40625 
vt 0.65625 -0.40625 
vt 0.84375 -0.375 
vt 0.65625 -0.375 
vt 0.84375 -1.25 
vt 0.65625 -1.25 
vt 0.84375 -1.21875 
vt 0.65625 -1.21875 
vt 0.84375 -1.25 
vt 0.65625 -1.25 
vt 0.84375 -1.21875 
vt 0.65625 -1.21875 
vt 0.84375 -0.40625 
vt 0.65625 -0.40625 
vt 0.84375 -0.375 
vt 0.65625 -0.375 
vt 0.875 -0.40625 
vt 0.65625 -0.40625 
vt 0.875 -0.375 
vt 0.65625 -0.375 
vt 0.323684 -0.212738 
vt 0.292434 -0.212738 
vt 0.323684 0.0966207 
vt 0.292434 0.0966207 
vt 1.20757 -0.212738 
vt 1.17632 -0.212738 
vt 1.20757 0.0966207 
vt 1.17632 0.0966207 
vt 0.867188 -0.212738 
vt 0.851562 -0.212738 
vt 0.867188 0.0966207 
vt 0.851562 0.0966207 
vt 0.648438 -0.212738 
vt 0.632812 -0.212738 
vt 0.648438 0.0966207 
vt 0.632812 0.0966207 
vt 0.50046 -0.919844 
vt 0.46921 -0.919844 
vt 0.50046 -0.610485 
vt 0.46921 -0.610485 
vt 1.03079 -0.919844 
vt 0.99954 -0.919844 
vt 1.03079 -0.610485 
vt 0.99954 -0.610485 
vt 0.867188 -0.919844 
vt 0.851562 -0.919844 
vt 0.867188 -0.610485 
vt 0.851562 -0.610485 
vt 0.648438 -0.919844 
vt 0.632812 -0.919844 
vt 0.648438 -0.610485 
vt 0.632812 -0.610485 
vt 0.677237 -0.566291 
vt 0.645987 -0.566291 
vt 0.677237 -0.256932 
vt 0.645987 -0.256932 
vt 0.854013 -0.566291 
vt 0.822763 -0.566291 
vt 0.854013 -0.256932 
vt 0.822763 -0.256932 
vt 0.867188 -0.566291 
vt 0.851562 -0.566291 
vt 0.867188 -0.256932 
vt 0.851562 -0.256932 
vt 0.648438 -0.566291 
vt 0.632812 -0.566291 
vt 0.648438 -0.256932 
vt 0.632812 -0.256932 
vt 0.854013 -0.566291 
vt 0.822763 -0.566291 
vt 0.854013 -0.256932 
vt 0.822763 -0.256932 
vt 0.677237 -0.566291 
vt 0.645987 -0.566291 
vt 0.677237 -0.256932 
vt 0.645987 -0.256932 
vt 0.867188 -0.566291 
vt 0.851562 -0.566291 
vt 0.867188 -0.256932 
vt 0.851562 -0.256932 
vt 0.648438 -0.566291 
vt 0.632812 -0.566291 
vt 0.648438 -0.256932 
vt 0.632812 -0.256932 
vt 1.03079 -0.919844 
vt 0.99954 -0.919844 
vt 1.03079 -0.610485 
vt 0.99954 -0.610485 
vt 0.50046 -0.919844 
vt 0.46921 -0.919844 
vt 0.50046 -0.610485 
vt 0.46921 -0.610485 
vt 0.867188 -0.919844 
vt 0.851562 -0.919844 
vt 0.867188 -0.610485 
vt 0.851562 -0.610485 
vt 0.648438 -0.919844 
vt 0.632812 -0.919844 
vt 0.648438 -0.610485 
vt 0.632812 -0.610485 
vt 1.20757 -0.212738 
vt 1.17632 -0.212738 
vt 1.20757 0.0966207 
vt 1.17632 0.0966207 
vt 0.323684 -0.212738 
vt 0.292434 -0.212738 
vt 0.323684 0.0966207 
vt 0.292434 0.0966207 
vt 0.867188 -0.212738 
vt 0.851562 -0.212738 
vt 0.867188 0.0966207 
vt 0.851562 0.0966207 
vt 0.648438 -0.212738 
vt 0.632812 -0.212738 
vt 0.648438 0.0966207 
vt 0.632812 0.0966207 
vt 0.875 -1.25 
vt 0.84375 -1.25 
vt 0.875 0.25 
vt 0.84375 0.25 
vt 0.65625 -1.25 
vt 0.625 -1.25 
vt 0.65625 0.25 
vt 0.625 0.25 
vt 0.875 -1.25 
vt 0.84375 -1.25 
vt 0.875 0.25 
vt 0.84375 0.25 
vt 0.65625 -1.25 
vt 0.625 -1.25 
vt 0.65625 0.25 
vt 0.625 0.25 
vt 0.84375 0.21875 
vt 0.65625 0.21875 
vt 0.84375 0.25 
vt 0.65625 0.25 
vt 0.84375 0.21875 
vt 0.65625 0.21875 
vt 0.84375 0.25 
vt 0.65625 0.25 
vt 0.84375 -0.40625 
vt 0.625 -0.40625 
vt 0.84375 -0.375 
vt 0.625 -0.375 
vt 0.84375 -0.40625 
vt 0.65625 -0.40625 
vt 0.84375 -0.375 
vt 0.65625 -0.375 
vt 0.84375 -0.03125 
vt 0.65625 -0.03125 
vt 0.84375 0.03125 
vt 0.65625 0.03125 
vt 0.84375 -0.03125 
vt 0.65625 -0.03125 
vt 0.84375 0.03125 
vt 0.65625 0.03125 
vt 0.84375 -0.40625 
vt 0.65625 -0.40625 
vt 0.84375 -0.375 
vt 0.65625 -0.375 
vt 0.84375 -0.40625 
vt 0.65625 -0.40625 
vt 0.84375 -0.375 
vt 0.65625 -0.375 
vt 0.84375 -0.28125 
vt 0.65625 -0.28125 
vt 0.84375 -0.21875 
vt 0.65625 -0.21875 
vt 0.84375 -0.28125 
vt 0.65625 -0.28125 
vt 0.84375 -0.21875 
vt 0.65625 -0.21875 
vt 0.84375 -0.40625 
vt 0.65625 -0.40625 
vt 0.84375 -0.375 
vt 0.65625 -0.375 
vt 0.84375 -0.40625 
vt 0.65625 -0.40625 
vt 0.84375 -0.375 
vt 0.65625 -0.375 
vt 0.84375 -0.53125 
vt 0.65625 -0.53125 
vt 0.84375 -0.46875 
vt 0.65625 -0.46875 
vt 0.84375 -0.53125 
vt 0.65625 -0.53125 
vt 0.84375 -0.46875 
vt 0.65625 -0.46875 
vt 0.84375 -0.40625 
vt 0.65625 -0.40625 
vt 0.84375 -0.375 
vt 0.65625 -0.375 
vt 0.84375 -0.40625 
vt 0.65625 -0.40625 
vt 0.84375 -0.375 
vt 0.65625 -0.375 
vt 0.84375 -0.78125 
vt 0.65625 -0.78125 
vt 0.84375 -0.71875 
vt 0.65625 -0.71875 
vt 0.84375 -0.78125 
vt 0.65625 -0.78125 
vt 0.84375 -0.71875 
vt 0.65625 -0.71875 
vt 0.84375 -0.40625 
vt 0.65625 -0.40625 
vt 0.84375 -0.375 
vt 0.65625 -0.375 
vt 0.84375 -0.40625 
vt 0.65625 -0.40625 
vt 0.84375 -0.375 
vt 0.65625 -0.375 
vt 0.84375 -1.03125 
vt 0.65625 -1.03125 
vt 0.84375 -0.96875 
vt 0.65625 -0.96875 
vt 0.84375 -1.03125 
vt 0.65625 -1.03125 
vt 0.84375 -0.96875 
vt 0.65625 -0.96875 
vt 0.84375 -0.40625 
vt 0.65625 -0.40625 
vt 0.84375 -0.375 
vt 0.65625 -0.375 
vt 0.84375 -0.40625 
vt 0.65625 -0.40625 
vt 0.84375 -0.375 
vt 0.65625 -0.375 
vt 0.84375 -1.25 
vt 0.65625 -1.25 
vt 0.84375 -1.21875 
vt 0.65625 -1.21875 
vt 0.84375 -1.25 
vt 0.65625 -1.25 
vt 0.84375 -1.21875 
vt 0.65625 -1.21875 
vt 0.84375 -0.40625 
vt 0.65625 -0.40625 
vt 0.84375 -0.375 
vt 0.65625 -0.375 
vt 0.875 -0.40625 
vt 0.65625 -0.40625 
vt 0.875 -0.375 
vt 0.65625 -0.375 
vt 0.323684 -0.212738 
vt 0.292434 -0.212738 
vt 0.323684 0.0966207 
vt 0.292434 0.0966207 
vt 1.20757 -0.212738 
vt 1.17632 -0.212738 
vt 1.20757 0.0966207 
vt 1.17632 0.0966207 
vt 0.867188 -0.212738 
vt 0.851562 -0.212738 
vt 0.867188 0.0966207 
vt 0.851562 0.0966207 
vt 0.648438 -0.212738 
vt 0.632812 -0.212738 
vt 0.648438 0.0966207 
vt 0.632812 0.0966207 
vt 0.50046 -0.919844 
vt 0.46921 -0.919844 
vt 0.50046 -0.610485 
vt 0.46921 -0.610485 
vt 1.03079 -0.919844 
vt 0.99954 -0.919844 
vt 1.03079 -0.610485 
vt 0.99954 -0.610485 
vt 0.867188 -0.919844 
vt 0.851562 -0.919844 
vt 0.867188 -0.610485 
vt 0.851562 -0.610485 
vt 0.648438 -0.919844 
vt 0.632812 -0.919844 
vt 0.648438 -0.610485 
vt 0.632812 -0.610485 
vt 0.677237 -0.566291 
vt 0.645987 -0.566291 
vt 0.677237 -0.256932 
vt 0.645987 -0.256932 
vt 0.854013 -0.566291 
vt 0.822763 -0.566291 
vt 0.854013 -0.256932 
vt 0.822763 -0.256932 
vt 0.867188 -0.566291 
vt 0.851562 -0.566291 
vt 0.867188 -0.256932 
vt 0.851562 -0.256932 
vt 0.648438 -0.566291 
vt 0.632812 -0.566291 
vt 0.648438 -0.256932 
vt 0.632812 -0.256932 
vt 0.854013 -0.566291 
vt 0.822763 -0.566291 
vt 0.854013 -0.256932 
vt 0.822763 -0.256932 
vt 0.677237 -0.566291 
vt 0.645987 -0.566291 
vt 0.677237 -0.256932 
vt 0.645987 -0.256932 
vt 0.867188 -0.566291 
vt 0.851562 -0.566291 
vt 0.867188 -0.256932 
vt 0.851562 -0.256932 
vt 0.648438 -0.566291 
vt 0.632812 -0.566291 
vt 0.648438 -0.256932 
vt 0.632812 -0.256932 
vt 1.03079 -0.919844 
vt 0.99954 -0.919844 
vt 1.03079 -0.610485 
vt 0.99954 -0.610485 
vt 0.50046 -0.919844 
vt 0.46921 -0.919844 
vt 0.50046 -0.610485 
vt 0.46921 -0.610485 
vt 0.867188 -0.919844 
vt 0.851562 -0.919844 
vt 0.867188 -0.610485 
vt 0.851562 -0.610485 
vt 0.648438 -0.919844 
vt 0.632812 -0.919844 
vt 0.648438 -0.610485 
vt 0.632812 -0.610485 
vt 1.20757 -0.212738 
vt 1.17632 -0.212738 
vt 1.20757 0.0966207 
vt 1.17632 0.0966207 
vt 0.323684 -0.212738 
vt 0.292434 -0.212738 
vt 0.323684 0.0966207 
vt 0.292434 0.0966207 
vt 0.867188 -0.212738 
vt 0.851562 -0.212738 
vt 0.867188 0.0966207 
vt 0.851562 0.0966207 
vt 0.648438 -0.212738 
vt 0.632812 -0.212738 
vt 0.648438 0.0966207 
vt 0.632812 0.0966207 

usemtl Truss1Mtl

f 2415/2415/2415 2416/2416/2416 2417/2417/2417 
f 2417/2417/2417 2416/2416/2416 2418/2418/2418 
f 2419/2419/2419 2420/2420/2420 2421/2421/2421 
f 2421/2421/2421 2420/2420/2420 2422/2422/2422 
f 2423/2423/2423 2424/2424/2424 2425/2425/2425 
f 2425/2425/2425 2424/2424/2424 2426/2426/2426 
f 2427/2427/2427 2428/2428/2428 2429/2429/2429 
f 2429/2429/2429 2428/2428/2428 2430/2430/2430 
f 2431/2431/2431 2432/2432/2432 2433/2433/2433 
f 2433/2433/2433 2432/2432/2432 2434/2434/2434 
f 2435/2435/2435 2436/2436/2436 2437/2437/2437 
f 2437/2437/2437 2436/2436/2436 2438/2438/2438 
f 2439/2439/2439 2440/2440/2440 2441/2441/2441 
f 2441/2441/2441 2440/2440/2440 2442/2442/2442 
f 2443/2443/2443 2444/2444/2444 2445/2445/2445 
f 2445/2445/2445 2444/2444/2444 2446/2446/2446 
f 2447/2447/2447 2448/2448/2448 2449/2449/2449 
f 2449/2449/2449 2448/2448/2448 2450/2450/2450 
f 2451/2451/2451 2452/2452/2452 2453/2453/2453 
f 2453/2453/2453 2452/2452/2452 2454/2454/2454 
f 2455/2455/2455 2456/2456/2456 2457/2457/2457 
f 2457/2457/2457 2456/2456/2456 2458/2458/2458 
f 2459/2459/2459 2460/2460/2460 2461/2461/2461 
f 2461/2461/2461 2460/2460/2460 2462/2462/2462 
f 2463/2463/2463 2464/2464/2464 2465/2465/2465 
f 2465/2465/2465 2464/2464/2464 2466/2466/2466 
f 2467/2467/2467 2468/2468/2468 2469/2469/2469 
f 2469/2469/2469 2468/2468/2468 2470/2470/2470 
f 2471/2471/2471 2472/2472/2472 2473/2473/2473 
f 2473/2473/2473 2472/2472/2472 2474/2474/2474 
f 2475/2475/2475 2476/2476/2476 2477/2477/2477 
f 2477/2477/2477 2476/2476/2476 2478/2478/2478 
f 2479/2479/2479 2480/2480/2480 2481/2481/2481 
f 2481/2481/2481 2480/2480/2480 2482/2482/2482 
f 2483/2483/2483 2484/2484/2484 2485/2485/2485 
f 2485/2485/2485 2484/2484/2484 2486/2486/2486 
f 2487/2487/2487 2488/2488/2488 2489/2489/2489 
f 2489/2489/2489 2488/2488/2488 2490/2490/2490 
f 2491/2491/2491 2492/2492/2492 2493/2493/2493 
f 2493/2493/2493 2492/2492/2492 2494/2494/2494 
f 2495/2495/2495 2496/2496/2496 2497/2497/2497 
f 2497/2497/2497 2496/2496/2496 2498/2498/2498 
f 2499/2499/2499 2500/2500/2500 2501/2501/2501 
f 2501/2501/2501 2500/2500/2500 2502/2502/2502 
f 2503/2503/2503 2504/2504/2504 2505/2505/2505 
f 2505/2505/2505 2504/2504/2504 2506/2506/2506 
f 2507/2507/2507 2508/2508/2508 2509/2509/2509 
f 2509/2509/2509 2508/2508/2508 2510/2510/2510 
f 2511/2511/2511 2512/2512/2512 2513/2513/2513 
f 2513/2513/2513 2512/2512/2512 2514/2514/2514 
f 2515/2515/2515 2516/2516/2516 2517/2517/2517 
f 2517/2517/2517 2516/2516/2516 2518/2518/2518 
f 2519/2519/2519 2520/2520/2520 2521/2521/2521 
f 2521/2521/2521 2520/2520/2520 2522/2522/2522 
f 2523/2523/2523 2524/2524/2524 2525/2525/2525 
f 2525/2525/2525 2524/2524/2524 2526/2526/2526 
f 2527/2527/2527 2528/2528/2528 2529/2529/2529 
f 2529/2529/2529 2528/2528/2528 2530/2530/2530 
f 2531/2531/2531 2532/2532/2532 2533/2533/2533 
f 2533/2533/2533 2532/2532/2532 2534/2534/2534 
f 2535/2535/2535 2536/2536/2536 2537/2537/2537 
f 2537/2537/2537 2536/2536/2536 2538/2538/2538 
f 2539/2539/2539 2540/2540/2540 2541/2541/2541 
f 2541/2541/2541 2540/2540/2540 2542/2542/2542 
f 2543/2543/2543 2544/2544/2544 2545/2545/2545 
f 2545/2545/2545 2544/2544/2544 2546/2546/2546 
f 2547/2547/2547 2548/2548/2548 2549/2549/2549 
f 2549/2549/2549 2548/2548/2548 2550/2550/2550 
f 2551/2551/2551 2552/2552/2552 2553/2553/2553 
f 2553/2553/2553 2552/2552/2552 2554/2554/2554 
f 2555/2555/2555 2556/2556/2556 2557/2557/2557 
f 2557/2557/2557 2556/2556/2556 2558/2558/2558 
f 2559/2559/2559 2560/2560/2560 2561/2561/2561 
f 2561/2561/2561 2560/2560/2560 2562/2562/2562 
f 2563/2563/2563 2564/2564/2564 2565/2565/2565 
f 2565/2565/2565 2564/2564/2564 2566/2566/2566 
f 2567/2567/2567 2568/2568/2568 2569/2569/2569 
f 2569/2569/2569 2568/2568/2568 2570/2570/2570 
f 2571/2571/2571 2572/2572/2572 2573/2573/2573 
f 2573/2573/2573 2572/2572/2572 2574/2574/2574 
f 2575/2575/2575 2576/2576/2576 2577/2577/2577 
f 2577/2577/2577 2576/2576/2576 2578/2578/2578 
f 2579/2579/2579 2580/2580/2580 2581/2581/2581 
f 2581/2581/2581 2580/2580/2580 2582/2582/2582 
f 2583/2583/2583 2584/2584/2584 2585/2585/2585 
f 2585/2585/2585 2584/2584/2584 2586/2586/2586 
f 2587/2587/2587 2588/2588/2588 2589/2589/2589 
f 2589/2589/2589 2588/2588/2588 2590/2590/2590 
f 2591/2591/2591 2592/2592/2592 2593/2593/2593 
f 2593/2593/2593 2592/2592/2592 2594/2594/2594 
f 2595/2595/2595 2596/2596/2596 2597/2597/2597 
f 2597/2597/2597 2596/2596/2596 2598/2598/2598 
f 2599/2599/2599 2600/2600/2600 2601/2601/2601 
f 2601/2601/2601 2600/2600/2600 2602/2602/2602 
f 2603/2603/2603 2604/2604/2604 2605/2605/2605 
f 2605/2605/2605 2604/2604/2604 2606/2606/2606 
f 2607/2607/2607 2608/2608/2608 2609/2609/2609 
f 2609/2609/2609 2608/2608/2608 2610/2610/2610 
f 2611/2611/2611 2612/2612/2612 2613/2613/2613 
f 2613/2613/2613 2612/2612/2612 2614/2614/2614 
f 2615/2615/2615 2616/2616/2616 2617/2617/2617 
f 2617/2617/2617 2616/2616/2616 2618/2618/2618 
f 2619/2619/2619 2620/2620/2620 2621/2621/2621 
f 2621/2621/2621 2620/2620/2620 2622/2622/2622 
f 2623/2623/2623 2624/2624/2624 2625/2625/2625 
f 2625/2625/2625 2624/2624/2624 2626/2626/2626 
f 2627/2627/2627 2628/2628/2628 2629/2629/2629 
f 2629/2629/2629 2628/2628/2628 2630/2630/2630 
f 2631/2631/2631 2632/2632/2632 2633/2633/2633 
f 2633/2633/2633 2632/2632/2632 2634/2634/2634 
f 2635/2635/2635 2636/2636/2636 2637/2637/2637 
f 2637/2637/2637 2636/2636/2636 2638/2638/2638 
f 2639/2639/2639 2640/2640/2640 2641/2641/2641 
f 2641/2641/2641 2640/2640/2640 2642/2642/2642 
f 2643/2643/2643 2644/2644/2644 2645/2645/2645 
f 2645/2645/2645 2644/2644/2644 2646/2646/2646 
f 2647/2647/2647 2648/2648/2648 2649/2649/2649 
f 2649/2649/2649 2648/2648/2648 2650/2650/2650 
f 2651/2651/2651 2652/2652/2652 2653/2653/2653 
f 2653/2653/2653 2652/2652/2652 2654/2654/2654 
f 2655/2655/2655 2656/2656/2656 2657/2657/2657 
f 2657/2657/2657 2656/2656/2656 2658/2658/2658 
f 2659/2659/2659 2660/2660/2660 2661/2661/2661 
f 2661/2661/2661 2660/2660/2660 2662/2662/2662 
f 2663/2663/2663 2664/2664/2664 2665/2665/2665 
f 2665/2665/2665 2664/2664/2664 2666/2666/2666 
f 2667/2667/2667 2668/2668/2668 2669/2669/2669 
f 2669/2669/2669 2668/2668/2668 2670/2670/2670 
f 2671/2671/2671 2672/2672/2672 2673/2673/2673 
f 2673/2673/2673 2672/2672/2672 2674/2674/2674 
f 2675/2675/2675 2676/2676/2676 2677/2677/2677 
f 2677/2677/2677 2676/2676/2676 2678/2678/2678 
f 2679/2679/2679 2680/2680/2680 2681/2681/2681 
f 2681/2681/2681 2680/2680/2680 2682/2682/2682 
f 2683/2683/2683 2684/2684/2684 2685/2685/2685 
f 2685/2685/2685 2684/2684/2684 2686/2686/2686 
f 2687/2687/2687 2688/2688/2688 2689/2689/2689 
f 2689/2689/2689 2688/2688/2688 2690/2690/2690 
f 2691/2691/2691 2692/2692/2692 2693/2693/2693 
f 2693/2693/2693 2692/2692/2692 2694/2694/2694 
f 2695/2695/2695 2696/2696/2696 2697/2697/2697 
f 2697/2697/2697 2696/2696/2696 2698/2698/2698 
f 2699/2699/2699 2700/2700/2700 2701/2701/2701 
f 2701/2701/2701 2700/2700/2700 2702/2702/2702 
f 2703/2703/2703 2704/2704/2704 2705/2705/2705 
f 2705/2705/2705 2704/2704/2704 2706/2706/2706 
f 2707/2707/2707 2708/2708/2708 2709/2709/2709 
f 2709/2709/2709 2708/2708/2708 2710/2710/2710 
f 2711/2711/2711 2712/2712/2712 2713/2713/2713 
f 2713/2713/2713 2712/2712/2712 2714/2714/2714 
f 2715/2715/2715 2716/2716/2716 2717/2717/2717 
f 2717/2717/2717 2716/2716/2716 2718/2718/2718 
f 2719/2719/2719 2720/2720/2720 2721/2721/2721 
f 2721/2721/2721 2720/2720/2720 2722/2722/2722 
f 2723/2723/2723 2724/2724/2724 2725/2725/2725 
f 2725/2725/2725 2724/2724/2724 2726/2726/2726 
f 2727/2727/2727 2728/2728/2728 2729/2729/2729 
f 2729/2729/2729 2728/2728/2728 2730/2730/2730 
f 2731/2731/2731 2732/2732/2732 2733/2733/2733 
f 2733/2733/2733 2732/2732/2732 2734/2734/2734 
f 2735/2735/2735 2736/2736/2736 2737/2737/2737 
f 2737/2737/2737 2736/2736/2736 2738/2738/2738 
f 2739/2739/2739 2740/2740/2740 2741/2741/2741 
f 2741/2741/2741 2740/2740/2740 2742/2742/2742 
f 2743/2743/2743 2744/2744/2744 2745/2745/2745 
f 2745/2745/2745 2744/2744/2744 2746/2746/2746 
f 2747/2747/2747 2748/2748/2748 2749/2749/2749 
f 2749/2749/2749 2748/2748/2748 2750/2750/2750 
f 2751/2751/2751 2752/2752/2752 2753/2753/2753 
f 2753/2753/2753 2752/2752/2752 2754/2754/2754 
f 2755/2755/2755 2756/2756/2756 2757/2757/2757 
f 2757/2757/2757 2756/2756/2756 2758/2758/2758 
f 2759/2759/2759 2760/2760/2760 2761/2761/2761 
f 2761/2761/2761 2760/2760/2760 2762/2762/2762 
f 2763/2763/2763 2764/2764/2764 2765/2765/2765 
f 2765/2765/2765 2764/2764/2764 2766/2766/2766 
f 2767/2767/2767 2768/2768/2768 2769/2769/2769 
f 2769/2769/2769 2768/2768/2768 2770/2770/2770 
f 2771/2771/2771 2772/2772/2772 2773/2773/2773 
f 2773/2773/2773 2772/2772/2772 2774/2774/2774 
f 2775/2775/2775 2776/2776/2776 2777/2777/2777 
f 2777/2777/2777 2776/2776/2776 2778/2778/2778 
f 2779/2779/2779 2780/2780/2780 2781/2781/2781 
f 2781/2781/2781 2780/2780/2780 2782/2782/2782 
f 2783/2783/2783 2784/2784/2784 2785/2785/2785 
f 2785/2785/2785 2784/2784/2784 2786/2786/2786 
f 2787/2787/2787 2788/2788/2788 2789/2789/2789 
f 2789/2789/2789 2788/2788/2788 2790/2790/2790 
f 2791/2791/2791 2792/2792/2792 2793/2793/2793 
f 2793/2793/2793 2792/2792/2792 2794/2794/2794 
f 2795/2795/2795 2796/2796/2796 2797/2797/2797 
f 2797/2797/2797 2796/2796/2796 2798/2798/2798 
f 2799/2799/2799 2800/2800/2800 2801/2801/2801 
f 2801/2801/2801 2800/2800/2800 2802/2802/2802 
f 2803/2803/2803 2804/2804/2804 2805/2805/2805 
f 2805/2805/2805 2804/2804/2804 2806/2806/2806 
f 2807/2807/2807 2808/2808/2808 2809/2809/2809 
f 2809/2809/2809 2808/2808/2808 2810/2810/2810 
f 2811/2811/2811 2812/2812/2812 2813/2813/2813 
f 2813/2813/2813 2812/2812/2812 2814/2814/2814 
f 2815/2815/2815 2816/2816/2816 2817/2817/2817 
f 2817/2817/2817 2816/2816/2816 2818/2818/2818 
f 2819/2819/2819 2820/2820/2820 2821/2821/2821 
f 2821/2821/2821 2820/2820/2820 2822/2822/2822 
f 2823/2823/2823 2824/2824/2824 2825/2825/2825 
f 2825/2825/2825 2824/2824/2824 2826/2826/2826 
f 2827/2827/2827 2828/2828/2828 2829/2829/2829 
f 2829/2829/2829 2828/2828/2828 2830/2830/2830 
f 2831/2831/2831 2832/2832/2832 2833/2833/2833 
f 2833/2833/2833 2832/2832/2832 2834/2834/2834 
f 2835/2835/2835 2836/2836/2836 2837/2837/2837 
f 2837/2837/2837 2836/2836/2836 2838/2838/2838 
f 2839/2839/2839 2840/2840/2840 2841/2841/2841 
f 2841/2841/2841 2840/2840/2840 2842/2842/2842 
f 2843/2843/2843 2844/2844/2844 2845/2845/2845 
f 2845/2845/2845 2844/2844/2844 2846/2846/2846 
f 2847/2847/2847 2848/2848/2848 2849/2849/2849 
f 2849/2849/2849 2848/2848/2848 2850/2850/2850 
f 2851/2851/2851 2852/2852/2852 2853/2853/2853 
f 2853/2853/2853 2852/2852/2852 2854/2854/2854 
f 2855/2855/2855 2856/2856/2856 2857/2857/2857 
f 2857/2857/2857 2856/2856/2856 2858/2858/2858 
f 2859/2859/2859 2860/2860/2860 2861/2861/2861 
f 2861/2861/2861 2860/2860/2860 2862/2862/2862 
f 2863/2863/2863 2864/2864/2864 2865/2865/2865 
f 2865/2865/2865 2864/2864/2864 2866/2866/2866 
f 2867/2867/2867 2868/2868/2868 2869/2869/2869 
f 2869/2869/2869 2868/2868/2868 2870/2870/2870 
f 2871/2871/2871 2872/2872/2872 2873/2873/2873 
f 2873/2873/2873 2872/2872/2872 2874/2874/2874 
f 2875/2875/2875 2876/2876/2876 2877/2877/2877 
f 2877/2877/2877 2876/2876/2876 2878/2878/2878 
f 2879/2879/2879 2880/2880/2880 2881/2881/2881 
f 2881/2881/2881 2880/2880/2880 2882/2882/2882 
f 2883/2883/2883 2884/2884/2884 2885/2885/2885 
f 2885/2885/2885 2884/2884/2884 2886/2886/2886 
f 2887/2887/2887 2888/2888/2888 2889/2889/2889 
f 2889/2889/2889 2888/2888/2888 2890/2890/2890 
f 2891/2891/2891 2892/2892/2892 2893/2893/2893 
f 2893/2893/2893 2892/2892/2892 2894/2894/2894 
f 2895/2895/2895 2896/2896/2896 2897/2897/2897 
f 2897/2897/2897 2896/2896/2896 2898/2898/2898 
f 2899/2899/2899 2900/2900/2900 2901/2901/2901 
f 2901/2901/2901 2900/2900/2900 2902/2902/2902 
f 2903/2903/2903 2904/2904/2904 2905/2905/2905 
f 2905/2905/2905 2904/2904/2904 2906/2906/2906 
f 2907/2907/2907 2908/2908/2908 2909/2909/2909 
f 2909/2909/2909 2908/2908/2908 2910/2910/2910 
f 2911/2911/2911 2912/2912/2912 2913/2913/2913 
f 2913/2913/2913 2912/2912/2912 2914/2914/2914 
f 2915/2915/2915 2916/2916/2916 2917/2917/2917 
f 2917/2917/2917 2916/2916/2916 2918/2918/2918 
f 2919/2919/2919 2920/2920/2920 2921/2921/2921 
f 2921/2921/2921 2920/2920/2920 2922/2922/2922 
f 2923/2923/2923 2924/2924/2924 2925/2925/2925 
f 2925/2925/2925 2924/2924/2924 2926/2926/2926 
f 2927/2927/2927 2928/2928/2928 2929/2929/2929 
f 2929/2929/2929 2928/2928/2928 2930/2930/2930 
f 2931/2931/2931 2932/2932/2932 2933/2933/2933 
f 2933/2933/2933 2932/2932/2932 2934/2934/2934 
f 2935/2935/2935 2936/2936/2936 2937/2937/2937 
f 2937/2937/2937 2936/2936/2936 2938/2938/2938 
f 2939/2939/2939 2940/2940/2940 2941/2941/2941 
f 2941/2941/2941 2940/2940/2940 2942/2942/2942 
f 2943/2943/2943 2944/2944/2944 2945/2945/2945 
f 2945/2945/2945 2944/2944/2944 2946/2946/2946 
f 2947/2947/2947 2948/2948/2948 2949/2949/2949 
f 2949/2949/2949 2948/2948/2948 2950/2950/2950 
f 2951/2951/2951 2952/2952/2952 2953/2953/2953 
f 2953/2953/2953 2952/2952/2952 2954/2954/2954 
f 2955/2955/2955 2956/2956/2956 2957/2957/2957 
f 2957/2957/2957 2956/2956/2956 2958/2958/2958 
f 2959/2959/2959 2960/2960/2960 2961/2961/2961 
f 2961/2961/2961 2960/2960/2960 2962/2962/2962 
f 2963/2963/2963 2964/2964/2964 2965/2965/2965 
f 2965/2965/2965 2964/2964/2964 2966/2966/2966 
f 2967/2967/2967 2968/2968/2968 2969/2969/2969 
f 2969/2969/2969 2968/2968/2968 2970/2970/2970 
f 2971/2971/2971 2972/2972/2972 2973/2973/2973 
f 2973/2973/2973 2972/2972/2972 2974/2974/2974 
f 2975/2975/2975 2976/2976/2976 2977/2977/2977 
f 2977/2977/2977 2976/2976/2976 2978/2978/2978 
f 2979/2979/2979 2980/2980/2980 2981/2981/2981 
f 2981/2981/2981 2980/2980/2980 2982/2982/2982 
f 2983/2983/2983 2984/2984/2984 2985/2985/2985 
f 2985/2985/2985 2984/2984/2984 2986/2986/2986 
f 2987/2987/2987 2988/2988/2988 2989/2989/2989 
f 2989/2989/2989 2988/2988/2988 2990/2990/2990 
f 2991/2991/2991 2992/2992/2992 2993/2993/2993 
f 2993/2993/2993 2992/2992/2992 2994/2994/2994 
f 2995/2995/2995 2996/2996/2996 2997/2997/2997 
f 2997/2997/2997 2996/2996/2996 2998/2998/2998 
f 2999/2999/2999 3000/3000/3000 3001/3001/3001 
f 3001/3001/3001 3000/3000/3000 3002/3002/3002 
f 3003/3003/3003 3004/3004/3004 3005/3005/3005 
f 3005/3005/3005 3004/3004/3004 3006/3006/3006 
f 3007/3007/3007 3008/3008/3008 3009/3009/3009 
f 3009/3009/3009 3008/3008/3008 3010/3010/3010 
f 3011/3011/3011 3012/3012/3012 3013/3013/3013 
f 3013/3013/3013 3012/3012/3012 3014/3014/3014 
f 3015/3015/3015 3016/3016/3016 3017/3017/3017 
f 3017/3017/3017 3016/3016/3016 3018/3018/3018 
f 3019/3019/3019 3020/3020/3020 3021/3021/3021 
f 3021/3021/3021 3020/3020/3020 3022/3022/3022 
f 3023/3023/3023 3024/3024/3024 3025/3025/3025 
f 3025/3025/3025 3024/3024/3024 3026/3026/3026 
f 3027/3027/3027 3028/3028/3028 3029/3029/3029 
f 3029/3029/3029 3028/3028/3028 3030/3030/3030 
f 3031/3031/3031 3032/3032/3032 3033/3033/3033 
f 3033/3033/3033 3032/3032/3032 3034/3034/3034 
f 3035/3035/3035 3036/3036/3036 3037/3037/3037 
f 3037/3037/3037 3036/3036/3036 3038/3038/3038 
f 3039/3039/3039 3040/3040/3040 3041/3041/3041 
f 3041/3041/3041 3040/3040/3040 3042/3042/3042 
f 3043/3043/3043 3044/3044/3044 3045/3045/3045 
f 3045/3045/3045 3044/3044/3044 3046/3046/3046 
f 3047/3047/3047 3048/3048/3048 3049/3049/3049 
f 3049/3049/3049 3048/3048/3048 3050/3050/3050 
f 3051/3051/3051 3052/3052/3052 3053/3053/3053 
f 3053/3053/3053 3052/3052/3052 3054/3054/3054 
f 3055/3055/3055 3056/3056/3056 3057/3057/3057 
f 3057/3057/3057 3056/3056/3056 3058/3058/3058 
f 3059/3059/3059 3060/3060/3060 3061/3061/3061 
f 3061/3061/3061 3060/3060/3060 3062/3062/3062 
f 3063/3063/3063 3064/3064/3064 3065/3065/3065 
f 3065/3065/3065 3064/3064/3064 3066/3066/3066 
f 3067/3067/3067 3068/3068/3068 3069/3069/3069 
f 3069/3069/3069 3068/3068/3068 3070/3070/3070 
f 3071/3071/3071 3072/3072/3072 3073/3073/3073 
f 3073/3073/3073 3072/3072/3072 3074/3074/3074 
f 3075/3075/3075 3076/3076/3076 3077/3077/3077 
f 3077/3077/3077 3076/3076/3076 3078/3078/3078 
f 3079/3079/3079 3080/3080/3080 3081/3081/3081 
f 3081/3081/3081 3080/3080/3080 3082/3082/3082 
f 3083/3083/3083 3084/3084/3084 3085/3085/3085 
f 3085/3085/3085 3084/3084/3084 3086/3086/3086 
f 3087/3087/3087 3088/3088/3088 3089/3089/3089 
f 3089/3089/3089 3088/3088/3088 3090/3090/3090 
f 3091/3091/3091 3092/3092/3092 3093/3093/3093 
f 3093/3093/3093 3092/3092/3092 3094/3094/3094 
f 3095/3095/3095 3096/3096/3096 3097/3097/3097 
f 3097/3097/3097 3096/3096/3096 3098/3098/3098 
f 3099/3099/3099 3100/3100/3100 3101/3101/3101 
f 3101/3101/3101 3100/3100/3100 3102/3102/3102 
f 3103/3103/3103 3104/3104/3104 3105/3105/3105 
f 3105/3105/3105 3104/3104/3104 3106/3106/3106 
f 3107/3107/3107 3108/3108/3108 3109/3109/3109 
f 3109/3109/3109 3108/3108/3108 3110/3110/3110 
f 3111/3111/3111 3112/3112/3112 3113/3113/3113 
f 3113/3113/3113 3112/3112/3112 3114/3114/3114 
f 3115/3115/3115 3116/3116/3116 3117/3117/3117 
f 3117/3117/3117 3116/3116/3116 3118/3118/3118 
f 3119/3119/3119 3120/3120/3120 3121/3121/3121 
f 3121/3121/3121 3120/3120/3120 3122/3122/3122 
f 3123/3123/3123 3124/3124/3124 3125/3125/3125 
f 3125/3125/3125 3124/3124/3124 3126/3126/3126 
f 3127/3127/3127 3128/3128/3128 3129/3129/3129 
f 3129/3129/3129 3128/3128/3128 3130/3130/3130 
f 3131/3131/3131 3132/3132/3132 3133/3133/3133 
f 3133/3133/3133 3132/3132/3132 3134/3134/3134 
f 3135/3135/3135 3136/3136/3136 3137/3137/3137 
f 3137/3137/3137 3136/3136/3136 3138/3138/3138 
f 3139/3139/3139 3140/3140/3140 3141/3141/3141 
f 3141/3141/3141 3140/3140/3140 3142/3142/3142 
f 3143/3143/3143 3144/3144/3144 3145/3145/3145 
f 3145/3145/3145 3144/3144/3144 3146/3146/3146 
f 3147/3147/3147 3148/3148/3148 3149/3149/3149 
f 3149/3149/3149 3148/3148/3148 3150/3150/3150 
f 3151/3151/3151 3152/3152/3152 3153/3153/3153 
f 3153/3153/3153 3152/3152/3152 3154/3154/3154 
f 3155/3155/3155 3156/3156/3156 3157/3157/3157 
f 3157/3157/3157 3156/3156/3156 3158/3158/3158 
f 3159/3159/3159 3160/3160/3160 3161/3161/3161 
f 3161/3161/3161 3160/3160/3160 3162/3162/3162 
f 3163/3163/3163 3164/3164/3164 3165/3165/3165 
f 3165/3165/3165 3164/3164/3164 3166/3166/3166 
f 3167/3167/3167 3168/3168/3168 3169/3169/3169 
f 3169/3169/3169 3168/3168/3168 3170/3170/3170 
f 3171/3171/3171 3172/3172/3172 3173/3173/3173 
f 3173/3173/3173 3172/3172/3172 3174/3174/3174 
f 3175/3175/3175 3176/3176/3176 3177/3177/3177 
f 3177/3177/3177 3176/3176/3176 3178/3178/3178 
f 3179/3179/3179 3180/3180/3180 3181/3181/3181 
f 3181/3181/3181 3180/3180/3180 3182/3182/3182 
f 3183/3183/3183 3184/3184/3184 3185/3185/3185 
f 3185/3185/3185 3184/3184/3184 3186/3186/3186 
f 3187/3187/3187 3188/3188/3188 3189/3189/3189 
f 3189/3189/3189 3188/3188/3188 3190/3190/3190 
f 3191/3191/3191 3192/3192/3192 3193/3193/3193 
f 3193/3193/3193 3192/3192/3192 3194/3194/3194 
f 3195/3195/3195 3196/3196/3196 3197/3197/3197 
f 3197/3197/3197 3196/3196/3196 3198/3198/3198 
f 3199/3199/3199 3200/3200/3200 3201/3201/3201 
f 3201/3201/3201 3200/3200/3200 3202/3202/3202 
f 3203/3203/3203 3204/3204/3204 3205/3205/3205 
f 3205/3205/3205 3204/3204/3204 3206/3206/3206 
f 3207/3207/3207 3208/3208/3208 3209/3209/3209 
f 3209/3209/3209 3208/3208/3208 3210/3210/3210 
f 3211/3211/3211 3212/3212/3212 3213/3213/3213 
f 3213/3213/3213 3212/3212/3212 3214/3214/3214 
f 3215/3215/3215 3216/3216/3216 3217/3217/3217 
f 3217/3217/3217 3216/3216/3216 3218/3218/3218 
f 3219/3219/3219 3220/3220/3220 3221/3221/3221 
f 3221/3221/3221 3220/3220/3220 3222/3222/3222 
f 3223/3223/3223 3224/3224/3224 3225/3225/3225 
f 3225/3225/3225 3224/3224/3224 3226/3226/3226 
f 3227/3227/3227 3228/3228/3228 3229/3229/3229 
f 3229/3229/3229 3228/3228/3228 3230/3230/3230 
f 3231/3231/3231 3232/3232/3232 3233/3233/3233 
f 3233/3233/3233 3232/3232/3232 3234/3234/3234 
f 3235/3235/3235 3236/3236/3236 3237/3237/3237 
f 3237/3237/3237 3236/3236/3236 3238/3238/3238 
f 3239/3239/3239 3240/3240/3240 3241/3241/3241 
f 3241/3241/3241 3240/3240/3240 3242/3242/3242 
f 3243/3243/3243 3244/3244/3244 3245/3245/3245 
f 3245/3245/3245 3244/3244/3244 3246/3246/3246 
f 3247/3247/3247 3248/3248/3248 3249/3249/3249 
f 3249/3249/3249 3248/3248/3248 3250/3250/3250 
f 3251/3251/3251 3252/3252/3252 3253/3253/3253 
f 3253/3253/3253 3252/3252/3252 3254/3254/3254 
f 3255/3255/3255 3256/3256/3256 3257/3257/3257 
f 3257/3257/3257 3256/3256/3256 3258/3258/3258 
f 3259/3259/3259 3260/3260/3260 3261/3261/3261 
f 3261/3261/3261 3260/3260/3260 3262/3262/3262 
f 3263/3263/3263 3264/3264/3264 3265/3265/3265 
f 3265/3265/3265 3264/3264/3264 3266/3266/3266 
f 3267/3267/3267 3268/3268/3268 3269/3269/3269 
f 3269/3269/3269 3268/3268/3268 3270/3270/3270 
f 3271/3271/3271 3272/3272/3272 3273/3273/3273 
f 3273/3273/3273 3272/3272/3272 3274/3274/3274 
f 3275/3275/3275 3276/3276/3276 3277/3277/3277 
f 3277/3277/3277 3276/3276/3276 3278/3278/3278 
f 3279/3279/3279 3280/3280/3280 3281/3281/3281 
f 3281/3281/3281 3280/3280/3280 3282/3282/3282 
f 3283/3283/3283 3284/3284/3284 3285/3285/3285 
f 3285/3285/3285 3284/3284/3284 3286/3286/3286 
f 3287/3287/3287 3288/3288/3288 3289/3289/3289 
f 3289/3289/3289 3288/3288/3288 3290/3290/3290 
f 3291/3291/3291 3292/3292/3292 3293/3293/3293 
f 3293/3293/3293 3292/3292/3292 3294/3294/3294 
f 3295/3295/3295 3296/3296/3296 3297/3297/3297 
f 3297/3297/3297 3296/3296/3296 3298/3298/3298 
f 3299/3299/3299 3300/3300/3300 3301/3301/3301 
f 3301/3301/3301 3300/3300/3300 3302/3302/3302 
f 3303/3303/3303 3304/3304/3304 3305/3305/3305 
f 3305/3305/3305 3304/3304/3304 3306/3306/3306 
f 3307/3307/3307 3308/3308/3308 3309/3309/3309 
f 3309/3309/3309 3308/3308/3308 3310/3310/3310 

g Truss2

v -203 12.2 386 
v -202.75 12.2 386 
v -203 0.199999 386 
v -202.75 0.199999 386 
v -203 12.2 386.25 
v -203 12.2 386 
v -203 0.199999 386.25 
v -203 0.199999 386 
v -202.75 12.2 386 
v -202.75 12.2 386.25 
v -202.75 0.199999 386 
v -202.75 0.199999 386.25 
v -202.75 12.2 386.25 
v -203 12.2 386.25 
v -202.75 0.199999 386.25 
v -203 0.199999 386.25 
v -202.75 0.449999 386 
v -201.25 0.449999 386 
v -202.75 0.199999 386 
v -201.25 0.199999 386 
v -201.25 0.449999 386.25 
v -202.75 0.449999 386.25 
v -201.25 0.199999 386.25 
v -202.75 0.199999 386.25 
v -201.25 0.199999 386.25 
v -203 0.199999 386.25 
v -201.25 0.199999 386 
v -203 0.199999 386 
v -202.75 0.449999 386.25 
v -201.25 0.449999 386.25 
v -202.75 0.449999 386 
v -201.25 0.449999 386 
v -202.75 2.45 386 
v -201.25 2.45 386 
v -202.75 1.95 386 
v -201.25 1.95 386 
v -201.25 2.45 386.25 
v -202.75 2.45 386.25 
v -201.25 1.95 386.25 
v -202.75 1.95 386.25 
v -201.25 1.95 386.25 
v -202.75 1.95 386.25 
v -201.25 1.95 386 
v -202.75 1.95 386 
v -202.75 2.45 386.25 
v -201.25 2.45 386.25 
v -202.75 2.45 386 
v -201.25 2.45 386 
v -202.75 4.45 386 
v -201.25 4.45 386 
v -202.75 3.95 386 
v -201.25 3.95 386 
v -201.25 4.45 386.25 
v -202.75 4.45 386.25 
v -201.25 3.95 386.25 
v -202.75 3.95 386.25 
v -201.25 3.95 386.25 
v -202.75 3.95 386.25 
v -201.25 3.95 386 
v -202.75 3.95 386 
v -202.75 4.45 386.25 
v -201.25 4.45 386.25 
v -202.75 4.45 386 
v -201.25 4.45 386 
v -202.75 6.45 386 
v -201.25 6.45 386 
v -202.75 5.95 386 
v -201.25 5.95 386 
v -201.25 6.45 386.25 
v -202.75 6.45 386.25 
v -201.25 5.95 386.25 
v -202.75 5.95 386.25 
v -201.25 5.95 386.25 
v -202.75 5.95 386.25 
v -201.25 5.95 386 
v -202.75 5.95 386 
v -202.75 6.45 386.25 
v -201.25 6.45 386.25 
v -202.75 6.45 386 
v -201.25 6.45 386 
v -202.75 8.45 386 
v -201.25 8.45 386 
v -202.75 7.95 386 
v -201.25 7.95 386 
v -201.25 8.45 386.25 
v -202.75 8.45 386.25 
v -201.25 7.95 386.25 
v -202.75 7.95 386.25 
v -201.25 7.95 386.25 
v -202.75 7.95 386.25 
v -201.25 7.95 386 
v -202.75 7.95 386 
v -202.75 8.45 386.25 
v -201.25 8.45 386.25 
v -202.75 8.45 386 
v -201.25 8.45 386 
v -202.75 10.45 386 
v -201.25 10.45 386 
v -202.75 9.95 386 
v -201.25 9.95 386 
v -201.25 10.45 386.25 
v -202.75 10.45 386.25 
v -201.25 9.95 386.25 
v -202.75 9.95 386.25 
v -201.25 9.95 386.25 
v -202.75 9.95 386.25 
v -201.25 9.95 386 
v -202.75 9.95 386 
v -202.75 10.45 386.25 
v -201.25 10.45 386.25 
v -202.75 10.45 386 
v -201.25 10.45 386 
v -202.75 12.2 386 
v -201.25 12.2 386 
v -202.75 11.95 386 
v -201.25 11.95 386 
v -201.25 12.2 386.25 
v -202.75 12.2 386.25 
v -201.25 11.95 386.25 
v -202.75 11.95 386.25 
v -201.25 11.95 386.25 
v -202.75 11.95 386.25 
v -201.25 11.95 386 
v -202.75 11.95 386 
v -203 12.2 386.25 
v -201.25 12.2 386.25 
v -203 12.2 386 
v -201.25 12.2 386 
v -201.213 2.16338 386.062 
v -201.037 1.98661 386.062 
v -202.963 0.413387 386.062 
v -202.787 0.236611 386.062 
v -201.037 1.98661 386.188 
v -201.213 2.16338 386.188 
v -202.787 0.236611 386.188 
v -202.963 0.413387 386.188 
v -201.037 1.98661 386.062 
v -201.037 1.98661 386.188 
v -202.787 0.236611 386.062 
v -202.787 0.236611 386.188 
v -201.213 2.16338 386.188 
v -201.213 2.16338 386.062 
v -202.963 0.413387 386.188 
v -202.963 0.413387 386.062 
v -201.037 2.41339 386.062 
v -201.213 2.23661 386.062 
v -202.787 4.16339 386.062 
v -202.963 3.98661 386.062 
v -201.213 2.23661 386.188 
v -201.037 2.41339 386.188 
v -202.963 3.98661 386.188 
v -202.787 4.16339 386.188 
v -201.213 2.23661 386.062 
v -201.213 2.23661 386.188 
v -202.963 3.98661 386.062 
v -202.963 3.98661 386.188 
v -201.037 2.41339 386.188 
v -201.037 2.41339 386.062 
v -202.787 4.16339 386.188 
v -202.787 4.16339 386.062 
v -201.213 6.16339 386.062 
v -201.037 5.98661 386.062 
v -202.963 4.41339 386.062 
v -202.787 4.23661 386.062 
v -201.037 5.98661 386.188 
v -201.213 6.16339 386.188 
v -202.787 4.23661 386.188 
v -202.963 4.41339 386.188 
v -201.037 5.98661 386.062 
v -201.037 5.98661 386.188 
v -202.787 4.23661 386.062 
v -202.787 4.23661 386.188 
v -201.213 6.16339 386.188 
v -201.213 6.16339 386.062 
v -202.963 4.41339 386.188 
v -202.963 4.41339 386.062 
v -201.037 6.41339 386.062 
v -201.213 6.23661 386.062 
v -202.787 8.16339 386.062 
v -202.963 7.98661 386.062 
v -201.213 6.23661 386.188 
v -201.037 6.41339 386.188 
v -202.963 7.98661 386.188 
v -202.787 8.16339 386.188 
v -201.213 6.23661 386.062 
v -201.213 6.23661 386.188 
v -202.963 7.98661 386.062 
v -202.963 7.98661 386.188 
v -201.037 6.41339 386.188 
v -201.037 6.41339 386.062 
v -202.787 8.16339 386.188 
v -202.787 8.16339 386.062 
v -201.213 10.1634 386.062 
v -201.037 9.98661 386.062 
v -202.963 8.41339 386.062 
v -202.787 8.23661 386.062 
v -201.037 9.98661 386.188 
v -201.213 10.1634 386.188 
v -202.787 8.23661 386.188 
v -202.963 8.41339 386.188 
v -201.037 9.98661 386.062 
v -201.037 9.98661 386.188 
v -202.787 8.23661 386.062 
v -202.787 8.23661 386.188 
v -201.213 10.1634 386.188 
v -201.213 10.1634 386.062 
v -202.963 8.41339 386.188 
v -202.963 8.41339 386.062 
v -201.037 10.4134 386.062 
v -201.213 10.2366 386.062 
v -202.787 12.1634 386.062 
v -202.963 11.9866 386.062 
v -201.213 10.2366 386.188 
v -201.037 10.4134 386.188 
v -202.963 11.9866 386.188 
v -202.787 12.1634 386.188 
v -201.213 10.2366 386.062 
v -201.213 10.2366 386.188 
v -202.963 11.9866 386.062 
v -202.963 11.9866 386.188 
v -201.037 10.4134 386.188 
v -201.037 10.4134 386.062 
v -202.787 12.1634 386.188 
v -202.787 12.1634 386.062 
v -203 12.2 388 
v -203 12.2 387.75 
v -203 0.199999 388 
v -203 0.199999 387.75 
v -202.75 12.2 388 
v -203 12.2 388 
v -202.75 0.199999 388 
v -203 0.199999 388 
v -203 12.2 387.75 
v -202.75 12.2 387.75 
v -203 0.199999 387.75 
v -202.75 0.199999 387.75 
v -202.75 12.2 387.75 
v -202.75 12.2 388 
v -202.75 0.199999 387.75 
v -202.75 0.199999 388 
v -203 0.449999 387.75 
v -203 0.449999 386.25 
v -203 0.199999 387.75 
v -203 0.199999 386.25 
v -202.75 0.449999 386.25 
v -202.75 0.449999 387.75 
v -202.75 0.199999 386.25 
v -202.75 0.199999 387.75 
v -202.75 0.199999 386.25 
v -202.75 0.199999 388 
v -203 0.199999 386.25 
v -203 0.199999 388 
v -202.75 0.449999 387.75 
v -202.75 0.449999 386.25 
v -203 0.449999 387.75 
v -203 0.449999 386.25 
v -203 2.45 387.75 
v -203 2.45 386.25 
v -203 1.95 387.75 
v -203 1.95 386.25 
v -202.75 2.45 386.25 
v -202.75 2.45 387.75 
v -202.75 1.95 386.25 
v -202.75 1.95 387.75 
v -202.75 1.95 386.25 
v -202.75 1.95 387.75 
v -203 1.95 386.25 
v -203 1.95 387.75 
v -202.75 2.45 387.75 
v -202.75 2.45 386.25 
v -203 2.45 387.75 
v -203 2.45 386.25 
v -203 4.45 387.75 
v -203 4.45 386.25 
v -203 3.95 387.75 
v -203 3.95 386.25 
v -202.75 4.45 386.25 
v -202.75 4.45 387.75 
v -202.75 3.95 386.25 
v -202.75 3.95 387.75 
v -202.75 3.95 386.25 
v -202.75 3.95 387.75 
v -203 3.95 386.25 
v -203 3.95 387.75 
v -202.75 4.45 387.75 
v -202.75 4.45 386.25 
v -203 4.45 387.75 
v -203 4.45 386.25 
v -203 6.45 387.75 
v -203 6.45 386.25 
v -203 5.95 387.75 
v -203 5.95 386.25 
v -202.75 6.45 386.25 
v -202.75 6.45 387.75 
v -202.75 5.95 386.25 
v -202.75 5.95 387.75 
v -202.75 5.95 386.25 
v -202.75 5.95 387.75 
v -203 5.95 386.25 
v -203 5.95 387.75 
v -202.75 6.45 387.75 
v -202.75 6.45 386.25 
v -203 6.45 387.75 
v -203 6.45 386.25 
v -203 8.45 387.75 
v -203 8.45 386.25 
v -203 7.95 387.75 
v -203 7.95 386.25 
v -202.75 8.45 386.25 
v -202.75 8.45 387.75 
v -202.75 7.95 386.25 
v -202.75 7.95 387.75 
v -202.75 7.95 386.25 
v -202.75 7.95 387.75 
v -203 7.95 386.25 
v -203 7.95 387.75 
v -202.75 8.45 387.75 
v -202.75 8.45 386.25 
v -203 8.45 387.75 
v -203 8.45 386.25 
v -203 10.45 387.75 
v -203 10.45 386.25 
v -203 9.95 387.75 
v -203 9.95 386.25 
v -202.75 10.45 386.25 
v -202.75 10.45 387.75 
v -202.75 9.95 386.25 
v -202.75 9.95 387.75 
v -202.75 9.95 386.25 
v -202.75 9.95 387.75 
v -203 9.95 386.25 
v -203 9.95 387.75 
v -202.75 10.45 387.75 
v -202.75 10.45 386.25 
v -203 10.45 387.75 
v -203 10.45 386.25 
v -203 12.2 387.75 
v -203 12.2 386.25 
v -203 11.95 387.75 
v -203 11.95 386.25 
v -202.75 12.2 386.25 
v -202.75 12.2 387.75 
v -202.75 11.95 386.25 
v -202.75 11.95 387.75 
v -202.75 11.95 386.25 
v -202.75 11.95 387.75 
v -203 11.95 386.25 
v -203 11.95 387.75 
v -202.75 12.2 388 
v -202.75 12.2 386.25 
v -203 12.2 388 
v -203 12.2 386.25 
v -202.938 2.16338 386.213 
v -202.938 1.98661 386.037 
v -202.938 0.413387 387.963 
v -202.938 0.236611 387.787 
v -202.812 1.98661 386.037 
v -202.812 2.16338 386.213 
v -202.812 0.236611 387.787 
v -202.812 0.413387 387.963 
v -202.938 1.98661 386.037 
v -202.812 1.98661 386.037 
v -202.938 0.236611 387.787 
v -202.812 0.236611 387.787 
v -202.812 2.16338 386.213 
v -202.938 2.16338 386.213 
v -202.812 0.413387 387.963 
v -202.938 0.413387 387.963 
v -202.938 2.41339 386.037 
v -202.938 2.23661 386.213 
v -202.938 4.16339 387.787 
v -202.938 3.98661 387.963 
v -202.812 2.23661 386.213 
v -202.812 2.41339 386.037 
v -202.812 3.98661 387.963 
v -202.812 4.16339 387.787 
v -202.938 2.23661 386.213 
v -202.812 2.23661 386.213 
v -202.938 3.98661 387.963 
v -202.812 3.98661 387.963 
v -202.812 2.41339 386.037 
v -202.938 2.41339 386.037 
v -202.812 4.16339 387.787 
v -202.938 4.16339 387.787 
v -202.938 6.16339 386.213 
v -202.938 5.98661 386.037 
v -202.938 4.41339 387.963 
v -202.938 4.23661 387.787 
v -202.812 5.98661 386.037 
v -202.812 6.16339 386.213 
v -202.812 4.23661 387.787 
v -202.812 4.41339 387.963 
v -202.938 5.98661 386.037 
v -202.812 5.98661 386.037 
v -202.938 4.23661 387.787 
v -202.812 4.23661 387.787 
v -202.812 6.16339 386.213 
v -202.938 6.16339 386.213 
v -202.812 4.41339 387.963 
v -202.938 4.41339 387.963 
v -202.938 6.41339 386.037 
v -202.938 6.23661 386.213 
v -202.938 8.16339 387.787 
v -202.938 7.98661 387.963 
v -202.812 6.23661 386.213 
v -202.812 6.41339 386.037 
v -202.812 7.98661 387.963 
v -202.812 8.16339 387.787 
v -202.938 6.23661 386.213 
v -202.812 6.23661 386.213 
v -202.938 7.98661 387.963 
v -202.812 7.98661 387.963 
v -202.812 6.41339 386.037 
v -202.938 6.41339 386.037 
v -202.812 8.16339 387.787 
v -202.938 8.16339 387.787 
v -202.938 10.1634 386.213 
v -202.938 9.98661 386.037 
v -202.938 8.41339 387.963 
v -202.938 8.23661 387.787 
v -202.812 9.98661 386.037 
v -202.812 10.1634 386.213 
v -202.812 8.23661 387.787 
v -202.812 8.41339 387.963 
v -202.938 9.98661 386.037 
v -202.812 9.98661 386.037 
v -202.938 8.23661 387.787 
v -202.812 8.23661 387.787 
v -202.812 10.1634 386.213 
v -202.938 10.1634 386.213 
v -202.812 8.41339 387.963 
v -202.938 8.41339 387.963 
v -202.938 10.4134 386.037 
v -202.938 10.2366 386.213 
v -202.938 12.1634 387.787 
v -202.938 11.9866 387.963 
v -202.812 10.2366 386.213 
v -202.812 10.4134 386.037 
v -202.812 11.9866 387.963 
v -202.812 12.1634 387.787 
v -202.938 10.2366 386.213 
v -202.812 10.2366 386.213 
v -202.938 11.9866 387.963 
v -202.812 11.9866 387.963 
v -202.812 10.4134 386.037 
v -202.938 10.4134 386.037 
v -202.812 12.1634 387.787 
v -202.938 12.1634 387.787 
v -201 12.2 388 
v -201.25 12.2 388 
v -201 0.199999 388 
v -201.25 0.199999 388 
v -201 12.2 387.75 
v -201 12.2 388 
v -201 0.199999 387.75 
v -201 0.199999 388 
v -201.25 12.2 388 
v -201.25 12.2 387.75 
v -201.25 0.199999 388 
v -201.25 0.199999 387.75 
v -201.25 12.2 387.75 
v -201 12.2 387.75 
v -201.25 0.199999 387.75 
v -201 0.199999 387.75 
v -201.25 0.449999 388 
v -202.75 0.449999 388 
v -201.25 0.199999 388 
v -202.75 0.199999 388 
v -202.75 0.449999 387.75 
v -201.25 0.449999 387.75 
v -202.75 0.199999 387.75 
v -201.25 0.199999 387.75 
v -202.75 0.199999 387.75 
v -201 0.199999 387.75 
v -202.75 0.199999 388 
v -201 0.199999 388 
v -201.25 0.449999 387.75 
v -202.75 0.449999 387.75 
v -201.25 0.449999 388 
v -202.75 0.449999 388 
v -201.25 2.45 388 
v -202.75 2.45 388 
v -201.25 1.95 388 
v -202.75 1.95 388 
v -202.75 2.45 387.75 
v -201.25 2.45 387.75 
v -202.75 1.95 387.75 
v -201.25 1.95 387.75 
v -202.75 1.95 387.75 
v -201.25 1.95 387.75 
v -202.75 1.95 388 
v -201.25 1.95 388 
v -201.25 2.45 387.75 
v -202.75 2.45 387.75 
v -201.25 2.45 388 
v -202.75 2.45 388 
v -201.25 4.45 388 
v -202.75 4.45 388 
v -201.25 3.95 388 
v -202.75 3.95 388 
v -202.75 4.45 387.75 
v -201.25 4.45 387.75 
v -202.75 3.95 387.75 
v -201.25 3.95 387.75 
v -202.75 3.95 387.75 
v -201.25 3.95 387.75 
v -202.75 3.95 388 
v -201.25 3.95 388 
v -201.25 4.45 387.75 
v -202.75 4.45 387.75 
v -201.25 4.45 388 
v -202.75 4.45 388 
v -201.25 6.45 388 
v -202.75 6.45 388 
v -201.25 5.95 388 
v -202.75 5.95 388 
v -202.75 6.45 387.75 
v -201.25 6.45 387.75 
v -202.75 5.95 387.75 
v -201.25 5.95 387.75 
v -202.75 5.95 387.75 
v -201.25 5.95 387.75 
v -202.75 5.95 388 
v -201.25 5.95 388 
v -201.25 6.45 387.75 
v -202.75 6.45 387.75 
v -201.25 6.45 388 
v -202.75 6.45 388 
v -201.25 8.45 388 
v -202.75 8.45 388 
v -201.25 7.95 388 
v -202.75 7.95 388 
v -202.75 8.45 387.75 
v -201.25 8.45 387.75 
v -202.75 7.95 387.75 
v -201.25 7.95 387.75 
v -202.75 7.95 387.75 
v -201.25 7.95 387.75 
v -202.75 7.95 388 
v -201.25 7.95 388 
v -201.25 8.45 387.75 
v -202.75 8.45 387.75 
v -201.25 8.45 388 
v -202.75 8.45 388 
v -201.25 10.45 388 
v -202.75 10.45 388 
v -201.25 9.95 388 
v -202.75 9.95 388 
v -202.75 10.45 387.75 
v -201.25 10.45 387.75 
v -202.75 9.95 387.75 
v -201.25 9.95 387.75 
v -202.75 9.95 387.75 
v -201.25 9.95 387.75 
v -202.75 9.95 388 
v -201.25 9.95 388 
v -201.25 10.45 387.75 
v -202.75 10.45 387.75 
v -201.25 10.45 388 
v -202.75 10.45 388 
v -201.25 12.2 388 
v -202.75 12.2 388 
v -201.25 11.95 388 
v -202.75 11.95 388 
v -202.75 12.2 387.75 
v -201.25 12.2 387.75 
v -202.75 11.95 387.75 
v -201.25 11.95 387.75 
v -202.75 11.95 387.75 
v -201.25 11.95 387.75 
v -202.75 11.95 388 
v -201.25 11.95 388 
v -201 12.2 387.75 
v -202.75 12.2 387.75 
v -201 12.2 388 
v -202.75 12.2 388 
v -202.787 2.16338 387.938 
v -202.963 1.98661 387.938 
v -201.037 0.413387 387.938 
v -201.213 0.236611 387.938 
v -202.963 1.98661 387.812 
v -202.787 2.16338 387.812 
v -201.213 0.236611 387.812 
v -201.037 0.413387 387.812 
v -202.963 1.98661 387.938 
v -202.963 1.98661 387.812 
v -201.213 0.236611 387.938 
v -201.213 0.236611 387.812 
v -202.787 2.16338 387.812 
v -202.787 2.16338 387.938 
v -201.037 0.413387 387.812 
v -201.037 0.413387 387.938 
v -202.963 2.41339 387.938 
v -202.787 2.23661 387.938 
v -201.213 4.16339 387.938 
v -201.037 3.98661 387.938 
v -202.787 2.23661 387.812 
v -202.963 2.41339 387.812 
v -201.037 3.98661 387.812 
v -201.213 4.16339 387.812 
v -202.787 2.23661 387.938 
v -202.787 2.23661 387.812 
v -201.037 3.98661 387.938 
v -201.037 3.98661 387.812 
v -202.963 2.41339 387.812 
v -202.963 2.41339 387.938 
v -201.213 4.16339 387.812 
v -201.213 4.16339 387.938 
v -202.787 6.16339 387.938 
v -202.963 5.98661 387.938 
v -201.037 4.41339 387.938 
v -201.213 4.23661 387.938 
v -202.963 5.98661 387.812 
v -202.787 6.16339 387.812 
v -201.213 4.23661 387.812 
v -201.037 4.41339 387.812 
v -202.963 5.98661 387.938 
v -202.963 5.98661 387.812 
v -201.213 4.23661 387.938 
v -201.213 4.23661 387.812 
v -202.787 6.16339 387.812 
v -202.787 6.16339 387.938 
v -201.037 4.41339 387.812 
v -201.037 4.41339 387.938 
v -202.963 6.41339 387.938 
v -202.787 6.23661 387.938 
v -201.213 8.16339 387.938 
v -201.037 7.98661 387.938 
v -202.787 6.23661 387.812 
v -202.963 6.41339 387.812 
v -201.037 7.98661 387.812 
v -201.213 8.16339 387.812 
v -202.787 6.23661 387.938 
v -202.787 6.23661 387.812 
v -201.037 7.98661 387.938 
v -201.037 7.98661 387.812 
v -202.963 6.41339 387.812 
v -202.963 6.41339 387.938 
v -201.213 8.16339 387.812 
v -201.213 8.16339 387.938 
v -202.787 10.1634 387.938 
v -202.963 9.98661 387.938 
v -201.037 8.41339 387.938 
v -201.213 8.23661 387.938 
v -202.963 9.98661 387.812 
v -202.787 10.1634 387.812 
v -201.213 8.23661 387.812 
v -201.037 8.41339 387.812 
v -202.963 9.98661 387.938 
v -202.963 9.98661 387.812 
v -201.213 8.23661 387.938 
v -201.213 8.23661 387.812 
v -202.787 10.1634 387.812 
v -202.787 10.1634 387.938 
v -201.037 8.41339 387.812 
v -201.037 8.41339 387.938 
v -202.963 10.4134 387.938 
v -202.787 10.2366 387.938 
v -201.213 12.1634 387.938 
v -201.037 11.9866 387.938 
v -202.787 10.2366 387.812 
v -202.963 10.4134 387.812 
v -201.037 11.9866 387.812 
v -201.213 12.1634 387.812 
v -202.787 10.2366 387.938 
v -202.787 10.2366 387.812 
v -201.037 11.9866 387.938 
v -201.037 11.9866 387.812 
v -202.963 10.4134 387.812 
v -202.963 10.4134 387.938 
v -201.213 12.1634 387.812 
v -201.213 12.1634 387.938 
v -201 12.2 386 
v -201 12.2 386.25 
v -201 0.199999 386 
v -201 0.199999 386.25 
v -201.25 12.2 386 
v -201 12.2 386 
v -201.25 0.199999 386 
v -201 0.199999 386 
v -201 12.2 386.25 
v -201.25 12.2 386.25 
v -201 0.199999 386.25 
v -201.25 0.199999 386.25 
v -201.25 12.2 386.25 
v -201.25 12.2 386 
v -201.25 0.199999 386.25 
v -201.25 0.199999 386 
v -201 0.449999 386.25 
v -201 0.449999 387.75 
v -201 0.199999 386.25 
v -201 0.199999 387.75 
v -201.25 0.449999 387.75 
v -201.25 0.449999 386.25 
v -201.25 0.199999 387.75 
v -201.25 0.199999 386.25 
v -201.25 0.199999 387.75 
v -201.25 0.199999 386 
v -201 0.199999 387.75 
v -201 0.199999 386 
v -201.25 0.449999 386.25 
v -201.25 0.449999 387.75 
v -201 0.449999 386.25 
v -201 0.449999 387.75 
v -201 2.45 386.25 
v -201 2.45 387.75 
v -201 1.95 386.25 
v -201 1.95 387.75 
v -201.25 2.45 387.75 
v -201.25 2.45 386.25 
v -201.25 1.95 387.75 
v -201.25 1.95 386.25 
v -201.25 1.95 387.75 
v -201.25 1.95 386.25 
v -201 1.95 387.75 
v -201 1.95 386.25 
v -201.25 2.45 386.25 
v -201.25 2.45 387.75 
v -201 2.45 386.25 
v -201 2.45 387.75 
v -201 4.45 386.25 
v -201 4.45 387.75 
v -201 3.95 386.25 
v -201 3.95 387.75 
v -201.25 4.45 387.75 
v -201.25 4.45 386.25 
v -201.25 3.95 387.75 
v -201.25 3.95 386.25 
v -201.25 3.95 387.75 
v -201.25 3.95 386.25 
v -201 3.95 387.75 
v -201 3.95 386.25 
v -201.25 4.45 386.25 
v -201.25 4.45 387.75 
v -201 4.45 386.25 
v -201 4.45 387.75 
v -201 6.45 386.25 
v -201 6.45 387.75 
v -201 5.95 386.25 
v -201 5.95 387.75 
v -201.25 6.45 387.75 
v -201.25 6.45 386.25 
v -201.25 5.95 387.75 
v -201.25 5.95 386.25 
v -201.25 5.95 387.75 
v -201.25 5.95 386.25 
v -201 5.95 387.75 
v -201 5.95 386.25 
v -201.25 6.45 386.25 
v -201.25 6.45 387.75 
v -201 6.45 386.25 
v -201 6.45 387.75 
v -201 8.45 386.25 
v -201 8.45 387.75 
v -201 7.95 386.25 
v -201 7.95 387.75 
v -201.25 8.45 387.75 
v -201.25 8.45 386.25 
v -201.25 7.95 387.75 
v -201.25 7.95 386.25 
v -201.25 7.95 387.75 
v -201.25 7.95 386.25 
v -201 7.95 387.75 
v -201 7.95 386.25 
v -201.25 8.45 386.25 
v -201.25 8.45 387.75 
v -201 8.45 386.25 
v -201 8.45 387.75 
v -201 10.45 386.25 
v -201 10.45 387.75 
v -201 9.95 386.25 
v -201 9.95 387.75 
v -201.25 10.45 387.75 
v -201.25 10.45 386.25 
v -201.25 9.95 387.75 
v -201.25 9.95 386.25 
v -201.25 9.95 387.75 
v -201.25 9.95 386.25 
v -201 9.95 387.75 
v -201 9.95 386.25 
v -201.25 10.45 386.25 
v -201.25 10.45 387.75 
v -201 10.45 386.25 
v -201 10.45 387.75 
v -201 12.2 386.25 
v -201 12.2 387.75 
v -201 11.95 386.25 
v -201 11.95 387.75 
v -201.25 12.2 387.75 
v -201.25 12.2 386.25 
v -201.25 11.95 387.75 
v -201.25 11.95 386.25 
v -201.25 11.95 387.75 
v -201.25 11.95 386.25 
v -201 11.95 387.75 
v -201 11.95 386.25 
v -201.25 12.2 386 
v -201.25 12.2 387.75 
v -201 12.2 386 
v -201 12.2 387.75 
v -201.062 2.16338 387.787 
v -201.062 1.98661 387.963 
v -201.062 0.413387 386.037 
v -201.062 0.236611 386.213 
v -201.188 1.98661 387.963 
v -201.188 2.16338 387.787 
v -201.188 0.236611 386.213 
v -201.188 0.413387 386.037 
v -201.062 1.98661 387.963 
v -201.188 1.98661 387.963 
v -201.062 0.236611 386.213 
v -201.188 0.236611 386.213 
v -201.188 2.16338 387.787 
v -201.062 2.16338 387.787 
v -201.188 0.413387 386.037 
v -201.062 0.413387 386.037 
v -201.062 2.41339 387.963 
v -201.062 2.23661 387.787 
v -201.062 4.16339 386.213 
v -201.062 3.98661 386.037 
v -201.188 2.23661 387.787 
v -201.188 2.41339 387.963 
v -201.188 3.98661 386.037 
v -201.188 4.16339 386.213 
v -201.062 2.23661 387.787 
v -201.188 2.23661 387.787 
v -201.062 3.98661 386.037 
v -201.188 3.98661 386.037 
v -201.188 2.41339 387.963 
v -201.062 2.41339 387.963 
v -201.188 4.16339 386.213 
v -201.062 4.16339 386.213 
v -201.062 6.16339 387.787 
v -201.062 5.98661 387.963 
v -201.062 4.41339 386.037 
v -201.062 4.23661 386.213 
v -201.188 5.98661 387.963 
v -201.188 6.16339 387.787 
v -201.188 4.23661 386.213 
v -201.188 4.41339 386.037 
v -201.062 5.98661 387.963 
v -201.188 5.98661 387.963 
v -201.062 4.23661 386.213 
v -201.188 4.23661 386.213 
v -201.188 6.16339 387.787 
v -201.062 6.16339 387.787 
v -201.188 4.41339 386.037 
v -201.062 4.41339 386.037 
v -201.062 6.41339 387.963 
v -201.062 6.23661 387.787 
v -201.062 8.16339 386.213 
v -201.062 7.98661 386.037 
v -201.188 6.23661 387.787 
v -201.188 6.41339 387.963 
v -201.188 7.98661 386.037 
v -201.188 8.16339 386.213 
v -201.062 6.23661 387.787 
v -201.188 6.23661 387.787 
v -201.062 7.98661 386.037 
v -201.188 7.98661 386.037 
v -201.188 6.41339 387.963 
v -201.062 6.41339 387.963 
v -201.188 8.16339 386.213 
v -201.062 8.16339 386.213 
v -201.062 10.1634 387.787 
v -201.062 9.98661 387.963 
v -201.062 8.41339 386.037 
v -201.062 8.23661 386.213 
v -201.188 9.98661 387.963 
v -201.188 10.1634 387.787 
v -201.188 8.23661 386.213 
v -201.188 8.41339 386.037 
v -201.062 9.98661 387.963 
v -201.188 9.98661 387.963 
v -201.062 8.23661 386.213 
v -201.188 8.23661 386.213 
v -201.188 10.1634 387.787 
v -201.062 10.1634 387.787 
v -201.188 8.41339 386.037 
v -201.062 8.41339 386.037 
v -201.062 10.4134 387.963 
v -201.062 10.2366 387.787 
v -201.062 12.1634 386.213 
v -201.062 11.9866 386.037 
v -201.188 10.2366 387.787 
v -201.188 10.4134 387.963 
v -201.188 11.9866 386.037 
v -201.188 12.1634 386.213 
v -201.062 10.2366 387.787 
v -201.188 10.2366 387.787 
v -201.062 11.9866 386.037 
v -201.188 11.9866 386.037 
v -201.188 10.4134 387.963 
v -201.062 10.4134 387.963 
v -201.188 12.1634 386.213 
v -201.062 12.1634 386.213 

vn 0 0 -1 
vn 0 0 -1 
vn 0 0 -1 
vn 0 0 -1 
vn -1 0 0 
vn -1 0 0 
vn -1 0 0 
vn -1 0 0 
vn 1 0 0 
vn 1 0 0 
vn 1 0 0 
vn 1 0 0 
vn 0 0 1 
vn 0 0 1 
vn 0 0 1 
vn 0 0 1 
vn 0 0 -1 
vn 0 0 -1 
vn 0 0 -1 
vn 0 0 -1 
vn 0 0 1 
vn 0 0 1 
vn 0 0 1 
vn 0 0 1 
vn 0 -1 0 
vn 0 -1 0 
vn 0 -1 0 
vn 0 -1 0 
vn 0 1 0 
vn 0 1 0 
vn 0 1 0 
vn 0 1 0 
vn 0 0 -1 
vn 0 0 -1 
vn 0 0 -1 
vn 0 0 -1 
vn 0 0 1 
vn 0 0 1 
vn 0 0 1 
vn 0 0 1 
vn 0 -1 0 
vn 0 -1 0 
vn 0 -1 0 
vn 0 -1 0 
vn 0 1 0 
vn 0 1 0 
vn 0 1 0 
vn 0 1 0 
vn 0 0 -1 
vn 0 0 -1 
vn 0 0 -1 
vn 0 0 -1 
vn 0 0 1 
vn 0 0 1 
vn 0 0 1 
vn 0 0 1 
vn 0 -1 0 
vn 0 -1 0 
vn 0 -1 0 
vn 0 -1 0 
vn 0 1 0 
vn 0 1 0 
vn 0 1 0 
vn 0 1 0 
vn 0 0 -1 
vn 0 0 -1 
vn 0 0 -1 
vn 0 0 -1 
vn 0 0 1 
vn 0 0 1 
vn 0 0 1 
vn 0 0 1 
vn 0 -1 0 
vn 0 -1 0 
vn 0 -1 0 
vn 0 -1 0 
vn 0 1 0 
vn 0 1 0 
vn 0 1 0 
vn 0 1 0 
vn 0 0 -1 
vn 0 0 -1 
vn 0 0 -1 
vn 0 0 -1 
vn 0 0 1 
vn 0 0 1 
vn 0 0 1 
vn 0 0 1 
vn 0 -1 0 
vn 0 -1 0 
vn 0 -1 0 
vn 0 -1 0 
vn 0 1 0 
vn 0 1 0 
vn 0 1 0 
vn 0 1 0 
vn 0 0 -1 
vn 0 0 -1 
vn 0 0 -1 
vn 0 0 -1 
vn 0 0 1 
vn 0 0 1 
vn 0 0 1 
vn 0 0 1 
vn 0 -1 0 
vn 0 -1 0 
vn 0 -1 0 
vn 0 -1 0 
vn 0 1 0 
vn 0 1 0 
vn 0 1 0 
vn 0 1 0 
vn 0 0 -1 
vn 0 0 -1 
vn 0 0 -1 
vn 0 0 -1 
vn 0 0 1 
vn 0 0 1 
vn 0 0 1 
vn 0 0 1 
vn 0 -1 0 
vn 0 -1 0 
vn 0 -1 0 
vn 0 -1 0 
vn 0 1 0 
vn 0 1 0 
vn 0 1 0 
vn 0 1 0 
vn 0 0 -1 
vn 0 0 -1 
vn 0 0 -1 
vn 0 0 -1 
vn 0 0 1 
vn 0 0 1 
vn 0 0 1 
vn 0 0 1 
vn 0.708661 -0.708661 0 
vn 0.708661 -0.708661 0 
vn 0.708661 -0.708661 0 
vn 0.708661 -0.708661 0 
vn -0.708661 0.708661 0 
vn -0.708661 0.708661 0 
vn -0.708661 0.708661 0 
vn -0.708661 0.708661 0 
vn 0 0 -1 
vn 0 0 -1 
vn 0 0 -1 
vn 0 0 -1 
vn 0 0 1 
vn 0 0 1 
vn 0 0 1 
vn 0 0 1 
vn -0.708661 -0.708661 0 
vn -0.708661 -0.708661 0 
vn -0.708661 -0.708661 0 
vn -0.708661 -0.708661 0 
vn 0.708661 0.708661 0 
vn 0.708661 0.708661 0 
vn 0.708661 0.708661 0 
vn 0.708661 0.708661 0 
vn 0 0 -1 
vn 0 0 -1 
vn 0 0 -1 
vn 0 0 -1 
vn 0 0 1 
vn 0 0 1 
vn 0 0 1 
vn 0 0 1 
vn 0.708661 -0.708661 0 
vn 0.708661 -0.708661 0 
vn 0.708661 -0.708661 0 
vn 0.708661 -0.708661 0 
vn -0.708661 0.708661 0 
vn -0.708661 0.708661 0 
vn -0.708661 0.708661 0 
vn -0.708661 0.708661 0 
vn 0 0 -1 
vn 0 0 -1 
vn 0 0 -1 
vn 0 0 -1 
vn 0 0 1 
vn 0 0 1 
vn 0 0 1 
vn 0 0 1 
vn -0.708661 -0.708661 0 
vn -0.708661 -0.708661 0 
vn -0.708661 -0.708661 0 
vn -0.708661 -0.708661 0 
vn 0.708661 0.708661 0 
vn 0.708661 0.708661 0 
vn 0.708661 0.708661 0 
vn 0.708661 0.708661 0 
vn 0 0 -1 
vn 0 0 -1 
vn 0 0 -1 
vn 0 0 -1 
vn 0 0 1 
vn 0 0 1 
vn 0 0 1 
vn 0 0 1 
vn 0.708661 -0.708661 0 
vn 0.708661 -0.708661 0 
vn 0.708661 -0.708661 0 
vn 0.708661 -0.708661 0 
vn -0.708661 0.708661 0 
vn -0.708661 0.708661 0 
vn -0.708661 0.708661 0 
vn -0.708661 0.708661 0 
vn 0 0 -1 
vn 0 0 -1 
vn 0 0 -1 
vn 0 0 -1 
vn 0 0 1 
vn 0 0 1 
vn 0 0 1 
vn 0 0 1 
vn -0.708661 -0.708661 0 
vn -0.708661 -0.708661 0 
vn -0.708661 -0.708661 0 
vn -0.708661 -0.708661 0 
vn 0.708661 0.708661 0 
vn 0.708661 0.708661 0 
vn 0.708661 0.708661 0 
vn 0.708661 0.708661 0 
vn -1 0 0 
vn -1 0 0 
vn -1 0 0 
vn -1 0 0 
vn 0 0 1 
vn 0 0 1 
vn 0 0 1 
vn 0 0 1 
vn 0 0 -1 
vn 0 0 -1 
vn 0 0 -1 
vn 0 0 -1 
vn 1 0 0 
vn 1 0 0 
vn 1 0 0 
vn 1 0 0 
vn -1 0 0 
vn -1 0 0 
vn -1 0 0 
vn -1 0 0 
vn 1 0 0 
vn 1 0 0 
vn 1 0 0 
vn 1 0 0 
vn 0 -1 0 
vn 0 -1 0 
vn 0 -1 0 
vn 0 -1 0 
vn 0 1 0 
vn 0 1 0 
vn 0 1 0 
vn 0 1 0 
vn -1 0 0 
vn -1 0 0 
vn -1 0 0 
vn -1 0 0 
vn 1 0 0 
vn 1 0 0 
vn 1 0 0 
vn 1 0 0 
vn 0 -1 0 
vn 0 -1 0 
vn 0 -1 0 
vn 0 -1 0 
vn 0 1 0 
vn 0 1 0 
vn 0 1 0 
vn 0 1 0 
vn -1 0 0 
vn -1 0 0 
vn -1 0 0 
vn -1 0 0 
vn 1 0 0 
vn 1 0 0 
vn 1 0 0 
vn 1 0 0 
vn 0 -1 0 
vn 0 -1 0 
vn 0 -1 0 
vn 0 -1 0 
vn 0 1 0 
vn 0 1 0 
vn 0 1 0 
vn 0 1 0 
vn -1 0 0 
vn -1 0 0 
vn -1 0 0 
vn -1 0 0 
vn 1 0 0 
vn 1 0 0 
vn 1 0 0 
vn 1 0 0 
vn 0 -1 0 
vn 0 -1 0 
vn 0 -1 0 
vn 0 -1 0 
vn 0 1 0 
vn 0 1 0 
vn 0 1 0 
vn 0 1 0 
vn -1 0 0 
vn -1 0 0 
vn -1 0 0 
vn -1 0 0 
vn 1 0 0 
vn 1 0 0 
vn 1 0 0 
vn 1 0 0 
vn 0 -1 0 
vn 0 -1 0 
vn 0 -1 0 
vn 0 -1 0 
vn 0 1 0 
vn 0 1 0 
vn 0 1 0 
vn 0 1 0 
vn -1 0 0 
vn -1 0 0 
vn -1 0 0 
vn -1 0 0 
vn 1 0 0 
vn 1 0 0 
vn 1 0 0 
vn 1 0 0 
vn 0 -1 0 
vn 0 -1 0 
vn 0 -1 0 
vn 0 -1 0 
vn 0 1 0 
vn 0 1 0 
vn 0 1 0 
vn 0 1 0 
vn -1 0 0 
vn -1 0 0 
vn -1 0 0 
vn -1 0 0 
vn 1 0 0 
vn 1 0 0 
vn 1 0 0 
vn 1 0 0 
vn 0 -1 0 
vn 0 -1 0 
vn 0 -1 0 
vn 0 -1 0 
vn 0 1 0 
vn 0 1 0 
vn 0 1 0 
vn 0 1 0 
vn -1 0 0 
vn -1 0 0 
vn -1 0 0 
vn -1 0 0 
vn 1 0 0 
vn 1 0 0 
vn 1 0 0 
vn 1 0 0 
vn 0 -0.708661 -0.708661 
vn 0 -0.708661 -0.708661 
vn 0 -0.708661 -0.708661 
vn 0 -0.708661 -0.708661 
vn 0 0.708661 0.708661 
vn 0 0.708661 0.708661 
vn 0 0.708661 0.708661 
vn 0 0.708661 0.708661 
vn -1 0 0 
vn -1 0 0 
vn -1 0 0 
vn -1 0 0 
vn 1 0 0 
vn 1 0 0 
vn 1 0 0 
vn 1 0 0 
vn 0 -0.708661 0.708661 
vn 0 -0.708661 0.708661 
vn 0 -0.708661 0.708661 
vn 0 -0.708661 0.708661 
vn 0 0.708661 -0.708661 
vn 0 0.708661 -0.708661 
vn 0 0.708661 -0.708661 
vn 0 0.708661 -0.708661 
vn -1 0 0 
vn -1 0 0 
vn -1 0 0 
vn -1 0 0 
vn 1 0 0 
vn 1 0 0 
vn 1 0 0 
vn 1 0 0 
vn 0 -0.708661 -0.708661 
vn 0 -0.708661 -0.708661 
vn 0 -0.708661 -0.708661 
vn 0 -0.708661 -0.708661 
vn 0 0.708661 0.708661 
vn 0 0.708661 0.708661 
vn 0 0.708661 0.708661 
vn 0 0.708661 0.708661 
vn -1 0 0 
vn -1 0 0 
vn -1 0 0 
vn -1 0 0 
vn 1 0 0 
vn 1 0 0 
vn 1 0 0 
vn 1 0 0 
vn 0 -0.708661 0.708661 
vn 0 -0.708661 0.708661 
vn 0 -0.708661 0.708661 
vn 0 -0.708661 0.708661 
vn 0 0.708661 -0.708661 
vn 0 0.708661 -0.708661 
vn 0 0.708661 -0.708661 
vn 0 0.708661 -0.708661 
vn -1 0 0 
vn -1 0 0 
vn -1 0 0 
vn -1 0 0 
vn 1 0 0 
vn 1 0 0 
vn 1 0 0 
vn 1 0 0 
vn 0 -0.708661 -0.708661 
vn 0 -0.708661 -0.708661 
vn 0 -0.708661 -0.708661 
vn 0 -0.708661 -0.708661 
vn 0 0.708661 0.708661 
vn 0 0.708661 0.708661 
vn 0 0.708661 0.708661 
vn 0 0.708661 0.708661 
vn -1 0 0 
vn -1 0 0 
vn -1 0 0 
vn -1 0 0 
vn 1 0 0 
vn 1 0 0 
vn 1 0 0 
vn 1 0 0 
vn 0 -0.708661 0.708661 
vn 0 -0.708661 0.708661 
vn 0 -0.708661 0.708661 
vn 0 -0.708661 0.708661 
vn 0 0.708661 -0.708661 
vn 0 0.708661 -0.708661 
vn 0 0.708661 -0.708661 
vn 0 0.708661 -0.708661 
vn 0 0 1 
vn 0 0 1 
vn 0 0 1 
vn 0 0 1 
vn 1 0 0 
vn 1 0 0 
vn 1 0 0 
vn 1 0 0 
vn -1 0 0 
vn -1 0 0 
vn -1 0 0 
vn -1 0 0 
vn 0 0 -1 
vn 0 0 -1 
vn 0 0 -1 
vn 0 0 -1 
vn 0 0 1 
vn 0 0 1 
vn 0 0 1 
vn 0 0 1 
vn 0 0 -1 
vn 0 0 -1 
vn 0 0 -1 
vn 0 0 -1 
vn 0 -1 0 
vn 0 -1 0 
vn 0 -1 0 
vn 0 -1 0 
vn 0 1 0 
vn 0 1 0 
vn 0 1 0 
vn 0 1 0 
vn 0 0 1 
vn 0 0 1 
vn 0 0 1 
vn 0 0 1 
vn 0 0 -1 
vn 0 0 -1 
vn 0 0 -1 
vn 0 0 -1 
vn 0 -1 0 
vn 0 -1 0 
vn 0 -1 0 
vn 0 -1 0 
vn 0 1 0 
vn 0 1 0 
vn 0 1 0 
vn 0 1 0 
vn 0 0 1 
vn 0 0 1 
vn 0 0 1 
vn 0 0 1 
vn 0 0 -1 
vn 0 0 -1 
vn 0 0 -1 
vn 0 0 -1 
vn 0 -1 0 
vn 0 -1 0 
vn 0 -1 0 
vn 0 -1 0 
vn 0 1 0 
vn 0 1 0 
vn 0 1 0 
vn 0 1 0 
vn 0 0 1 
vn 0 0 1 
vn 0 0 1 
vn 0 0 1 
vn 0 0 -1 
vn 0 0 -1 
vn 0 0 -1 
vn 0 0 -1 
vn 0 -1 0 
vn 0 -1 0 
vn 0 -1 0 
vn 0 -1 0 
vn 0 1 0 
vn 0 1 0 
vn 0 1 0 
vn 0 1 0 
vn 0 0 1 
vn 0 0 1 
vn 0 0 1 
vn 0 0 1 
vn 0 0 -1 
vn 0 0 -1 
vn 0 0 -1 
vn 0 0 -1 
vn 0 -1 0 
vn 0 -1 0 
vn 0 -1 0 
vn 0 -1 0 
vn 0 1 0 
vn 0 1 0 
vn 0 1 0 
vn 0 1 0 
vn 0 0 1 
vn 0 0 1 
vn 0 0 1 
vn 0 0 1 
vn 0 0 -1 
vn 0 0 -1 
vn 0 0 -1 
vn 0 0 -1 
vn 0 -1 0 
vn 0 -1 0 
vn 0 -1 0 
vn 0 -1 0 
vn 0 1 0 
vn 0 1 0 
vn 0 1 0 
vn 0 1 0 
vn 0 0 1 
vn 0 0 1 
vn 0 0 1 
vn 0 0 1 
vn 0 0 -1 
vn 0 0 -1 
vn 0 0 -1 
vn 0 0 -1 
vn 0 -1 0 
vn 0 -1 0 
vn 0 -1 0 
vn 0 -1 0 
vn 0 1 0 
vn 0 1 0 
vn 0 1 0 
vn 0 1 0 
vn 0 0 1 
vn 0 0 1 
vn 0 0 1 
vn 0 0 1 
vn 0 0 -1 
vn 0 0 -1 
vn 0 0 -1 
vn 0 0 -1 
vn -0.708661 -0.708661 0 
vn -0.708661 -0.708661 0 
vn -0.708661 -0.708661 0 
vn -0.708661 -0.708661 0 
vn 0.708661 0.708661 0 
vn 0.708661 0.708661 0 
vn 0.708661 0.708661 0 
vn 0.708661 0.708661 0 
vn 0 0 1 
vn 0 0 1 
vn 0 0 1 
vn 0 0 1 
vn 0 0 -1 
vn 0 0 -1 
vn 0 0 -1 
vn 0 0 -1 
vn 0.708661 -0.708661 0 
vn 0.708661 -0.708661 0 
vn 0.708661 -0.708661 0 
vn 0.708661 -0.708661 0 
vn -0.708661 0.708661 0 
vn -0.708661 0.708661 0 
vn -0.708661 0.708661 0 
vn -0.708661 0.708661 0 
vn 0 0 1 
vn 0 0 1 
vn 0 0 1 
vn 0 0 1 
vn 0 0 -1 
vn 0 0 -1 
vn 0 0 -1 
vn 0 0 -1 
vn -0.708661 -0.708661 0 
vn -0.708661 -0.708661 0 
vn -0.708661 -0.708661 0 
vn -0.708661 -0.708661 0 
vn 0.708661 0.708661 0 
vn 0.708661 0.708661 0 
vn 0.708661 0.708661 0 
vn 0.708661 0.708661 0 
vn 0 0 1 
vn 0 0 1 
vn 0 0 1 
vn 0 0 1 
vn 0 0 -1 
vn 0 0 -1 
vn 0 0 -1 
vn 0 0 -1 
vn 0.708661 -0.708661 0 
vn 0.708661 -0.708661 0 
vn 0.708661 -0.708661 0 
vn 0.708661 -0.708661 0 
vn -0.708661 0.708661 0 
vn -0.708661 0.708661 0 
vn -0.708661 0.708661 0 
vn -0.708661 0.708661 0 
vn 0 0 1 
vn 0 0 1 
vn 0 0 1 
vn 0 0 1 
vn 0 0 -1 
vn 0 0 -1 
vn 0 0 -1 
vn 0 0 -1 
vn -0.708661 -0.708661 0 
vn -0.708661 -0.708661 0 
vn -0.708661 -0.708661 0 
vn -0.708661 -0.708661 0 
vn 0.708661 0.708661 0 
vn 0.708661 0.708661 0 
vn 0.708661 0.708661 0 
vn 0.708661 0.708661 0 
vn 0 0 1 
vn 0 0 1 
vn 0 0 1 
vn 0 0 1 
vn 0 0 -1 
vn 0 0 -1 
vn 0 0 -1 
vn 0 0 -1 
vn 0.708661 -0.708661 0 
vn 0.708661 -0.708661 0 
vn 0.708661 -0.708661 0 
vn 0.708661 -0.708661 0 
vn -0.708661 0.708661 0 
vn -0.708661 0.708661 0 
vn -0.708661 0.708661 0 
vn -0.708661 0.708661 0 
vn 1 0 0 
vn 1 0 0 
vn 1 0 0 
vn 1 0 0 
vn 0 0 -1 
vn 0 0 -1 
vn 0 0 -1 
vn 0 0 -1 
vn 0 0 1 
vn 0 0 1 
vn 0 0 1 
vn 0 0 1 
vn -1 0 0 
vn -1 0 0 
vn -1 0 0 
vn -1 0 0 
vn 1 0 0 
vn 1 0 0 
vn 1 0 0 
vn 1 0 0 
vn -1 0 0 
vn -1 0 0 
vn -1 0 0 
vn -1 0 0 
vn 0 -1 0 
vn 0 -1 0 
vn 0 -1 0 
vn 0 -1 0 
vn 0 1 0 
vn 0 1 0 
vn 0 1 0 
vn 0 1 0 
vn 1 0 0 
vn 1 0 0 
vn 1 0 0 
vn 1 0 0 
vn -1 0 0 
vn -1 0 0 
vn -1 0 0 
vn -1 0 0 
vn 0 -1 0 
vn 0 -1 0 
vn 0 -1 0 
vn 0 -1 0 
vn 0 1 0 
vn 0 1 0 
vn 0 1 0 
vn 0 1 0 
vn 1 0 0 
vn 1 0 0 
vn 1 0 0 
vn 1 0 0 
vn -1 0 0 
vn -1 0 0 
vn -1 0 0 
vn -1 0 0 
vn 0 -1 0 
vn 0 -1 0 
vn 0 -1 0 
vn 0 -1 0 
vn 0 1 0 
vn 0 1 0 
vn 0 1 0 
vn 0 1 0 
vn 1 0 0 
vn 1 0 0 
vn 1 0 0 
vn 1 0 0 
vn -1 0 0 
vn -1 0 0 
vn -1 0 0 
vn -1 0 0 
vn 0 -1 0 
vn 0 -1 0 
vn 0 -1 0 
vn 0 -1 0 
vn 0 1 0 
vn 0 1 0 
vn 0 1 0 
vn 0 1 0 
vn 1 0 0 
vn 1 0 0 
vn 1 0 0 
vn 1 0 0 
vn -1 0 0 
vn -1 0 0 
vn -1 0 0 
vn -1 0 0 
vn 0 -1 0 
vn 0 -1 0 
vn 0 -1 0 
vn 0 -1 0 
vn 0 1 0 
vn 0 1 0 
vn 0 1 0 
vn 0 1 0 
vn 1 0 0 
vn 1 0 0 
vn 1 0 0 
vn 1 0 0 
vn -1 0 0 
vn -1 0 0 
vn -1 0 0 
vn -1 0 0 
vn 0 -1 0 
vn 0 -1 0 
vn 0 -1 0 
vn 0 -1 0 
vn 0 1 0 
vn 0 1 0 
vn 0 1 0 
vn 0 1 0 
vn 1 0 0 
vn 1 0 0 
vn 1 0 0 
vn 1 0 0 
vn -1 0 0 
vn -1 0 0 
vn -1 0 0 
vn -1 0 0 
vn 0 -1 0 
vn 0 -1 0 
vn 0 -1 0 
vn 0 -1 0 
vn 0 1 0 
vn 0 1 0 
vn 0 1 0 
vn 0 1 0 
vn 1 0 0 
vn 1 0 0 
vn 1 0 0 
vn 1 0 0 
vn -1 0 0 
vn -1 0 0 
vn -1 0 0 
vn -1 0 0 
vn 0 -0.708661 0.708661 
vn 0 -0.708661 0.708661 
vn 0 -0.708661 0.708661 
vn 0 -0.708661 0.708661 
vn 0 0.708661 -0.708661 
vn 0 0.708661 -0.708661 
vn 0 0.708661 -0.708661 
vn 0 0.708661 -0.708661 
vn 1 0 0 
vn 1 0 0 
vn 1 0 0 
vn 1 0 0 
vn -1 0 0 
vn -1 0 0 
vn -1 0 0 
vn -1 0 0 
vn 0 -0.708661 -0.708661 
vn 0 -0.708661 -0.708661 
vn 0 -0.708661 -0.708661 
vn 0 -0.708661 -0.708661 
vn 0 0.708661 0.708661 
vn 0 0.708661 0.708661 
vn 0 0.708661 0.708661 
vn 0 0.708661 0.708661 
vn 1 0 0 
vn 1 0 0 
vn 1 0 0 
vn 1 0 0 
vn -1 0 0 
vn -1 0 0 
vn -1 0 0 
vn -1 0 0 
vn 0 -0.708661 0.708661 
vn 0 -0.708661 0.708661 
vn 0 -0.708661 0.708661 
vn 0 -0.708661 0.708661 
vn 0 0.708661 -0.708661 
vn 0 0.708661 -0.708661 
vn 0 0.708661 -0.708661 
vn 0 0.708661 -0.708661 
vn 1 0 0 
vn 1 0 0 
vn 1 0 0 
vn 1 0 0 
vn -1 0 0 
vn -1 0 0 
vn -1 0 0 
vn -1 0 0 
vn 0 -0.708661 -0.708661 
vn 0 -0.708661 -0.708661 
vn 0 -0.708661 -0.708661 
vn 0 -0.708661 -0.708661 
vn 0 0.708661 0.708661 
vn 0 0.708661 0.708661 
vn 0 0.708661 0.708661 
vn 0 0.708661 0.708661 
vn 1 0 0 
vn 1 0 0 
vn 1 0 0 
vn 1 0 0 
vn -1 0 0 
vn -1 0 0 
vn -1 0 0 
vn -1 0 0 
vn 0 -0.708661 0.708661 
vn 0 -0.708661 0.708661 
vn 0 -0.708661 0.708661 
vn 0 -0.708661 0.708661 
vn 0 0.708661 -0.708661 
vn 0 0.708661 -0.708661 
vn 0 0.708661 -0.708661 
vn 0 0.708661 -0.708661 
vn 1 0 0 
vn 1 0 0 
vn 1 0 0 
vn 1 0 0 
vn -1 0 0 
vn -1 0 0 
vn -1 0 0 
vn -1 0 0 
vn 0 -0.708661 -0.708661 
vn 0 -0.708661 -0.708661 
vn 0 -0.708661 -0.708661 
vn 0 -0.708661 -0.708661 
vn 0 0.708661 0.708661 
vn 0 0.708661 0.708661 
vn 0 0.708661 0.708661 
vn 0 0.708661 0.708661 

vt 5.625 -4.5 
vt 5.59375 -4.5 
vt 5.625 -3 
vt 5.59375 -3 
vt 5.40625 -4.5 
vt 5.375 -4.5 
vt 5.40625 -3 
vt 5.375 -3 
vt 5.625 -4.5 
vt 5.59375 -4.5 
vt 5.625 -3 
vt 5.59375 -3 
vt 5.40625 -4.5 
vt 5.375 -4.5 
vt 5.40625 -3 
vt 5.375 -3 
vt 5.59375 -3.03125 
vt 5.40625 -3.03125 
vt 5.59375 -3 
vt 5.40625 -3 
vt 5.59375 -3.03125 
vt 5.40625 -3.03125 
vt 5.59375 -3 
vt 5.40625 -3 
vt 5.59375 -3.65625 
vt 5.375 -3.65625 
vt 5.59375 -3.625 
vt 5.375 -3.625 
vt 5.59375 -3.65625 
vt 5.40625 -3.65625 
vt 5.59375 -3.625 
vt 5.40625 -3.625 
vt 5.59375 -3.28125 
vt 5.40625 -3.28125 
vt 5.59375 -3.21875 
vt 5.40625 -3.21875 
vt 5.59375 -3.28125 
vt 5.40625 -3.28125 
vt 5.59375 -3.21875 
vt 5.40625 -3.21875 
vt 5.59375 -3.65625 
vt 5.40625 -3.65625 
vt 5.59375 -3.625 
vt 5.40625 -3.625 
vt 5.59375 -3.65625 
vt 5.40625 -3.65625 
vt 5.59375 -3.625 
vt 5.40625 -3.625 
vt 5.59375 -3.53125 
vt 5.40625 -3.53125 
vt 5.59375 -3.46875 
vt 5.40625 -3.46875 
vt 5.59375 -3.53125 
vt 5.40625 -3.53125 
vt 5.59375 -3.46875 
vt 5.40625 -3.46875 
vt 5.59375 -3.65625 
vt 5.40625 -3.65625 
vt 5.59375 -3.625 
vt 5.40625 -3.625 
vt 5.59375 -3.65625 
vt 5.40625 -3.65625 
vt 5.59375 -3.625 
vt 5.40625 -3.625 
vt 5.59375 -3.78125 
vt 5.40625 -3.78125 
vt 5.59375 -3.71875 
vt 5.40625 -3.71875 
vt 5.59375 -3.78125 
vt 5.40625 -3.78125 
vt 5.59375 -3.71875 
vt 5.40625 -3.71875 
vt 5.59375 -3.65625 
vt 5.40625 -3.65625 
vt 5.59375 -3.625 
vt 5.40625 -3.625 
vt 5.59375 -3.65625 
vt 5.40625 -3.65625 
vt 5.59375 -3.625 
vt 5.40625 -3.625 
vt 5.59375 -4.03125 
vt 5.40625 -4.03125 
vt 5.59375 -3.96875 
vt 5.40625 -3.96875 
vt 5.59375 -4.03125 
vt 5.40625 -4.03125 
vt 5.59375 -3.96875 
vt 5.40625 -3.96875 
vt 5.59375 -3.65625 
vt 5.40625 -3.65625 
vt 5.59375 -3.625 
vt 5.40625 -3.625 
vt 5.59375 -3.65625 
vt 5.40625 -3.65625 
vt 5.59375 -3.625 
vt 5.40625 -3.625 
vt 5.59375 -4.28125 
vt 5.40625 -4.28125 
vt 5.59375 -4.21875 
vt 5.40625 -4.21875 
vt 5.59375 -4.28125 
vt 5.40625 -4.28125 
vt 5.59375 -4.21875 
vt 5.40625 -4.21875 
vt 5.59375 -3.65625 
vt 5.40625 -3.65625 
vt 5.59375 -3.625 
vt 5.40625 -3.625 
vt 5.59375 -3.65625 
vt 5.40625 -3.65625 
vt 5.59375 -3.625 
vt 5.40625 -3.625 
vt 5.59375 -4.5 
vt 5.40625 -4.5 
vt 5.59375 -4.46875 
vt 5.40625 -4.46875 
vt 5.59375 -4.5 
vt 5.40625 -4.5 
vt 5.59375 -4.46875 
vt 5.40625 -4.46875 
vt 5.59375 -3.65625 
vt 5.40625 -3.65625 
vt 5.59375 -3.625 
vt 5.40625 -3.625 
vt 5.625 -3.65625 
vt 5.40625 -3.65625 
vt 5.625 -3.625 
vt 5.40625 -3.625 
vt 5.07368 -3.46274 
vt 5.04243 -3.46274 
vt 5.07368 -3.15338 
vt 5.04243 -3.15338 
vt 5.95757 -3.46274 
vt 5.92632 -3.46274 
vt 5.95757 -3.15338 
vt 5.92632 -3.15338 
vt 5.61719 -3.46274 
vt 5.60156 -3.46274 
vt 5.61719 -3.15338 
vt 5.60156 -3.15338 
vt 5.39844 -3.46274 
vt 5.38281 -3.46274 
vt 5.39844 -3.15338 
vt 5.38281 -3.15338 
vt 5.25046 -4.16984 
vt 5.21921 -4.16984 
vt 5.25046 -3.86049 
vt 5.21921 -3.86049 
vt 5.78079 -4.16984 
vt 5.74954 -4.16984 
vt 5.78079 -3.86049 
vt 5.74954 -3.86049 
vt 5.61719 -4.16984 
vt 5.60156 -4.16984 
vt 5.61719 -3.86049 
vt 5.60156 -3.86049 
vt 5.39844 -4.16984 
vt 5.38281 -4.16984 
vt 5.39844 -3.86049 
vt 5.38281 -3.86049 
vt 5.42724 -3.81629 
vt 5.39599 -3.81629 
vt 5.42724 -3.50693 
vt 5.39599 -3.50693 
vt 5.60401 -3.81629 
vt 5.57276 -3.81629 
vt 5.60401 -3.50693 
vt 5.57276 -3.50693 
vt 5.61719 -3.81629 
vt 5.60156 -3.81629 
vt 5.61719 -3.50693 
vt 5.60156 -3.50693 
vt 5.39844 -3.81629 
vt 5.38281 -3.81629 
vt 5.39844 -3.50693 
vt 5.38281 -3.50693 
vt 5.60401 -3.81629 
vt 5.57276 -3.81629 
vt 5.60401 -3.50693 
vt 5.57276 -3.50693 
vt 5.42724 -3.81629 
vt 5.39599 -3.81629 
vt 5.42724 -3.50693 
vt 5.39599 -3.50693 
vt 5.61719 -3.81629 
vt 5.60156 -3.81629 
vt 5.61719 -3.50693 
vt 5.60156 -3.50693 
vt 5.39844 -3.81629 
vt 5.38281 -3.81629 
vt 5.39844 -3.50693 
vt 5.38281 -3.50693 
vt 5.78079 -4.16984 
vt 5.74954 -4.16984 
vt 5.78079 -3.86049 
vt 5.74954 -3.86049 
vt 5.25046 -4.16984 
vt 5.21921 -4.16984 
vt 5.25046 -3.86049 
vt 5.21921 -3.86049 
vt 5.61719 -4.16984 
vt 5.60156 -4.16984 
vt 5.61719 -3.86049 
vt 5.60156 -3.86049 
vt 5.39844 -4.16984 
vt 5.38281 -4.16984 
vt 5.39844 -3.86049 
vt 5.38281 -3.86049 
vt 5.95757 -3.46274 
vt 5.92632 -3.46274 
vt 5.95757 -3.15338 
vt 5.92632 -3.15338 
vt 5.07368 -3.46274 
vt 5.04243 -3.46274 
vt 5.07368 -3.15338 
vt 5.04243 -3.15338 
vt 5.61719 -3.46274 
vt 5.60156 -3.46274 
vt 5.61719 -3.15338 
vt 5.60156 -3.15338 
vt 5.39844 -3.46274 
vt 5.38281 -3.46274 
vt 5.39844 -3.15338 
vt 5.38281 -3.15338 
vt 5.625 -4.5 
vt 5.59375 -4.5 
vt 5.625 -3 
vt 5.59375 -3 
vt 5.40625 -4.5 
vt 5.375 -4.5 
vt 5.40625 -3 
vt 5.375 -3 
vt 5.625 -4.5 
vt 5.59375 -4.5 
vt 5.625 -3 
vt 5.59375 -3 
vt 5.40625 -4.5 
vt 5.375 -4.5 
vt 5.40625 -3 
vt 5.375 -3 
vt 5.59375 -3.03125 
vt 5.40625 -3.03125 
vt 5.59375 -3 
vt 5.40625 -3 
vt 5.59375 -3.03125 
vt 5.40625 -3.03125 
vt 5.59375 -3 
vt 5.40625 -3 
vt 5.59375 -3.65625 
vt 5.375 -3.65625 
vt 5.59375 -3.625 
vt 5.375 -3.625 
vt 5.59375 -3.65625 
vt 5.40625 -3.65625 
vt 5.59375 -3.625 
vt 5.40625 -3.625 
vt 5.59375 -3.28125 
vt 5.40625 -3.28125 
vt 5.59375 -3.21875 
vt 5.40625 -3.21875 
vt 5.59375 -3.28125 
vt 5.40625 -3.28125 
vt 5.59375 -3.21875 
vt 5.40625 -3.21875 
vt 5.59375 -3.65625 
vt 5.40625 -3.65625 
vt 5.59375 -3.625 
vt 5.40625 -3.625 
vt 5.59375 -3.65625 
vt 5.40625 -3.65625 
vt 5.59375 -3.625 
vt 5.40625 -3.625 
vt 5.59375 -3.53125 
vt 5.40625 -3.53125 
vt 5.59375 -3.46875 
vt 5.40625 -3.46875 
vt 5.59375 -3.53125 
vt 5.40625 -3.53125 
vt 5.59375 -3.46875 
vt 5.40625 -3.46875 
vt 5.59375 -3.65625 
vt 5.40625 -3.65625 
vt 5.59375 -3.625 
vt 5.40625 -3.625 
vt 5.59375 -3.65625 
vt 5.40625 -3.65625 
vt 5.59375 -3.625 
vt 5.40625 -3.625 
vt 5.59375 -3.78125 
vt 5.40625 -3.78125 
vt 5.59375 -3.71875 
vt 5.40625 -3.71875 
vt 5.59375 -3.78125 
vt 5.40625 -3.78125 
vt 5.59375 -3.71875 
vt 5.40625 -3.71875 
vt 5.59375 -3.65625 
vt 5.40625 -3.65625 
vt 5.59375 -3.625 
vt 5.40625 -3.625 
vt 5.59375 -3.65625 
vt 5.40625 -3.65625 
vt 5.59375 -3.625 
vt 5.40625 -3.625 
vt 5.59375 -4.03125 
vt 5.40625 -4.03125 
vt 5.59375 -3.96875 
vt 5.40625 -3.96875 
vt 5.59375 -4.03125 
vt 5.40625 -4.03125 
vt 5.59375 -3.96875 
vt 5.40625 -3.96875 
vt 5.59375 -3.65625 
vt 5.40625 -3.65625 
vt 5.59375 -3.625 
vt 5.40625 -3.625 
vt 5.59375 -3.65625 
vt 5.40625 -3.65625 
vt 5.59375 -3.625 
vt 5.40625 -3.625 
vt 5.59375 -4.28125 
vt 5.40625 -4.28125 
vt 5.59375 -4.21875 
vt 5.40625 -4.21875 
vt 5.59375 -4.28125 
vt 5.40625 -4.28125 
vt 5.59375 -4.21875 
vt 5.40625 -4.21875 
vt 5.59375 -3.65625 
vt 5.40625 -3.65625 
vt 5.59375 -3.625 
vt 5.40625 -3.625 
vt 5.59375 -3.65625 
vt 5.40625 -3.65625 
vt 5.59375 -3.625 
vt 5.40625 -3.625 
vt 5.59375 -4.5 
vt 5.40625 -4.5 
vt 5.59375 -4.46875 
vt 5.40625 -4.46875 
vt 5.59375 -4.5 
vt 5.40625 -4.5 
vt 5.59375 -4.46875 
vt 5.40625 -4.46875 
vt 5.59375 -3.65625 
vt 5.40625 -3.65625 
vt 5.59375 -3.625 
vt 5.40625 -3.625 
vt 5.625 -3.65625 
vt 5.40625 -3.65625 
vt 5.625 -3.625 
vt 5.40625 -3.625 
vt 5.07368 -3.46274 
vt 5.04243 -3.46274 
vt 5.07368 -3.15338 
vt 5.04243 -3.15338 
vt 5.95757 -3.46274 
vt 5.92632 -3.46274 
vt 5.95757 -3.15338 
vt 5.92632 -3.15338 
vt 5.61719 -3.46274 
vt 5.60156 -3.46274 
vt 5.61719 -3.15338 
vt 5.60156 -3.15338 
vt 5.39844 -3.46274 
vt 5.38281 -3.46274 
vt 5.39844 -3.15338 
vt 5.38281 -3.15338 
vt 5.25046 -4.16984 
vt 5.21921 -4.16984 
vt 5.25046 -3.86049 
vt 5.21921 -3.86049 
vt 5.78079 -4.16984 
vt 5.74954 -4.16984 
vt 5.78079 -3.86049 
vt 5.74954 -3.86049 
vt 5.61719 -4.16984 
vt 5.60156 -4.16984 
vt 5.61719 -3.86049 
vt 5.60156 -3.86049 
vt 5.39844 -4.16984 
vt 5.38281 -4.16984 
vt 5.39844 -3.86049 
vt 5.38281 -3.86049 
vt 5.42724 -3.81629 
vt 5.39599 -3.81629 
vt 5.42724 -3.50693 
vt 5.39599 -3.50693 
vt 5.60401 -3.81629 
vt 5.57276 -3.81629 
vt 5.60401 -3.50693 
vt 5.57276 -3.50693 
vt 5.61719 -3.81629 
vt 5.60156 -3.81629 
vt 5.61719 -3.50693 
vt 5.60156 -3.50693 
vt 5.39844 -3.81629 
vt 5.38281 -3.81629 
vt 5.39844 -3.50693 
vt 5.38281 -3.50693 
vt 5.60401 -3.81629 
vt 5.57276 -3.81629 
vt 5.60401 -3.50693 
vt 5.57276 -3.50693 
vt 5.42724 -3.81629 
vt 5.39599 -3.81629 
vt 5.42724 -3.50693 
vt 5.39599 -3.50693 
vt 5.61719 -3.81629 
vt 5.60156 -3.81629 
vt 5.61719 -3.50693 
vt 5.60156 -3.50693 
vt 5.39844 -3.81629 
vt 5.38281 -3.81629 
vt 5.39844 -3.50693 
vt 5.38281 -3.50693 
vt 5.78079 -4.16984 
vt 5.74954 -4.16984 
vt 5.78079 -3.86049 
vt 5.74954 -3.86049 
vt 5.25046 -4.16984 
vt 5.21921 -4.16984 
vt 5.25046 -3.86049 
vt 5.21921 -3.86049 
vt 5.61719 -4.16984 
vt 5.60156 -4.16984 
vt 5.61719 -3.86049 
vt 5.60156 -3.86049 
vt 5.39844 -4.16984 
vt 5.38281 -4.16984 
vt 5.39844 -3.86049 
vt 5.38281 -3.86049 
vt 5.95757 -3.46274 
vt 5.92632 -3.46274 
vt 5.95757 -3.15338 
vt 5.92632 -3.15338 
vt 5.07368 -3.46274 
vt 5.04243 -3.46274 
vt 5.07368 -3.15338 
vt 5.04243 -3.15338 
vt 5.61719 -3.46274 
vt 5.60156 -3.46274 
vt 5.61719 -3.15338 
vt 5.60156 -3.15338 
vt 5.39844 -3.46274 
vt 5.38281 -3.46274 
vt 5.39844 -3.15338 
vt 5.38281 -3.15338 
vt 5.625 -4.5 
vt 5.59375 -4.5 
vt 5.625 -3 
vt 5.59375 -3 
vt 5.40625 -4.5 
vt 5.375 -4.5 
vt 5.40625 -3 
vt 5.375 -3 
vt 5.625 -4.5 
vt 5.59375 -4.5 
vt 5.625 -3 
vt 5.59375 -3 
vt 5.40625 -4.5 
vt 5.375 -4.5 
vt 5.40625 -3 
vt 5.375 -3 
vt 5.59375 -3.03125 
vt 5.40625 -3.03125 
vt 5.59375 -3 
vt 5.40625 -3 
vt 5.59375 -3.03125 
vt 5.40625 -3.03125 
vt 5.59375 -3 
vt 5.40625 -3 
vt 5.59375 -3.65625 
vt 5.375 -3.65625 
vt 5.59375 -3.625 
vt 5.375 -3.625 
vt 5.59375 -3.65625 
vt 5.40625 -3.65625 
vt 5.59375 -3.625 
vt 5.40625 -3.625 
vt 5.59375 -3.28125 
vt 5.40625 -3.28125 
vt 5.59375 -3.21875 
vt 5.40625 -3.21875 
vt 5.59375 -3.28125 
vt 5.40625 -3.28125 
vt 5.59375 -3.21875 
vt 5.40625 -3.21875 
vt 5.59375 -3.65625 
vt 5.40625 -3.65625 
vt 5.59375 -3.625 
vt 5.40625 -3.625 
vt 5.59375 -3.65625 
vt 5.40625 -3.65625 
vt 5.59375 -3.625 
vt 5.40625 -3.625 
vt 5.59375 -3.53125 
vt 5.40625 -3.53125 
vt 5.59375 -3.46875 
vt 5.40625 -3.46875 
vt 5.59375 -3.53125 
vt 5.40625 -3.53125 
vt 5.59375 -3.46875 
vt 5.40625 -3.46875 
vt 5.59375 -3.65625 
vt 5.40625 -3.65625 
vt 5.59375 -3.625 
vt 5.40625 -3.625 
vt 5.59375 -3.65625 
vt 5.40625 -3.65625 
vt 5.59375 -3.625 
vt 5.40625 -3.625 
vt 5.59375 -3.78125 
vt 5.40625 -3.78125 
vt 5.59375 -3.71875 
vt 5.40625 -3.71875 
vt 5.59375 -3.78125 
vt 5.40625 -3.78125 
vt 5.59375 -3.71875 
vt 5.40625 -3.71875 
vt 5.59375 -3.65625 
vt 5.40625 -3.65625 
vt 5.59375 -3.625 
vt 5.40625 -3.625 
vt 5.59375 -3.65625 
vt 5.40625 -3.65625 
vt 5.59375 -3.625 
vt 5.40625 -3.625 
vt 5.59375 -4.03125 
vt 5.40625 -4.03125 
vt 5.59375 -3.96875 
vt 5.40625 -3.96875 
vt 5.59375 -4.03125 
vt 5.40625 -4.03125 
vt 5.59375 -3.96875 
vt 5.40625 -3.96875 
vt 5.59375 -3.65625 
vt 5.40625 -3.65625 
vt 5.59375 -3.625 
vt 5.40625 -3.625 
vt 5.59375 -3.65625 
vt 5.40625 -3.65625 
vt 5.59375 -3.625 
vt 5.40625 -3.625 
vt 5.59375 -4.28125 
vt 5.40625 -4.28125 
vt 5.59375 -4.21875 
vt 5.40625 -4.21875 
vt 5.59375 -4.28125 
vt 5.40625 -4.28125 
vt 5.59375 -4.21875 
vt 5.40625 -4.21875 
vt 5.59375 -3.65625 
vt 5.40625 -3.65625 
vt 5.59375 -3.625 
vt 5.40625 -3.625 
vt 5.59375 -3.65625 
vt 5.40625 -3.65625 
vt 5.59375 -3.625 
vt 5.40625 -3.625 
vt 5.59375 -4.5 
vt 5.40625 -4.5 
vt 5.59375 -4.46875 
vt 5.40625 -4.46875 
vt 5.59375 -4.5 
vt 5.40625 -4.5 
vt 5.59375 -4.46875 
vt 5.40625 -4.46875 
vt 5.59375 -3.65625 
vt 5.40625 -3.65625 
vt 5.59375 -3.625 
vt 5.40625 -3.625 
vt 5.625 -3.65625 
vt 5.40625 -3.65625 
vt 5.625 -3.625 
vt 5.40625 -3.625 
vt 5.07368 -3.46274 
vt 5.04243 -3.46274 
vt 5.07368 -3.15338 
vt 5.04243 -3.15338 
vt 5.95757 -3.46274 
vt 5.92632 -3.46274 
vt 5.95757 -3.15338 
vt 5.92632 -3.15338 
vt 5.61719 -3.46274 
vt 5.60156 -3.46274 
vt 5.61719 -3.15338 
vt 5.60156 -3.15338 
vt 5.39844 -3.46274 
vt 5.38281 -3.46274 
vt 5.39844 -3.15338 
vt 5.38281 -3.15338 
vt 5.25046 -4.16984 
vt 5.21921 -4.16984 
vt 5.25046 -3.86049 
vt 5.21921 -3.86049 
vt 5.78079 -4.16984 
vt 5.74954 -4.16984 
vt 5.78079 -3.86049 
vt 5.74954 -3.86049 
vt 5.61719 -4.16984 
vt 5.60156 -4.16984 
vt 5.61719 -3.86049 
vt 5.60156 -3.86049 
vt 5.39844 -4.16984 
vt 5.38281 -4.16984 
vt 5.39844 -3.86049 
vt 5.38281 -3.86049 
vt 5.42724 -3.81629 
vt 5.39599 -3.81629 
vt 5.42724 -3.50693 
vt 5.39599 -3.50693 
vt 5.60401 -3.81629 
vt 5.57276 -3.81629 
vt 5.60401 -3.50693 
vt 5.57276 -3.50693 
vt 5.61719 -3.81629 
vt 5.60156 -3.81629 
vt 5.61719 -3.50693 
vt 5.60156 -3.50693 
vt 5.39844 -3.81629 
vt 5.38281 -3.81629 
vt 5.39844 -3.50693 
vt 5.38281 -3.50693 
vt 5.60401 -3.81629 
vt 5.57276 -3.81629 
vt 5.60401 -3.50693 
vt 5.57276 -3.50693 
vt 5.42724 -3.81629 
vt 5.39599 -3.81629 
vt 5.42724 -3.50693 
vt 5.39599 -3.50693 
vt 5.61719 -3.81629 
vt 5.60156 -3.81629 
vt 5.61719 -3.50693 
vt 5.60156 -3.50693 
vt 5.39844 -3.81629 
vt 5.38281 -3.81629 
vt 5.39844 -3.50693 
vt 5.38281 -3.50693 
vt 5.78079 -4.16984 
vt 5.74954 -4.16984 
vt 5.78079 -3.86049 
vt 5.74954 -3.86049 
vt 5.25046 -4.16984 
vt 5.21921 -4.16984 
vt 5.25046 -3.86049 
vt 5.21921 -3.86049 
vt 5.61719 -4.16984 
vt 5.60156 -4.16984 
vt 5.61719 -3.86049 
vt 5.60156 -3.86049 
vt 5.39844 -4.16984 
vt 5.38281 -4.16984 
vt 5.39844 -3.86049 
vt 5.38281 -3.86049 
vt 5.95757 -3.46274 
vt 5.92632 -3.46274 
vt 5.95757 -3.15338 
vt 5.92632 -3.15338 
vt 5.07368 -3.46274 
vt 5.04243 -3.46274 
vt 5.07368 -3.15338 
vt 5.04243 -3.15338 
vt 5.61719 -3.46274 
vt 5.60156 -3.46274 
vt 5.61719 -3.15338 
vt 5.60156 -3.15338 
vt 5.39844 -3.46274 
vt 5.38281 -3.46274 
vt 5.39844 -3.15338 
vt 5.38281 -3.15338 
vt 5.625 -4.5 
vt 5.59375 -4.5 
vt 5.625 -3 
vt 5.59375 -3 
vt 5.40625 -4.5 
vt 5.375 -4.5 
vt 5.40625 -3 
vt 5.375 -3 
vt 5.625 -4.5 
vt 5.59375 -4.5 
vt 5.625 -3 
vt 5.59375 -3 
vt 5.40625 -4.5 
vt 5.375 -4.5 
vt 5.40625 -3 
vt 5.375 -3 
vt 5.59375 -3.03125 
vt 5.40625 -3.03125 
vt 5.59375 -3 
vt 5.40625 -3 
vt 5.59375 -3.03125 
vt 5.40625 -3.03125 
vt 5.59375 -3 
vt 5.40625 -3 
vt 5.59375 -3.65625 
vt 5.375 -3.65625 
vt 5.59375 -3.625 
vt 5.375 -3.625 
vt 5.59375 -3.65625 
vt 5.40625 -3.65625 
vt 5.59375 -3.625 
vt 5.40625 -3.625 
vt 5.59375 -3.28125 
vt 5.40625 -3.28125 
vt 5.59375 -3.21875 
vt 5.40625 -3.21875 
vt 5.59375 -3.28125 
vt 5.40625 -3.28125 
vt 5.59375 -3.21875 
vt 5.40625 -3.21875 
vt 5.59375 -3.65625 
vt 5.40625 -3.65625 
vt 5.59375 -3.625 
vt 5.40625 -3.625 
vt 5.59375 -3.65625 
vt 5.40625 -3.65625 
vt 5.59375 -3.625 
vt 5.40625 -3.625 
vt 5.59375 -3.53125 
vt 5.40625 -3.53125 
vt 5.59375 -3.46875 
vt 5.40625 -3.46875 
vt 5.59375 -3.53125 
vt 5.40625 -3.53125 
vt 5.59375 -3.46875 
vt 5.40625 -3.46875 
vt 5.59375 -3.65625 
vt 5.40625 -3.65625 
vt 5.59375 -3.625 
vt 5.40625 -3.625 
vt 5.59375 -3.65625 
vt 5.40625 -3.65625 
vt 5.59375 -3.625 
vt 5.40625 -3.625 
vt 5.59375 -3.78125 
vt 5.40625 -3.78125 
vt 5.59375 -3.71875 
vt 5.40625 -3.71875 
vt 5.59375 -3.78125 
vt 5.40625 -3.78125 
vt 5.59375 -3.71875 
vt 5.40625 -3.71875 
vt 5.59375 -3.65625 
vt 5.40625 -3.65625 
vt 5.59375 -3.625 
vt 5.40625 -3.625 
vt 5.59375 -3.65625 
vt 5.40625 -3.65625 
vt 5.59375 -3.625 
vt 5.40625 -3.625 
vt 5.59375 -4.03125 
vt 5.40625 -4.03125 
vt 5.59375 -3.96875 
vt 5.40625 -3.96875 
vt 5.59375 -4.03125 
vt 5.40625 -4.03125 
vt 5.59375 -3.96875 
vt 5.40625 -3.96875 
vt 5.59375 -3.65625 
vt 5.40625 -3.65625 
vt 5.59375 -3.625 
vt 5.40625 -3.625 
vt 5.59375 -3.65625 
vt 5.40625 -3.65625 
vt 5.59375 -3.625 
vt 5.40625 -3.625 
vt 5.59375 -4.28125 
vt 5.40625 -4.28125 
vt 5.59375 -4.21875 
vt 5.40625 -4.21875 
vt 5.59375 -4.28125 
vt 5.40625 -4.28125 
vt 5.59375 -4.21875 
vt 5.40625 -4.21875 
vt 5.59375 -3.65625 
vt 5.40625 -3.65625 
vt 5.59375 -3.625 
vt 5.40625 -3.625 
vt 5.59375 -3.65625 
vt 5.40625 -3.65625 
vt 5.59375 -3.625 
vt 5.40625 -3.625 
vt 5.59375 -4.5 
vt 5.40625 -4.5 
vt 5.59375 -4.46875 
vt 5.40625 -4.46875 
vt 5.59375 -4.5 
vt 5.40625 -4.5 
vt 5.59375 -4.46875 
vt 5.40625 -4.46875 
vt 5.59375 -3.65625 
vt 5.40625 -3.65625 
vt 5.59375 -3.625 
vt 5.40625 -3.625 
vt 5.625 -3.65625 
vt 5.40625 -3.65625 
vt 5.625 -3.625 
vt 5.40625 -3.625 
vt 5.07368 -3.46274 
vt 5.04243 -3.46274 
vt 5.07368 -3.15338 
vt 5.04243 -3.15338 
vt 5.95757 -3.46274 
vt 5.92632 -3.46274 
vt 5.95757 -3.15338 
vt 5.92632 -3.15338 
vt 5.61719 -3.46274 
vt 5.60156 -3.46274 
vt 5.61719 -3.15338 
vt 5.60156 -3.15338 
vt 5.39844 -3.46274 
vt 5.38281 -3.46274 
vt 5.39844 -3.15338 
vt 5.38281 -3.15338 
vt 5.25046 -4.16984 
vt 5.21921 -4.16984 
vt 5.25046 -3.86049 
vt 5.21921 -3.86049 
vt 5.78079 -4.16984 
vt 5.74954 -4.16984 
vt 5.78079 -3.86049 
vt 5.74954 -3.86049 
vt 5.61719 -4.16984 
vt 5.60156 -4.16984 
vt 5.61719 -3.86049 
vt 5.60156 -3.86049 
vt 5.39844 -4.16984 
vt 5.38281 -4.16984 
vt 5.39844 -3.86049 
vt 5.38281 -3.86049 
vt 5.42724 -3.81629 
vt 5.39599 -3.81629 
vt 5.42724 -3.50693 
vt 5.39599 -3.50693 
vt 5.60401 -3.81629 
vt 5.57276 -3.81629 
vt 5.60401 -3.50693 
vt 5.57276 -3.50693 
vt 5.61719 -3.81629 
vt 5.60156 -3.81629 
vt 5.61719 -3.50693 
vt 5.60156 -3.50693 
vt 5.39844 -3.81629 
vt 5.38281 -3.81629 
vt 5.39844 -3.50693 
vt 5.38281 -3.50693 
vt 5.60401 -3.81629 
vt 5.57276 -3.81629 
vt 5.60401 -3.50693 
vt 5.57276 -3.50693 
vt 5.42724 -3.81629 
vt 5.39599 -3.81629 
vt 5.42724 -3.50693 
vt 5.39599 -3.50693 
vt 5.61719 -3.81629 
vt 5.60156 -3.81629 
vt 5.61719 -3.50693 
vt 5.60156 -3.50693 
vt 5.39844 -3.81629 
vt 5.38281 -3.81629 
vt 5.39844 -3.50693 
vt 5.38281 -3.50693 
vt 5.78079 -4.16984 
vt 5.74954 -4.16984 
vt 5.78079 -3.86049 
vt 5.74954 -3.86049 
vt 5.25046 -4.16984 
vt 5.21921 -4.16984 
vt 5.25046 -3.86049 
vt 5.21921 -3.86049 
vt 5.61719 -4.16984 
vt 5.60156 -4.16984 
vt 5.61719 -3.86049 
vt 5.60156 -3.86049 
vt 5.39844 -4.16984 
vt 5.38281 -4.16984 
vt 5.39844 -3.86049 
vt 5.38281 -3.86049 
vt 5.95757 -3.46274 
vt 5.92632 -3.46274 
vt 5.95757 -3.15338 
vt 5.92632 -3.15338 
vt 5.07368 -3.46274 
vt 5.04243 -3.46274 
vt 5.07368 -3.15338 
vt 5.04243 -3.15338 
vt 5.61719 -3.46274 
vt 5.60156 -3.46274 
vt 5.61719 -3.15338 
vt 5.60156 -3.15338 
vt 5.39844 -3.46274 
vt 5.38281 -3.46274 
vt 5.39844 -3.15338 
vt 5.38281 -3.15338 

usemtl Truss1Mtl

f 3311/3311/3311 3312/3312/3312 3313/3313/3313 
f 3313/3313/3313 3312/3312/3312 3314/3314/3314 
f 3315/3315/3315 3316/3316/3316 3317/3317/3317 
f 3317/3317/3317 3316/3316/3316 3318/3318/3318 
f 3319/3319/3319 3320/3320/3320 3321/3321/3321 
f 3321/3321/3321 3320/3320/3320 3322/3322/3322 
f 3323/3323/3323 3324/3324/3324 3325/3325/3325 
f 3325/3325/3325 3324/3324/3324 3326/3326/3326 
f 3327/3327/3327 3328/3328/3328 3329/3329/3329 
f 3329/3329/3329 3328/3328/3328 3330/3330/3330 
f 3331/3331/3331 3332/3332/3332 3333/3333/3333 
f 3333/3333/3333 3332/3332/3332 3334/3334/3334 
f 3335/3335/3335 3336/3336/3336 3337/3337/3337 
f 3337/3337/3337 3336/3336/3336 3338/3338/3338 
f 3339/3339/3339 3340/3340/3340 3341/3341/3341 
f 3341/3341/3341 3340/3340/3340 3342/3342/3342 
f 3343/3343/3343 3344/3344/3344 3345/3345/3345 
f 3345/3345/3345 3344/3344/3344 3346/3346/3346 
f 3347/3347/3347 3348/3348/3348 3349/3349/3349 
f 3349/3349/3349 3348/3348/3348 3350/3350/3350 
f 3351/3351/3351 3352/3352/3352 3353/3353/3353 
f 3353/3353/3353 3352/3352/3352 3354/3354/3354 
f 3355/3355/3355 3356/3356/3356 3357/3357/3357 
f 3357/3357/3357 3356/3356/3356 3358/3358/3358 
f 3359/3359/3359 3360/3360/3360 3361/3361/3361 
f 3361/3361/3361 3360/3360/3360 3362/3362/3362 
f 3363/3363/3363 3364/3364/3364 3365/3365/3365 
f 3365/3365/3365 3364/3364/3364 3366/3366/3366 
f 3367/3367/3367 3368/3368/3368 3369/3369/3369 
f 3369/3369/3369 3368/3368/3368 3370/3370/3370 
f 3371/3371/3371 3372/3372/3372 3373/3373/3373 
f 3373/3373/3373 3372/3372/3372 3374/3374/3374 
f 3375/3375/3375 3376/3376/3376 3377/3377/3377 
f 3377/3377/3377 3376/3376/3376 3378/3378/3378 
f 3379/3379/3379 3380/3380/3380 3381/3381/3381 
f 3381/3381/3381 3380/3380/3380 3382/3382/3382 
f 3383/3383/3383 3384/3384/3384 3385/3385/3385 
f 3385/3385/3385 3384/3384/3384 3386/3386/3386 
f 3387/3387/3387 3388/3388/3388 3389/3389/3389 
f 3389/3389/3389 3388/3388/3388 3390/3390/3390 
f 3391/3391/3391 3392/3392/3392 3393/3393/3393 
f 3393/3393/3393 3392/3392/3392 3394/3394/3394 
f 3395/3395/3395 3396/3396/3396 3397/3397/3397 
f 3397/3397/3397 3396/3396/3396 3398/3398/3398 
f 3399/3399/3399 3400/3400/3400 3401/3401/3401 
f 3401/3401/3401 3400/3400/3400 3402/3402/3402 
f 3403/3403/3403 3404/3404/3404 3405/3405/3405 
f 3405/3405/3405 3404/3404/3404 3406/3406/3406 
f 3407/3407/3407 3408/3408/3408 3409/3409/3409 
f 3409/3409/3409 3408/3408/3408 3410/3410/3410 
f 3411/3411/3411 3412/3412/3412 3413/3413/3413 
f 3413/3413/3413 3412/3412/3412 3414/3414/3414 
f 3415/3415/3415 3416/3416/3416 3417/3417/3417 
f 3417/3417/3417 3416/3416/3416 3418/3418/3418 
f 3419/3419/3419 3420/3420/3420 3421/3421/3421 
f 3421/3421/3421 3420/3420/3420 3422/3422/3422 
f 3423/3423/3423 3424/3424/3424 3425/3425/3425 
f 3425/3425/3425 3424/3424/3424 3426/3426/3426 
f 3427/3427/3427 3428/3428/3428 3429/3429/3429 
f 3429/3429/3429 3428/3428/3428 3430/3430/3430 
f 3431/3431/3431 3432/3432/3432 3433/3433/3433 
f 3433/3433/3433 3432/3432/3432 3434/3434/3434 
f 3435/3435/3435 3436/3436/3436 3437/3437/3437 
f 3437/3437/3437 3436/3436/3436 3438/3438/3438 
f 3439/3439/3439 3440/3440/3440 3441/3441/3441 
f 3441/3441/3441 3440/3440/3440 3442/3442/3442 
f 3443/3443/3443 3444/3444/3444 3445/3445/3445 
f 3445/3445/3445 3444/3444/3444 3446/3446/3446 
f 3447/3447/3447 3448/3448/3448 3449/3449/3449 
f 3449/3449/3449 3448/3448/3448 3450/3450/3450 
f 3451/3451/3451 3452/3452/3452 3453/3453/3453 
f 3453/3453/3453 3452/3452/3452 3454/3454/3454 
f 3455/3455/3455 3456/3456/3456 3457/3457/3457 
f 3457/3457/3457 3456/3456/3456 3458/3458/3458 
f 3459/3459/3459 3460/3460/3460 3461/3461/3461 
f 3461/3461/3461 3460/3460/3460 3462/3462/3462 
f 3463/3463/3463 3464/3464/3464 3465/3465/3465 
f 3465/3465/3465 3464/3464/3464 3466/3466/3466 
f 3467/3467/3467 3468/3468/3468 3469/3469/3469 
f 3469/3469/3469 3468/3468/3468 3470/3470/3470 
f 3471/3471/3471 3472/3472/3472 3473/3473/3473 
f 3473/3473/3473 3472/3472/3472 3474/3474/3474 
f 3475/3475/3475 3476/3476/3476 3477/3477/3477 
f 3477/3477/3477 3476/3476/3476 3478/3478/3478 
f 3479/3479/3479 3480/3480/3480 3481/3481/3481 
f 3481/3481/3481 3480/3480/3480 3482/3482/3482 
f 3483/3483/3483 3484/3484/3484 3485/3485/3485 
f 3485/3485/3485 3484/3484/3484 3486/3486/3486 
f 3487/3487/3487 3488/3488/3488 3489/3489/3489 
f 3489/3489/3489 3488/3488/3488 3490/3490/3490 
f 3491/3491/3491 3492/3492/3492 3493/3493/3493 
f 3493/3493/3493 3492/3492/3492 3494/3494/3494 
f 3495/3495/3495 3496/3496/3496 3497/3497/3497 
f 3497/3497/3497 3496/3496/3496 3498/3498/3498 
f 3499/3499/3499 3500/3500/3500 3501/3501/3501 
f 3501/3501/3501 3500/3500/3500 3502/3502/3502 
f 3503/3503/3503 3504/3504/3504 3505/3505/3505 
f 3505/3505/3505 3504/3504/3504 3506/3506/3506 
f 3507/3507/3507 3508/3508/3508 3509/3509/3509 
f 3509/3509/3509 3508/3508/3508 3510/3510/3510 
f 3511/3511/3511 3512/3512/3512 3513/3513/3513 
f 3513/3513/3513 3512/3512/3512 3514/3514/3514 
f 3515/3515/3515 3516/3516/3516 3517/3517/3517 
f 3517/3517/3517 3516/3516/3516 3518/3518/3518 
f 3519/3519/3519 3520/3520/3520 3521/3521/3521 
f 3521/3521/3521 3520/3520/3520 3522/3522/3522 
f 3523/3523/3523 3524/3524/3524 3525/3525/3525 
f 3525/3525/3525 3524/3524/3524 3526/3526/3526 
f 3527/3527/3527 3528/3528/3528 3529/3529/3529 
f 3529/3529/3529 3528/3528/3528 3530/3530/3530 
f 3531/3531/3531 3532/3532/3532 3533/3533/3533 
f 3533/3533/3533 3532/3532/3532 3534/3534/3534 
f 3535/3535/3535 3536/3536/3536 3537/3537/3537 
f 3537/3537/3537 3536/3536/3536 3538/3538/3538 
f 3539/3539/3539 3540/3540/3540 3541/3541/3541 
f 3541/3541/3541 3540/3540/3540 3542/3542/3542 
f 3543/3543/3543 3544/3544/3544 3545/3545/3545 
f 3545/3545/3545 3544/3544/3544 3546/3546/3546 
f 3547/3547/3547 3548/3548/3548 3549/3549/3549 
f 3549/3549/3549 3548/3548/3548 3550/3550/3550 
f 3551/3551/3551 3552/3552/3552 3553/3553/3553 
f 3553/3553/3553 3552/3552/3552 3554/3554/3554 
f 3555/3555/3555 3556/3556/3556 3557/3557/3557 
f 3557/3557/3557 3556/3556/3556 3558/3558/3558 
f 3559/3559/3559 3560/3560/3560 3561/3561/3561 
f 3561/3561/3561 3560/3560/3560 3562/3562/3562 
f 3563/3563/3563 3564/3564/3564 3565/3565/3565 
f 3565/3565/3565 3564/3564/3564 3566/3566/3566 
f 3567/3567/3567 3568/3568/3568 3569/3569/3569 
f 3569/3569/3569 3568/3568/3568 3570/3570/3570 
f 3571/3571/3571 3572/3572/3572 3573/3573/3573 
f 3573/3573/3573 3572/3572/3572 3574/3574/3574 
f 3575/3575/3575 3576/3576/3576 3577/3577/3577 
f 3577/3577/3577 3576/3576/3576 3578/3578/3578 
f 3579/3579/3579 3580/3580/3580 3581/3581/3581 
f 3581/3581/3581 3580/3580/3580 3582/3582/3582 
f 3583/3583/3583 3584/3584/3584 3585/3585/3585 
f 3585/3585/3585 3584/3584/3584 3586/3586/3586 
f 3587/3587/3587 3588/3588/3588 3589/3589/3589 
f 3589/3589/3589 3588/3588/3588 3590/3590/3590 
f 3591/3591/3591 3592/3592/3592 3593/3593/3593 
f 3593/3593/3593 3592/3592/3592 3594/3594/3594 
f 3595/3595/3595 3596/3596/3596 3597/3597/3597 
f 3597/3597/3597 3596/3596/3596 3598/3598/3598 
f 3599/3599/3599 3600/3600/3600 3601/3601/3601 
f 3601/3601/3601 3600/3600/3600 3602/3602/3602 
f 3603/3603/3603 3604/3604/3604 3605/3605/3605 
f 3605/3605/3605 3604/3604/3604 3606/3606/3606 
f 3607/3607/3607 3608/3608/3608 3609/3609/3609 
f 3609/3609/3609 3608/3608/3608 3610/3610/3610 
f 3611/3611/3611 3612/3612/3612 3613/3613/3613 
f 3613/3613/3613 3612/3612/3612 3614/3614/3614 
f 3615/3615/3615 3616/3616/3616 3617/3617/3617 
f 3617/3617/3617 3616/3616/3616 3618/3618/3618 
f 3619/3619/3619 3620/3620/3620 3621/3621/3621 
f 3621/3621/3621 3620/3620/3620 3622/3622/3622 
f 3623/3623/3623 3624/3624/3624 3625/3625/3625 
f 3625/3625/3625 3624/3624/3624 3626/3626/3626 
f 3627/3627/3627 3628/3628/3628 3629/3629/3629 
f 3629/3629/3629 3628/3628/3628 3630/3630/3630 
f 3631/3631/3631 3632/3632/3632 3633/3633/3633 
f 3633/3633/3633 3632/3632/3632 3634/3634/3634 
f 3635/3635/3635 3636/3636/3636 3637/3637/3637 
f 3637/3637/3637 3636/3636/3636 3638/3638/3638 
f 3639/3639/3639 3640/3640/3640 3641/3641/3641 
f 3641/3641/3641 3640/3640/3640 3642/3642/3642 
f 3643/3643/3643 3644/3644/3644 3645/3645/3645 
f 3645/3645/3645 3644/3644/3644 3646/3646/3646 
f 3647/3647/3647 3648/3648/3648 3649/3649/3649 
f 3649/3649/3649 3648/3648/3648 3650/3650/3650 
f 3651/3651/3651 3652/3652/3652 3653/3653/3653 
f 3653/3653/3653 3652/3652/3652 3654/3654/3654 
f 3655/3655/3655 3656/3656/3656 3657/3657/3657 
f 3657/3657/3657 3656/3656/3656 3658/3658/3658 
f 3659/3659/3659 3660/3660/3660 3661/3661/3661 
f 3661/3661/3661 3660/3660/3660 3662/3662/3662 
f 3663/3663/3663 3664/3664/3664 3665/3665/3665 
f 3665/3665/3665 3664/3664/3664 3666/3666/3666 
f 3667/3667/3667 3668/3668/3668 3669/3669/3669 
f 3669/3669/3669 3668/3668/3668 3670/3670/3670 
f 3671/3671/3671 3672/3672/3672 3673/3673/3673 
f 3673/3673/3673 3672/3672/3672 3674/3674/3674 
f 3675/3675/3675 3676/3676/3676 3677/3677/3677 
f 3677/3677/3677 3676/3676/3676 3678/3678/3678 
f 3679/3679/3679 3680/3680/3680 3681/3681/3681 
f 3681/3681/3681 3680/3680/3680 3682/3682/3682 
f 3683/3683/3683 3684/3684/3684 3685/3685/3685 
f 3685/3685/3685 3684/3684/3684 3686/3686/3686 
f 3687/3687/3687 3688/3688/3688 3689/3689/3689 
f 3689/3689/3689 3688/3688/3688 3690/3690/3690 
f 3691/3691/3691 3692/3692/3692 3693/3693/3693 
f 3693/3693/3693 3692/3692/3692 3694/3694/3694 
f 3695/3695/3695 3696/3696/3696 3697/3697/3697 
f 3697/3697/3697 3696/3696/3696 3698/3698/3698 
f 3699/3699/3699 3700/3700/3700 3701/3701/3701 
f 3701/3701/3701 3700/3700/3700 3702/3702/3702 
f 3703/3703/3703 3704/3704/3704 3705/3705/3705 
f 3705/3705/3705 3704/3704/3704 3706/3706/3706 
f 3707/3707/3707 3708/3708/3708 3709/3709/3709 
f 3709/3709/3709 3708/3708/3708 3710/3710/3710 
f 3711/3711/3711 3712/3712/3712 3713/3713/3713 
f 3713/3713/3713 3712/3712/3712 3714/3714/3714 
f 3715/3715/3715 3716/3716/3716 3717/3717/3717 
f 3717/3717/3717 3716/3716/3716 3718/3718/3718 
f 3719/3719/3719 3720/3720/3720 3721/3721/3721 
f 3721/3721/3721 3720/3720/3720 3722/3722/3722 
f 3723/3723/3723 3724/3724/3724 3725/3725/3725 
f 3725/3725/3725 3724/3724/3724 3726/3726/3726 
f 3727/3727/3727 3728/3728/3728 3729/3729/3729 
f 3729/3729/3729 3728/3728/3728 3730/3730/3730 
f 3731/3731/3731 3732/3732/3732 3733/3733/3733 
f 3733/3733/3733 3732/3732/3732 3734/3734/3734 
f 3735/3735/3735 3736/3736/3736 3737/3737/3737 
f 3737/3737/3737 3736/3736/3736 3738/3738/3738 
f 3739/3739/3739 3740/3740/3740 3741/3741/3741 
f 3741/3741/3741 3740/3740/3740 3742/3742/3742 
f 3743/3743/3743 3744/3744/3744 3745/3745/3745 
f 3745/3745/3745 3744/3744/3744 3746/3746/3746 
f 3747/3747/3747 3748/3748/3748 3749/3749/3749 
f 3749/3749/3749 3748/3748/3748 3750/3750/3750 
f 3751/3751/3751 3752/3752/3752 3753/3753/3753 
f 3753/3753/3753 3752/3752/3752 3754/3754/3754 
f 3755/3755/3755 3756/3756/3756 3757/3757/3757 
f 3757/3757/3757 3756/3756/3756 3758/3758/3758 
f 3759/3759/3759 3760/3760/3760 3761/3761/3761 
f 3761/3761/3761 3760/3760/3760 3762/3762/3762 
f 3763/3763/3763 3764/3764/3764 3765/3765/3765 
f 3765/3765/3765 3764/3764/3764 3766/3766/3766 
f 3767/3767/3767 3768/3768/3768 3769/3769/3769 
f 3769/3769/3769 3768/3768/3768 3770/3770/3770 
f 3771/3771/3771 3772/3772/3772 3773/3773/3773 
f 3773/3773/3773 3772/3772/3772 3774/3774/3774 
f 3775/3775/3775 3776/3776/3776 3777/3777/3777 
f 3777/3777/3777 3776/3776/3776 3778/3778/3778 
f 3779/3779/3779 3780/3780/3780 3781/3781/3781 
f 3781/3781/3781 3780/3780/3780 3782/3782/3782 
f 3783/3783/3783 3784/3784/3784 3785/3785/3785 
f 3785/3785/3785 3784/3784/3784 3786/3786/3786 
f 3787/3787/3787 3788/3788/3788 3789/3789/3789 
f 3789/3789/3789 3788/3788/3788 3790/3790/3790 
f 3791/3791/3791 3792/3792/3792 3793/3793/3793 
f 3793/3793/3793 3792/3792/3792 3794/3794/3794 
f 3795/3795/3795 3796/3796/3796 3797/3797/3797 
f 3797/3797/3797 3796/3796/3796 3798/3798/3798 
f 3799/3799/3799 3800/3800/3800 3801/3801/3801 
f 3801/3801/3801 3800/3800/3800 3802/3802/3802 
f 3803/3803/3803 3804/3804/3804 3805/3805/3805 
f 3805/3805/3805 3804/3804/3804 3806/3806/3806 
f 3807/3807/3807 3808/3808/3808 3809/3809/3809 
f 3809/3809/3809 3808/3808/3808 3810/3810/3810 
f 3811/3811/3811 3812/3812/3812 3813/3813/3813 
f 3813/3813/3813 3812/3812/3812 3814/3814/3814 
f 3815/3815/3815 3816/3816/3816 3817/3817/3817 
f 3817/3817/3817 3816/3816/3816 3818/3818/3818 
f 3819/3819/3819 3820/3820/3820 3821/3821/3821 
f 3821/3821/3821 3820/3820/3820 3822/3822/3822 
f 3823/3823/3823 3824/3824/3824 3825/3825/3825 
f 3825/3825/3825 3824/3824/3824 3826/3826/3826 
f 3827/3827/3827 3828/3828/3828 3829/3829/3829 
f 3829/3829/3829 3828/3828/3828 3830/3830/3830 
f 3831/3831/3831 3832/3832/3832 3833/3833/3833 
f 3833/3833/3833 3832/3832/3832 3834/3834/3834 
f 3835/3835/3835 3836/3836/3836 3837/3837/3837 
f 3837/3837/3837 3836/3836/3836 3838/3838/3838 
f 3839/3839/3839 3840/3840/3840 3841/3841/3841 
f 3841/3841/3841 3840/3840/3840 3842/3842/3842 
f 3843/3843/3843 3844/3844/3844 3845/3845/3845 
f 3845/3845/3845 3844/3844/3844 3846/3846/3846 
f 3847/3847/3847 3848/3848/3848 3849/3849/3849 
f 3849/3849/3849 3848/3848/3848 3850/3850/3850 
f 3851/3851/3851 3852/3852/3852 3853/3853/3853 
f 3853/3853/3853 3852/3852/3852 3854/3854/3854 
f 3855/3855/3855 3856/3856/3856 3857/3857/3857 
f 3857/3857/3857 3856/3856/3856 3858/3858/3858 
f 3859/3859/3859 3860/3860/3860 3861/3861/3861 
f 3861/3861/3861 3860/3860/3860 3862/3862/3862 
f 3863/3863/3863 3864/3864/3864 3865/3865/3865 
f 3865/3865/3865 3864/3864/3864 3866/3866/3866 
f 3867/3867/3867 3868/3868/3868 3869/3869/3869 
f 3869/3869/3869 3868/3868/3868 3870/3870/3870 
f 3871/3871/3871 3872/3872/3872 3873/3873/3873 
f 3873/3873/3873 3872/3872/3872 3874/3874/3874 
f 3875/3875/3875 3876/3876/3876 3877/3877/3877 
f 3877/3877/3877 3876/3876/3876 3878/3878/3878 
f 3879/3879/3879 3880/3880/3880 3881/3881/3881 
f 3881/3881/3881 3880/3880/3880 3882/3882/3882 
f 3883/3883/3883 3884/3884/3884 3885/3885/3885 
f 3885/3885/3885 3884/3884/3884 3886/3886/3886 
f 3887/3887/3887 3888/3888/3888 3889/3889/3889 
f 3889/3889/3889 3888/3888/3888 3890/3890/3890 
f 3891/3891/3891 3892/3892/3892 3893/3893/3893 
f 3893/3893/3893 3892/3892/3892 3894/3894/3894 
f 3895/3895/3895 3896/3896/3896 3897/3897/3897 
f 3897/3897/3897 3896/3896/3896 3898/3898/3898 
f 3899/3899/3899 3900/3900/3900 3901/3901/3901 
f 3901/3901/3901 3900/3900/3900 3902/3902/3902 
f 3903/3903/3903 3904/3904/3904 3905/3905/3905 
f 3905/3905/3905 3904/3904/3904 3906/3906/3906 
f 3907/3907/3907 3908/3908/3908 3909/3909/3909 
f 3909/3909/3909 3908/3908/3908 3910/3910/3910 
f 3911/3911/3911 3912/3912/3912 3913/3913/3913 
f 3913/3913/3913 3912/3912/3912 3914/3914/3914 
f 3915/3915/3915 3916/3916/3916 3917/3917/3917 
f 3917/3917/3917 3916/3916/3916 3918/3918/3918 
f 3919/3919/3919 3920/3920/3920 3921/3921/3921 
f 3921/3921/3921 3920/3920/3920 3922/3922/3922 
f 3923/3923/3923 3924/3924/3924 3925/3925/3925 
f 3925/3925/3925 3924/3924/3924 3926/3926/3926 
f 3927/3927/3927 3928/3928/3928 3929/3929/3929 
f 3929/3929/3929 3928/3928/3928 3930/3930/3930 
f 3931/3931/3931 3932/3932/3932 3933/3933/3933 
f 3933/3933/3933 3932/3932/3932 3934/3934/3934 
f 3935/3935/3935 3936/3936/3936 3937/3937/3937 
f 3937/3937/3937 3936/3936/3936 3938/3938/3938 
f 3939/3939/3939 3940/3940/3940 3941/3941/3941 
f 3941/3941/3941 3940/3940/3940 3942/3942/3942 
f 3943/3943/3943 3944/3944/3944 3945/3945/3945 
f 3945/3945/3945 3944/3944/3944 3946/3946/3946 
f 3947/3947/3947 3948/3948/3948 3949/3949/3949 
f 3949/3949/3949 3948/3948/3948 3950/3950/3950 
f 3951/3951/3951 3952/3952/3952 3953/3953/3953 
f 3953/3953/3953 3952/3952/3952 3954/3954/3954 
f 3955/3955/3955 3956/3956/3956 3957/3957/3957 
f 3957/3957/3957 3956/3956/3956 3958/3958/3958 
f 3959/3959/3959 3960/3960/3960 3961/3961/3961 
f 3961/3961/3961 3960/3960/3960 3962/3962/3962 
f 3963/3963/3963 3964/3964/3964 3965/3965/3965 
f 3965/3965/3965 3964/3964/3964 3966/3966/3966 
f 3967/3967/3967 3968/3968/3968 3969/3969/3969 
f 3969/3969/3969 3968/3968/3968 3970/3970/3970 
f 3971/3971/3971 3972/3972/3972 3973/3973/3973 
f 3973/3973/3973 3972/3972/3972 3974/3974/3974 
f 3975/3975/3975 3976/3976/3976 3977/3977/3977 
f 3977/3977/3977 3976/3976/3976 3978/3978/3978 
f 3979/3979/3979 3980/3980/3980 3981/3981/3981 
f 3981/3981/3981 3980/3980/3980 3982/3982/3982 
f 3983/3983/3983 3984/3984/3984 3985/3985/3985 
f 3985/3985/3985 3984/3984/3984 3986/3986/3986 
f 3987/3987/3987 3988/3988/3988 3989/3989/3989 
f 3989/3989/3989 3988/3988/3988 3990/3990/3990 
f 3991/3991/3991 3992/3992/3992 3993/3993/3993 
f 3993/3993/3993 3992/3992/3992 3994/3994/3994 
f 3995/3995/3995 3996/3996/3996 3997/3997/3997 
f 3997/3997/3997 3996/3996/3996 3998/3998/3998 
f 3999/3999/3999 4000/4000/4000 4001/4001/4001 
f 4001/4001/4001 4000/4000/4000 4002/4002/4002 
f 4003/4003/4003 4004/4004/4004 4005/4005/4005 
f 4005/4005/4005 4004/4004/4004 4006/4006/4006 
f 4007/4007/4007 4008/4008/4008 4009/4009/4009 
f 4009/4009/4009 4008/4008/4008 4010/4010/4010 
f 4011/4011/4011 4012/4012/4012 4013/4013/4013 
f 4013/4013/4013 4012/4012/4012 4014/4014/4014 
f 4015/4015/4015 4016/4016/4016 4017/4017/4017 
f 4017/4017/4017 4016/4016/4016 4018/4018/4018 
f 4019/4019/4019 4020/4020/4020 4021/4021/4021 
f 4021/4021/4021 4020/4020/4020 4022/4022/4022 
f 4023/4023/4023 4024/4024/4024 4025/4025/4025 
f 4025/4025/4025 4024/4024/4024 4026/4026/4026 
f 4027/4027/4027 4028/4028/4028 4029/4029/4029 
f 4029/4029/4029 4028/4028/4028 4030/4030/4030 
f 4031/4031/4031 4032/4032/4032 4033/4033/4033 
f 4033/4033/4033 4032/4032/4032 4034/4034/4034 
f 4035/4035/4035 4036/4036/4036 4037/4037/4037 
f 4037/4037/4037 4036/4036/4036 4038/4038/4038 
f 4039/4039/4039 4040/4040/4040 4041/4041/4041 
f 4041/4041/4041 4040/4040/4040 4042/4042/4042 
f 4043/4043/4043 4044/4044/4044 4045/4045/4045 
f 4045/4045/4045 4044/4044/4044 4046/4046/4046 
f 4047/4047/4047 4048/4048/4048 4049/4049/4049 
f 4049/4049/4049 4048/4048/4048 4050/4050/4050 
f 4051/4051/4051 4052/4052/4052 4053/4053/4053 
f 4053/4053/4053 4052/4052/4052 4054/4054/4054 
f 4055/4055/4055 4056/4056/4056 4057/4057/4057 
f 4057/4057/4057 4056/4056/4056 4058/4058/4058 
f 4059/4059/4059 4060/4060/4060 4061/4061/4061 
f 4061/4061/4061 4060/4060/4060 4062/4062/4062 
f 4063/4063/4063 4064/4064/4064 4065/4065/4065 
f 4065/4065/4065 4064/4064/4064 4066/4066/4066 
f 4067/4067/4067 4068/4068/4068 4069/4069/4069 
f 4069/4069/4069 4068/4068/4068 4070/4070/4070 
f 4071/4071/4071 4072/4072/4072 4073/4073/4073 
f 4073/4073/4073 4072/4072/4072 4074/4074/4074 
f 4075/4075/4075 4076/4076/4076 4077/4077/4077 
f 4077/4077/4077 4076/4076/4076 4078/4078/4078 
f 4079/4079/4079 4080/4080/4080 4081/4081/4081 
f 4081/4081/4081 4080/4080/4080 4082/4082/4082 
f 4083/4083/4083 4084/4084/4084 4085/4085/4085 
f 4085/4085/4085 4084/4084/4084 4086/4086/4086 
f 4087/4087/4087 4088/4088/4088 4089/4089/4089 
f 4089/4089/4089 4088/4088/4088 4090/4090/4090 
f 4091/4091/4091 4092/4092/4092 4093/4093/4093 
f 4093/4093/4093 4092/4092/4092 4094/4094/4094 
f 4095/4095/4095 4096/4096/4096 4097/4097/4097 
f 4097/4097/4097 4096/4096/4096 4098/4098/4098 
f 4099/4099/4099 4100/4100/4100 4101/4101/4101 
f 4101/4101/4101 4100/4100/4100 4102/4102/4102 
f 4103/4103/4103 4104/4104/4104 4105/4105/4105 
f 4105/4105/4105 4104/4104/4104 4106/4106/4106 
f 4107/4107/4107 4108/4108/4108 4109/4109/4109 
f 4109/4109/4109 4108/4108/4108 4110/4110/4110 
f 4111/4111/4111 4112/4112/4112 4113/4113/4113 
f 4113/4113/4113 4112/4112/4112 4114/4114/4114 
f 4115/4115/4115 4116/4116/4116 4117/4117/4117 
f 4117/4117/4117 4116/4116/4116 4118/4118/4118 
f 4119/4119/4119 4120/4120/4120 4121/4121/4121 
f 4121/4121/4121 4120/4120/4120 4122/4122/4122 
f 4123/4123/4123 4124/4124/4124 4125/4125/4125 
f 4125/4125/4125 4124/4124/4124 4126/4126/4126 
f 4127/4127/4127 4128/4128/4128 4129/4129/4129 
f 4129/4129/4129 4128/4128/4128 4130/4130/4130 
f 4131/4131/4131 4132/4132/4132 4133/4133/4133 
f 4133/4133/4133 4132/4132/4132 4134/4134/4134 
f 4135/4135/4135 4136/4136/4136 4137/4137/4137 
f 4137/4137/4137 4136/4136/4136 4138/4138/4138 
f 4139/4139/4139 4140/4140/4140 4141/4141/4141 
f 4141/4141/4141 4140/4140/4140 4142/4142/4142 
f 4143/4143/4143 4144/4144/4144 4145/4145/4145 
f 4145/4145/4145 4144/4144/4144 4146/4146/4146 
f 4147/4147/4147 4148/4148/4148 4149/4149/4149 
f 4149/4149/4149 4148/4148/4148 4150/4150/4150 
f 4151/4151/4151 4152/4152/4152 4153/4153/4153 
f 4153/4153/4153 4152/4152/4152 4154/4154/4154 
f 4155/4155/4155 4156/4156/4156 4157/4157/4157 
f 4157/4157/4157 4156/4156/4156 4158/4158/4158 
f 4159/4159/4159 4160/4160/4160 4161/4161/4161 
f 4161/4161/4161 4160/4160/4160 4162/4162/4162 
f 4163/4163/4163 4164/4164/4164 4165/4165/4165 
f 4165/4165/4165 4164/4164/4164 4166/4166/4166 
f 4167/4167/4167 4168/4168/4168 4169/4169/4169 
f 4169/4169/4169 4168/4168/4168 4170/4170/4170 
f 4171/4171/4171 4172/4172/4172 4173/4173/4173 
f 4173/4173/4173 4172/4172/4172 4174/4174/4174 
f 4175/4175/4175 4176/4176/4176 4177/4177/4177 
f 4177/4177/4177 4176/4176/4176 4178/4178/4178 
f 4179/4179/4179 4180/4180/4180 4181/4181/4181 
f 4181/4181/4181 4180/4180/4180 4182/4182/4182 
f 4183/4183/4183 4184/4184/4184 4185/4185/4185 
f 4185/4185/4185 4184/4184/4184 4186/4186/4186 
f 4187/4187/4187 4188/4188/4188 4189/4189/4189 
f 4189/4189/4189 4188/4188/4188 4190/4190/4190 
f 4191/4191/4191 4192/4192/4192 4193/4193/4193 
f 4193/4193/4193 4192/4192/4192 4194/4194/4194 
f 4195/4195/4195 4196/4196/4196 4197/4197/4197 
f 4197/4197/4197 4196/4196/4196 4198/4198/4198 
f 4199/4199/4199 4200/4200/4200 4201/4201/4201 
f 4201/4201/4201 4200/4200/4200 4202/4202/4202 
f 4203/4203/4203 4204/4204/4204 4205/4205/4205 
f 4205/4205/4205 4204/4204/4204 4206/4206/4206 

g Height96

v -213.26 16.0004 391.8 
v -213.26 16.0004 395.8 
v -213.26 13.0004 391.8 
v -213.26 13.0004 395.8 
v -213.46 16.0004 395.8 
v -213.26 16.0004 395.8 
v -213.46 16.0004 391.8 
v -213.26 16.0004 391.8 
v -213.26 16.0004 395.8 
v -213.46 16.0004 395.8 
v -213.26 13.0004 395.8 
v -213.46 13.0004 395.8 
v -213.46 16.0004 395.8 
v -213.46 16.0004 391.8 
v -213.46 13.0004 395.8 
v -213.46 13.0004 391.8 
v -213.46 13.0004 391.8 
v -213.26 13.0004 391.8 
v -213.46 13.0004 395.8 
v -213.26 13.0004 395.8 
v -213.46 16.0004 391.8 
v -213.26 16.0004 391.8 
v -213.46 13.0004 391.8 
v -213.26 13.0004 391.8 

vn 1 0 0 
vn 1 0 0 
vn 1 0 0 
vn 1 0 0 
vn 0 1 0 
vn 0 1 0 
vn 0 1 0 
vn 0 1 0 
vn 0 0 1 
vn 0 0 1 
vn 0 0 1 
vn 0 0 1 
vn -1 0 0 
vn -1 0 0 
vn -1 0 0 
vn -1 0 0 
vn 0 -1 0 
vn 0 -1 0 
vn 0 -1 0 
vn 0 -1 0 
vn 0 0 -1 
vn 0 0 -1 
vn 0 0 -1 
vn 0 0 -1 

vt 6.25 -3.75 
vt 5.75 -3.75 
vt 6.25 -4.125 
vt 5.75 -4.125 
vt 5.775 -3.75 
vt 5.75 -3.75 
vt 5.775 -4.25 
vt 5.75 -4.25 
vt 5.775 -3.75 
vt 5.75 -3.75 
vt 5.775 -4.125 
vt 5.75 -4.125 
vt 6.25 -3.75 
vt 5.75 -3.75 
vt 6.25 -4.125 
vt 5.75 -4.125 
vt 5.775 -3.75 
vt 5.75 -3.75 
vt 5.775 -4.25 
vt 5.75 -4.25 
vt 5.775 -3.75 
vt 5.75 -3.75 
vt 5.775 -4.125 
vt 5.75 -4.125 

usemtl Height1Mtl

f 4207/4207/4207 4208/4208/4208 4209/4209/4209 
f 4209/4209/4209 4208/4208/4208 4210/4210/4210 
f 4211/4211/4211 4212/4212/4212 4213/4213/4213 
f 4213/4213/4213 4212/4212/4212 4214/4214/4214 
f 4215/4215/4215 4216/4216/4216 4217/4217/4217 
f 4217/4217/4217 4216/4216/4216 4218/4218/4218 
f 4219/4219/4219 4220/4220/4220 4221/4221/4221 
f 4221/4221/4221 4220/4220/4220 4222/4222/4222 
f 4223/4223/4223 4224/4224/4224 4225/4225/4225 
f 4225/4225/4225 4224/4224/4224 4226/4226/4226 
f 4227/4227/4227 4228/4228/4228 4229/4229/4229 
f 4229/4229/4229 4228/4228/4228 4230/4230/4230 

g Height97

v -217.26 16.2004 391.8 
v -212.26 16.2004 391.8 
v -217.26 16.0004 391.8 
v -212.26 16.0004 391.8 
v -212.26 16.2004 395.8 
v -212.26 16.2004 391.8 
v -217.26 16.2004 395.8 
v -217.26 16.2004 391.8 
v -212.26 16.2004 391.8 
v -212.26 16.2004 395.8 
v -212.26 16.0004 391.8 
v -212.26 16.0004 395.8 
v -212.26 16.2004 395.8 
v -217.26 16.2004 395.8 
v -212.26 16.0004 395.8 
v -217.26 16.0004 395.8 
v -217.26 16.0004 395.8 
v -217.26 16.0004 391.8 
v -212.26 16.0004 395.8 
v -212.26 16.0004 391.8 
v -217.26 16.2004 395.8 
v -217.26 16.2004 391.8 
v -217.26 16.0004 395.8 
v -217.26 16.0004 391.8 

vn 0 0 -1 
vn 0 0 -1 
vn 0 0 -1 
vn 0 0 -1 
vn 0 1 0 
vn 0 1 0 
vn 0 1 0 
vn 0 1 0 
vn 1 0 0 
vn 1 0 0 
vn 1 0 0 
vn 1 0 0 
vn 0 0 1 
vn 0 0 1 
vn 0 0 1 
vn 0 0 1 
vn 0 -1 0 
vn 0 -1 0 
vn 0 -1 0 
vn 0 -1 0 
vn -1 0 0 
vn -1 0 0 
vn -1 0 0 
vn -1 0 0 

vt 5.875 -5.5 
vt 5.25 -5.5 
vt 5.875 -5.525 
vt 5.25 -5.525 
vt 5.75 -5.5 
vt 5.25 -5.5 
vt 5.75 -6.125 
vt 5.25 -6.125 
vt 5.75 -5.5 
vt 5.25 -5.5 
vt 5.75 -5.525 
vt 5.25 -5.525 
vt 5.875 -5.5 
vt 5.25 -5.5 
vt 5.875 -5.525 
vt 5.25 -5.525 
vt 5.75 -5.5 
vt 5.25 -5.5 
vt 5.75 -6.125 
vt 5.25 -6.125 
vt 5.75 -5.5 
vt 5.25 -5.5 
vt 5.75 -5.525 
vt 5.25 -5.525 

usemtl Height1Mtl

f 4231/4231/4231 4232/4232/4232 4233/4233/4233 
f 4233/4233/4233 4232/4232/4232 4234/4234/4234 
f 4235/4235/4235 4236/4236/4236 4237/4237/4237 
f 4237/4237/4237 4236/4236/4236 4238/4238/4238 
f 4239/4239/4239 4240/4240/4240 4241/4241/4241 
f 4241/4241/4241 4240/4240/4240 4242/4242/4242 
f 4243/4243/4243 4244/4244/4244 4245/4245/4245 
f 4245/4245/4245 4244/4244/4244 4246/4246/4246 
f 4247/4247/4247 4248/4248/4248 4249/4249/4249 
f 4249/4249/4249 4248/4248/4248 4250/4250/4250 
f 4251/4251/4251 4252/4252/4252 4253/4253/4253 
f 4253/4253/4253 4252/4252/4252 4254/4254/4254 

g Height98

v -212.26 19.2004 395.8 
v -217.26 19.2004 395.8 
v -212.26 16.2004 395.8 
v -217.26 16.2004 395.8 
v -217.26 19.2004 395.6 
v -217.26 19.2004 395.8 
v -212.26 19.2004 395.6 
v -212.26 19.2004 395.8 
v -217.26 19.2004 395.8 
v -217.26 19.2004 395.6 
v -217.26 16.2004 395.8 
v -217.26 16.2004 395.6 
v -217.26 19.2004 395.6 
v -212.26 19.2004 395.6 
v -217.26 16.2004 395.6 
v -212.26 16.2004 395.6 
v -212.26 16.2004 395.6 
v -212.26 16.2004 395.8 
v -217.26 16.2004 395.6 
v -217.26 16.2004 395.8 
v -212.26 19.2004 395.6 
v -212.26 19.2004 395.8 
v -212.26 16.2004 395.6 
v -212.26 16.2004 395.8 

vn 0 0 1 
vn 0 0 1 
vn 0 0 1 
vn 0 0 1 
vn 0 1 0 
vn 0 1 0 
vn 0 1 0 
vn 0 1 0 
vn -1 0 0 
vn -1 0 0 
vn -1 0 0 
vn -1 0 0 
vn 0 0 -1 
vn 0 0 -1 
vn 0 0 -1 
vn 0 0 -1 
vn 0 -1 0 
vn 0 -1 0 
vn 0 -1 0 
vn 0 -1 0 
vn 1 0 0 
vn 1 0 0 
vn 1 0 0 
vn 1 0 0 

vt 1.625 0 
vt 1 0 
vt 1.625 -0.375 
vt 1 -0.375 
vt 1.025 0 
vt 1 0 
vt 1.025 -0.625 
vt 1 -0.625 
vt 1.025 0 
vt 1 0 
vt 1.025 -0.375 
vt 1 -0.375 
vt 1.625 0 
vt 1 0 
vt 1.625 -0.375 
vt 1 -0.375 
vt 1.025 0 
vt 1 0 
vt 1.025 -0.625 
vt 1 -0.625 
vt 1.025 0 
vt 1 0 
vt 1.025 -0.375 
vt 1 -0.375 

usemtl Height1Mtl

f 4255/4255/4255 4256/4256/4256 4257/4257/4257 
f 4257/4257/4257 4256/4256/4256 4258/4258/4258 
f 4259/4259/4259 4260/4260/4260 4261/4261/4261 
f 4261/4261/4261 4260/4260/4260 4262/4262/4262 
f 4263/4263/4263 4264/4264/4264 4265/4265/4265 
f 4265/4265/4265 4264/4264/4264 4266/4266/4266 
f 4267/4267/4267 4268/4268/4268 4269/4269/4269 
f 4269/4269/4269 4268/4268/4268 4270/4270/4270 
f 4271/4271/4271 4272/4272/4272 4273/4273/4273 
f 4273/4273/4273 4272/4272/4272 4274/4274/4274 
f 4275/4275/4275 4276/4276/4276 4277/4277/4277 
f 4277/4277/4277 4276/4276/4276 4278/4278/4278 

g Height99

v -212.46 19.2007 395.8 
v -212.46 19.2007 391.8 
v -212.46 16.2007 395.8 
v -212.46 16.2007 391.8 
v -212.26 19.2007 391.8 
v -212.46 19.2007 391.8 
v -212.26 19.2007 395.8 
v -212.46 19.2007 395.8 
v -212.46 19.2007 391.8 
v -212.26 19.2007 391.8 
v -212.46 16.2007 391.8 
v -212.26 16.2007 391.8 
v -212.26 19.2007 391.8 
v -212.26 19.2007 395.8 
v -212.26 16.2007 391.8 
v -212.26 16.2007 395.8 
v -212.26 16.2007 395.8 
v -212.46 16.2007 395.8 
v -212.26 16.2007 391.8 
v -212.46 16.2007 391.8 
v -212.26 19.2007 395.8 
v -212.46 19.2007 395.8 
v -212.26 16.2007 395.8 
v -212.46 16.2007 395.8 

vn -1 0 0 
vn -1 0 0 
vn -1 0 0 
vn -1 0 0 
vn 0 1 0 
vn 0 1 0 
vn 0 1 0 
vn 0 1 0 
vn 0 0 -1 
vn 0 0 -1 
vn 0 0 -1 
vn 0 0 -1 
vn 1 0 0 
vn 1 0 0 
vn 1 0 0 
vn 1 0 0 
vn 0 -1 0 
vn 0 -1 0 
vn 0 -1 0 
vn 0 -1 0 
vn 0 0 1 
vn 0 0 1 
vn 0 0 1 
vn 0 0 1 

vt 7.25 -2.5 
vt 6.75 -2.5 
vt 7.25 -2.875 
vt 6.75 -2.875 
vt 6.775 -2.5 
vt 6.75 -2.5 
vt 6.775 -3 
vt 6.75 -3 
vt 6.775 -2.5 
vt 6.75 -2.5 
vt 6.775 -2.875 
vt 6.75 -2.875 
vt 7.25 -2.5 
vt 6.75 -2.5 
vt 7.25 -2.875 
vt 6.75 -2.875 
vt 6.775 -2.5 
vt 6.75 -2.5 
vt 6.775 -3 
vt 6.75 -3 
vt 6.775 -2.5 
vt 6.75 -2.5 
vt 6.775 -2.875 
vt 6.75 -2.875 

usemtl Height1Mtl

f 4279/4279/4279 4280/4280/4280 4281/4281/4281 
f 4281/4281/4281 4280/4280/4280 4282/4282/4282 
f 4283/4283/4283 4284/4284/4284 4285/4285/4285 
f 4285/4285/4285 4284/4284/4284 4286/4286/4286 
f 4287/4287/4287 4288/4288/4288 4289/4289/4289 
f 4289/4289/4289 4288/4288/4288 4290/4290/4290 
f 4291/4291/4291 4292/4292/4292 4293/4293/4293 
f 4293/4293/4293 4292/4292/4292 4294/4294/4294 
f 4295/4295/4295 4296/4296/4296 4297/4297/4297 
f 4297/4297/4297 4296/4296/4296 4298/4298/4298 
f 4299/4299/4299 4300/4300/4300 4301/4301/4301 
f 4301/4301/4301 4300/4300/4300 4302/4302/4302 

g Height100

v -217.26 19.2004 395.8 
v -217.26 19.2004 391.8 
v -217.26 16.2004 395.8 
v -217.26 16.2004 391.8 
v -217.06 19.2004 391.8 
v -217.26 19.2004 391.8 
v -217.06 19.2004 395.8 
v -217.26 19.2004 395.8 
v -217.26 19.2004 391.8 
v -217.06 19.2004 391.8 
v -217.26 16.2004 391.8 
v -217.06 16.2004 391.8 
v -217.06 19.2004 391.8 
v -217.06 19.2004 395.8 
v -217.06 16.2004 391.8 
v -217.06 16.2004 395.8 
v -217.06 16.2004 395.8 
v -217.26 16.2004 395.8 
v -217.06 16.2004 391.8 
v -217.26 16.2004 391.8 
v -217.06 19.2004 395.8 
v -217.26 19.2004 395.8 
v -217.06 16.2004 395.8 
v -217.26 16.2004 395.8 

vn -1 0 0 
vn -1 0 0 
vn -1 0 0 
vn -1 0 0 
vn 0 1 0 
vn 0 1 0 
vn 0 1 0 
vn 0 1 0 
vn 0 0 -1 
vn 0 0 -1 
vn 0 0 -1 
vn 0 0 -1 
vn 1 0 0 
vn 1 0 0 
vn 1 0 0 
vn 1 0 0 
vn 0 -1 0 
vn 0 -1 0 
vn 0 -1 0 
vn 0 -1 0 
vn 0 0 1 
vn 0 0 1 
vn 0 0 1 
vn 0 0 1 

vt 5.5 -6.25 
vt 5 -6.25 
vt 5.5 -6.625 
vt 5 -6.625 
vt 5.025 -6.25 
vt 5 -6.25 
vt 5.025 -6.75 
vt 5 -6.75 
vt 5.025 -6.25 
vt 5 -6.25 
vt 5.025 -6.625 
vt 5 -6.625 
vt 5.5 -6.25 
vt 5 -6.25 
vt 5.5 -6.625 
vt 5 -6.625 
vt 5.025 -6.25 
vt 5 -6.25 
vt 5.025 -6.75 
vt 5 -6.75 
vt 5.025 -6.25 
vt 5 -6.25 
vt 5.025 -6.625 
vt 5 -6.625 

usemtl Height1Mtl

f 4303/4303/4303 4304/4304/4304 4305/4305/4305 
f 4305/4305/4305 4304/4304/4304 4306/4306/4306 
f 4307/4307/4307 4308/4308/4308 4309/4309/4309 
f 4309/4309/4309 4308/4308/4308 4310/4310/4310 
f 4311/4311/4311 4312/4312/4312 4313/4313/4313 
f 4313/4313/4313 4312/4312/4312 4314/4314/4314 
f 4315/4315/4315 4316/4316/4316 4317/4317/4317 
f 4317/4317/4317 4316/4316/4316 4318/4318/4318 
f 4319/4319/4319 4320/4320/4320 4321/4321/4321 
f 4321/4321/4321 4320/4320/4320 4322/4322/4322 
f 4323/4323/4323 4324/4324/4324 4325/4325/4325 
f 4325/4325/4325 4324/4324/4324 4326/4326/4326 

g Height101

v -240 25 397.2 
v -240 25 396 
v -240 12.8 397.2 
v -240 12.8 396 
v -203 25 396 
v -240 25 396 
v -203 25 397.2 
v -240 25 397.2 
v -240 25 396 
v -203 25 396 
v -240 12.8 396 
v -203 12.8 396 
v -203 25 396 
v -203 25 397.2 
v -203 12.8 396 
v -203 12.8 397.2 
v -203 12.8 397.2 
v -240 12.8 397.2 
v -203 12.8 396 
v -240 12.8 396 
v -203 25 397.2 
v -240 25 397.2 
v -203 12.8 397.2 
v -240 12.8 397.2 

vn -1 0 0 
vn -1 0 0 
vn -1 0 0 
vn -1 0 0 
vn 0 1 0 
vn 0 1 0 
vn 0 1 0 
vn 0 1 0 
vn 0 0 -1 
vn 0 0 -1 
vn 0 0 -1 
vn 0 0 -1 
vn 1 0 0 
vn 1 0 0 
vn 1 0 0 
vn 1 0 0 
vn 0 -1 0 
vn 0 -1 0 
vn 0 -1 0 
vn 0 -1 0 
vn 0 0 1 
vn 0 0 1 
vn 0 0 1 
vn 0 0 1 

vt 4.65 -1.5 
vt 4.5 -1.5 
vt 4.65 -3.025 
vt 4.5 -3.025 
vt 9.125 -1.5 
vt 4.5 -1.5 
vt 9.125 -1.65 
vt 4.5 -1.65 
vt 9.125 -1.5 
vt 4.5 -1.5 
vt 9.125 -3.025 
vt 4.5 -3.025 
vt 4.65 -1.5 
vt 4.5 -1.5 
vt 4.65 -3.025 
vt 4.5 -3.025 
vt 9.125 -1.5 
vt 4.5 -1.5 
vt 9.125 -1.65 
vt 4.5 -1.65 
vt 9.125 -1.5 
vt 4.5 -1.5 
vt 9.125 -3.025 
vt 4.5 -3.025 

usemtl Height11Mtl

f 4327/4327/4327 4328/4328/4328 4329/4329/4329 
f 4329/4329/4329 4328/4328/4328 4330/4330/4330 
f 4331/4331/4331 4332/4332/4332 4333/4333/4333 
f 4333/4333/4333 4332/4332/4332 4334/4334/4334 
f 4335/4335/4335 4336/4336/4336 4337/4337/4337 
f 4337/4337/4337 4336/4336/4336 4338/4338/4338 
f 4339/4339/4339 4340/4340/4340 4341/4341/4341 
f 4341/4341/4341 4340/4340/4340 4342/4342/4342 
f 4343/4343/4343 4344/4344/4344 4345/4345/4345 
f 4345/4345/4345 4344/4344/4344 4346/4346/4346 
f 4347/4347/4347 4348/4348/4348 4349/4349/4349 
f 4349/4349/4349 4348/4348/4348 4350/4350/4350 

g Height102

v -203 25 397.205 
v -240 25 397.205 
v -203 12.8 397.205 
v -240 12.8 397.205 

vn 0 0 1 
vn 0 0 1 
vn 0 0 1 
vn 0 0 1 

vt 1 1 
vt 0 1 
vt 1 0 
vt 0 0 

usemtl Height5Mtl

f 4351/4351/4351 4352/4352/4352 4353/4353/4353 
f 4353/4353/4353 4352/4352/4352 4354/4354/4354 

g Height103

v -213.26 16.0004 395.8 
v -218.26 16.0004 395.8 
v -213.26 13.0004 395.8 
v -218.26 13.0004 395.8 
v -218.26 16.0004 395.6 
v -218.26 16.0004 395.8 
v -213.26 16.0004 395.6 
v -213.26 16.0004 395.8 
v -218.26 16.0004 395.8 
v -218.26 16.0004 395.6 
v -218.26 13.0004 395.8 
v -218.26 13.0004 395.6 
v -218.26 16.0004 395.6 
v -213.26 16.0004 395.6 
v -218.26 13.0004 395.6 
v -213.26 13.0004 395.6 
v -213.26 13.0004 395.6 
v -213.26 13.0004 395.8 
v -218.26 13.0004 395.6 
v -218.26 13.0004 395.8 
v -213.26 16.0004 395.6 
v -213.26 16.0004 395.8 
v -213.26 13.0004 395.6 
v -213.26 13.0004 395.8 

vn 0 0 1 
vn 0 0 1 
vn 0 0 1 
vn 0 0 1 
vn 0 1 0 
vn 0 1 0 
vn 0 1 0 
vn 0 1 0 
vn -1 0 0 
vn -1 0 0 
vn -1 0 0 
vn -1 0 0 
vn 0 0 -1 
vn 0 0 -1 
vn 0 0 -1 
vn 0 0 -1 
vn 0 -1 0 
vn 0 -1 0 
vn 0 -1 0 
vn 0 -1 0 
vn 1 0 0 
vn 1 0 0 
vn 1 0 0 
vn 1 0 0 

vt 2.875 0.25 
vt 2.25 0.25 
vt 2.875 -0.125 
vt 2.25 -0.125 
vt 2.275 0.25 
vt 2.25 0.25 
vt 2.275 -0.375 
vt 2.25 -0.375 
vt 2.275 0.25 
vt 2.25 0.25 
vt 2.275 -0.125 
vt 2.25 -0.125 
vt 2.875 0.25 
vt 2.25 0.25 
vt 2.875 -0.125 
vt 2.25 -0.125 
vt 2.275 0.25 
vt 2.25 0.25 
vt 2.275 -0.375 
vt 2.25 -0.375 
vt 2.275 0.25 
vt 2.25 0.25 
vt 2.275 -0.125 
vt 2.25 -0.125 

usemtl Height1Mtl

f 4355/4355/4355 4356/4356/4356 4357/4357/4357 
f 4357/4357/4357 4356/4356/4356 4358/4358/4358 
f 4359/4359/4359 4360/4360/4360 4361/4361/4361 
f 4361/4361/4361 4360/4360/4360 4362/4362/4362 
f 4363/4363/4363 4364/4364/4364 4365/4365/4365 
f 4365/4365/4365 4364/4364/4364 4366/4366/4366 
f 4367/4367/4367 4368/4368/4368 4369/4369/4369 
f 4369/4369/4369 4368/4368/4368 4370/4370/4370 
f 4371/4371/4371 4372/4372/4372 4373/4373/4373 
f 4373/4373/4373 4372/4372/4372 4374/4374/4374 
f 4375/4375/4375 4376/4376/4376 4377/4377/4377 
f 4377/4377/4377 4376/4376/4376 4378/4378/4378 

g Height104

v -66 12.4 383.8 
v -66 12.4 384 
v -66 0.199999 383.8 
v -66 0.199999 384 
v -95 12.4 384 
v -66 12.4 384 
v -95 12.4 383.8 
v -66 12.4 383.8 
v -66 12.4 384 
v -95 12.4 384 
v -66 0.199999 384 
v -95 0.199999 384 
v -95 12.4 384 
v -95 12.4 383.8 
v -95 0.199999 384 
v -95 0.199999 383.8 
v -95 0.199999 383.8 
v -66 0.199999 383.8 
v -95 0.199999 384 
v -66 0.199999 384 
v -95 12.4 383.8 
v -66 12.4 383.8 
v -95 0.199999 383.8 
v -66 0.199999 383.8 

vn 1 0 0 
vn 1 0 0 
vn 1 0 0 
vn 1 0 0 
vn 0 1 0 
vn 0 1 0 
vn 0 1 0 
vn 0 1 0 
vn 0 0 1 
vn 0 0 1 
vn 0 0 1 
vn 0 0 1 
vn -1 0 0 
vn -1 0 0 
vn -1 0 0 
vn -1 0 0 
vn 0 -1 0 
vn 0 -1 0 
vn 0 -1 0 
vn 0 -1 0 
vn 0 0 -1 
vn 0 0 -1 
vn 0 0 -1 
vn 0 0 -1 

vt 0.025 -5.75 
vt 0 -5.75 
vt 0.025 -7.275 
vt 0 -7.275 
vt 3.625 -5.75 
vt 0 -5.75 
vt 3.625 -5.775 
vt 0 -5.775 
vt 3.625 -5.75 
vt 0 -5.75 
vt 3.625 -7.275 
vt 0 -7.275 
vt 0.025 -5.75 
vt 0 -5.75 
vt 0.025 -7.275 
vt 0 -7.275 
vt 3.625 -5.75 
vt 0 -5.75 
vt 3.625 -5.775 
vt 0 -5.775 
vt 3.625 -5.75 
vt 0 -5.75 
vt 3.625 -7.275 
vt 0 -7.275 

usemtl Height11Mtl

f 4379/4379/4379 4380/4380/4380 4381/4381/4381 
f 4381/4381/4381 4380/4380/4380 4382/4382/4382 
f 4383/4383/4383 4384/4384/4384 4385/4385/4385 
f 4385/4385/4385 4384/4384/4384 4386/4386/4386 
f 4387/4387/4387 4388/4388/4388 4389/4389/4389 
f 4389/4389/4389 4388/4388/4388 4390/4390/4390 
f 4391/4391/4391 4392/4392/4392 4393/4393/4393 
f 4393/4393/4393 4392/4392/4392 4394/4394/4394 
f 4395/4395/4395 4396/4396/4396 4397/4397/4397 
f 4397/4397/4397 4396/4396/4396 4398/4398/4398 
f 4399/4399/4399 4400/4400/4400 4401/4401/4401 
f 4401/4401/4401 4400/4400/4400 4402/4402/4402 

g Height105

v -258.322 0.399952 412.192 
v -267.515 0.399952 421.385 
v -258.322 0.199952 412.192 
v -267.515 0.199952 421.385 
v -293.678 0.399952 395.222 
v -267.515 0.399952 421.385 
v -284.485 0.399952 386.029 
v -258.322 0.399952 412.192 
v -267.515 0.399952 421.385 
v -293.678 0.399952 395.222 
v -267.515 0.199952 421.385 
v -293.678 0.199952 395.222 
v -293.678 0.399952 395.222 
v -284.485 0.399952 386.029 
v -293.678 0.199952 395.222 
v -284.485 0.199952 386.029 
v -284.485 0.199952 386.029 
v -258.322 0.199952 412.192 
v -293.678 0.199952 395.222 
v -267.515 0.199952 421.385 
v -284.485 0.399952 386.029 
v -258.322 0.399952 412.192 
v -284.485 0.199952 386.029 
v -258.322 0.199952 412.192 

vn 0.708661 0 0.708661 
vn 0.708661 0 0.708661 
vn 0.708661 0 0.708661 
vn 0.708661 0 0.708661 
vn 0 1 0 
vn 0 1 0 
vn 0 1 0 
vn 0 1 0 
vn -0.708661 0 0.708661 
vn -0.708661 0 0.708661 
vn -0.708661 0 0.708661 
vn -0.708661 0 0.708661 
vn -0.708661 0 -0.708661 
vn -0.708661 0 -0.708661 
vn -0.708661 0 -0.708661 
vn -0.708661 0 -0.708661 
vn 0 -1 0 
vn 0 -1 0 
vn 0 -1 0 
vn 0 -1 0 
vn 0.708661 0 -0.708661 
vn 0.708661 0 -0.708661 
vn 0.708661 0 -0.708661 
vn 0.708661 0 -0.708661 

vt 7.125 -2.25 
vt 5.5 -2.25 
vt 7.125 -2.275 
vt 5.5 -2.275 
vt 10.125 -2.25 
vt 5.5 -2.25 
vt 10.125 -3.875 
vt 5.5 -3.875 
vt 10.125 -2.25 
vt 5.5 -2.25 
vt 10.125 -2.275 
vt 5.5 -2.275 
vt 7.125 -2.25 
vt 5.5 -2.25 
vt 7.125 -2.275 
vt 5.5 -2.275 
vt 10.125 -2.25 
vt 5.5 -2.25 
vt 10.125 -3.875 
vt 5.5 -3.875 
vt 10.125 -2.25 
vt 5.5 -2.25 
vt 10.125 -2.275 
vt 5.5 -2.275 

usemtl Height11Mtl

f 4403/4403/4403 4404/4404/4404 4405/4405/4405 
f 4405/4405/4405 4404/4404/4404 4406/4406/4406 
f 4407/4407/4407 4408/4408/4408 4409/4409/4409 
f 4409/4409/4409 4408/4408/4408 4410/4410/4410 
f 4411/4411/4411 4412/4412/4412 4413/4413/4413 
f 4413/4413/4413 4412/4412/4412 4414/4414/4414 
f 4415/4415/4415 4416/4416/4416 4417/4417/4417 
f 4417/4417/4417 4416/4416/4416 4418/4418/4418 
f 4419/4419/4419 4420/4420/4420 4421/4421/4421 
f 4421/4421/4421 4420/4420/4420 4422/4422/4422 
f 4423/4423/4423 4424/4424/4424 4425/4425/4425 
f 4425/4425/4425 4424/4424/4424 4426/4426/4426 

g Height106

v -266.666 12.6001 420.536 
v -267.515 12.6001 421.385 
v -266.666 0.400121 420.536 
v -267.515 0.400121 421.385 
v -293.678 12.6001 395.222 
v -267.515 12.6001 421.385 
v -292.829 12.6001 394.373 
v -266.666 12.6001 420.536 
v -267.515 12.6001 421.385 
v -293.678 12.6001 395.222 
v -267.515 0.400121 421.385 
v -293.678 0.400121 395.222 
v -293.678 12.6001 395.222 
v -292.829 12.6001 394.373 
v -293.678 0.400121 395.222 
v -292.829 0.400121 394.373 
v -292.829 0.400121 394.373 
v -266.666 0.400121 420.536 
v -293.678 0.400121 395.222 
v -267.515 0.400121 421.385 
v -292.829 12.6001 394.373 
v -266.666 12.6001 420.536 
v -292.829 0.400121 394.373 
v -266.666 0.400121 420.536 

vn 0.708661 0 0.708661 
vn 0.708661 0 0.708661 
vn 0.708661 0 0.708661 
vn 0.708661 0 0.708661 
vn 0 1 0 
vn 0 1 0 
vn 0 1 0 
vn 0 1 0 
vn -0.708661 0 0.708661 
vn -0.708661 0 0.708661 
vn -0.708661 0 0.708661 
vn -0.708661 0 0.708661 
vn -0.708661 0 -0.708661 
vn -0.708661 0 -0.708661 
vn -0.708661 0 -0.708661 
vn -0.708661 0 -0.708661 
vn 0 -1 0 
vn 0 -1 0 
vn 0 -1 0 
vn 0 -1 0 
vn 0.708661 0 -0.708661 
vn 0.708661 0 -0.708661 
vn 0.708661 0 -0.708661 
vn 0.708661 0 -0.708661 

vt 1.4 -5.5 
vt 1.25 -5.5 
vt 1.4 -7.025 
vt 1.25 -7.025 
vt 5.875 -5.5 
vt 1.25 -5.5 
vt 5.875 -5.65 
vt 1.25 -5.65 
vt 5.875 -5.5 
vt 1.25 -5.5 
vt 5.875 -7.025 
vt 1.25 -7.025 
vt 1.4 -5.5 
vt 1.25 -5.5 
vt 1.4 -7.025 
vt 1.25 -7.025 
vt 5.875 -5.5 
vt 1.25 -5.5 
vt 5.875 -5.65 
vt 1.25 -5.65 
vt 5.875 -5.5 
vt 1.25 -5.5 
vt 5.875 -7.025 
vt 1.25 -7.025 

usemtl Height11Mtl

f 4427/4427/4427 4428/4428/4428 4429/4429/4429 
f 4429/4429/4429 4428/4428/4428 4430/4430/4430 
f 4431/4431/4431 4432/4432/4432 4433/4433/4433 
f 4433/4433/4433 4432/4432/4432 4434/4434/4434 
f 4435/4435/4435 4436/4436/4436 4437/4437/4437 
f 4437/4437/4437 4436/4436/4436 4438/4438/4438 
f 4439/4439/4439 4440/4440/4440 4441/4441/4441 
f 4441/4441/4441 4440/4440/4440 4442/4442/4442 
f 4443/4443/4443 4444/4444/4444 4445/4445/4445 
f 4445/4445/4445 4444/4444/4444 4446/4446/4446 
f 4447/4447/4447 4448/4448/4448 4449/4449/4449 
f 4449/4449/4449 4448/4448/4448 4450/4450/4450 

g Height107

v -258.322 12.8004 412.192 
v -267.515 12.8004 421.385 
v -258.322 12.6004 412.192 
v -267.515 12.6004 421.385 
v -293.678 12.8004 395.222 
v -267.515 12.8004 421.385 
v -284.485 12.8004 386.029 
v -258.322 12.8004 412.192 
v -267.515 12.8004 421.385 
v -293.678 12.8004 395.222 
v -267.515 12.6004 421.385 
v -293.678 12.6004 395.222 
v -293.678 12.8004 395.222 
v -284.485 12.8004 386.029 
v -293.678 12.6004 395.222 
v -284.485 12.6004 386.029 
v -284.485 12.6004 386.029 
v -258.322 12.6004 412.192 
v -293.678 12.6004 395.222 
v -267.515 12.6004 421.385 
v -284.485 12.8004 386.029 
v -258.322 12.8004 412.192 
v -284.485 12.6004 386.029 
v -258.322 12.6004 412.192 

vn 0.708661 0 0.708661 
vn 0.708661 0 0.708661 
vn 0.708661 0 0.708661 
vn 0.708661 0 0.708661 
vn 0 1 0 
vn 0 1 0 
vn 0 1 0 
vn 0 1 0 
vn -0.708661 0 0.708661 
vn -0.708661 0 0.708661 
vn -0.708661 0 0.708661 
vn -0.708661 0 0.708661 
vn -0.708661 0 -0.708661 
vn -0.708661 0 -0.708661 
vn -0.708661 0 -0.708661 
vn -0.708661 0 -0.708661 
vn 0 -1 0 
vn 0 -1 0 
vn 0 -1 0 
vn 0 -1 0 
vn 0.708661 0 -0.708661 
vn 0.708661 0 -0.708661 
vn 0.708661 0 -0.708661 
vn 0.708661 0 -0.708661 

vt 6.125 -2.75 
vt 4.5 -2.75 
vt 6.125 -2.775 
vt 4.5 -2.775 
vt 9.125 -2.75 
vt 4.5 -2.75 
vt 9.125 -4.375 
vt 4.5 -4.375 
vt 9.125 -2.75 
vt 4.5 -2.75 
vt 9.125 -2.775 
vt 4.5 -2.775 
vt 6.125 -2.75 
vt 4.5 -2.75 
vt 6.125 -2.775 
vt 4.5 -2.775 
vt 9.125 -2.75 
vt 4.5 -2.75 
vt 9.125 -4.375 
vt 4.5 -4.375 
vt 9.125 -2.75 
vt 4.5 -2.75 
vt 9.125 -2.775 
vt 4.5 -2.775 

usemtl Height11Mtl

f 4451/4451/4451 4452/4452/4452 4453/4453/4453 
f 4453/4453/4453 4452/4452/4452 4454/4454/4454 
f 4455/4455/4455 4456/4456/4456 4457/4457/4457 
f 4457/4457/4457 4456/4456/4456 4458/4458/4458 
f 4459/4459/4459 4460/4460/4460 4461/4461/4461 
f 4461/4461/4461 4460/4460/4460 4462/4462/4462 
f 4463/4463/4463 4464/4464/4464 4465/4465/4465 
f 4465/4465/4465 4464/4464/4464 4466/4466/4466 
f 4467/4467/4467 4468/4468/4468 4469/4469/4469 
f 4469/4469/4469 4468/4468/4468 4470/4470/4470 
f 4471/4471/4471 4472/4472/4472 4473/4473/4473 
f 4473/4473/4473 4472/4472/4472 4474/4474/4474 

g Height108

v -258.181 12.6001 412.051 
v -259.029 12.6001 412.9 
v -258.181 0.400121 412.051 
v -259.029 0.400121 412.9 
v -285.192 12.6001 386.737 
v -259.029 12.6001 412.9 
v -284.344 12.6001 385.888 
v -258.181 12.6001 412.051 
v -259.029 12.6001 412.9 
v -285.192 12.6001 386.737 
v -259.029 0.400121 412.9 
v -285.192 0.400121 386.737 
v -285.192 12.6001 386.737 
v -284.344 12.6001 385.888 
v -285.192 0.400121 386.737 
v -284.344 0.400121 385.888 
v -284.344 0.400121 385.888 
v -258.181 0.400121 412.051 
v -285.192 0.400121 386.737 
v -259.029 0.400121 412.9 
v -284.344 12.6001 385.888 
v -258.181 12.6001 412.051 
v -284.344 0.400121 385.888 
v -258.181 0.400121 412.051 

vn 0.708661 0 0.708661 
vn 0.708661 0 0.708661 
vn 0.708661 0 0.708661 
vn 0.708661 0 0.708661 
vn 0 1 0 
vn 0 1 0 
vn 0 1 0 
vn 0 1 0 
vn -0.708661 0 0.708661 
vn -0.708661 0 0.708661 
vn -0.708661 0 0.708661 
vn -0.708661 0 0.708661 
vn -0.708661 0 -0.708661 
vn -0.708661 0 -0.708661 
vn -0.708661 0 -0.708661 
vn -0.708661 0 -0.708661 
vn 0 -1 0 
vn 0 -1 0 
vn 0 -1 0 
vn 0 -1 0 
vn 0.708661 0 -0.708661 
vn 0.708661 0 -0.708661 
vn 0.708661 0 -0.708661 
vn 0.708661 0 -0.708661 

vt 6.15 0.25 
vt 6 0.25 
vt 6.15 -1.275 
vt 6 -1.275 
vt 10.625 0.25 
vt 6 0.25 
vt 10.625 0.1 
vt 6 0.1 
vt 10.625 0.25 
vt 6 0.25 
vt 10.625 -1.275 
vt 6 -1.275 
vt 6.15 0.25 
vt 6 0.25 
vt 6.15 -1.275 
vt 6 -1.275 
vt 10.625 0.25 
vt 6 0.25 
vt 10.625 0.1 
vt 6 0.1 
vt 10.625 0.25 
vt 6 0.25 
vt 10.625 -1.275 
vt 6 -1.275 

usemtl Height11Mtl

f 4475/4475/4475 4476/4476/4476 4477/4477/4477 
f 4477/4477/4477 4476/4476/4476 4478/4478/4478 
f 4479/4479/4479 4480/4480/4480 4481/4481/4481 
f 4481/4481/4481 4480/4480/4480 4482/4482/4482 
f 4483/4483/4483 4484/4484/4484 4485/4485/4485 
f 4485/4485/4485 4484/4484/4484 4486/4486/4486 
f 4487/4487/4487 4488/4488/4488 4489/4489/4489 
f 4489/4489/4489 4488/4488/4488 4490/4490/4490 
f 4491/4491/4491 4492/4492/4492 4493/4493/4493 
f 4493/4493/4493 4492/4492/4492 4494/4494/4494 
f 4495/4495/4495 4496/4496/4496 4497/4497/4497 
f 4497/4497/4497 4496/4496/4496 4498/4498/4498 

g Height109

v -284.34 12.6001 385.885 
v -258.177 12.6001 412.047 
v -284.34 0.400121 385.885 
v -258.177 0.400121 412.047 

vn 0.708661 0 -0.708661 
vn 0.708661 0 -0.708661 
vn 0.708661 0 -0.708661 
vn 0.708661 0 -0.708661 

vt 1 1 
vt 0 1 
vt 1 0 
vt 0 0 

usemtl Height5Mtl

f 4499/4499/4499 4500/4500/4500 4501/4501/4501 
f 4501/4501/4501 4500/4500/4500 4502/4502/4502 

g Height110

v -112 0.399999 384 
v -125 0.399999 384 
v -112 0.199999 384 
v -125 0.199999 384 
v -125 0.399999 347 
v -125 0.399999 384 
v -112 0.399999 347 
v -112 0.399999 384 
v -125 0.399999 384 
v -125 0.399999 347 
v -125 0.199999 384 
v -125 0.199999 347 
v -125 0.399999 347 
v -112 0.399999 347 
v -125 0.199999 347 
v -112 0.199999 347 
v -112 0.199999 347 
v -112 0.199999 384 
v -125 0.199999 347 
v -125 0.199999 384 
v -112 0.399999 347 
v -112 0.399999 384 
v -112 0.199999 347 
v -112 0.199999 384 

vn 0 0 1 
vn 0 0 1 
vn 0 0 1 
vn 0 0 1 
vn 0 1 0 
vn 0 1 0 
vn 0 1 0 
vn 0 1 0 
vn -1 0 0 
vn -1 0 0 
vn -1 0 0 
vn -1 0 0 
vn 0 0 -1 
vn 0 0 -1 
vn 0 0 -1 
vn 0 0 -1 
vn 0 -1 0 
vn 0 -1 0 
vn 0 -1 0 
vn 0 -1 0 
vn 1 0 0 
vn 1 0 0 
vn 1 0 0 
vn 1 0 0 

vt 7.375 -2 
vt 5.75 -2 
vt 7.375 -2.025 
vt 5.75 -2.025 
vt 10.375 -2 
vt 5.75 -2 
vt 10.375 -3.625 
vt 5.75 -3.625 
vt 10.375 -2 
vt 5.75 -2 
vt 10.375 -2.025 
vt 5.75 -2.025 
vt 7.375 -2 
vt 5.75 -2 
vt 7.375 -2.025 
vt 5.75 -2.025 
vt 10.375 -2 
vt 5.75 -2 
vt 10.375 -3.625 
vt 5.75 -3.625 
vt 10.375 -2 
vt 5.75 -2 
vt 10.375 -2.025 
vt 5.75 -2.025 

usemtl Height11Mtl

f 4503/4503/4503 4504/4504/4504 4505/4505/4505 
f 4505/4505/4505 4504/4504/4504 4506/4506/4506 
f 4507/4507/4507 4508/4508/4508 4509/4509/4509 
f 4509/4509/4509 4508/4508/4508 4510/4510/4510 
f 4511/4511/4511 4512/4512/4512 4513/4513/4513 
f 4513/4513/4513 4512/4512/4512 4514/4514/4514 
f 4515/4515/4515 4516/4516/4516 4517/4517/4517 
f 4517/4517/4517 4516/4516/4516 4518/4518/4518 
f 4519/4519/4519 4520/4520/4520 4521/4521/4521 
f 4521/4521/4521 4520/4520/4520 4522/4522/4522 
f 4523/4523/4523 4524/4524/4524 4525/4525/4525 
f 4525/4525/4525 4524/4524/4524 4526/4526/4526 

g Height111

v -218 25 384 
v -231 25 384 
v -218 12.6 384 
v -231 12.6 384 
v -231 25 347 
v -231 25 384 
v -218 25 347 
v -218 25 384 
v -231 25 384 
v -231 25 347 
v -231 12.6 384 
v -231 12.6 347 
v -231 25 347 
v -218 25 347 
v -231 12.6 347 
v -218 12.6 347 
v -218 12.6 347 
v -218 12.6 384 
v -231 12.6 347 
v -231 12.6 384 
v -218 25 347 
v -218 25 384 
v -218 12.6 347 
v -218 12.6 384 

vn 0 0 1 
vn 0 0 1 
vn 0 0 1 
vn 0 0 1 
vn 0 1 0 
vn 0 1 0 
vn 0 1 0 
vn 0 1 0 
vn -1 0 0 
vn -1 0 0 
vn -1 0 0 
vn -1 0 0 
vn 0 0 -1 
vn 0 0 -1 
vn 0 0 -1 
vn 0 0 -1 
vn 0 -1 0 
vn 0 -1 0 
vn 0 -1 0 
vn 0 -1 0 
vn 1 0 0 
vn 1 0 0 
vn 1 0 0 
vn 1 0 0 

vt 6.875 0 
vt 5.25 0 
vt 6.875 -1.55 
vt 5.25 -1.55 
vt 9.875 0 
vt 5.25 0 
vt 9.875 -1.625 
vt 5.25 -1.625 
vt 9.875 0 
vt 5.25 0 
vt 9.875 -1.55 
vt 5.25 -1.55 
vt 6.875 0 
vt 5.25 0 
vt 6.875 -1.55 
vt 5.25 -1.55 
vt 9.875 0 
vt 5.25 0 
vt 9.875 -1.625 
vt 5.25 -1.625 
vt 9.875 0 
vt 5.25 0 
vt 9.875 -1.55 
vt 5.25 -1.55 

usemtl Height2Mtl

f 4527/4527/4527 4528/4528/4528 4529/4529/4529 
f 4529/4529/4529 4528/4528/4528 4530/4530/4530 
f 4531/4531/4531 4532/4532/4532 4533/4533/4533 
f 4533/4533/4533 4532/4532/4532 4534/4534/4534 
f 4535/4535/4535 4536/4536/4536 4537/4537/4537 
f 4537/4537/4537 4536/4536/4536 4538/4538/4538 
f 4539/4539/4539 4540/4540/4540 4541/4541/4541 
f 4541/4541/4541 4540/4540/4540 4542/4542/4542 
f 4543/4543/4543 4544/4544/4544 4545/4545/4545 
f 4545/4545/4545 4544/4544/4544 4546/4546/4546 
f 4547/4547/4547 4548/4548/4548 4549/4549/4549 
f 4549/4549/4549 4548/4548/4548 4550/4550/4550 

g Height112

v -217.995 25 347 
v -217.995 25 384 
v -217.995 12.6 347 
v -217.995 12.6 384 

vn 1 0 0 
vn 1 0 0 
vn 1 0 0 
vn 1 0 0 

vt 1 1 
vt 0 1 
vt 1 0 
vt 0 0 

usemtl Height5Mtl

f 4551/4551/4551 4552/4552/4552 4553/4553/4553 
f 4553/4553/4553 4552/4552/4552 4554/4554/4554 

g Height113

v -314 16.2 346 
v -314 16.2 496 
v -314 0.199999 346 
v -314 0.199999 496 
v -315 16.2 496 
v -314 16.2 496 
v -315 16.2 346 
v -314 16.2 346 
v -314 16.2 496 
v -315 16.2 496 
v -314 0.199999 496 
v -315 0.199999 496 
v -315 16.2 496 
v -315 16.2 346 
v -315 0.199999 496 
v -315 0.199999 346 
v -315 0.199999 346 
v -314 0.199999 346 
v -315 0.199999 496 
v -314 0.199999 496 
v -315 16.2 346 
v -314 16.2 346 
v -315 0.199999 346 
v -314 0.199999 346 

vn 1 0 0 
vn 1 0 0 
vn 1 0 0 
vn 1 0 0 
vn 0 1 0 
vn 0 1 0 
vn 0 1 0 
vn 0 1 0 
vn 0 0 1 
vn 0 0 1 
vn 0 0 1 
vn 0 0 1 
vn -1 0 0 
vn -1 0 0 
vn -1 0 0 
vn -1 0 0 
vn 0 -1 0 
vn 0 -1 0 
vn 0 -1 0 
vn 0 -1 0 
vn 0 0 -1 
vn 0 0 -1 
vn 0 0 -1 
vn 0 0 -1 

vt 26.5 0.5 
vt 7.75 0.5 
vt 26.5 -1.5 
vt 7.75 -1.5 
vt 7.875 0.5 
vt 7.75 0.5 
vt 7.875 -18.25 
vt 7.75 -18.25 
vt 7.875 0.5 
vt 7.75 0.5 
vt 7.875 -1.5 
vt 7.75 -1.5 
vt 26.5 0.5 
vt 7.75 0.5 
vt 26.5 -1.5 
vt 7.75 -1.5 
vt 7.875 0.5 
vt 7.75 0.5 
vt 7.875 -18.25 
vt 7.75 -18.25 
vt 7.875 0.5 
vt 7.75 0.5 
vt 7.875 -1.5 
vt 7.75 -1.5 

usemtl Height113Mtl

f 4555/4555/4555 4556/4556/4556 4557/4557/4557 
f 4557/4557/4557 4556/4556/4556 4558/4558/4558 
f 4559/4559/4559 4560/4560/4560 4561/4561/4561 
f 4561/4561/4561 4560/4560/4560 4562/4562/4562 
f 4563/4563/4563 4564/4564/4564 4565/4565/4565 
f 4565/4565/4565 4564/4564/4564 4566/4566/4566 
f 4567/4567/4567 4568/4568/4568 4569/4569/4569 
f 4569/4569/4569 4568/4568/4568 4570/4570/4570 
f 4571/4571/4571 4572/4572/4572 4573/4573/4573 
f 4573/4573/4573 4572/4572/4572 4574/4574/4574 
f 4575/4575/4575 4576/4576/4576 4577/4577/4577 
f 4577/4577/4577 4576/4576/4576 4578/4578/4578 

g Height114

v -175.678 12.8004 412.808 
v -166.485 12.8004 403.615 
v -175.678 12.6004 412.808 
v -166.485 12.6004 403.615 
v -140.322 12.8004 429.778 
v -166.485 12.8004 403.615 
v -149.515 12.8004 438.971 
v -175.678 12.8004 412.808 
v -166.485 12.8004 403.615 
v -140.322 12.8004 429.778 
v -166.485 12.6004 403.615 
v -140.322 12.6004 429.778 
v -140.322 12.8004 429.778 
v -149.515 12.8004 438.971 
v -140.322 12.6004 429.778 
v -149.515 12.6004 438.971 
v -149.515 12.6004 438.971 
v -175.678 12.6004 412.808 
v -140.322 12.6004 429.778 
v -166.485 12.6004 403.615 
v -149.515 12.8004 438.971 
v -175.678 12.8004 412.808 
v -149.515 12.6004 438.971 
v -175.678 12.6004 412.808 

vn -0.708661 0 -0.708661 
vn -0.708661 0 -0.708661 
vn -0.708661 0 -0.708661 
vn -0.708661 0 -0.708661 
vn 0 1 0 
vn 0 1 0 
vn 0 1 0 
vn 0 1 0 
vn 0.708661 0 -0.708661 
vn 0.708661 0 -0.708661 
vn 0.708661 0 -0.708661 
vn 0.708661 0 -0.708661 
vn 0.708661 0 0.708661 
vn 0.708661 0 0.708661 
vn 0.708661 0 0.708661 
vn 0.708661 0 0.708661 
vn 0 -1 0 
vn 0 -1 0 
vn 0 -1 0 
vn 0 -1 0 
vn -0.708661 0 0.708661 
vn -0.708661 0 0.708661 
vn -0.708661 0 0.708661 
vn -0.708661 0 0.708661 

vt 6.125 0.75 
vt 4.5 0.75 
vt 6.125 0.725 
vt 4.5 0.725 
vt 9.125 0.75 
vt 4.5 0.75 
vt 9.125 -0.875 
vt 4.5 -0.875 
vt 9.125 0.75 
vt 4.5 0.75 
vt 9.125 0.725 
vt 4.5 0.725 
vt 6.125 0.75 
vt 4.5 0.75 
vt 6.125 0.725 
vt 4.5 0.725 
vt 9.125 0.75 
vt 4.5 0.75 
vt 9.125 -0.875 
vt 4.5 -0.875 
vt 9.125 0.75 
vt 4.5 0.75 
vt 9.125 0.725 
vt 4.5 0.725 

usemtl Height11Mtl

f 4579/4579/4579 4580/4580/4580 4581/4581/4581 
f 4581/4581/4581 4580/4580/4580 4582/4582/4582 
f 4583/4583/4583 4584/4584/4584 4585/4585/4585 
f 4585/4585/4585 4584/4584/4584 4586/4586/4586 
f 4587/4587/4587 4588/4588/4588 4589/4589/4589 
f 4589/4589/4589 4588/4588/4588 4590/4590/4590 
f 4591/4591/4591 4592/4592/4592 4593/4593/4593 
f 4593/4593/4593 4592/4592/4592 4594/4594/4594 
f 4595/4595/4595 4596/4596/4596 4597/4597/4597 
f 4597/4597/4597 4596/4596/4596 4598/4598/4598 
f 4599/4599/4599 4600/4600/4600 4601/4601/4601 
f 4601/4601/4601 4600/4600/4600 4602/4602/4602 

g Height115

v -167.334 12.6001 404.464 
v -166.485 12.6001 403.615 
v -167.334 0.400121 404.464 
v -166.485 0.400121 403.615 
v -140.322 12.6001 429.778 
v -166.485 12.6001 403.615 
v -141.171 12.6001 430.627 
v -167.334 12.6001 404.464 
v -166.485 12.6001 403.615 
v -140.322 12.6001 429.778 
v -166.485 0.400121 403.615 
v -140.322 0.400121 429.778 
v -140.322 12.6001 429.778 
v -141.171 12.6001 430.627 
v -140.322 0.400121 429.778 
v -141.171 0.400121 430.627 
v -141.171 0.400121 430.627 
v -167.334 0.400121 404.464 
v -140.322 0.400121 429.778 
v -166.485 0.400121 403.615 
v -141.171 12.6001 430.627 
v -167.334 12.6001 404.464 
v -141.171 0.400121 430.627 
v -167.334 0.400121 404.464 

vn -0.708661 0 -0.708661 
vn -0.708661 0 -0.708661 
vn -0.708661 0 -0.708661 
vn -0.708661 0 -0.708661 
vn 0 1 0 
vn 0 1 0 
vn 0 1 0 
vn 0 1 0 
vn 0.708661 0 -0.708661 
vn 0.708661 0 -0.708661 
vn 0.708661 0 -0.708661 
vn 0.708661 0 -0.708661 
vn 0.708661 0 0.708661 
vn 0.708661 0 0.708661 
vn 0.708661 0 0.708661 
vn 0.708661 0 0.708661 
vn 0 -1 0 
vn 0 -1 0 
vn 0 -1 0 
vn 0 -1 0 
vn -0.708661 0 0.708661 
vn -0.708661 0 0.708661 
vn -0.708661 0 0.708661 
vn -0.708661 0 0.708661 

vt 4.4 -1.25 
vt 4.25 -1.25 
vt 4.4 -2.775 
vt 4.25 -2.775 
vt 8.875 -1.25 
vt 4.25 -1.25 
vt 8.875 -1.4 
vt 4.25 -1.4 
vt 8.875 -1.25 
vt 4.25 -1.25 
vt 8.875 -2.775 
vt 4.25 -2.775 
vt 4.4 -1.25 
vt 4.25 -1.25 
vt 4.4 -2.775 
vt 4.25 -2.775 
vt 8.875 -1.25 
vt 4.25 -1.25 
vt 8.875 -1.4 
vt 4.25 -1.4 
vt 8.875 -1.25 
vt 4.25 -1.25 
vt 8.875 -2.775 
vt 4.25 -2.775 

usemtl Height11Mtl

f 4603/4603/4603 4604/4604/4604 4605/4605/4605 
f 4605/4605/4605 4604/4604/4604 4606/4606/4606 
f 4607/4607/4607 4608/4608/4608 4609/4609/4609 
f 4609/4609/4609 4608/4608/4608 4610/4610/4610 
f 4611/4611/4611 4612/4612/4612 4613/4613/4613 
f 4613/4613/4613 4612/4612/4612 4614/4614/4614 
f 4615/4615/4615 4616/4616/4616 4617/4617/4617 
f 4617/4617/4617 4616/4616/4616 4618/4618/4618 
f 4619/4619/4619 4620/4620/4620 4621/4621/4621 
f 4621/4621/4621 4620/4620/4620 4622/4622/4622 
f 4623/4623/4623 4624/4624/4624 4625/4625/4625 
f 4625/4625/4625 4624/4624/4624 4626/4626/4626 

g Height116

v -166.482 12.6001 403.612 
v -140.319 12.6001 429.775 
v -166.482 0.400121 403.612 
v -140.319 0.400121 429.775 

vn 0.708661 0 -0.708661 
vn 0.708661 0 -0.708661 
vn 0.708661 0 -0.708661 
vn 0.708661 0 -0.708661 

vt 1 1 
vt 0 1 
vt 1 0 
vt 0 0 

usemtl Height5Mtl

f 4627/4627/4627 4628/4628/4628 4629/4629/4629 
f 4629/4629/4629 4628/4628/4628 4630/4630/4630 

g Height117

v -102 6.79996 422.2 
v -106 6.79996 422.2 
v -102 3.79996 422.2 
v -106 3.79996 422.2 
v -106 6.79996 422 
v -106 6.79996 422.2 
v -102 6.79996 422 
v -102 6.79996 422.2 
v -106 6.79996 422.2 
v -106 6.79996 422 
v -106 3.79996 422.2 
v -106 3.79996 422 
v -106 6.79996 422 
v -102 6.79996 422 
v -106 3.79996 422 
v -102 3.79996 422 
v -102 3.79996 422 
v -102 3.79996 422.2 
v -106 3.79996 422 
v -106 3.79996 422.2 
v -102 6.79996 422 
v -102 6.79996 422.2 
v -102 3.79996 422 
v -102 3.79996 422.2 

vn 0 0 1 
vn 0 0 1 
vn 0 0 1 
vn 0 0 1 
vn 0 1 0 
vn 0 1 0 
vn 0 1 0 
vn 0 1 0 
vn -1 0 0 
vn -1 0 0 
vn -1 0 0 
vn -1 0 0 
vn 0 0 -1 
vn 0 0 -1 
vn 0 0 -1 
vn 0 0 -1 
vn 0 -1 0 
vn 0 -1 0 
vn 0 -1 0 
vn 0 -1 0 
vn 1 0 0 
vn 1 0 0 
vn 1 0 0 
vn 1 0 0 

vt 7.25 -0.5 
vt 6.75 -0.5 
vt 7.25 -0.875 
vt 6.75 -0.875 
vt 6.775 -0.5 
vt 6.75 -0.5 
vt 6.775 -1 
vt 6.75 -1 
vt 6.775 -0.5 
vt 6.75 -0.5 
vt 6.775 -0.875 
vt 6.75 -0.875 
vt 7.25 -0.5 
vt 6.75 -0.5 
vt 7.25 -0.875 
vt 6.75 -0.875 
vt 6.775 -0.5 
vt 6.75 -0.5 
vt 6.775 -1 
vt 6.75 -1 
vt 6.775 -0.5 
vt 6.75 -0.5 
vt 6.775 -0.875 
vt 6.75 -0.875 

usemtl Height1Mtl

f 4631/4631/4631 4632/4632/4632 4633/4633/4633 
f 4633/4633/4633 4632/4632/4632 4634/4634/4634 
f 4635/4635/4635 4636/4636/4636 4637/4637/4637 
f 4637/4637/4637 4636/4636/4636 4638/4638/4638 
f 4639/4639/4639 4640/4640/4640 4641/4641/4641 
f 4641/4641/4641 4640/4640/4640 4642/4642/4642 
f 4643/4643/4643 4644/4644/4644 4645/4645/4645 
f 4645/4645/4645 4644/4644/4644 4646/4646/4646 
f 4647/4647/4647 4648/4648/4648 4649/4649/4649 
f 4649/4649/4649 4648/4648/4648 4650/4650/4650 
f 4651/4651/4651 4652/4652/4652 4653/4653/4653 
f 4653/4653/4653 4652/4652/4652 4654/4654/4654 

g Height118

v -175.678 0.399952 412.808 
v -166.485 0.399952 403.615 
v -175.678 0.199952 412.808 
v -166.485 0.199952 403.615 
v -140.322 0.399952 429.778 
v -166.485 0.399952 403.615 
v -149.515 0.399952 438.971 
v -175.678 0.399952 412.808 
v -166.485 0.399952 403.615 
v -140.322 0.399952 429.778 
v -166.485 0.199952 403.615 
v -140.322 0.199952 429.778 
v -140.322 0.399952 429.778 
v -149.515 0.399952 438.971 
v -140.322 0.199952 429.778 
v -149.515 0.199952 438.971 
v -149.515 0.199952 438.971 
v -175.678 0.199952 412.808 
v -140.322 0.199952 429.778 
v -166.485 0.199952 403.615 
v -149.515 0.399952 438.971 
v -175.678 0.399952 412.808 
v -149.515 0.199952 438.971 
v -175.678 0.199952 412.808 

vn -0.708661 0 -0.708661 
vn -0.708661 0 -0.708661 
vn -0.708661 0 -0.708661 
vn -0.708661 0 -0.708661 
vn 0 1 0 
vn 0 1 0 
vn 0 1 0 
vn 0 1 0 
vn 0.708661 0 -0.708661 
vn 0.708661 0 -0.708661 
vn 0.708661 0 -0.708661 
vn 0.708661 0 -0.708661 
vn 0.708661 0 0.708661 
vn 0.708661 0 0.708661 
vn 0.708661 0 0.708661 
vn 0.708661 0 0.708661 
vn 0 -1 0 
vn 0 -1 0 
vn 0 -1 0 
vn 0 -1 0 
vn -0.708661 0 0.708661 
vn -0.708661 0 0.708661 
vn -0.708661 0 0.708661 
vn -0.708661 0 0.708661 

vt 6.875 -6.5 
vt 5.25 -6.5 
vt 6.875 -6.525 
vt 5.25 -6.525 
vt 9.875 -6.5 
vt 5.25 -6.5 
vt 9.875 -8.125 
vt 5.25 -8.125 
vt 9.875 -6.5 
vt 5.25 -6.5 
vt 9.875 -6.525 
vt 5.25 -6.525 
vt 6.875 -6.5 
vt 5.25 -6.5 
vt 6.875 -6.525 
vt 5.25 -6.525 
vt 9.875 -6.5 
vt 5.25 -6.5 
vt 9.875 -8.125 
vt 5.25 -8.125 
vt 9.875 -6.5 
vt 5.25 -6.5 
vt 9.875 -6.525 
vt 5.25 -6.525 

usemtl Height11Mtl

f 4655/4655/4655 4656/4656/4656 4657/4657/4657 
f 4657/4657/4657 4656/4656/4656 4658/4658/4658 
f 4659/4659/4659 4660/4660/4660 4661/4661/4661 
f 4661/4661/4661 4660/4660/4660 4662/4662/4662 
f 4663/4663/4663 4664/4664/4664 4665/4665/4665 
f 4665/4665/4665 4664/4664/4664 4666/4666/4666 
f 4667/4667/4667 4668/4668/4668 4669/4669/4669 
f 4669/4669/4669 4668/4668/4668 4670/4670/4670 
f 4671/4671/4671 4672/4672/4672 4673/4673/4673 
f 4673/4673/4673 4672/4672/4672 4674/4674/4674 
f 4675/4675/4675 4676/4676/4676 4677/4677/4677 
f 4677/4677/4677 4676/4676/4676 4678/4678/4678 

g Height119

v -157 25.2 421.8 
v -157 25.2 423 
v -157 13 421.8 
v -157 13 423 
v -194 25.2 423 
v -157 25.2 423 
v -194 25.2 421.8 
v -157 25.2 421.8 
v -157 25.2 423 
v -194 25.2 423 
v -157 13 423 
v -194 13 423 
v -194 25.2 423 
v -194 25.2 421.8 
v -194 13 423 
v -194 13 421.8 
v -194 13 421.8 
v -157 13 421.8 
v -194 13 423 
v -157 13 423 
v -194 25.2 421.8 
v -157 25.2 421.8 
v -194 13 421.8 
v -157 13 421.8 

vn 1 0 0 
vn 1 0 0 
vn 1 0 0 
vn 1 0 0 
vn 0 1 0 
vn 0 1 0 
vn 0 1 0 
vn 0 1 0 
vn 0 0 1 
vn 0 0 1 
vn 0 0 1 
vn 0 0 1 
vn -1 0 0 
vn -1 0 0 
vn -1 0 0 
vn -1 0 0 
vn 0 -1 0 
vn 0 -1 0 
vn 0 -1 0 
vn 0 -1 0 
vn 0 0 -1 
vn 0 0 -1 
vn 0 0 -1 
vn 0 0 -1 

vt 3.9 -0.75 
vt 3.75 -0.75 
vt 3.9 -2.275 
vt 3.75 -2.275 
vt 8.375 -0.75 
vt 3.75 -0.75 
vt 8.375 -0.9 
vt 3.75 -0.9 
vt 8.375 -0.75 
vt 3.75 -0.75 
vt 8.375 -2.275 
vt 3.75 -2.275 
vt 3.9 -0.75 
vt 3.75 -0.75 
vt 3.9 -2.275 
vt 3.75 -2.275 
vt 8.375 -0.75 
vt 3.75 -0.75 
vt 8.375 -0.9 
vt 3.75 -0.9 
vt 8.375 -0.75 
vt 3.75 -0.75 
vt 8.375 -2.275 
vt 3.75 -2.275 

usemtl Height2Mtl

f 4679/4679/4679 4680/4680/4680 4681/4681/4681 
f 4681/4681/4681 4680/4680/4680 4682/4682/4682 
f 4683/4683/4683 4684/4684/4684 4685/4685/4685 
f 4685/4685/4685 4684/4684/4684 4686/4686/4686 
f 4687/4687/4687 4688/4688/4688 4689/4689/4689 
f 4689/4689/4689 4688/4688/4688 4690/4690/4690 
f 4691/4691/4691 4692/4692/4692 4693/4693/4693 
f 4693/4693/4693 4692/4692/4692 4694/4694/4694 
f 4695/4695/4695 4696/4696/4696 4697/4697/4697 
f 4697/4697/4697 4696/4696/4696 4698/4698/4698 
f 4699/4699/4699 4700/4700/4700 4701/4701/4701 
f 4701/4701/4701 4700/4700/4700 4702/4702/4702 

g Height120

v -66 15.6004 416 
v -66.2 15.6004 416 
v -66 3.40042 416 
v -66.2 3.40042 416 
v -66.2 15.6004 387 
v -66.2 15.6004 416 
v -66 15.6004 387 
v -66 15.6004 416 
v -66.2 15.6004 416 
v -66.2 15.6004 387 
v -66.2 3.40042 416 
v -66.2 3.40042 387 
v -66.2 15.6004 387 
v -66 15.6004 387 
v -66.2 3.40042 387 
v -66 3.40042 387 
v -66 3.40042 387 
v -66 3.40042 416 
v -66.2 3.40042 387 
v -66.2 3.40042 416 
v -66 15.6004 387 
v -66 15.6004 416 
v -66 3.40042 387 
v -66 3.40042 416 

vn 0 0 1 
vn 0 0 1 
vn 0 0 1 
vn 0 0 1 
vn 0 1 0 
vn 0 1 0 
vn 0 1 0 
vn 0 1 0 
vn -1 0 0 
vn -1 0 0 
vn -1 0 0 
vn -1 0 0 
vn 0 0 -1 
vn 0 0 -1 
vn 0 0 -1 
vn 0 0 -1 
vn 0 -1 0 
vn 0 -1 0 
vn 0 -1 0 
vn 0 -1 0 
vn 1 0 0 
vn 1 0 0 
vn 1 0 0 
vn 1 0 0 

vt 3.525 -1 
vt 3.5 -1 
vt 3.525 -2.525 
vt 3.5 -2.525 
vt 7.125 -1 
vt 3.5 -1 
vt 7.125 -1.025 
vt 3.5 -1.025 
vt 7.125 -1 
vt 3.5 -1 
vt 7.125 -2.525 
vt 3.5 -2.525 
vt 3.525 -1 
vt 3.5 -1 
vt 3.525 -2.525 
vt 3.5 -2.525 
vt 7.125 -1 
vt 3.5 -1 
vt 7.125 -1.025 
vt 3.5 -1.025 
vt 7.125 -1 
vt 3.5 -1 
vt 7.125 -2.525 
vt 3.5 -2.525 

usemtl Height2Mtl

f 4703/4703/4703 4704/4704/4704 4705/4705/4705 
f 4705/4705/4705 4704/4704/4704 4706/4706/4706 
f 4707/4707/4707 4708/4708/4708 4709/4709/4709 
f 4709/4709/4709 4708/4708/4708 4710/4710/4710 
f 4711/4711/4711 4712/4712/4712 4713/4713/4713 
f 4713/4713/4713 4712/4712/4712 4714/4714/4714 
f 4715/4715/4715 4716/4716/4716 4717/4717/4717 
f 4717/4717/4717 4716/4716/4716 4718/4718/4718 
f 4719/4719/4719 4720/4720/4720 4721/4721/4721 
f 4721/4721/4721 4720/4720/4720 4722/4722/4722 
f 4723/4723/4723 4724/4724/4724 4725/4725/4725 
f 4725/4725/4725 4724/4724/4724 4726/4726/4726 

g Height121

v -66.205 15.6004 416 
v -66.205 15.6004 387 
v -66.205 3.40042 416 
v -66.205 3.40042 387 

vn -1 0 0 
vn -1 0 0 
vn -1 0 0 
vn -1 0 0 

vt 1 1 
vt 0 1 
vt 1 0 
vt 0 0 

usemtl Height12Mtl

f 4727/4727/4727 4728/4728/4728 4729/4729/4729 
f 4729/4729/4729 4728/4728/4728 4730/4730/4730 

g Height122

v -172 12.6 417 
v -172 12.6 430 
v -172 0.199999 417 
v -172 0.199999 430 
v -209 12.6 430 
v -172 12.6 430 
v -209 12.6 417 
v -172 12.6 417 
v -172 12.6 430 
v -209 12.6 430 
v -172 0.199999 430 
v -209 0.199999 430 
v -209 12.6 430 
v -209 12.6 417 
v -209 0.199999 430 
v -209 0.199999 417 
v -209 0.199999 417 
v -172 0.199999 417 
v -209 0.199999 430 
v -172 0.199999 430 
v -209 12.6 417 
v -172 12.6 417 
v -209 0.199999 417 
v -172 0.199999 417 

vn 1 0 0 
vn 1 0 0 
vn 1 0 0 
vn 1 0 0 
vn 0 1 0 
vn 0 1 0 
vn 0 1 0 
vn 0 1 0 
vn 0 0 1 
vn 0 0 1 
vn 0 0 1 
vn 0 0 1 
vn -1 0 0 
vn -1 0 0 
vn -1 0 0 
vn -1 0 0 
vn 0 -1 0 
vn 0 -1 0 
vn 0 -1 0 
vn 0 -1 0 
vn 0 0 -1 
vn 0 0 -1 
vn 0 0 -1 
vn 0 0 -1 

vt 7.125 -4 
vt 5.5 -4 
vt 7.125 -5.55 
vt 5.5 -5.55 
vt 10.125 -4 
vt 5.5 -4 
vt 10.125 -5.625 
vt 5.5 -5.625 
vt 10.125 -4 
vt 5.5 -4 
vt 10.125 -5.55 
vt 5.5 -5.55 
vt 7.125 -4 
vt 5.5 -4 
vt 7.125 -5.55 
vt 5.5 -5.55 
vt 10.125 -4 
vt 5.5 -4 
vt 10.125 -5.625 
vt 5.5 -5.625 
vt 10.125 -4 
vt 5.5 -4 
vt 10.125 -5.55 
vt 5.5 -5.55 

usemtl Height11Mtl

f 4731/4731/4731 4732/4732/4732 4733/4733/4733 
f 4733/4733/4733 4732/4732/4732 4734/4734/4734 
f 4735/4735/4735 4736/4736/4736 4737/4737/4737 
f 4737/4737/4737 4736/4736/4736 4738/4738/4738 
f 4739/4739/4739 4740/4740/4740 4741/4741/4741 
f 4741/4741/4741 4740/4740/4740 4742/4742/4742 
f 4743/4743/4743 4744/4744/4744 4745/4745/4745 
f 4745/4745/4745 4744/4744/4744 4746/4746/4746 
f 4747/4747/4747 4748/4748/4748 4749/4749/4749 
f 4749/4749/4749 4748/4748/4748 4750/4750/4750 
f 4751/4751/4751 4752/4752/4752 4753/4753/4753 
f 4753/4753/4753 4752/4752/4752 4754/4754/4754 

g Height123

v -157 16.2006 423.2 
v -157 16.2006 428.2 
v -157 13.2006 423.2 
v -157 13.2006 428.2 
v -157.2 16.2006 428.2 
v -157 16.2006 428.2 
v -157.2 16.2006 423.2 
v -157 16.2006 423.2 
v -157 16.2006 428.2 
v -157.2 16.2006 428.2 
v -157 13.2006 428.2 
v -157.2 13.2006 428.2 
v -157.2 16.2006 428.2 
v -157.2 16.2006 423.2 
v -157.2 13.2006 428.2 
v -157.2 13.2006 423.2 
v -157.2 13.2006 423.2 
v -157 13.2006 423.2 
v -157.2 13.2006 428.2 
v -157 13.2006 428.2 
v -157.2 16.2006 423.2 
v -157 16.2006 423.2 
v -157.2 13.2006 423.2 
v -157 13.2006 423.2 

vn 1 0 0 
vn 1 0 0 
vn 1 0 0 
vn 1 0 0 
vn 0 1 0 
vn 0 1 0 
vn 0 1 0 
vn 0 1 0 
vn 0 0 1 
vn 0 0 1 
vn 0 0 1 
vn 0 0 1 
vn -1 0 0 
vn -1 0 0 
vn -1 0 0 
vn -1 0 0 
vn 0 -1 0 
vn 0 -1 0 
vn 0 -1 0 
vn 0 -1 0 
vn 0 0 -1 
vn 0 0 -1 
vn 0 0 -1 
vn 0 0 -1 

vt 4.375 -6.25 
vt 3.75 -6.25 
vt 4.375 -6.625 
vt 3.75 -6.625 
vt 3.775 -6.25 
vt 3.75 -6.25 
vt 3.775 -6.875 
vt 3.75 -6.875 
vt 3.775 -6.25 
vt 3.75 -6.25 
vt 3.775 -6.625 
vt 3.75 -6.625 
vt 4.375 -6.25 
vt 3.75 -6.25 
vt 4.375 -6.625 
vt 3.75 -6.625 
vt 3.775 -6.25 
vt 3.75 -6.25 
vt 3.775 -6.875 
vt 3.75 -6.875 
vt 3.775 -6.25 
vt 3.75 -6.25 
vt 3.775 -6.625 
vt 3.75 -6.625 

usemtl Height1Mtl

f 4755/4755/4755 4756/4756/4756 4757/4757/4757 
f 4757/4757/4757 4756/4756/4756 4758/4758/4758 
f 4759/4759/4759 4760/4760/4760 4761/4761/4761 
f 4761/4761/4761 4760/4760/4760 4762/4762/4762 
f 4763/4763/4763 4764/4764/4764 4765/4765/4765 
f 4765/4765/4765 4764/4764/4764 4766/4766/4766 
f 4767/4767/4767 4768/4768/4768 4769/4769/4769 
f 4769/4769/4769 4768/4768/4768 4770/4770/4770 
f 4771/4771/4771 4772/4772/4772 4773/4773/4773 
f 4773/4773/4773 4772/4772/4772 4774/4774/4774 
f 4775/4775/4775 4776/4776/4776 4777/4777/4777 
f 4777/4777/4777 4776/4776/4776 4778/4778/4778 

g Height124

v -157.2 16.4006 423.26 
v -157.2 16.4006 428.26 
v -157.2 16.2006 423.26 
v -157.2 16.2006 428.26 
v -161.2 16.4006 428.26 
v -157.2 16.4006 428.26 
v -161.2 16.4006 423.26 
v -157.2 16.4006 423.26 
v -157.2 16.4006 428.26 
v -161.2 16.4006 428.26 
v -157.2 16.2006 428.26 
v -161.2 16.2006 428.26 
v -161.2 16.4006 428.26 
v -161.2 16.4006 423.26 
v -161.2 16.2006 428.26 
v -161.2 16.2006 423.26 
v -161.2 16.2006 423.26 
v -157.2 16.2006 423.26 
v -161.2 16.2006 428.26 
v -157.2 16.2006 428.26 
v -161.2 16.4006 423.26 
v -157.2 16.4006 423.26 
v -161.2 16.2006 423.26 
v -157.2 16.2006 423.26 

vn 1 0 0 
vn 1 0 0 
vn 1 0 0 
vn 1 0 0 
vn 0 1 0 
vn 0 1 0 
vn 0 1 0 
vn 0 1 0 
vn 0 0 1 
vn 0 0 1 
vn 0 0 1 
vn 0 0 1 
vn -1 0 0 
vn -1 0 0 
vn -1 0 0 
vn -1 0 0 
vn 0 -1 0 
vn 0 -1 0 
vn 0 -1 0 
vn 0 -1 0 
vn 0 0 -1 
vn 0 0 -1 
vn 0 0 -1 
vn 0 0 -1 

vt 3.625 -1.25 
vt 3 -1.25 
vt 3.625 -1.275 
vt 3 -1.275 
vt 3.5 -1.25 
vt 3 -1.25 
vt 3.5 -1.875 
vt 3 -1.875 
vt 3.5 -1.25 
vt 3 -1.25 
vt 3.5 -1.275 
vt 3 -1.275 
vt 3.625 -1.25 
vt 3 -1.25 
vt 3.625 -1.275 
vt 3 -1.275 
vt 3.5 -1.25 
vt 3 -1.25 
vt 3.5 -1.875 
vt 3 -1.875 
vt 3.5 -1.25 
vt 3 -1.25 
vt 3.5 -1.275 
vt 3 -1.275 

usemtl Height1Mtl

f 4779/4779/4779 4780/4780/4780 4781/4781/4781 
f 4781/4781/4781 4780/4780/4780 4782/4782/4782 
f 4783/4783/4783 4784/4784/4784 4785/4785/4785 
f 4785/4785/4785 4784/4784/4784 4786/4786/4786 
f 4787/4787/4787 4788/4788/4788 4789/4789/4789 
f 4789/4789/4789 4788/4788/4788 4790/4790/4790 
f 4791/4791/4791 4792/4792/4792 4793/4793/4793 
f 4793/4793/4793 4792/4792/4792 4794/4794/4794 
f 4795/4795/4795 4796/4796/4796 4797/4797/4797 
f 4797/4797/4797 4796/4796/4796 4798/4798/4798 
f 4799/4799/4799 4800/4800/4800 4801/4801/4801 
f 4801/4801/4801 4800/4800/4800 4802/4802/4802 

g Height125

v -157.2 15.7005 423.34 
v -160.8 15.7005 423.34 
v -157.2 15.7005 427.94 
v -160.8 15.7005 427.94 
v -160.8 13.5005 423.34 
v -160.8 15.7005 423.34 
v -157.2 13.5005 423.34 
v -157.2 15.7005 423.34 
v -160.8 15.7005 423.34 
v -160.8 13.5005 423.34 
v -160.8 15.7005 427.94 
v -160.8 13.5005 427.94 
v -160.8 13.5005 423.34 
v -157.2 13.5005 423.34 
v -160.8 13.5005 427.94 
v -157.2 13.5005 427.94 
v -157.2 13.5005 427.94 
v -157.2 15.7005 427.94 
v -160.8 13.5005 427.94 
v -160.8 15.7005 427.94 
v -157.2 13.5005 423.34 
v -157.2 15.7005 423.34 
v -157.2 13.5005 427.94 
v -157.2 15.7005 427.94 

vn 0 1 0 
vn 0 1 0 
vn 0 1 0 
vn 0 1 0 
vn 0 0 -1 
vn 0 0 -1 
vn 0 0 -1 
vn 0 0 -1 
vn -1 0 0 
vn -1 0 0 
vn -1 0 0 
vn -1 0 0 
vn 0 -1 0 
vn 0 -1 0 
vn 0 -1 0 
vn 0 -1 0 
vn 0 0 1 
vn 0 0 1 
vn 0 0 1 
vn 0 0 1 
vn 1 0 0 
vn 1 0 0 
vn 1 0 0 
vn 1 0 0 

vt 6.7 0.25 
vt 6.25 0.25 
vt 6.7 -0.325 
vt 6.25 -0.325 
vt 6.525 0.25 
vt 6.25 0.25 
vt 6.525 -0.2 
vt 6.25 -0.2 
vt 6.525 0.25 
vt 6.25 0.25 
vt 6.525 -0.325 
vt 6.25 -0.325 
vt 6.7 0.25 
vt 6.25 0.25 
vt 6.7 -0.325 
vt 6.25 -0.325 
vt 6.525 0.25 
vt 6.25 0.25 
vt 6.525 -0.2 
vt 6.25 -0.2 
vt 6.525 0.25 
vt 6.25 0.25 
vt 6.525 -0.325 
vt 6.25 -0.325 

usemtl Height15Mtl

f 4803/4803/4803 4804/4804/4804 4805/4805/4805 
f 4805/4805/4805 4804/4804/4804 4806/4806/4806 
f 4807/4807/4807 4808/4808/4808 4809/4809/4809 
f 4809/4809/4809 4808/4808/4808 4810/4810/4810 
f 4811/4811/4811 4812/4812/4812 4813/4813/4813 
f 4813/4813/4813 4812/4812/4812 4814/4814/4814 
f 4815/4815/4815 4816/4816/4816 4817/4817/4817 
f 4817/4817/4817 4816/4816/4816 4818/4818/4818 
f 4819/4819/4819 4820/4820/4820 4821/4821/4821 
f 4821/4821/4821 4820/4820/4820 4822/4822/4822 
f 4823/4823/4823 4824/4824/4824 4825/4825/4825 
f 4825/4825/4825 4824/4824/4824 4826/4826/4826 

g Height126

v -157.2 15.7055 423.34 
v -160.8 15.7055 423.34 
v -157.2 15.7055 427.94 
v -160.8 15.7055 427.94 

vn 0 1 0 
vn 0 1 0 
vn 0 1 0 
vn 0 1 0 

vt 1 1 
vt 0 1 
vt 1 0 
vt 0 0 

usemtl Height16Mtl

f 4827/4827/4827 4828/4828/4828 4829/4829/4829 
f 4829/4829/4829 4828/4828/4828 4830/4830/4830 

g Height127

v -161.2 19.4006 428.06 
v -157.2 19.4006 428.06 
v -161.2 16.4006 428.06 
v -157.2 16.4006 428.06 
v -157.2 19.4006 428.26 
v -157.2 19.4006 428.06 
v -161.2 19.4006 428.26 
v -161.2 19.4006 428.06 
v -157.2 19.4006 428.06 
v -157.2 19.4006 428.26 
v -157.2 16.4006 428.06 
v -157.2 16.4006 428.26 
v -157.2 19.4006 428.26 
v -161.2 19.4006 428.26 
v -157.2 16.4006 428.26 
v -161.2 16.4006 428.26 
v -161.2 16.4006 428.26 
v -161.2 16.4006 428.06 
v -157.2 16.4006 428.26 
v -157.2 16.4006 428.06 
v -161.2 19.4006 428.26 
v -161.2 19.4006 428.06 
v -161.2 16.4006 428.26 
v -161.2 16.4006 428.06 

vn 0 0 -1 
vn 0 0 -1 
vn 0 0 -1 
vn 0 0 -1 
vn 0 1 0 
vn 0 1 0 
vn 0 1 0 
vn 0 1 0 
vn 1 0 0 
vn 1 0 0 
vn 1 0 0 
vn 1 0 0 
vn 0 0 1 
vn 0 0 1 
vn 0 0 1 
vn 0 0 1 
vn 0 -1 0 
vn 0 -1 0 
vn 0 -1 0 
vn 0 -1 0 
vn -1 0 0 
vn -1 0 0 
vn -1 0 0 
vn -1 0 0 

vt 5 -1.25 
vt 4.5 -1.25 
vt 5 -1.625 
vt 4.5 -1.625 
vt 4.525 -1.25 
vt 4.5 -1.25 
vt 4.525 -1.75 
vt 4.5 -1.75 
vt 4.525 -1.25 
vt 4.5 -1.25 
vt 4.525 -1.625 
vt 4.5 -1.625 
vt 5 -1.25 
vt 4.5 -1.25 
vt 5 -1.625 
vt 4.5 -1.625 
vt 4.525 -1.25 
vt 4.5 -1.25 
vt 4.525 -1.75 
vt 4.5 -1.75 
vt 4.525 -1.25 
vt 4.5 -1.25 
vt 4.525 -1.625 
vt 4.5 -1.625 

usemtl Height1Mtl

f 4831/4831/4831 4832/4832/4832 4833/4833/4833 
f 4833/4833/4833 4832/4832/4832 4834/4834/4834 
f 4835/4835/4835 4836/4836/4836 4837/4837/4837 
f 4837/4837/4837 4836/4836/4836 4838/4838/4838 
f 4839/4839/4839 4840/4840/4840 4841/4841/4841 
f 4841/4841/4841 4840/4840/4840 4842/4842/4842 
f 4843/4843/4843 4844/4844/4844 4845/4845/4845 
f 4845/4845/4845 4844/4844/4844 4846/4846/4846 
f 4847/4847/4847 4848/4848/4848 4849/4849/4849 
f 4849/4849/4849 4848/4848/4848 4850/4850/4850 
f 4851/4851/4851 4852/4852/4852 4853/4853/4853 
f 4853/4853/4853 4852/4852/4852 4854/4854/4854 

g Height128

v -161 16.2006 423.2 
v -157 16.2006 423.2 
v -161 13.2006 423.2 
v -157 13.2006 423.2 
v -157 16.2006 423.4 
v -157 16.2006 423.2 
v -161 16.2006 423.4 
v -161 16.2006 423.2 
v -157 16.2006 423.2 
v -157 16.2006 423.4 
v -157 13.2006 423.2 
v -157 13.2006 423.4 
v -157 16.2006 423.4 
v -161 16.2006 423.4 
v -157 13.2006 423.4 
v -161 13.2006 423.4 
v -161 13.2006 423.4 
v -161 13.2006 423.2 
v -157 13.2006 423.4 
v -157 13.2006 423.2 
v -161 16.2006 423.4 
v -161 16.2006 423.2 
v -161 13.2006 423.4 
v -161 13.2006 423.2 

vn 0 0 -1 
vn 0 0 -1 
vn 0 0 -1 
vn 0 0 -1 
vn 0 1 0 
vn 0 1 0 
vn 0 1 0 
vn 0 1 0 
vn 1 0 0 
vn 1 0 0 
vn 1 0 0 
vn 1 0 0 
vn 0 0 1 
vn 0 0 1 
vn 0 0 1 
vn 0 0 1 
vn 0 -1 0 
vn 0 -1 0 
vn 0 -1 0 
vn 0 -1 0 
vn -1 0 0 
vn -1 0 0 
vn -1 0 0 
vn -1 0 0 

vt 7.25 0.75 
vt 6.75 0.75 
vt 7.25 0.375 
vt 6.75 0.375 
vt 6.775 0.75 
vt 6.75 0.75 
vt 6.775 0.25 
vt 6.75 0.25 
vt 6.775 0.75 
vt 6.75 0.75 
vt 6.775 0.375 
vt 6.75 0.375 
vt 7.25 0.75 
vt 6.75 0.75 
vt 7.25 0.375 
vt 6.75 0.375 
vt 6.775 0.75 
vt 6.75 0.75 
vt 6.775 0.25 
vt 6.75 0.25 
vt 6.775 0.75 
vt 6.75 0.75 
vt 6.775 0.375 
vt 6.75 0.375 

usemtl Height1Mtl

f 4855/4855/4855 4856/4856/4856 4857/4857/4857 
f 4857/4857/4857 4856/4856/4856 4858/4858/4858 
f 4859/4859/4859 4860/4860/4860 4861/4861/4861 
f 4861/4861/4861 4860/4860/4860 4862/4862/4862 
f 4863/4863/4863 4864/4864/4864 4865/4865/4865 
f 4865/4865/4865 4864/4864/4864 4866/4866/4866 
f 4867/4867/4867 4868/4868/4868 4869/4869/4869 
f 4869/4869/4869 4868/4868/4868 4870/4870/4870 
f 4871/4871/4871 4872/4872/4872 4873/4873/4873 
f 4873/4873/4873 4872/4872/4872 4874/4874/4874 
f 4875/4875/4875 4876/4876/4876 4877/4877/4877 
f 4877/4877/4877 4876/4876/4876 4878/4878/4878 

g Height129

v -157 13.2006 423.2 
v -157 13.2006 428.2 
v -157 13.0006 423.2 
v -157 13.0006 428.2 
v -161 13.2006 428.2 
v -157 13.2006 428.2 
v -161 13.2006 423.2 
v -157 13.2006 423.2 
v -157 13.2006 428.2 
v -161 13.2006 428.2 
v -157 13.0006 428.2 
v -161 13.0006 428.2 
v -161 13.2006 428.2 
v -161 13.2006 423.2 
v -161 13.0006 428.2 
v -161 13.0006 423.2 
v -161 13.0006 423.2 
v -157 13.0006 423.2 
v -161 13.0006 428.2 
v -157 13.0006 428.2 
v -161 13.2006 423.2 
v -157 13.2006 423.2 
v -161 13.0006 423.2 
v -157 13.0006 423.2 

vn 1 0 0 
vn 1 0 0 
vn 1 0 0 
vn 1 0 0 
vn 0 1 0 
vn 0 1 0 
vn 0 1 0 
vn 0 1 0 
vn 0 0 1 
vn 0 0 1 
vn 0 0 1 
vn 0 0 1 
vn -1 0 0 
vn -1 0 0 
vn -1 0 0 
vn -1 0 0 
vn 0 -1 0 
vn 0 -1 0 
vn 0 -1 0 
vn 0 -1 0 
vn 0 0 -1 
vn 0 0 -1 
vn 0 0 -1 
vn 0 0 -1 

vt 3.625 -0.25 
vt 3 -0.25 
vt 3.625 -0.275 
vt 3 -0.275 
vt 3.5 -0.25 
vt 3 -0.25 
vt 3.5 -0.875 
vt 3 -0.875 
vt 3.5 -0.25 
vt 3 -0.25 
vt 3.5 -0.275 
vt 3 -0.275 
vt 3.625 -0.25 
vt 3 -0.25 
vt 3.625 -0.275 
vt 3 -0.275 
vt 3.5 -0.25 
vt 3 -0.25 
vt 3.5 -0.875 
vt 3 -0.875 
vt 3.5 -0.25 
vt 3 -0.25 
vt 3.5 -0.275 
vt 3 -0.275 

usemtl Height1Mtl

f 4879/4879/4879 4880/4880/4880 4881/4881/4881 
f 4881/4881/4881 4880/4880/4880 4882/4882/4882 
f 4883/4883/4883 4884/4884/4884 4885/4885/4885 
f 4885/4885/4885 4884/4884/4884 4886/4886/4886 
f 4887/4887/4887 4888/4888/4888 4889/4889/4889 
f 4889/4889/4889 4888/4888/4888 4890/4890/4890 
f 4891/4891/4891 4892/4892/4892 4893/4893/4893 
f 4893/4893/4893 4892/4892/4892 4894/4894/4894 
f 4895/4895/4895 4896/4896/4896 4897/4897/4897 
f 4897/4897/4897 4896/4896/4896 4898/4898/4898 
f 4899/4899/4899 4900/4900/4900 4901/4901/4901 
f 4901/4901/4901 4900/4900/4900 4902/4902/4902 

g Height130

v -161 16.2006 428.2 
v -161 16.2006 423.2 
v -161 13.2006 428.2 
v -161 13.2006 423.2 
v -160.8 16.2006 423.2 
v -161 16.2006 423.2 
v -160.8 16.2006 428.2 
v -161 16.2006 428.2 
v -161 16.2006 423.2 
v -160.8 16.2006 423.2 
v -161 13.2006 423.2 
v -160.8 13.2006 423.2 
v -160.8 16.2006 423.2 
v -160.8 16.2006 428.2 
v -160.8 13.2006 423.2 
v -160.8 13.2006 428.2 
v -160.8 13.2006 428.2 
v -161 13.2006 428.2 
v -160.8 13.2006 423.2 
v -161 13.2006 423.2 
v -160.8 16.2006 428.2 
v -161 16.2006 428.2 
v -160.8 13.2006 428.2 
v -161 13.2006 428.2 

vn -1 0 0 
vn -1 0 0 
vn -1 0 0 
vn -1 0 0 
vn 0 1 0 
vn 0 1 0 
vn 0 1 0 
vn 0 1 0 
vn 0 0 -1 
vn 0 0 -1 
vn 0 0 -1 
vn 0 0 -1 
vn 1 0 0 
vn 1 0 0 
vn 1 0 0 
vn 1 0 0 
vn 0 -1 0 
vn 0 -1 0 
vn 0 -1 0 
vn 0 -1 0 
vn 0 0 1 
vn 0 0 1 
vn 0 0 1 
vn 0 0 1 

vt 6.875 -4.25 
vt 6.25 -4.25 
vt 6.875 -4.625 
vt 6.25 -4.625 
vt 6.275 -4.25 
vt 6.25 -4.25 
vt 6.275 -4.875 
vt 6.25 -4.875 
vt 6.275 -4.25 
vt 6.25 -4.25 
vt 6.275 -4.625 
vt 6.25 -4.625 
vt 6.875 -4.25 
vt 6.25 -4.25 
vt 6.875 -4.625 
vt 6.25 -4.625 
vt 6.275 -4.25 
vt 6.25 -4.25 
vt 6.275 -4.875 
vt 6.25 -4.875 
vt 6.275 -4.25 
vt 6.25 -4.25 
vt 6.275 -4.625 
vt 6.25 -4.625 

usemtl Height1Mtl

f 4903/4903/4903 4904/4904/4904 4905/4905/4905 
f 4905/4905/4905 4904/4904/4904 4906/4906/4906 
f 4907/4907/4907 4908/4908/4908 4909/4909/4909 
f 4909/4909/4909 4908/4908/4908 4910/4910/4910 
f 4911/4911/4911 4912/4912/4912 4913/4913/4913 
f 4913/4913/4913 4912/4912/4912 4914/4914/4914 
f 4915/4915/4915 4916/4916/4916 4917/4917/4917 
f 4917/4917/4917 4916/4916/4916 4918/4918/4918 
f 4919/4919/4919 4920/4920/4920 4921/4921/4921 
f 4921/4921/4921 4920/4920/4920 4922/4922/4922 
f 4923/4923/4923 4924/4924/4924 4925/4925/4925 
f 4925/4925/4925 4924/4924/4924 4926/4926/4926 

g Height131

v -157.4 18.9 423.4 
v -161 18.9 423.4 
v -157.4 18.9 428 
v -161 18.9 428 
v -161 16.7 423.4 
v -161 18.9 423.4 
v -157.4 16.7 423.4 
v -157.4 18.9 423.4 
v -161 18.9 423.4 
v -161 16.7 423.4 
v -161 18.9 428 
v -161 16.7 428 
v -161 16.7 423.4 
v -157.4 16.7 423.4 
v -161 16.7 428 
v -157.4 16.7 428 
v -157.4 16.7 428 
v -157.4 18.9 428 
v -161 16.7 428 
v -161 18.9 428 
v -157.4 16.7 423.4 
v -157.4 18.9 423.4 
v -157.4 16.7 428 
v -157.4 18.9 428 

vn 0 1 0 
vn 0 1 0 
vn 0 1 0 
vn 0 1 0 
vn 0 0 -1 
vn 0 0 -1 
vn 0 0 -1 
vn 0 0 -1 
vn -1 0 0 
vn -1 0 0 
vn -1 0 0 
vn -1 0 0 
vn 0 -1 0 
vn 0 -1 0 
vn 0 -1 0 
vn 0 -1 0 
vn 0 0 1 
vn 0 0 1 
vn 0 0 1 
vn 0 0 1 
vn 1 0 0 
vn 1 0 0 
vn 1 0 0 
vn 1 0 0 

vt 2.45 0.5 
vt 2 0.5 
vt 2.45 -0.075 
vt 2 -0.075 
vt 2.275 0.5 
vt 2 0.5 
vt 2.275 0.05 
vt 2 0.05 
vt 2.275 0.5 
vt 2 0.5 
vt 2.275 -0.075 
vt 2 -0.075 
vt 2.45 0.5 
vt 2 0.5 
vt 2.45 -0.075 
vt 2 -0.075 
vt 2.275 0.5 
vt 2 0.5 
vt 2.275 0.05 
vt 2 0.05 
vt 2.275 0.5 
vt 2 0.5 
vt 2.275 -0.075 
vt 2 -0.075 

usemtl Height15Mtl

f 4927/4927/4927 4928/4928/4928 4929/4929/4929 
f 4929/4929/4929 4928/4928/4928 4930/4930/4930 
f 4931/4931/4931 4932/4932/4932 4933/4933/4933 
f 4933/4933/4933 4932/4932/4932 4934/4934/4934 
f 4935/4935/4935 4936/4936/4936 4937/4937/4937 
f 4937/4937/4937 4936/4936/4936 4938/4938/4938 
f 4939/4939/4939 4940/4940/4940 4941/4941/4941 
f 4941/4941/4941 4940/4940/4940 4942/4942/4942 
f 4943/4943/4943 4944/4944/4944 4945/4945/4945 
f 4945/4945/4945 4944/4944/4944 4946/4946/4946 
f 4947/4947/4947 4948/4948/4948 4949/4949/4949 
f 4949/4949/4949 4948/4948/4948 4950/4950/4950 

g Height132

v -157.4 18.905 423.4 
v -161 18.905 423.4 
v -157.4 18.905 428 
v -161 18.905 428 

vn 0 1 0 
vn 0 1 0 
vn 0 1 0 
vn 0 1 0 

vt 1 1 
vt 0 1 
vt 1 0 
vt 0 0 

usemtl Height16Mtl

f 4951/4951/4951 4952/4952/4952 4953/4953/4953 
f 4953/4953/4953 4952/4952/4952 4954/4954/4954 

g Height133

v -161 16.2 428 
v -157 16.2 428 
v -161 13.2 428 
v -157 13.2 428 
v -157 16.2 428.2 
v -157 16.2 428 
v -161 16.2 428.2 
v -161 16.2 428 
v -157 16.2 428 
v -157 16.2 428.2 
v -157 13.2 428 
v -157 13.2 428.2 
v -157 16.2 428.2 
v -161 16.2 428.2 
v -157 13.2 428.2 
v -161 13.2 428.2 
v -161 13.2 428.2 
v -161 13.2 428 
v -157 13.2 428.2 
v -157 13.2 428 
v -161 16.2 428.2 
v -161 16.2 428 
v -161 13.2 428.2 
v -161 13.2 428 

vn 0 0 -1 
vn 0 0 -1 
vn 0 0 -1 
vn 0 0 -1 
vn 0 1 0 
vn 0 1 0 
vn 0 1 0 
vn 0 1 0 
vn 1 0 0 
vn 1 0 0 
vn 1 0 0 
vn 1 0 0 
vn 0 0 1 
vn 0 0 1 
vn 0 0 1 
vn 0 0 1 
vn 0 -1 0 
vn 0 -1 0 
vn 0 -1 0 
vn 0 -1 0 
vn -1 0 0 
vn -1 0 0 
vn -1 0 0 
vn -1 0 0 

vt 2.5 -0.5 
vt 2 -0.5 
vt 2.5 -0.875 
vt 2 -0.875 
vt 2.025 -0.5 
vt 2 -0.5 
vt 2.025 -1 
vt 2 -1 
vt 2.025 -0.5 
vt 2 -0.5 
vt 2.025 -0.875 
vt 2 -0.875 
vt 2.5 -0.5 
vt 2 -0.5 
vt 2.5 -0.875 
vt 2 -0.875 
vt 2.025 -0.5 
vt 2 -0.5 
vt 2.025 -1 
vt 2 -1 
vt 2.025 -0.5 
vt 2 -0.5 
vt 2.025 -0.875 
vt 2 -0.875 

usemtl Height1Mtl

f 4955/4955/4955 4956/4956/4956 4957/4957/4957 
f 4957/4957/4957 4956/4956/4956 4958/4958/4958 
f 4959/4959/4959 4960/4960/4960 4961/4961/4961 
f 4961/4961/4961 4960/4960/4960 4962/4962/4962 
f 4963/4963/4963 4964/4964/4964 4965/4965/4965 
f 4965/4965/4965 4964/4964/4964 4966/4966/4966 
f 4967/4967/4967 4968/4968/4968 4969/4969/4969 
f 4969/4969/4969 4968/4968/4968 4970/4970/4970 
f 4971/4971/4971 4972/4972/4972 4973/4973/4973 
f 4973/4973/4973 4972/4972/4972 4974/4974/4974 
f 4975/4975/4975 4976/4976/4976 4977/4977/4977 
f 4977/4977/4977 4976/4976/4976 4978/4978/4978 

g Height134

v -161.2 19.4006 423.26 
v -157.2 19.4006 423.26 
v -161.2 16.4006 423.26 
v -157.2 16.4006 423.26 
v -157.2 19.4006 423.46 
v -157.2 19.4006 423.26 
v -161.2 19.4006 423.46 
v -161.2 19.4006 423.26 
v -157.2 19.4006 423.26 
v -157.2 19.4006 423.46 
v -157.2 16.4006 423.26 
v -157.2 16.4006 423.46 
v -157.2 19.4006 423.46 
v -161.2 19.4006 423.46 
v -157.2 16.4006 423.46 
v -161.2 16.4006 423.46 
v -161.2 16.4006 423.46 
v -161.2 16.4006 423.26 
v -157.2 16.4006 423.46 
v -157.2 16.4006 423.26 
v -161.2 19.4006 423.46 
v -161.2 19.4006 423.26 
v -161.2 16.4006 423.46 
v -161.2 16.4006 423.26 

vn 0 0 -1 
vn 0 0 -1 
vn 0 0 -1 
vn 0 0 -1 
vn 0 1 0 
vn 0 1 0 
vn 0 1 0 
vn 0 1 0 
vn 1 0 0 
vn 1 0 0 
vn 1 0 0 
vn 1 0 0 
vn 0 0 1 
vn 0 0 1 
vn 0 0 1 
vn 0 0 1 
vn 0 -1 0 
vn 0 -1 0 
vn 0 -1 0 
vn 0 -1 0 
vn -1 0 0 
vn -1 0 0 
vn -1 0 0 
vn -1 0 0 

vt 3.5 -3.75 
vt 3 -3.75 
vt 3.5 -4.125 
vt 3 -4.125 
vt 3.025 -3.75 
vt 3 -3.75 
vt 3.025 -4.25 
vt 3 -4.25 
vt 3.025 -3.75 
vt 3 -3.75 
vt 3.025 -4.125 
vt 3 -4.125 
vt 3.5 -3.75 
vt 3 -3.75 
vt 3.5 -4.125 
vt 3 -4.125 
vt 3.025 -3.75 
vt 3 -3.75 
vt 3.025 -4.25 
vt 3 -4.25 
vt 3.025 -3.75 
vt 3 -3.75 
vt 3.025 -4.125 
vt 3 -4.125 

usemtl Height1Mtl

f 4979/4979/4979 4980/4980/4980 4981/4981/4981 
f 4981/4981/4981 4980/4980/4980 4982/4982/4982 
f 4983/4983/4983 4984/4984/4984 4985/4985/4985 
f 4985/4985/4985 4984/4984/4984 4986/4986/4986 
f 4987/4987/4987 4988/4988/4988 4989/4989/4989 
f 4989/4989/4989 4988/4988/4988 4990/4990/4990 
f 4991/4991/4991 4992/4992/4992 4993/4993/4993 
f 4993/4993/4993 4992/4992/4992 4994/4994/4994 
f 4995/4995/4995 4996/4996/4996 4997/4997/4997 
f 4997/4997/4997 4996/4996/4996 4998/4998/4998 
f 4999/4999/4999 5000/5000/5000 5001/5001/5001 
f 5001/5001/5001 5000/5000/5000 5002/5002/5002 

g Height135

v -157.2 19.4006 423.26 
v -157.2 19.4006 428.26 
v -157.2 16.4006 423.26 
v -157.2 16.4006 428.26 
v -157.4 19.4006 428.26 
v -157.2 19.4006 428.26 
v -157.4 19.4006 423.26 
v -157.2 19.4006 423.26 
v -157.2 19.4006 428.26 
v -157.4 19.4006 428.26 
v -157.2 16.4006 428.26 
v -157.4 16.4006 428.26 
v -157.4 19.4006 428.26 
v -157.4 19.4006 423.26 
v -157.4 16.4006 428.26 
v -157.4 16.4006 423.26 
v -157.4 16.4006 423.26 
v -157.2 16.4006 423.26 
v -157.4 16.4006 428.26 
v -157.2 16.4006 428.26 
v -157.4 19.4006 423.26 
v -157.2 19.4006 423.26 
v -157.4 16.4006 423.26 
v -157.2 16.4006 423.26 

vn 1 0 0 
vn 1 0 0 
vn 1 0 0 
vn 1 0 0 
vn 0 1 0 
vn 0 1 0 
vn 0 1 0 
vn 0 1 0 
vn 0 0 1 
vn 0 0 1 
vn 0 0 1 
vn 0 0 1 
vn -1 0 0 
vn -1 0 0 
vn -1 0 0 
vn -1 0 0 
vn 0 -1 0 
vn 0 -1 0 
vn 0 -1 0 
vn 0 -1 0 
vn 0 0 -1 
vn 0 0 -1 
vn 0 0 -1 
vn 0 0 -1 

vt 6.625 -0.75 
vt 6 -0.75 
vt 6.625 -1.125 
vt 6 -1.125 
vt 6.025 -0.75 
vt 6 -0.75 
vt 6.025 -1.375 
vt 6 -1.375 
vt 6.025 -0.75 
vt 6 -0.75 
vt 6.025 -1.125 
vt 6 -1.125 
vt 6.625 -0.75 
vt 6 -0.75 
vt 6.625 -1.125 
vt 6 -1.125 
vt 6.025 -0.75 
vt 6 -0.75 
vt 6.025 -1.375 
vt 6 -1.375 
vt 6.025 -0.75 
vt 6 -0.75 
vt 6.025 -1.125 
vt 6 -1.125 

usemtl Height1Mtl

f 5003/5003/5003 5004/5004/5004 5005/5005/5005 
f 5005/5005/5005 5004/5004/5004 5006/5006/5006 
f 5007/5007/5007 5008/5008/5008 5009/5009/5009 
f 5009/5009/5009 5008/5008/5008 5010/5010/5010 
f 5011/5011/5011 5012/5012/5012 5013/5013/5013 
f 5013/5013/5013 5012/5012/5012 5014/5014/5014 
f 5015/5015/5015 5016/5016/5016 5017/5017/5017 
f 5017/5017/5017 5016/5016/5016 5018/5018/5018 
f 5019/5019/5019 5020/5020/5020 5021/5021/5021 
f 5021/5021/5021 5020/5020/5020 5022/5022/5022 
f 5023/5023/5023 5024/5024/5024 5025/5025/5025 
f 5025/5025/5025 5024/5024/5024 5026/5026/5026 

g Height136

v -161.2 19.4006 428.26 
v -161.2 19.4006 423.26 
v -161.2 16.4006 428.26 
v -161.2 16.4006 423.26 
v -161 19.4006 423.26 
v -161.2 19.4006 423.26 
v -161 19.4006 428.26 
v -161.2 19.4006 428.26 
v -161.2 19.4006 423.26 
v -161 19.4006 423.26 
v -161.2 16.4006 423.26 
v -161 16.4006 423.26 
v -161 19.4006 423.26 
v -161 19.4006 428.26 
v -161 16.4006 423.26 
v -161 16.4006 428.26 
v -161 16.4006 428.26 
v -161.2 16.4006 428.26 
v -161 16.4006 423.26 
v -161.2 16.4006 423.26 
v -161 19.4006 428.26 
v -161.2 19.4006 428.26 
v -161 16.4006 428.26 
v -161.2 16.4006 428.26 

vn -1 0 0 
vn -1 0 0 
vn -1 0 0 
vn -1 0 0 
vn 0 1 0 
vn 0 1 0 
vn 0 1 0 
vn 0 1 0 
vn 0 0 -1 
vn 0 0 -1 
vn 0 0 -1 
vn 0 0 -1 
vn 1 0 0 
vn 1 0 0 
vn 1 0 0 
vn 1 0 0 
vn 0 -1 0 
vn 0 -1 0 
vn 0 -1 0 
vn 0 -1 0 
vn 0 0 1 
vn 0 0 1 
vn 0 0 1 
vn 0 0 1 

vt 2.125 -5.25 
vt 1.5 -5.25 
vt 2.125 -5.625 
vt 1.5 -5.625 
vt 1.525 -5.25 
vt 1.5 -5.25 
vt 1.525 -5.875 
vt 1.5 -5.875 
vt 1.525 -5.25 
vt 1.5 -5.25 
vt 1.525 -5.625 
vt 1.5 -5.625 
vt 2.125 -5.25 
vt 1.5 -5.25 
vt 2.125 -5.625 
vt 1.5 -5.625 
vt 1.525 -5.25 
vt 1.5 -5.25 
vt 1.525 -5.875 
vt 1.5 -5.875 
vt 1.525 -5.25 
vt 1.5 -5.25 
vt 1.525 -5.625 
vt 1.5 -5.625 

usemtl Height1Mtl

f 5027/5027/5027 5028/5028/5028 5029/5029/5029 
f 5029/5029/5029 5028/5028/5028 5030/5030/5030 
f 5031/5031/5031 5032/5032/5032 5033/5033/5033 
f 5033/5033/5033 5032/5032/5032 5034/5034/5034 
f 5035/5035/5035 5036/5036/5036 5037/5037/5037 
f 5037/5037/5037 5036/5036/5036 5038/5038/5038 
f 5039/5039/5039 5040/5040/5040 5041/5041/5041 
f 5041/5041/5041 5040/5040/5040 5042/5042/5042 
f 5043/5043/5043 5044/5044/5044 5045/5045/5045 
f 5045/5045/5045 5044/5044/5044 5046/5046/5046 
f 5047/5047/5047 5048/5048/5048 5049/5049/5049 
f 5049/5049/5049 5048/5048/5048 5050/5050/5050 

g Height137

v -188 16.2005 428.8 
v -188 16.2005 433.8 
v -188 13.0005 428.8 
v -188 13.0005 433.8 
v -192 16.2005 433.8 
v -188 16.2005 433.8 
v -192 16.2005 428.8 
v -188 16.2005 428.8 
v -188 16.2005 433.8 
v -192 16.2005 433.8 
v -188 13.0005 433.8 
v -192 13.0005 433.8 
v -192 16.2005 433.8 
v -192 16.2005 428.8 
v -192 13.0005 433.8 
v -192 13.0005 428.8 
v -192 13.0005 428.8 
v -188 13.0005 428.8 
v -192 13.0005 433.8 
v -188 13.0005 433.8 
v -192 16.2005 428.8 
v -188 16.2005 428.8 
v -192 13.0005 428.8 
v -188 13.0005 428.8 

vn 1 0 0 
vn 1 0 0 
vn 1 0 0 
vn 1 0 0 
vn 0 1 0 
vn 0 1 0 
vn 0 1 0 
vn 0 1 0 
vn 0 0 1 
vn 0 0 1 
vn 0 0 1 
vn 0 0 1 
vn -1 0 0 
vn -1 0 0 
vn -1 0 0 
vn -1 0 0 
vn 0 -1 0 
vn 0 -1 0 
vn 0 -1 0 
vn 0 -1 0 
vn 0 0 -1 
vn 0 0 -1 
vn 0 0 -1 
vn 0 0 -1 

vt 1.375 0.5 
vt 0.75 0.5 
vt 1.375 0.1 
vt 0.75 0.1 
vt 1.25 0.5 
vt 0.75 0.5 
vt 1.25 -0.125 
vt 0.75 -0.125 
vt 1.25 0.5 
vt 0.75 0.5 
vt 1.25 0.1 
vt 0.75 0.1 
vt 1.375 0.5 
vt 0.75 0.5 
vt 1.375 0.1 
vt 0.75 0.1 
vt 1.25 0.5 
vt 0.75 0.5 
vt 1.25 -0.125 
vt 0.75 -0.125 
vt 1.25 0.5 
vt 0.75 0.5 
vt 1.25 0.1 
vt 0.75 0.1 

usemtl Height1Mtl

f 5051/5051/5051 5052/5052/5052 5053/5053/5053 
f 5053/5053/5053 5052/5052/5052 5054/5054/5054 
f 5055/5055/5055 5056/5056/5056 5057/5057/5057 
f 5057/5057/5057 5056/5056/5056 5058/5058/5058 
f 5059/5059/5059 5060/5060/5060 5061/5061/5061 
f 5061/5061/5061 5060/5060/5060 5062/5062/5062 
f 5063/5063/5063 5064/5064/5064 5065/5065/5065 
f 5065/5065/5065 5064/5064/5064 5066/5066/5066 
f 5067/5067/5067 5068/5068/5068 5069/5069/5069 
f 5069/5069/5069 5068/5068/5068 5070/5070/5070 
f 5071/5071/5071 5072/5072/5072 5073/5073/5073 
f 5073/5073/5073 5072/5072/5072 5074/5074/5074 

g Height138

v -183 16.2 433 
v -188 16.2 433 
v -183 13 433 
v -188 13 433 
v -188 16.2 429 
v -188 16.2 433 
v -183 16.2 429 
v -183 16.2 433 
v -188 16.2 433 
v -188 16.2 429 
v -188 13 433 
v -188 13 429 
v -188 16.2 429 
v -183 16.2 429 
v -188 13 429 
v -183 13 429 
v -183 13 429 
v -183 13 433 
v -188 13 429 
v -188 13 433 
v -183 16.2 429 
v -183 16.2 433 
v -183 13 429 
v -183 13 433 

vn 0 0 1 
vn 0 0 1 
vn 0 0 1 
vn 0 0 1 
vn 0 1 0 
vn 0 1 0 
vn 0 1 0 
vn 0 1 0 
vn -1 0 0 
vn -1 0 0 
vn -1 0 0 
vn -1 0 0 
vn 0 0 -1 
vn 0 0 -1 
vn 0 0 -1 
vn 0 0 -1 
vn 0 -1 0 
vn 0 -1 0 
vn 0 -1 0 
vn 0 -1 0 
vn 1 0 0 
vn 1 0 0 
vn 1 0 0 
vn 1 0 0 

vt 2.625 -3.75 
vt 2 -3.75 
vt 2.625 -4.15 
vt 2 -4.15 
vt 2.5 -3.75 
vt 2 -3.75 
vt 2.5 -4.375 
vt 2 -4.375 
vt 2.5 -3.75 
vt 2 -3.75 
vt 2.5 -4.15 
vt 2 -4.15 
vt 2.625 -3.75 
vt 2 -3.75 
vt 2.625 -4.15 
vt 2 -4.15 
vt 2.5 -3.75 
vt 2 -3.75 
vt 2.5 -4.375 
vt 2 -4.375 
vt 2.5 -3.75 
vt 2 -3.75 
vt 2.5 -4.15 
vt 2 -4.15 

usemtl Height1Mtl

f 5075/5075/5075 5076/5076/5076 5077/5077/5077 
f 5077/5077/5077 5076/5076/5076 5078/5078/5078 
f 5079/5079/5079 5080/5080/5080 5081/5081/5081 
f 5081/5081/5081 5080/5080/5080 5082/5082/5082 
f 5083/5083/5083 5084/5084/5084 5085/5085/5085 
f 5085/5085/5085 5084/5084/5084 5086/5086/5086 
f 5087/5087/5087 5088/5088/5088 5089/5089/5089 
f 5089/5089/5089 5088/5088/5088 5090/5090/5090 
f 5091/5091/5091 5092/5092/5092 5093/5093/5093 
f 5093/5093/5093 5092/5092/5092 5094/5094/5094 
f 5095/5095/5095 5096/5096/5096 5097/5097/5097 
f 5097/5097/5097 5096/5096/5096 5098/5098/5098 

g Height139

v -190 19.4004 433.8 
v -190 19.4004 428.8 
v -190 16.2004 433.8 
v -190 16.2004 428.8 
v -186 19.4004 428.8 
v -190 19.4004 428.8 
v -186 19.4004 433.8 
v -190 19.4004 433.8 
v -190 19.4004 428.8 
v -186 19.4004 428.8 
v -190 16.2004 428.8 
v -186 16.2004 428.8 
v -186 19.4004 428.8 
v -186 19.4004 433.8 
v -186 16.2004 428.8 
v -186 16.2004 433.8 
v -186 16.2004 433.8 
v -190 16.2004 433.8 
v -186 16.2004 428.8 
v -190 16.2004 428.8 
v -186 19.4004 433.8 
v -190 19.4004 433.8 
v -186 16.2004 433.8 
v -190 16.2004 433.8 

vn -1 0 0 
vn -1 0 0 
vn -1 0 0 
vn -1 0 0 
vn 0 1 0 
vn 0 1 0 
vn 0 1 0 
vn 0 1 0 
vn 0 0 -1 
vn 0 0 -1 
vn 0 0 -1 
vn 0 0 -1 
vn 1 0 0 
vn 1 0 0 
vn 1 0 0 
vn 1 0 0 
vn 0 -1 0 
vn 0 -1 0 
vn 0 -1 0 
vn 0 -1 0 
vn 0 0 1 
vn 0 0 1 
vn 0 0 1 
vn 0 0 1 

vt 8.375 -0.75 
vt 7.75 -0.75 
vt 8.375 -1.15 
vt 7.75 -1.15 
vt 8.25 -0.75 
vt 7.75 -0.75 
vt 8.25 -1.375 
vt 7.75 -1.375 
vt 8.25 -0.75 
vt 7.75 -0.75 
vt 8.25 -1.15 
vt 7.75 -1.15 
vt 8.375 -0.75 
vt 7.75 -0.75 
vt 8.375 -1.15 
vt 7.75 -1.15 
vt 8.25 -0.75 
vt 7.75 -0.75 
vt 8.25 -1.375 
vt 7.75 -1.375 
vt 8.25 -0.75 
vt 7.75 -0.75 
vt 8.25 -1.15 
vt 7.75 -1.15 

usemtl Height1Mtl

f 5099/5099/5099 5100/5100/5100 5101/5101/5101 
f 5101/5101/5101 5100/5100/5100 5102/5102/5102 
f 5103/5103/5103 5104/5104/5104 5105/5105/5105 
f 5105/5105/5105 5104/5104/5104 5106/5106/5106 
f 5107/5107/5107 5108/5108/5108 5109/5109/5109 
f 5109/5109/5109 5108/5108/5108 5110/5110/5110 
f 5111/5111/5111 5112/5112/5112 5113/5113/5113 
f 5113/5113/5113 5112/5112/5112 5114/5114/5114 
f 5115/5115/5115 5116/5116/5116 5117/5117/5117 
f 5117/5117/5117 5116/5116/5116 5118/5118/5118 
f 5119/5119/5119 5120/5120/5120 5121/5121/5121 
f 5121/5121/5121 5120/5120/5120 5122/5122/5122 

g Height140

v -65 16.2 346 
v -65 16.2 496 
v -65 0.199999 346 
v -65 0.199999 496 
v -66 16.2 496 
v -65 16.2 496 
v -66 16.2 346 
v -65 16.2 346 
v -65 16.2 496 
v -66 16.2 496 
v -65 0.199999 496 
v -66 0.199999 496 
v -66 16.2 496 
v -66 16.2 346 
v -66 0.199999 496 
v -66 0.199999 346 
v -66 0.199999 346 
v -65 0.199999 346 
v -66 0.199999 496 
v -65 0.199999 496 
v -66 16.2 346 
v -65 16.2 346 
v -66 0.199999 346 
v -65 0.199999 346 

vn 1 0 0 
vn 1 0 0 
vn 1 0 0 
vn 1 0 0 
vn 0 1 0 
vn 0 1 0 
vn 0 1 0 
vn 0 1 0 
vn 0 0 1 
vn 0 0 1 
vn 0 0 1 
vn 0 0 1 
vn -1 0 0 
vn -1 0 0 
vn -1 0 0 
vn -1 0 0 
vn 0 -1 0 
vn 0 -1 0 
vn 0 -1 0 
vn 0 -1 0 
vn 0 0 -1 
vn 0 0 -1 
vn 0 0 -1 
vn 0 0 -1 

vt 23 -3.25 
vt 4.25 -3.25 
vt 23 -5.25 
vt 4.25 -5.25 
vt 4.375 -3.25 
vt 4.25 -3.25 
vt 4.375 -22 
vt 4.25 -22 
vt 4.375 -3.25 
vt 4.25 -3.25 
vt 4.375 -5.25 
vt 4.25 -5.25 
vt 23 -3.25 
vt 4.25 -3.25 
vt 23 -5.25 
vt 4.25 -5.25 
vt 4.375 -3.25 
vt 4.25 -3.25 
vt 4.375 -22 
vt 4.25 -22 
vt 4.375 -3.25 
vt 4.25 -3.25 
vt 4.375 -5.25 
vt 4.25 -5.25 

usemtl Height113Mtl

f 5123/5123/5123 5124/5124/5124 5125/5125/5125 
f 5125/5125/5125 5124/5124/5124 5126/5126/5126 
f 5127/5127/5127 5128/5128/5128 5129/5129/5129 
f 5129/5129/5129 5128/5128/5128 5130/5130/5130 
f 5131/5131/5131 5132/5132/5132 5133/5133/5133 
f 5133/5133/5133 5132/5132/5132 5134/5134/5134 
f 5135/5135/5135 5136/5136/5136 5137/5137/5137 
f 5137/5137/5137 5136/5136/5136 5138/5138/5138 
f 5139/5139/5139 5140/5140/5140 5141/5141/5141 
f 5141/5141/5141 5140/5140/5140 5142/5142/5142 
f 5143/5143/5143 5144/5144/5144 5145/5145/5145 
f 5145/5145/5145 5144/5144/5144 5146/5146/5146 

g Height141

v -175.819 12.6001 412.949 
v -174.971 12.6001 412.1 
v -175.819 0.400121 412.949 
v -174.971 0.400121 412.1 
v -148.808 12.6001 438.263 
v -174.971 12.6001 412.1 
v -149.656 12.6001 439.112 
v -175.819 12.6001 412.949 
v -174.971 12.6001 412.1 
v -148.808 12.6001 438.263 
v -174.971 0.400121 412.1 
v -148.808 0.400121 438.263 
v -148.808 12.6001 438.263 
v -149.656 12.6001 439.112 
v -148.808 0.400121 438.263 
v -149.656 0.400121 439.112 
v -149.656 0.400121 439.112 
v -175.819 0.400121 412.949 
v -148.808 0.400121 438.263 
v -174.971 0.400121 412.1 
v -149.656 12.6001 439.112 
v -175.819 12.6001 412.949 
v -149.656 0.400121 439.112 
v -175.819 0.400121 412.949 

vn -0.708661 0 -0.708661 
vn -0.708661 0 -0.708661 
vn -0.708661 0 -0.708661 
vn -0.708661 0 -0.708661 
vn 0 1 0 
vn 0 1 0 
vn 0 1 0 
vn 0 1 0 
vn 0.708661 0 -0.708661 
vn 0.708661 0 -0.708661 
vn 0.708661 0 -0.708661 
vn 0.708661 0 -0.708661 
vn 0.708661 0 0.708661 
vn 0.708661 0 0.708661 
vn 0.708661 0 0.708661 
vn 0.708661 0 0.708661 
vn 0 -1 0 
vn 0 -1 0 
vn 0 -1 0 
vn 0 -1 0 
vn -0.708661 0 0.708661 
vn -0.708661 0 0.708661 
vn -0.708661 0 0.708661 
vn -0.708661 0 0.708661 

vt 1.65 -5.5 
vt 1.5 -5.5 
vt 1.65 -7.025 
vt 1.5 -7.025 
vt 6.125 -5.5 
vt 1.5 -5.5 
vt 6.125 -5.65 
vt 1.5 -5.65 
vt 6.125 -5.5 
vt 1.5 -5.5 
vt 6.125 -7.025 
vt 1.5 -7.025 
vt 1.65 -5.5 
vt 1.5 -5.5 
vt 1.65 -7.025 
vt 1.5 -7.025 
vt 6.125 -5.5 
vt 1.5 -5.5 
vt 6.125 -5.65 
vt 1.5 -5.65 
vt 6.125 -5.5 
vt 1.5 -5.5 
vt 6.125 -7.025 
vt 1.5 -7.025 

usemtl Height11Mtl

f 5147/5147/5147 5148/5148/5148 5149/5149/5149 
f 5149/5149/5149 5148/5148/5148 5150/5150/5150 
f 5151/5151/5151 5152/5152/5152 5153/5153/5153 
f 5153/5153/5153 5152/5152/5152 5154/5154/5154 
f 5155/5155/5155 5156/5156/5156 5157/5157/5157 
f 5157/5157/5157 5156/5156/5156 5158/5158/5158 
f 5159/5159/5159 5160/5160/5160 5161/5161/5161 
f 5161/5161/5161 5160/5160/5160 5162/5162/5162 
f 5163/5163/5163 5164/5164/5164 5165/5165/5165 
f 5165/5165/5165 5164/5164/5164 5166/5166/5166 
f 5167/5167/5167 5168/5168/5168 5169/5169/5169 
f 5169/5169/5169 5168/5168/5168 5170/5170/5170 

g Height142

v -106 3.8 427 
v -106 3.8 422 
v -106 3.6 427 
v -106 3.6 422 
v -102 3.8 422 
v -106 3.8 422 
v -102 3.8 427 
v -106 3.8 427 
v -106 3.8 422 
v -102 3.8 422 
v -106 3.6 422 
v -102 3.6 422 
v -102 3.8 422 
v -102 3.8 427 
v -102 3.6 422 
v -102 3.6 427 
v -102 3.6 427 
v -106 3.6 427 
v -102 3.6 422 
v -106 3.6 422 
v -102 3.8 427 
v -106 3.8 427 
v -102 3.6 427 
v -106 3.6 427 

vn -1 0 0 
vn -1 0 0 
vn -1 0 0 
vn -1 0 0 
vn 0 1 0 
vn 0 1 0 
vn 0 1 0 
vn 0 1 0 
vn 0 0 -1 
vn 0 0 -1 
vn 0 0 -1 
vn 0 0 -1 
vn 1 0 0 
vn 1 0 0 
vn 1 0 0 
vn 1 0 0 
vn 0 -1 0 
vn 0 -1 0 
vn 0 -1 0 
vn 0 -1 0 
vn 0 0 1 
vn 0 0 1 
vn 0 0 1 
vn 0 0 1 

vt 2.625 -5.5 
vt 2 -5.5 
vt 2.625 -5.525 
vt 2 -5.525 
vt 2.5 -5.5 
vt 2 -5.5 
vt 2.5 -6.125 
vt 2 -6.125 
vt 2.5 -5.5 
vt 2 -5.5 
vt 2.5 -5.525 
vt 2 -5.525 
vt 2.625 -5.5 
vt 2 -5.5 
vt 2.625 -5.525 
vt 2 -5.525 
vt 2.5 -5.5 
vt 2 -5.5 
vt 2.5 -6.125 
vt 2 -6.125 
vt 2.5 -5.5 
vt 2 -5.5 
vt 2.5 -5.525 
vt 2 -5.525 

usemtl Height1Mtl

f 5171/5171/5171 5172/5172/5172 5173/5173/5173 
f 5173/5173/5173 5172/5172/5172 5174/5174/5174 
f 5175/5175/5175 5176/5176/5176 5177/5177/5177 
f 5177/5177/5177 5176/5176/5176 5178/5178/5178 
f 5179/5179/5179 5180/5180/5180 5181/5181/5181 
f 5181/5181/5181 5180/5180/5180 5182/5182/5182 
f 5183/5183/5183 5184/5184/5184 5185/5185/5185 
f 5185/5185/5185 5184/5184/5184 5186/5186/5186 
f 5187/5187/5187 5188/5188/5188 5189/5189/5189 
f 5189/5189/5189 5188/5188/5188 5190/5190/5190 
f 5191/5191/5191 5192/5192/5192 5193/5193/5193 
f 5193/5193/5193 5192/5192/5192 5194/5194/5194 

g Height143

v -102 6.8 427 
v -106 6.8 427 
v -102 3.8 427 
v -106 3.8 427 
v -106 6.8 426.8 
v -106 6.8 427 
v -102 6.8 426.8 
v -102 6.8 427 
v -106 6.8 427 
v -106 6.8 426.8 
v -106 3.8 427 
v -106 3.8 426.8 
v -106 6.8 426.8 
v -102 6.8 426.8 
v -106 3.8 426.8 
v -102 3.8 426.8 
v -102 3.8 426.8 
v -102 3.8 427 
v -106 3.8 426.8 
v -106 3.8 427 
v -102 6.8 426.8 
v -102 6.8 427 
v -102 3.8 426.8 
v -102 3.8 427 

vn 0 0 1 
vn 0 0 1 
vn 0 0 1 
vn 0 0 1 
vn 0 1 0 
vn 0 1 0 
vn 0 1 0 
vn 0 1 0 
vn -1 0 0 
vn -1 0 0 
vn -1 0 0 
vn -1 0 0 
vn 0 0 -1 
vn 0 0 -1 
vn 0 0 -1 
vn 0 0 -1 
vn 0 -1 0 
vn 0 -1 0 
vn 0 -1 0 
vn 0 -1 0 
vn 1 0 0 
vn 1 0 0 
vn 1 0 0 
vn 1 0 0 

vt 1.25 -6.5 
vt 0.75 -6.5 
vt 1.25 -6.875 
vt 0.75 -6.875 
vt 0.775 -6.5 
vt 0.75 -6.5 
vt 0.775 -7 
vt 0.75 -7 
vt 0.775 -6.5 
vt 0.75 -6.5 
vt 0.775 -6.875 
vt 0.75 -6.875 
vt 1.25 -6.5 
vt 0.75 -6.5 
vt 1.25 -6.875 
vt 0.75 -6.875 
vt 0.775 -6.5 
vt 0.75 -6.5 
vt 0.775 -7 
vt 0.75 -7 
vt 0.775 -6.5 
vt 0.75 -6.5 
vt 0.775 -6.875 
vt 0.75 -6.875 

usemtl Height1Mtl

f 5195/5195/5195 5196/5196/5196 5197/5197/5197 
f 5197/5197/5197 5196/5196/5196 5198/5198/5198 
f 5199/5199/5199 5200/5200/5200 5201/5201/5201 
f 5201/5201/5201 5200/5200/5200 5202/5202/5202 
f 5203/5203/5203 5204/5204/5204 5205/5205/5205 
f 5205/5205/5205 5204/5204/5204 5206/5206/5206 
f 5207/5207/5207 5208/5208/5208 5209/5209/5209 
f 5209/5209/5209 5208/5208/5208 5210/5210/5210 
f 5211/5211/5211 5212/5212/5212 5213/5213/5213 
f 5213/5213/5213 5212/5212/5212 5214/5214/5214 
f 5215/5215/5215 5216/5216/5216 5217/5217/5217 
f 5217/5217/5217 5216/5216/5216 5218/5218/5218 

g Height144

v -105.8 6.29981 426.86 
v -102.2 6.29981 426.86 
v -105.8 6.29981 422.26 
v -102.2 6.29981 422.26 
v -102.2 4.09981 426.86 
v -102.2 6.29981 426.86 
v -105.8 4.09981 426.86 
v -105.8 6.29981 426.86 
v -102.2 6.29981 426.86 
v -102.2 4.09981 426.86 
v -102.2 6.29981 422.26 
v -102.2 4.09981 422.26 
v -102.2 4.09981 426.86 
v -105.8 4.09981 426.86 
v -102.2 4.09981 422.26 
v -105.8 4.09981 422.26 
v -105.8 4.09981 422.26 
v -105.8 6.29981 422.26 
v -102.2 4.09981 422.26 
v -102.2 6.29981 422.26 
v -105.8 4.09981 426.86 
v -105.8 6.29981 426.86 
v -105.8 4.09981 422.26 
v -105.8 6.29981 422.26 

vn 0 1 0 
vn 0 1 0 
vn 0 1 0 
vn 0 1 0 
vn 0 0 1 
vn 0 0 1 
vn 0 0 1 
vn 0 0 1 
vn 1 0 0 
vn 1 0 0 
vn 1 0 0 
vn 1 0 0 
vn 0 -1 0 
vn 0 -1 0 
vn 0 -1 0 
vn 0 -1 0 
vn 0 0 -1 
vn 0 0 -1 
vn 0 0 -1 
vn 0 0 -1 
vn -1 0 0 
vn -1 0 0 
vn -1 0 0 
vn -1 0 0 

vt 4.45 -1.25 
vt 4 -1.25 
vt 4.45 -1.825 
vt 4 -1.825 
vt 4.275 -1.25 
vt 4 -1.25 
vt 4.275 -1.7 
vt 4 -1.7 
vt 4.275 -1.25 
vt 4 -1.25 
vt 4.275 -1.825 
vt 4 -1.825 
vt 4.45 -1.25 
vt 4 -1.25 
vt 4.45 -1.825 
vt 4 -1.825 
vt 4.275 -1.25 
vt 4 -1.25 
vt 4.275 -1.7 
vt 4 -1.7 
vt 4.275 -1.25 
vt 4 -1.25 
vt 4.275 -1.825 
vt 4 -1.825 

usemtl Height15Mtl

f 5219/5219/5219 5220/5220/5220 5221/5221/5221 
f 5221/5221/5221 5220/5220/5220 5222/5222/5222 
f 5223/5223/5223 5224/5224/5224 5225/5225/5225 
f 5225/5225/5225 5224/5224/5224 5226/5226/5226 
f 5227/5227/5227 5228/5228/5228 5229/5229/5229 
f 5229/5229/5229 5228/5228/5228 5230/5230/5230 
f 5231/5231/5231 5232/5232/5232 5233/5233/5233 
f 5233/5233/5233 5232/5232/5232 5234/5234/5234 
f 5235/5235/5235 5236/5236/5236 5237/5237/5237 
f 5237/5237/5237 5236/5236/5236 5238/5238/5238 
f 5239/5239/5239 5240/5240/5240 5241/5241/5241 
f 5241/5241/5241 5240/5240/5240 5242/5242/5242 

g Height145

v -105.8 6.30481 426.86 
v -102.2 6.30481 426.86 
v -105.8 6.30481 422.26 
v -102.2 6.30481 422.26 

vn 0 1 0 
vn 0 1 0 
vn 0 1 0 
vn 0 1 0 

vt 1 1 
vt 0 1 
vt 1 0 
vt 0 0 

usemtl Height16Mtl

f 5243/5243/5243 5244/5244/5244 5245/5245/5245 
f 5245/5245/5245 5244/5244/5244 5246/5246/5246 

g Height146

v -150.434 3.60005 436.394 
v -153.97 3.60005 432.859 
v -150.434 0.600047 436.394 
v -153.97 0.600047 432.859 
v -153.828 3.60005 432.717 
v -153.97 3.60005 432.859 
v -150.293 3.60005 436.253 
v -150.434 3.60005 436.394 
v -153.97 3.60005 432.859 
v -153.828 3.60005 432.717 
v -153.97 0.600047 432.859 
v -153.828 0.600047 432.717 
v -153.828 3.60005 432.717 
v -150.293 3.60005 436.253 
v -153.828 0.600047 432.717 
v -150.293 0.600047 436.253 
v -150.293 0.600047 436.253 
v -150.434 0.600047 436.394 
v -153.828 0.600047 432.717 
v -153.97 0.600047 432.859 
v -150.293 3.60005 436.253 
v -150.434 3.60005 436.394 
v -150.293 0.600047 436.253 
v -150.434 0.600047 436.394 

vn -0.708661 0 0.708661 
vn -0.708661 0 0.708661 
vn -0.708661 0 0.708661 
vn -0.708661 0 0.708661 
vn 0 1 0 
vn 0 1 0 
vn 0 1 0 
vn 0 1 0 
vn -0.708661 0 -0.708661 
vn -0.708661 0 -0.708661 
vn -0.708661 0 -0.708661 
vn -0.708661 0 -0.708661 
vn 0.708661 0 -0.708661 
vn 0.708661 0 -0.708661 
vn 0.708661 0 -0.708661 
vn 0.708661 0 -0.708661 
vn 0 -1 0 
vn 0 -1 0 
vn 0 -1 0 
vn 0 -1 0 
vn 0.708661 0 0.708661 
vn 0.708661 0 0.708661 
vn 0.708661 0 0.708661 
vn 0.708661 0 0.708661 

vt 4.125 0.5 
vt 3.5 0.5 
vt 4.125 0.125 
vt 3.5 0.125 
vt 3.525 0.5 
vt 3.5 0.5 
vt 3.525 -0.125 
vt 3.5 -0.125 
vt 3.525 0.5 
vt 3.5 0.5 
vt 3.525 0.125 
vt 3.5 0.125 
vt 4.125 0.5 
vt 3.5 0.5 
vt 4.125 0.125 
vt 3.5 0.125 
vt 3.525 0.5 
vt 3.5 0.5 
vt 3.525 -0.125 
vt 3.5 -0.125 
vt 3.525 0.5 
vt 3.5 0.5 
vt 3.525 0.125 
vt 3.5 0.125 

usemtl Height1Mtl

f 5247/5247/5247 5248/5248/5248 5249/5249/5249 
f 5249/5249/5249 5248/5248/5248 5250/5250/5250 
f 5251/5251/5251 5252/5252/5252 5253/5253/5253 
f 5253/5253/5253 5252/5252/5252 5254/5254/5254 
f 5255/5255/5255 5256/5256/5256 5257/5257/5257 
f 5257/5257/5257 5256/5256/5256 5258/5258/5258 
f 5259/5259/5259 5260/5260/5260 5261/5261/5261 
f 5261/5261/5261 5260/5260/5260 5262/5262/5262 
f 5263/5263/5263 5264/5264/5264 5265/5265/5265 
f 5265/5265/5265 5264/5264/5264 5266/5266/5266 
f 5267/5267/5267 5268/5268/5268 5269/5269/5269 
f 5269/5269/5269 5268/5268/5268 5270/5270/5270 

g Height147

v -106 6.8 427 
v -106 6.8 422 
v -106 3.8 427 
v -106 3.8 422 
v -105.8 6.8 422 
v -106 6.8 422 
v -105.8 6.8 427 
v -106 6.8 427 
v -106 6.8 422 
v -105.8 6.8 422 
v -106 3.8 422 
v -105.8 3.8 422 
v -105.8 6.8 422 
v -105.8 6.8 427 
v -105.8 3.8 422 
v -105.8 3.8 427 
v -105.8 3.8 427 
v -106 3.8 427 
v -105.8 3.8 422 
v -106 3.8 422 
v -105.8 6.8 427 
v -106 6.8 427 
v -105.8 3.8 427 
v -106 3.8 427 

vn -1 0 0 
vn -1 0 0 
vn -1 0 0 
vn -1 0 0 
vn 0 1 0 
vn 0 1 0 
vn 0 1 0 
vn 0 1 0 
vn 0 0 -1 
vn 0 0 -1 
vn 0 0 -1 
vn 0 0 -1 
vn 1 0 0 
vn 1 0 0 
vn 1 0 0 
vn 1 0 0 
vn 0 -1 0 
vn 0 -1 0 
vn 0 -1 0 
vn 0 -1 0 
vn 0 0 1 
vn 0 0 1 
vn 0 0 1 
vn 0 0 1 

vt 1.375 0.5 
vt 0.75 0.5 
vt 1.375 0.125 
vt 0.75 0.125 
vt 0.775 0.5 
vt 0.75 0.5 
vt 0.775 -0.125 
vt 0.75 -0.125 
vt 0.775 0.5 
vt 0.75 0.5 
vt 0.775 0.125 
vt 0.75 0.125 
vt 1.375 0.5 
vt 0.75 0.5 
vt 1.375 0.125 
vt 0.75 0.125 
vt 0.775 0.5 
vt 0.75 0.5 
vt 0.775 -0.125 
vt 0.75 -0.125 
vt 0.775 0.5 
vt 0.75 0.5 
vt 0.775 0.125 
vt 0.75 0.125 

usemtl Height1Mtl

f 5271/5271/5271 5272/5272/5272 5273/5273/5273 
f 5273/5273/5273 5272/5272/5272 5274/5274/5274 
f 5275/5275/5275 5276/5276/5276 5277/5277/5277 
f 5277/5277/5277 5276/5276/5276 5278/5278/5278 
f 5279/5279/5279 5280/5280/5280 5281/5281/5281 
f 5281/5281/5281 5280/5280/5280 5282/5282/5282 
f 5283/5283/5283 5284/5284/5284 5285/5285/5285 
f 5285/5285/5285 5284/5284/5284 5286/5286/5286 
f 5287/5287/5287 5288/5288/5288 5289/5289/5289 
f 5289/5289/5289 5288/5288/5288 5290/5290/5290 
f 5291/5291/5291 5292/5292/5292 5293/5293/5293 
f 5293/5293/5293 5292/5292/5292 5294/5294/5294 

g Height148

v -150.392 3.0999 436.154 
v -147.846 3.0999 433.608 
v -153.645 3.0999 432.901 
v -151.099 3.0999 430.355 
v -147.846 0.899899 433.608 
v -147.846 3.0999 433.608 
v -150.392 0.899899 436.154 
v -150.392 3.0999 436.154 
v -147.846 3.0999 433.608 
v -147.846 0.899899 433.608 
v -151.099 3.0999 430.355 
v -151.099 0.899898 430.355 
v -147.846 0.899899 433.608 
v -150.392 0.899899 436.154 
v -151.099 0.899898 430.355 
v -153.645 0.899899 432.901 
v -153.645 0.899899 432.901 
v -153.645 3.0999 432.901 
v -151.099 0.899898 430.355 
v -151.099 3.0999 430.355 
v -150.392 0.899899 436.154 
v -150.392 3.0999 436.154 
v -153.645 0.899899 432.901 
v -153.645 3.0999 432.901 

vn 0 1 0 
vn 0 1 0 
vn 0 1 0 
vn 0 1 0 
vn 0.708661 0 0.708661 
vn 0.708661 0 0.708661 
vn 0.708661 0 0.708661 
vn 0.708661 0 0.708661 
vn 0.708661 0 -0.708661 
vn 0.708661 0 -0.708661 
vn 0.708661 0 -0.708661 
vn 0.708661 0 -0.708661 
vn 0 -1 0 
vn 0 -1 0 
vn 0 -1 0 
vn 0 -1 0 
vn -0.708661 0 -0.708661 
vn -0.708661 0 -0.708661 
vn -0.708661 0 -0.708661 
vn -0.708661 0 -0.708661 
vn -0.708661 0 0.708661 
vn -0.708661 0 0.708661 
vn -0.708661 0 0.708661 
vn -0.708661 0 0.708661 

vt 0.45 1 
vt 0 1 
vt 0.45 0.425 
vt 0 0.425 
vt 0.275 1 
vt 0 1 
vt 0.275 0.55 
vt 0 0.55 
vt 0.275 1 
vt 0 1 
vt 0.275 0.425 
vt 0 0.425 
vt 0.45 1 
vt 0 1 
vt 0.45 0.425 
vt 0 0.425 
vt 0.275 1 
vt 0 1 
vt 0.275 0.55 
vt 0 0.55 
vt 0.275 1 
vt 0 1 
vt 0.275 0.425 
vt 0 0.425 

usemtl Height15Mtl

f 5295/5295/5295 5296/5296/5296 5297/5297/5297 
f 5297/5297/5297 5296/5296/5296 5298/5298/5298 
f 5299/5299/5299 5300/5300/5300 5301/5301/5301 
f 5301/5301/5301 5300/5300/5300 5302/5302/5302 
f 5303/5303/5303 5304/5304/5304 5305/5305/5305 
f 5305/5305/5305 5304/5304/5304 5306/5306/5306 
f 5307/5307/5307 5308/5308/5308 5309/5309/5309 
f 5309/5309/5309 5308/5308/5308 5310/5310/5310 
f 5311/5311/5311 5312/5312/5312 5313/5313/5313 
f 5313/5313/5313 5312/5312/5312 5314/5314/5314 
f 5315/5315/5315 5316/5316/5316 5317/5317/5317 
f 5317/5317/5317 5316/5316/5316 5318/5318/5318 

g Height149

v -150.392 3.1049 436.154 
v -147.846 3.1049 433.608 
v -153.645 3.1049 432.901 
v -151.099 3.1049 430.355 

vn 0 1 0 
vn 0 1 0 
vn 0 1 0 
vn 0 1 0 

vt 1 1 
vt 0 1 
vt 1 0 
vt 0 0 

usemtl Height16Mtl

f 5319/5319/5319 5320/5320/5320 5321/5321/5321 
f 5321/5321/5321 5320/5320/5320 5322/5322/5322 

g Height150

v -150.434 0.600052 436.394 
v -153.97 0.600052 432.859 
v -150.434 0.400052 436.394 
v -153.97 0.400052 432.859 
v -151.141 0.600052 430.03 
v -153.97 0.600052 432.859 
v -147.606 0.600052 433.566 
v -150.434 0.600052 436.394 
v -153.97 0.600052 432.859 
v -151.141 0.600052 430.03 
v -153.97 0.400052 432.859 
v -151.141 0.400052 430.03 
v -151.141 0.600052 430.03 
v -147.606 0.600052 433.566 
v -151.141 0.400052 430.03 
v -147.606 0.400052 433.566 
v -147.606 0.400052 433.566 
v -150.434 0.400052 436.394 
v -151.141 0.400052 430.03 
v -153.97 0.400052 432.859 
v -147.606 0.600052 433.566 
v -150.434 0.600052 436.394 
v -147.606 0.400052 433.566 
v -150.434 0.400052 436.394 

vn -0.708661 0 0.708661 
vn -0.708661 0 0.708661 
vn -0.708661 0 0.708661 
vn -0.708661 0 0.708661 
vn 0 1 0 
vn 0 1 0 
vn 0 1 0 
vn 0 1 0 
vn -0.708661 0 -0.708661 
vn -0.708661 0 -0.708661 
vn -0.708661 0 -0.708661 
vn -0.708661 0 -0.708661 
vn 0.708661 0 -0.708661 
vn 0.708661 0 -0.708661 
vn 0.708661 0 -0.708661 
vn 0.708661 0 -0.708661 
vn 0 -1 0 
vn 0 -1 0 
vn 0 -1 0 
vn 0 -1 0 
vn 0.708661 0 0.708661 
vn 0.708661 0 0.708661 
vn 0.708661 0 0.708661 
vn 0.708661 0 0.708661 

vt 1.375 -3.5 
vt 0.75 -3.5 
vt 1.375 -3.525 
vt 0.75 -3.525 
vt 1.25 -3.5 
vt 0.75 -3.5 
vt 1.25 -4.125 
vt 0.75 -4.125 
vt 1.25 -3.5 
vt 0.75 -3.5 
vt 1.25 -3.525 
vt 0.75 -3.525 
vt 1.375 -3.5 
vt 0.75 -3.5 
vt 1.375 -3.525 
vt 0.75 -3.525 
vt 1.25 -3.5 
vt 0.75 -3.5 
vt 1.25 -4.125 
vt 0.75 -4.125 
vt 1.25 -3.5 
vt 0.75 -3.5 
vt 1.25 -3.525 
vt 0.75 -3.525 

usemtl Height1Mtl

f 5323/5323/5323 5324/5324/5324 5325/5325/5325 
f 5325/5325/5325 5324/5324/5324 5326/5326/5326 
f 5327/5327/5327 5328/5328/5328 5329/5329/5329 
f 5329/5329/5329 5328/5328/5328 5330/5330/5330 
f 5331/5331/5331 5332/5332/5332 5333/5333/5333 
f 5333/5333/5333 5332/5332/5332 5334/5334/5334 
f 5335/5335/5335 5336/5336/5336 5337/5337/5337 
f 5337/5337/5337 5336/5336/5336 5338/5338/5338 
f 5339/5339/5339 5340/5340/5340 5341/5341/5341 
f 5341/5341/5341 5340/5340/5340 5342/5342/5342 
f 5343/5343/5343 5344/5344/5344 5345/5345/5345 
f 5345/5345/5345 5344/5344/5344 5346/5346/5346 

g Height151

v -151.141 3.60005 430.03 
v -147.606 3.60005 433.566 
v -151.141 0.600047 430.03 
v -147.606 0.600047 433.566 
v -147.747 3.60005 433.707 
v -147.606 3.60005 433.566 
v -151.283 3.60005 430.172 
v -151.141 3.60005 430.03 
v -147.606 3.60005 433.566 
v -147.747 3.60005 433.707 
v -147.606 0.600047 433.566 
v -147.747 0.600047 433.707 
v -147.747 3.60005 433.707 
v -151.283 3.60005 430.172 
v -147.747 0.600047 433.707 
v -151.283 0.600047 430.172 
v -151.283 0.600047 430.172 
v -151.141 0.600047 430.03 
v -147.747 0.600047 433.707 
v -147.606 0.600047 433.566 
v -151.283 3.60005 430.172 
v -151.141 3.60005 430.03 
v -151.283 0.600047 430.172 
v -151.141 0.600047 430.03 

vn 0.708661 0 -0.708661 
vn 0.708661 0 -0.708661 
vn 0.708661 0 -0.708661 
vn 0.708661 0 -0.708661 
vn 0 1 0 
vn 0 1 0 
vn 0 1 0 
vn 0 1 0 
vn 0.708661 0 0.708661 
vn 0.708661 0 0.708661 
vn 0.708661 0 0.708661 
vn 0.708661 0 0.708661 
vn -0.708661 0 0.708661 
vn -0.708661 0 0.708661 
vn -0.708661 0 0.708661 
vn -0.708661 0 0.708661 
vn 0 -1 0 
vn 0 -1 0 
vn 0 -1 0 
vn 0 -1 0 
vn -0.708661 0 -0.708661 
vn -0.708661 0 -0.708661 
vn -0.708661 0 -0.708661 
vn -0.708661 0 -0.708661 

vt 7.125 -5.5 
vt 6.5 -5.5 
vt 7.125 -5.875 
vt 6.5 -5.875 
vt 6.525 -5.5 
vt 6.5 -5.5 
vt 6.525 -6.125 
vt 6.5 -6.125 
vt 6.525 -5.5 
vt 6.5 -5.5 
vt 6.525 -5.875 
vt 6.5 -5.875 
vt 7.125 -5.5 
vt 6.5 -5.5 
vt 7.125 -5.875 
vt 6.5 -5.875 
vt 6.525 -5.5 
vt 6.5 -5.5 
vt 6.525 -6.125 
vt 6.5 -6.125 
vt 6.525 -5.5 
vt 6.5 -5.5 
vt 6.525 -5.875 
vt 6.5 -5.875 

usemtl Height1Mtl

f 5347/5347/5347 5348/5348/5348 5349/5349/5349 
f 5349/5349/5349 5348/5348/5348 5350/5350/5350 
f 5351/5351/5351 5352/5352/5352 5353/5353/5353 
f 5353/5353/5353 5352/5352/5352 5354/5354/5354 
f 5355/5355/5355 5356/5356/5356 5357/5357/5357 
f 5357/5357/5357 5356/5356/5356 5358/5358/5358 
f 5359/5359/5359 5360/5360/5360 5361/5361/5361 
f 5361/5361/5361 5360/5360/5360 5362/5362/5362 
f 5363/5363/5363 5364/5364/5364 5365/5365/5365 
f 5365/5365/5365 5364/5364/5364 5366/5366/5366 
f 5367/5367/5367 5368/5368/5368 5369/5369/5369 
f 5369/5369/5369 5368/5368/5368 5370/5370/5370 

g Height152

v -102 6.8 422 
v -102 6.8 427 
v -102 3.8 422 
v -102 3.8 427 
v -102.2 6.8 427 
v -102 6.8 427 
v -102.2 6.8 422 
v -102 6.8 422 
v -102 6.8 427 
v -102.2 6.8 427 
v -102 3.8 427 
v -102.2 3.8 427 
v -102.2 6.8 427 
v -102.2 6.8 422 
v -102.2 3.8 427 
v -102.2 3.8 422 
v -102.2 3.8 422 
v -102 3.8 422 
v -102.2 3.8 427 
v -102 3.8 427 
v -102.2 6.8 422 
v -102 6.8 422 
v -102.2 3.8 422 
v -102 3.8 422 

vn 1 0 0 
vn 1 0 0 
vn 1 0 0 
vn 1 0 0 
vn 0 1 0 
vn 0 1 0 
vn 0 1 0 
vn 0 1 0 
vn 0 0 1 
vn 0 0 1 
vn 0 0 1 
vn 0 0 1 
vn -1 0 0 
vn -1 0 0 
vn -1 0 0 
vn -1 0 0 
vn 0 -1 0 
vn 0 -1 0 
vn 0 -1 0 
vn 0 -1 0 
vn 0 0 -1 
vn 0 0 -1 
vn 0 0 -1 
vn 0 0 -1 

vt 1.375 -2 
vt 0.75 -2 
vt 1.375 -2.375 
vt 0.75 -2.375 
vt 0.775 -2 
vt 0.75 -2 
vt 0.775 -2.625 
vt 0.75 -2.625 
vt 0.775 -2 
vt 0.75 -2 
vt 0.775 -2.375 
vt 0.75 -2.375 
vt 1.375 -2 
vt 0.75 -2 
vt 1.375 -2.375 
vt 0.75 -2.375 
vt 0.775 -2 
vt 0.75 -2 
vt 0.775 -2.625 
vt 0.75 -2.625 
vt 0.775 -2 
vt 0.75 -2 
vt 0.775 -2.375 
vt 0.75 -2.375 

usemtl Height1Mtl

f 5371/5371/5371 5372/5372/5372 5373/5373/5373 
f 5373/5373/5373 5372/5372/5372 5374/5374/5374 
f 5375/5375/5375 5376/5376/5376 5377/5377/5377 
f 5377/5377/5377 5376/5376/5376 5378/5378/5378 
f 5379/5379/5379 5380/5380/5380 5381/5381/5381 
f 5381/5381/5381 5380/5380/5380 5382/5382/5382 
f 5383/5383/5383 5384/5384/5384 5385/5385/5385 
f 5385/5385/5385 5384/5384/5384 5386/5386/5386 
f 5387/5387/5387 5388/5388/5388 5389/5389/5389 
f 5389/5389/5389 5388/5388/5388 5390/5390/5390 
f 5391/5391/5391 5392/5392/5392 5393/5393/5393 
f 5393/5393/5393 5392/5392/5392 5394/5394/5394 

g Height153

v -151 3.59997 430.172 
v -153.828 3.59997 433 
v -151 0.599966 430.172 
v -153.828 0.599966 433 
v -153.97 3.59997 432.859 
v -153.828 3.59997 433 
v -151.141 3.59997 430.03 
v -151 3.59997 430.172 
v -153.828 3.59997 433 
v -153.97 3.59997 432.859 
v -153.828 0.599966 433 
v -153.97 0.599966 432.859 
v -153.97 3.59997 432.859 
v -151.141 3.59997 430.03 
v -153.97 0.599966 432.859 
v -151.141 0.599966 430.03 
v -151.141 0.599966 430.03 
v -151 0.599966 430.172 
v -153.97 0.599966 432.859 
v -153.828 0.599966 433 
v -151.141 3.59997 430.03 
v -151 3.59997 430.172 
v -151.141 0.599966 430.03 
v -151 0.599966 430.172 

vn 0.708661 0 0.708661 
vn 0.708661 0 0.708661 
vn 0.708661 0 0.708661 
vn 0.708661 0 0.708661 
vn 0 1 0 
vn 0 1 0 
vn 0 1 0 
vn 0 1 0 
vn -0.708661 0 0.708661 
vn -0.708661 0 0.708661 
vn -0.708661 0 0.708661 
vn -0.708661 0 0.708661 
vn -0.708661 0 -0.708661 
vn -0.708661 0 -0.708661 
vn -0.708661 0 -0.708661 
vn -0.708661 0 -0.708661 
vn 0 -1 0 
vn 0 -1 0 
vn 0 -1 0 
vn 0 -1 0 
vn 0.708661 0 -0.708661 
vn 0.708661 0 -0.708661 
vn 0.708661 0 -0.708661 
vn 0.708661 0 -0.708661 

vt 5.5 -4 
vt 5 -4 
vt 5.5 -4.375 
vt 5 -4.375 
vt 5.025 -4 
vt 5 -4 
vt 5.025 -4.5 
vt 5 -4.5 
vt 5.025 -4 
vt 5 -4 
vt 5.025 -4.375 
vt 5 -4.375 
vt 5.5 -4 
vt 5 -4 
vt 5.5 -4.375 
vt 5 -4.375 
vt 5.025 -4 
vt 5 -4 
vt 5.025 -4.5 
vt 5 -4.5 
vt 5.025 -4 
vt 5 -4 
vt 5.025 -4.375 
vt 5 -4.375 

usemtl Height1Mtl

f 5395/5395/5395 5396/5396/5396 5397/5397/5397 
f 5397/5397/5397 5396/5396/5396 5398/5398/5398 
f 5399/5399/5399 5400/5400/5400 5401/5401/5401 
f 5401/5401/5401 5400/5400/5400 5402/5402/5402 
f 5403/5403/5403 5404/5404/5404 5405/5405/5405 
f 5405/5405/5405 5404/5404/5404 5406/5406/5406 
f 5407/5407/5407 5408/5408/5408 5409/5409/5409 
f 5409/5409/5409 5408/5408/5408 5410/5410/5410 
f 5411/5411/5411 5412/5412/5412 5413/5413/5413 
f 5413/5413/5413 5412/5412/5412 5414/5414/5414 
f 5415/5415/5415 5416/5416/5416 5417/5417/5417 
f 5417/5417/5417 5416/5416/5416 5418/5418/5418 

g Height154

v -240 12.8 397 
v -240 12.8 384 
v -240 12.6 397 
v -240 12.6 384 
v -203 12.8 384 
v -240 12.8 384 
v -203 12.8 397 
v -240 12.8 397 
v -240 12.8 384 
v -203 12.8 384 
v -240 12.6 384 
v -203 12.6 384 
v -203 12.8 384 
v -203 12.8 397 
v -203 12.6 384 
v -203 12.6 397 
v -203 12.6 397 
v -240 12.6 397 
v -203 12.6 384 
v -240 12.6 384 
v -203 12.8 397 
v -240 12.8 397 
v -203 12.6 397 
v -240 12.6 397 

vn -1 0 0 
vn -1 0 0 
vn -1 0 0 
vn -1 0 0 
vn 0 1 0 
vn 0 1 0 
vn 0 1 0 
vn 0 1 0 
vn 0 0 -1 
vn 0 0 -1 
vn 0 0 -1 
vn 0 0 -1 
vn 1 0 0 
vn 1 0 0 
vn 1 0 0 
vn 1 0 0 
vn 0 -1 0 
vn 0 -1 0 
vn 0 -1 0 
vn 0 -1 0 
vn 0 0 1 
vn 0 0 1 
vn 0 0 1 
vn 0 0 1 

vt 1.875 0 
vt 0.25 0 
vt 1.875 -0.025 
vt 0.25 -0.025 
vt 4.875 0 
vt 0.25 0 
vt 4.875 -1.625 
vt 0.25 -1.625 
vt 4.875 0 
vt 0.25 0 
vt 4.875 -0.025 
vt 0.25 -0.025 
vt 1.875 0 
vt 0.25 0 
vt 1.875 -0.025 
vt 0.25 -0.025 
vt 4.875 0 
vt 0.25 0 
vt 4.875 -1.625 
vt 0.25 -1.625 
vt 4.875 0 
vt 0.25 0 
vt 4.875 -0.025 
vt 0.25 -0.025 

usemtl Height11Mtl

f 5419/5419/5419 5420/5420/5420 5421/5421/5421 
f 5421/5421/5421 5420/5420/5420 5422/5422/5422 
f 5423/5423/5423 5424/5424/5424 5425/5425/5425 
f 5425/5425/5425 5424/5424/5424 5426/5426/5426 
f 5427/5427/5427 5428/5428/5428 5429/5429/5429 
f 5429/5429/5429 5428/5428/5428 5430/5430/5430 
f 5431/5431/5431 5432/5432/5432 5433/5433/5433 
f 5433/5433/5433 5432/5432/5432 5434/5434/5434 
f 5435/5435/5435 5436/5436/5436 5437/5437/5437 
f 5437/5437/5437 5436/5436/5436 5438/5438/5438 
f 5439/5439/5439 5440/5440/5440 5441/5441/5441 
f 5441/5441/5441 5440/5440/5440 5442/5442/5442 

g Height155

v -240 25 385.2 
v -240 25 384 
v -240 12.8 385.2 
v -240 12.8 384 
v -203 25 384 
v -240 25 384 
v -203 25 385.2 
v -240 25 385.2 
v -240 25 384 
v -203 25 384 
v -240 12.8 384 
v -203 12.8 384 
v -203 25 384 
v -203 25 385.2 
v -203 12.8 384 
v -203 12.8 385.2 
v -203 12.8 385.2 
v -240 12.8 385.2 
v -203 12.8 384 
v -240 12.8 384 
v -203 25 385.2 
v -240 25 385.2 
v -203 12.8 385.2 
v -240 12.8 385.2 

vn -1 0 0 
vn -1 0 0 
vn -1 0 0 
vn -1 0 0 
vn 0 1 0 
vn 0 1 0 
vn 0 1 0 
vn 0 1 0 
vn 0 0 -1 
vn 0 0 -1 
vn 0 0 -1 
vn 0 0 -1 
vn 1 0 0 
vn 1 0 0 
vn 1 0 0 
vn 1 0 0 
vn 0 -1 0 
vn 0 -1 0 
vn 0 -1 0 
vn 0 -1 0 
vn 0 0 1 
vn 0 0 1 
vn 0 0 1 
vn 0 0 1 

vt 7.4 -3.75 
vt 7.25 -3.75 
vt 7.4 -5.275 
vt 7.25 -5.275 
vt 11.875 -3.75 
vt 7.25 -3.75 
vt 11.875 -3.9 
vt 7.25 -3.9 
vt 11.875 -3.75 
vt 7.25 -3.75 
vt 11.875 -5.275 
vt 7.25 -5.275 
vt 7.4 -3.75 
vt 7.25 -3.75 
vt 7.4 -5.275 
vt 7.25 -5.275 
vt 11.875 -3.75 
vt 7.25 -3.75 
vt 11.875 -3.9 
vt 7.25 -3.9 
vt 11.875 -3.75 
vt 7.25 -3.75 
vt 11.875 -5.275 
vt 7.25 -5.275 

usemtl Height11Mtl

f 5443/5443/5443 5444/5444/5444 5445/5445/5445 
f 5445/5445/5445 5444/5444/5444 5446/5446/5446 
f 5447/5447/5447 5448/5448/5448 5449/5449/5449 
f 5449/5449/5449 5448/5448/5448 5450/5450/5450 
f 5451/5451/5451 5452/5452/5452 5453/5453/5453 
f 5453/5453/5453 5452/5452/5452 5454/5454/5454 
f 5455/5455/5455 5456/5456/5456 5457/5457/5457 
f 5457/5457/5457 5456/5456/5456 5458/5458/5458 
f 5459/5459/5459 5460/5460/5460 5461/5461/5461 
f 5461/5461/5461 5460/5460/5460 5462/5462/5462 
f 5463/5463/5463 5464/5464/5464 5465/5465/5465 
f 5465/5465/5465 5464/5464/5464 5466/5466/5466 

g Height156

v -240 25.2 397 
v -240 25.2 384 
v -240 25 397 
v -240 25 384 
v -203 25.2 384 
v -240 25.2 384 
v -203 25.2 397 
v -240 25.2 397 
v -240 25.2 384 
v -203 25.2 384 
v -240 25 384 
v -203 25 384 
v -203 25.2 384 
v -203 25.2 397 
v -203 25 384 
v -203 25 397 
v -203 25 397 
v -240 25 397 
v -203 25 384 
v -240 25 384 
v -203 25.2 397 
v -240 25.2 397 
v -203 25 397 
v -240 25 397 

vn -1 0 0 
vn -1 0 0 
vn -1 0 0 
vn -1 0 0 
vn 0 1 0 
vn 0 1 0 
vn 0 1 0 
vn 0 1 0 
vn 0 0 -1 
vn 0 0 -1 
vn 0 0 -1 
vn 0 0 -1 
vn 1 0 0 
vn 1 0 0 
vn 1 0 0 
vn 1 0 0 
vn 0 -1 0 
vn 0 -1 0 
vn 0 -1 0 
vn 0 -1 0 
vn 0 0 1 
vn 0 0 1 
vn 0 0 1 
vn 0 0 1 

vt 6.875 0.5 
vt 5.25 0.5 
vt 6.875 0.475 
vt 5.25 0.475 
vt 9.875 0.5 
vt 5.25 0.5 
vt 9.875 -1.125 
vt 5.25 -1.125 
vt 9.875 0.5 
vt 5.25 0.5 
vt 9.875 0.475 
vt 5.25 0.475 
vt 6.875 0.5 
vt 5.25 0.5 
vt 6.875 0.475 
vt 5.25 0.475 
vt 9.875 0.5 
vt 5.25 0.5 
vt 9.875 -1.125 
vt 5.25 -1.125 
vt 9.875 0.5 
vt 5.25 0.5 
vt 9.875 0.475 
vt 5.25 0.475 

usemtl Height11Mtl

f 5467/5467/5467 5468/5468/5468 5469/5469/5469 
f 5469/5469/5469 5468/5468/5468 5470/5470/5470 
f 5471/5471/5471 5472/5472/5472 5473/5473/5473 
f 5473/5473/5473 5472/5472/5472 5474/5474/5474 
f 5475/5475/5475 5476/5476/5476 5477/5477/5477 
f 5477/5477/5477 5476/5476/5476 5478/5478/5478 
f 5479/5479/5479 5480/5480/5480 5481/5481/5481 
f 5481/5481/5481 5480/5480/5480 5482/5482/5482 
f 5483/5483/5483 5484/5484/5484 5485/5485/5485 
f 5485/5485/5485 5484/5484/5484 5486/5486/5486 
f 5487/5487/5487 5488/5488/5488 5489/5489/5489 
f 5489/5489/5489 5488/5488/5488 5490/5490/5490 

g Height157

v -112 12.8 384 
v -125 12.8 384 
v -112 12.6 384 
v -125 12.6 384 
v -125 12.8 347 
v -125 12.8 384 
v -112 12.8 347 
v -112 12.8 384 
v -125 12.8 384 
v -125 12.8 347 
v -125 12.6 384 
v -125 12.6 347 
v -125 12.8 347 
v -112 12.8 347 
v -125 12.6 347 
v -112 12.6 347 
v -112 12.6 347 
v -112 12.6 384 
v -125 12.6 347 
v -125 12.6 384 
v -112 12.8 347 
v -112 12.8 384 
v -112 12.6 347 
v -112 12.6 384 

vn 0 0 1 
vn 0 0 1 
vn 0 0 1 
vn 0 0 1 
vn 0 1 0 
vn 0 1 0 
vn 0 1 0 
vn 0 1 0 
vn -1 0 0 
vn -1 0 0 
vn -1 0 0 
vn -1 0 0 
vn 0 0 -1 
vn 0 0 -1 
vn 0 0 -1 
vn 0 0 -1 
vn 0 -1 0 
vn 0 -1 0 
vn 0 -1 0 
vn 0 -1 0 
vn 1 0 0 
vn 1 0 0 
vn 1 0 0 
vn 1 0 0 

vt 7.625 0.75 
vt 6 0.75 
vt 7.625 0.725 
vt 6 0.725 
vt 10.625 0.75 
vt 6 0.75 
vt 10.625 -0.875 
vt 6 -0.875 
vt 10.625 0.75 
vt 6 0.75 
vt 10.625 0.725 
vt 6 0.725 
vt 7.625 0.75 
vt 6 0.75 
vt 7.625 0.725 
vt 6 0.725 
vt 10.625 0.75 
vt 6 0.75 
vt 10.625 -0.875 
vt 6 -0.875 
vt 10.625 0.75 
vt 6 0.75 
vt 10.625 0.725 
vt 6 0.725 

usemtl Height11Mtl

f 5491/5491/5491 5492/5492/5492 5493/5493/5493 
f 5493/5493/5493 5492/5492/5492 5494/5494/5494 
f 5495/5495/5495 5496/5496/5496 5497/5497/5497 
f 5497/5497/5497 5496/5496/5496 5498/5498/5498 
f 5499/5499/5499 5500/5500/5500 5501/5501/5501 
f 5501/5501/5501 5500/5500/5500 5502/5502/5502 
f 5503/5503/5503 5504/5504/5504 5505/5505/5505 
f 5505/5505/5505 5504/5504/5504 5506/5506/5506 
f 5507/5507/5507 5508/5508/5508 5509/5509/5509 
f 5509/5509/5509 5508/5508/5508 5510/5510/5510 
f 5511/5511/5511 5512/5512/5512 5513/5513/5513 
f 5513/5513/5513 5512/5512/5512 5514/5514/5514 

g Height158

v -203 12.6 384 
v -203 12.6 397 
v -203 0.199999 384 
v -203 0.199999 397 
v -240 12.6 397 
v -203 12.6 397 
v -240 12.6 384 
v -203 12.6 384 
v -203 12.6 397 
v -240 12.6 397 
v -203 0.199999 397 
v -240 0.199999 397 
v -240 12.6 397 
v -240 12.6 384 
v -240 0.199999 397 
v -240 0.199999 384 
v -240 0.199999 384 
v -203 0.199999 384 
v -240 0.199999 397 
v -203 0.199999 397 
v -240 12.6 384 
v -203 12.6 384 
v -240 0.199999 384 
v -203 0.199999 384 

vn 1 0 0 
vn 1 0 0 
vn 1 0 0 
vn 1 0 0 
vn 0 1 0 
vn 0 1 0 
vn 0 1 0 
vn 0 1 0 
vn 0 0 1 
vn 0 0 1 
vn 0 0 1 
vn 0 0 1 
vn -1 0 0 
vn -1 0 0 
vn -1 0 0 
vn -1 0 0 
vn 0 -1 0 
vn 0 -1 0 
vn 0 -1 0 
vn 0 -1 0 
vn 0 0 -1 
vn 0 0 -1 
vn 0 0 -1 
vn 0 0 -1 

vt 5.375 -4 
vt 3.75 -4 
vt 5.375 -5.55 
vt 3.75 -5.55 
vt 8.375 -4 
vt 3.75 -4 
vt 8.375 -5.625 
vt 3.75 -5.625 
vt 8.375 -4 
vt 3.75 -4 
vt 8.375 -5.55 
vt 3.75 -5.55 
vt 5.375 -4 
vt 3.75 -4 
vt 5.375 -5.55 
vt 3.75 -5.55 
vt 8.375 -4 
vt 3.75 -4 
vt 8.375 -5.625 
vt 3.75 -5.625 
vt 8.375 -4 
vt 3.75 -4 
vt 8.375 -5.55 
vt 3.75 -5.55 

usemtl Height2Mtl

f 5515/5515/5515 5516/5516/5516 5517/5517/5517 
f 5517/5517/5517 5516/5516/5516 5518/5518/5518 
f 5519/5519/5519 5520/5520/5520 5521/5521/5521 
f 5521/5521/5521 5520/5520/5520 5522/5522/5522 
f 5523/5523/5523 5524/5524/5524 5525/5525/5525 
f 5525/5525/5525 5524/5524/5524 5526/5526/5526 
f 5527/5527/5527 5528/5528/5528 5529/5529/5529 
f 5529/5529/5529 5528/5528/5528 5530/5530/5530 
f 5531/5531/5531 5532/5532/5532 5533/5533/5533 
f 5533/5533/5533 5532/5532/5532 5534/5534/5534 
f 5535/5535/5535 5536/5536/5536 5537/5537/5537 
f 5537/5537/5537 5536/5536/5536 5538/5538/5538 

g Height159

v -240.005 12.6 397 
v -240.005 12.6 384 
v -240.005 0.199999 397 
v -240.005 0.199999 384 

vn -1 0 0 
vn -1 0 0 
vn -1 0 0 
vn -1 0 0 

vt 1 1 
vt 0 1 
vt 1 0 
vt 0 0 

usemtl Height5Mtl

f 5539/5539/5539 5540/5540/5540 5541/5541/5541 
f 5541/5541/5541 5540/5540/5540 5542/5542/5542 

g Height160

v -207 12.6 371 
v -207 12.6 384 
v -207 0.199999 371 
v -207 0.199999 384 
v -244 12.6 384 
v -207 12.6 384 
v -244 12.6 371 
v -207 12.6 371 
v -207 12.6 384 
v -244 12.6 384 
v -207 0.199999 384 
v -244 0.199999 384 
v -244 12.6 384 
v -244 12.6 371 
v -244 0.199999 384 
v -244 0.199999 371 
v -244 0.199999 371 
v -207 0.199999 371 
v -244 0.199999 384 
v -207 0.199999 384 
v -244 12.6 371 
v -207 12.6 371 
v -244 0.199999 371 
v -207 0.199999 371 

vn 1 0 0 
vn 1 0 0 
vn 1 0 0 
vn 1 0 0 
vn 0 1 0 
vn 0 1 0 
vn 0 1 0 
vn 0 1 0 
vn 0 0 1 
vn 0 0 1 
vn 0 0 1 
vn 0 0 1 
vn -1 0 0 
vn -1 0 0 
vn -1 0 0 
vn -1 0 0 
vn 0 -1 0 
vn 0 -1 0 
vn 0 -1 0 
vn 0 -1 0 
vn 0 0 -1 
vn 0 0 -1 
vn 0 0 -1 
vn 0 0 -1 

vt 8.375 -2.25 
vt 6.75 -2.25 
vt 8.375 -3.8 
vt 6.75 -3.8 
vt 11.375 -2.25 
vt 6.75 -2.25 
vt 11.375 -3.875 
vt 6.75 -3.875 
vt 11.375 -2.25 
vt 6.75 -2.25 
vt 11.375 -3.8 
vt 6.75 -3.8 
vt 8.375 -2.25 
vt 6.75 -2.25 
vt 8.375 -3.8 
vt 6.75 -3.8 
vt 11.375 -2.25 
vt 6.75 -2.25 
vt 11.375 -3.875 
vt 6.75 -3.875 
vt 11.375 -2.25 
vt 6.75 -2.25 
vt 11.375 -3.8 
vt 6.75 -3.8 

usemtl Height2Mtl

f 5543/5543/5543 5544/5544/5544 5545/5545/5545 
f 5545/5545/5545 5544/5544/5544 5546/5546/5546 
f 5547/5547/5547 5548/5548/5548 5549/5549/5549 
f 5549/5549/5549 5548/5548/5548 5550/5550/5550 
f 5551/5551/5551 5552/5552/5552 5553/5553/5553 
f 5553/5553/5553 5552/5552/5552 5554/5554/5554 
f 5555/5555/5555 5556/5556/5556 5557/5557/5557 
f 5557/5557/5557 5556/5556/5556 5558/5558/5558 
f 5559/5559/5559 5560/5560/5560 5561/5561/5561 
f 5561/5561/5561 5560/5560/5560 5562/5562/5562 
f 5563/5563/5563 5564/5564/5564 5565/5565/5565 
f 5565/5565/5565 5564/5564/5564 5566/5566/5566 

g Height161

v -244 12.6 370.995 
v -207 12.6 370.995 
v -244 0.199999 370.995 
v -207 0.199999 370.995 

vn 0 0 -1 
vn 0 0 -1 
vn 0 0 -1 
vn 0 0 -1 

vt 1 1 
vt 0 1 
vt 1 0 
vt 0 0 

usemtl Height5Mtl

f 5567/5567/5567 5568/5568/5568 5569/5569/5569 
f 5569/5569/5569 5568/5568/5568 5570/5570/5570 

g Height162

v -217.26 19.2004 391.8 
v -212.26 19.2004 391.8 
v -217.26 16.2004 391.8 
v -212.26 16.2004 391.8 
v -212.26 19.2004 392 
v -212.26 19.2004 391.8 
v -217.26 19.2004 392 
v -217.26 19.2004 391.8 
v -212.26 19.2004 391.8 
v -212.26 19.2004 392 
v -212.26 16.2004 391.8 
v -212.26 16.2004 392 
v -212.26 19.2004 392 
v -217.26 19.2004 392 
v -212.26 16.2004 392 
v -217.26 16.2004 392 
v -217.26 16.2004 392 
v -217.26 16.2004 391.8 
v -212.26 16.2004 392 
v -212.26 16.2004 391.8 
v -217.26 19.2004 392 
v -217.26 19.2004 391.8 
v -217.26 16.2004 392 
v -217.26 16.2004 391.8 

vn 0 0 -1 
vn 0 0 -1 
vn 0 0 -1 
vn 0 0 -1 
vn 0 1 0 
vn 0 1 0 
vn 0 1 0 
vn 0 1 0 
vn 1 0 0 
vn 1 0 0 
vn 1 0 0 
vn 1 0 0 
vn 0 0 1 
vn 0 0 1 
vn 0 0 1 
vn 0 0 1 
vn 0 -1 0 
vn 0 -1 0 
vn 0 -1 0 
vn 0 -1 0 
vn -1 0 0 
vn -1 0 0 
vn -1 0 0 
vn -1 0 0 

vt 2.625 -3.25 
vt 2 -3.25 
vt 2.625 -3.625 
vt 2 -3.625 
vt 2.025 -3.25 
vt 2 -3.25 
vt 2.025 -3.875 
vt 2 -3.875 
vt 2.025 -3.25 
vt 2 -3.25 
vt 2.025 -3.625 
vt 2 -3.625 
vt 2.625 -3.25 
vt 2 -3.25 
vt 2.625 -3.625 
vt 2 -3.625 
vt 2.025 -3.25 
vt 2 -3.25 
vt 2.025 -3.875 
vt 2 -3.875 
vt 2.025 -3.25 
vt 2 -3.25 
vt 2.025 -3.625 
vt 2 -3.625 

usemtl Height1Mtl

f 5571/5571/5571 5572/5572/5572 5573/5573/5573 
f 5573/5573/5573 5572/5572/5572 5574/5574/5574 
f 5575/5575/5575 5576/5576/5576 5577/5577/5577 
f 5577/5577/5577 5576/5576/5576 5578/5578/5578 
f 5579/5579/5579 5580/5580/5580 5581/5581/5581 
f 5581/5581/5581 5580/5580/5580 5582/5582/5582 
f 5583/5583/5583 5584/5584/5584 5585/5585/5585 
f 5585/5585/5585 5584/5584/5584 5586/5586/5586 
f 5587/5587/5587 5588/5588/5588 5589/5589/5589 
f 5589/5589/5589 5588/5588/5588 5590/5590/5590 
f 5591/5591/5591 5592/5592/5592 5593/5593/5593 
f 5593/5593/5593 5592/5592/5592 5594/5594/5594 

g Height163

v -218.26 16.0004 391.8 
v -213.26 16.0004 391.8 
v -218.26 13.0004 391.8 
v -213.26 13.0004 391.8 
v -213.26 16.0004 392 
v -213.26 16.0004 391.8 
v -218.26 16.0004 392 
v -218.26 16.0004 391.8 
v -213.26 16.0004 391.8 
v -213.26 16.0004 392 
v -213.26 13.0004 391.8 
v -213.26 13.0004 392 
v -213.26 16.0004 392 
v -218.26 16.0004 392 
v -213.26 13.0004 392 
v -218.26 13.0004 392 
v -218.26 13.0004 392 
v -218.26 13.0004 391.8 
v -213.26 13.0004 392 
v -213.26 13.0004 391.8 
v -218.26 16.0004 392 
v -218.26 16.0004 391.8 
v -218.26 13.0004 392 
v -218.26 13.0004 391.8 

vn 0 0 -1 
vn 0 0 -1 
vn 0 0 -1 
vn 0 0 -1 
vn 0 1 0 
vn 0 1 0 
vn 0 1 0 
vn 0 1 0 
vn 1 0 0 
vn 1 0 0 
vn 1 0 0 
vn 1 0 0 
vn 0 0 1 
vn 0 0 1 
vn 0 0 1 
vn 0 0 1 
vn 0 -1 0 
vn 0 -1 0 
vn 0 -1 0 
vn 0 -1 0 
vn -1 0 0 
vn -1 0 0 
vn -1 0 0 
vn -1 0 0 

vt 5.625 -1.5 
vt 5 -1.5 
vt 5.625 -1.875 
vt 5 -1.875 
vt 5.025 -1.5 
vt 5 -1.5 
vt 5.025 -2.125 
vt 5 -2.125 
vt 5.025 -1.5 
vt 5 -1.5 
vt 5.025 -1.875 
vt 5 -1.875 
vt 5.625 -1.5 
vt 5 -1.5 
vt 5.625 -1.875 
vt 5 -1.875 
vt 5.025 -1.5 
vt 5 -1.5 
vt 5.025 -2.125 
vt 5 -2.125 
vt 5.025 -1.5 
vt 5 -1.5 
vt 5.025 -1.875 
vt 5 -1.875 

usemtl Height1Mtl

f 5595/5595/5595 5596/5596/5596 5597/5597/5597 
f 5597/5597/5597 5596/5596/5596 5598/5598/5598 
f 5599/5599/5599 5600/5600/5600 5601/5601/5601 
f 5601/5601/5601 5600/5600/5600 5602/5602/5602 
f 5603/5603/5603 5604/5604/5604 5605/5605/5605 
f 5605/5605/5605 5604/5604/5604 5606/5606/5606 
f 5607/5607/5607 5608/5608/5608 5609/5609/5609 
f 5609/5609/5609 5608/5608/5608 5610/5610/5610 
f 5611/5611/5611 5612/5612/5612 5613/5613/5613 
f 5613/5613/5613 5612/5612/5612 5614/5614/5614 
f 5615/5615/5615 5616/5616/5616 5617/5617/5617 
f 5617/5617/5617 5616/5616/5616 5618/5618/5618 

g Height164

v -213.26 13.0004 395.8 
v -218.26 13.0004 395.8 
v -213.26 12.8004 395.8 
v -218.26 12.8004 395.8 
v -218.26 13.0004 391.8 
v -218.26 13.0004 395.8 
v -213.26 13.0004 391.8 
v -213.26 13.0004 395.8 
v -218.26 13.0004 395.8 
v -218.26 13.0004 391.8 
v -218.26 12.8004 395.8 
v -218.26 12.8004 391.8 
v -218.26 13.0004 391.8 
v -213.26 13.0004 391.8 
v -218.26 12.8004 391.8 
v -213.26 12.8004 391.8 
v -213.26 12.8004 391.8 
v -213.26 12.8004 395.8 
v -218.26 12.8004 391.8 
v -218.26 12.8004 395.8 
v -213.26 13.0004 391.8 
v -213.26 13.0004 395.8 
v -213.26 12.8004 391.8 
v -213.26 12.8004 395.8 

vn 0 0 1 
vn 0 0 1 
vn 0 0 1 
vn 0 0 1 
vn 0 1 0 
vn 0 1 0 
vn 0 1 0 
vn 0 1 0 
vn -1 0 0 
vn -1 0 0 
vn -1 0 0 
vn -1 0 0 
vn 0 0 -1 
vn 0 0 -1 
vn 0 0 -1 
vn 0 0 -1 
vn 0 -1 0 
vn 0 -1 0 
vn 0 -1 0 
vn 0 -1 0 
vn 1 0 0 
vn 1 0 0 
vn 1 0 0 
vn 1 0 0 

vt 2.875 -1.5 
vt 2.25 -1.5 
vt 2.875 -1.525 
vt 2.25 -1.525 
vt 2.75 -1.5 
vt 2.25 -1.5 
vt 2.75 -2.125 
vt 2.25 -2.125 
vt 2.75 -1.5 
vt 2.25 -1.5 
vt 2.75 -1.525 
vt 2.25 -1.525 
vt 2.875 -1.5 
vt 2.25 -1.5 
vt 2.875 -1.525 
vt 2.25 -1.525 
vt 2.75 -1.5 
vt 2.25 -1.5 
vt 2.75 -2.125 
vt 2.25 -2.125 
vt 2.75 -1.5 
vt 2.25 -1.5 
vt 2.75 -1.525 
vt 2.25 -1.525 

usemtl Height1Mtl

f 5619/5619/5619 5620/5620/5620 5621/5621/5621 
f 5621/5621/5621 5620/5620/5620 5622/5622/5622 
f 5623/5623/5623 5624/5624/5624 5625/5625/5625 
f 5625/5625/5625 5624/5624/5624 5626/5626/5626 
f 5627/5627/5627 5628/5628/5628 5629/5629/5629 
f 5629/5629/5629 5628/5628/5628 5630/5630/5630 
f 5631/5631/5631 5632/5632/5632 5633/5633/5633 
f 5633/5633/5633 5632/5632/5632 5634/5634/5634 
f 5635/5635/5635 5636/5636/5636 5637/5637/5637 
f 5637/5637/5637 5636/5636/5636 5638/5638/5638 
f 5639/5639/5639 5640/5640/5640 5641/5641/5641 
f 5641/5641/5641 5640/5640/5640 5642/5642/5642 

g Height165

v -218.06 16.0007 391.8 
v -218.06 16.0007 395.8 
v -218.06 13.0007 391.8 
v -218.06 13.0007 395.8 
v -218.26 16.0007 395.8 
v -218.06 16.0007 395.8 
v -218.26 16.0007 391.8 
v -218.06 16.0007 391.8 
v -218.06 16.0007 395.8 
v -218.26 16.0007 395.8 
v -218.06 13.0007 395.8 
v -218.26 13.0007 395.8 
v -218.26 16.0007 395.8 
v -218.26 16.0007 391.8 
v -218.26 13.0007 395.8 
v -218.26 13.0007 391.8 
v -218.26 13.0007 391.8 
v -218.06 13.0007 391.8 
v -218.26 13.0007 395.8 
v -218.06 13.0007 395.8 
v -218.26 16.0007 391.8 
v -218.06 16.0007 391.8 
v -218.26 13.0007 391.8 
v -218.06 13.0007 391.8 

vn 1 0 0 
vn 1 0 0 
vn 1 0 0 
vn 1 0 0 
vn 0 1 0 
vn 0 1 0 
vn 0 1 0 
vn 0 1 0 
vn 0 0 1 
vn 0 0 1 
vn 0 0 1 
vn 0 0 1 
vn -1 0 0 
vn -1 0 0 
vn -1 0 0 
vn -1 0 0 
vn 0 -1 0 
vn 0 -1 0 
vn 0 -1 0 
vn 0 -1 0 
vn 0 0 -1 
vn 0 0 -1 
vn 0 0 -1 
vn 0 0 -1 

vt 2.5 -4.5 
vt 2 -4.5 
vt 2.5 -4.875 
vt 2 -4.875 
vt 2.025 -4.5 
vt 2 -4.5 
vt 2.025 -5 
vt 2 -5 
vt 2.025 -4.5 
vt 2 -4.5 
vt 2.025 -4.875 
vt 2 -4.875 
vt 2.5 -4.5 
vt 2 -4.5 
vt 2.5 -4.875 
vt 2 -4.875 
vt 2.025 -4.5 
vt 2 -4.5 
vt 2.025 -5 
vt 2 -5 
vt 2.025 -4.5 
vt 2 -4.5 
vt 2.025 -4.875 
vt 2 -4.875 

usemtl Height1Mtl

f 5643/5643/5643 5644/5644/5644 5645/5645/5645 
f 5645/5645/5645 5644/5644/5644 5646/5646/5646 
f 5647/5647/5647 5648/5648/5648 5649/5649/5649 
f 5649/5649/5649 5648/5648/5648 5650/5650/5650 
f 5651/5651/5651 5652/5652/5652 5653/5653/5653 
f 5653/5653/5653 5652/5652/5652 5654/5654/5654 
f 5655/5655/5655 5656/5656/5656 5657/5657/5657 
f 5657/5657/5657 5656/5656/5656 5658/5658/5658 
f 5659/5659/5659 5660/5660/5660 5661/5661/5661 
f 5661/5661/5661 5660/5660/5660 5662/5662/5662 
f 5663/5663/5663 5664/5664/5664 5665/5665/5665 
f 5665/5665/5665 5664/5664/5664 5666/5666/5666 

g Height166

v -179 0.399999 372 
v -179 0.399999 359 
v -179 0.199999 372 
v -179 0.199999 359 
v -142 0.399999 359 
v -179 0.399999 359 
v -142 0.399999 372 
v -179 0.399999 372 
v -179 0.399999 359 
v -142 0.399999 359 
v -179 0.199999 359 
v -142 0.199999 359 
v -142 0.399999 359 
v -142 0.399999 372 
v -142 0.199999 359 
v -142 0.199999 372 
v -142 0.199999 372 
v -179 0.199999 372 
v -142 0.199999 359 
v -179 0.199999 359 
v -142 0.399999 372 
v -179 0.399999 372 
v -142 0.199999 372 
v -179 0.199999 372 

vn -1 0 0 
vn -1 0 0 
vn -1 0 0 
vn -1 0 0 
vn 0 1 0 
vn 0 1 0 
vn 0 1 0 
vn 0 1 0 
vn 0 0 -1 
vn 0 0 -1 
vn 0 0 -1 
vn 0 0 -1 
vn 1 0 0 
vn 1 0 0 
vn 1 0 0 
vn 1 0 0 
vn 0 -1 0 
vn 0 -1 0 
vn 0 -1 0 
vn 0 -1 0 
vn 0 0 1 
vn 0 0 1 
vn 0 0 1 
vn 0 0 1 

vt 3.875 -3.25 
vt 2.25 -3.25 
vt 3.875 -3.275 
vt 2.25 -3.275 
vt 6.875 -3.25 
vt 2.25 -3.25 
vt 6.875 -4.875 
vt 2.25 -4.875 
vt 6.875 -3.25 
vt 2.25 -3.25 
vt 6.875 -3.275 
vt 2.25 -3.275 
vt 3.875 -3.25 
vt 2.25 -3.25 
vt 3.875 -3.275 
vt 2.25 -3.275 
vt 6.875 -3.25 
vt 2.25 -3.25 
vt 6.875 -4.875 
vt 2.25 -4.875 
vt 6.875 -3.25 
vt 2.25 -3.25 
vt 6.875 -3.275 
vt 2.25 -3.275 

usemtl Height2Mtl

f 5667/5667/5667 5668/5668/5668 5669/5669/5669 
f 5669/5669/5669 5668/5668/5668 5670/5670/5670 
f 5671/5671/5671 5672/5672/5672 5673/5673/5673 
f 5673/5673/5673 5672/5672/5672 5674/5674/5674 
f 5675/5675/5675 5676/5676/5676 5677/5677/5677 
f 5677/5677/5677 5676/5676/5676 5678/5678/5678 
f 5679/5679/5679 5680/5680/5680 5681/5681/5681 
f 5681/5681/5681 5680/5680/5680 5682/5682/5682 
f 5683/5683/5683 5684/5684/5684 5685/5685/5685 
f 5685/5685/5685 5684/5684/5684 5686/5686/5686 
f 5687/5687/5687 5688/5688/5688 5689/5689/5689 
f 5689/5689/5689 5688/5688/5688 5690/5690/5690 

g Height167

v -179 12.6 360.2 
v -179 12.6 359 
v -179 0.399999 360.2 
v -179 0.399999 359 
v -142 12.6 359 
v -179 12.6 359 
v -142 12.6 360.2 
v -179 12.6 360.2 
v -179 12.6 359 
v -142 12.6 359 
v -179 0.399999 359 
v -142 0.399999 359 
v -142 12.6 359 
v -142 12.6 360.2 
v -142 0.399999 359 
v -142 0.399999 360.2 
v -142 0.399999 360.2 
v -179 0.399999 360.2 
v -142 0.399999 359 
v -179 0.399999 359 
v -142 12.6 360.2 
v -179 12.6 360.2 
v -142 0.399999 360.2 
v -179 0.399999 360.2 

vn -1 0 0 
vn -1 0 0 
vn -1 0 0 
vn -1 0 0 
vn 0 1 0 
vn 0 1 0 
vn 0 1 0 
vn 0 1 0 
vn 0 0 -1 
vn 0 0 -1 
vn 0 0 -1 
vn 0 0 -1 
vn 1 0 0 
vn 1 0 0 
vn 1 0 0 
vn 1 0 0 
vn 0 -1 0 
vn 0 -1 0 
vn 0 -1 0 
vn 0 -1 0 
vn 0 0 1 
vn 0 0 1 
vn 0 0 1 
vn 0 0 1 

vt 1.65 -4.25 
vt 1.5 -4.25 
vt 1.65 -5.775 
vt 1.5 -5.775 
vt 6.125 -4.25 
vt 1.5 -4.25 
vt 6.125 -4.4 
vt 1.5 -4.4 
vt 6.125 -4.25 
vt 1.5 -4.25 
vt 6.125 -5.775 
vt 1.5 -5.775 
vt 1.65 -4.25 
vt 1.5 -4.25 
vt 1.65 -5.775 
vt 1.5 -5.775 
vt 6.125 -4.25 
vt 1.5 -4.25 
vt 6.125 -4.4 
vt 1.5 -4.4 
vt 6.125 -4.25 
vt 1.5 -4.25 
vt 6.125 -5.775 
vt 1.5 -5.775 

usemtl Height2Mtl

f 5691/5691/5691 5692/5692/5692 5693/5693/5693 
f 5693/5693/5693 5692/5692/5692 5694/5694/5694 
f 5695/5695/5695 5696/5696/5696 5697/5697/5697 
f 5697/5697/5697 5696/5696/5696 5698/5698/5698 
f 5699/5699/5699 5700/5700/5700 5701/5701/5701 
f 5701/5701/5701 5700/5700/5700 5702/5702/5702 
f 5703/5703/5703 5704/5704/5704 5705/5705/5705 
f 5705/5705/5705 5704/5704/5704 5706/5706/5706 
f 5707/5707/5707 5708/5708/5708 5709/5709/5709 
f 5709/5709/5709 5708/5708/5708 5710/5710/5710 
f 5711/5711/5711 5712/5712/5712 5713/5713/5713 
f 5713/5713/5713 5712/5712/5712 5714/5714/5714 

g Height168

v -108.2 12.6 347 
v -66 12.6 347 
v -108.2 12.4 347 
v -66 12.4 347 
v -66 12.6 385 
v -66 12.6 347 
v -108.2 12.6 385 
v -108.2 12.6 347 
v -66 12.6 347 
v -66 12.6 385 
v -66 12.4 347 
v -66 12.4 385 
v -66 12.6 385 
v -108.2 12.6 385 
v -66 12.4 385 
v -108.2 12.4 385 
v -108.2 12.4 385 
v -108.2 12.4 347 
v -66 12.4 385 
v -66 12.4 347 
v -108.2 12.6 385 
v -108.2 12.6 347 
v -108.2 12.4 385 
v -108.2 12.4 347 

vn 0 0 -1 
vn 0 0 -1 
vn 0 0 -1 
vn 0 0 -1 
vn 0 1 0 
vn 0 1 0 
vn 0 1 0 
vn 0 1 0 
vn 1 0 0 
vn 1 0 0 
vn 1 0 0 
vn 1 0 0 
vn 0 0 1 
vn 0 0 1 
vn 0 0 1 
vn 0 0 1 
vn 0 -1 0 
vn 0 -1 0 
vn 0 -1 0 
vn 0 -1 0 
vn -1 0 0 
vn -1 0 0 
vn -1 0 0 
vn -1 0 0 

vt 8.025 -5.25 
vt 2.75 -5.25 
vt 8.025 -5.275 
vt 2.75 -5.275 
vt 7.5 -5.25 
vt 2.75 -5.25 
vt 7.5 -10.525 
vt 2.75 -10.525 
vt 7.5 -5.25 
vt 2.75 -5.25 
vt 7.5 -5.275 
vt 2.75 -5.275 
vt 8.025 -5.25 
vt 2.75 -5.25 
vt 8.025 -5.275 
vt 2.75 -5.275 
vt 7.5 -5.25 
vt 2.75 -5.25 
vt 7.5 -10.525 
vt 2.75 -10.525 
vt 7.5 -5.25 
vt 2.75 -5.25 
vt 7.5 -5.275 
vt 2.75 -5.275 

usemtl Height11Mtl

f 5715/5715/5715 5716/5716/5716 5717/5717/5717 
f 5717/5717/5717 5716/5716/5716 5718/5718/5718 
f 5719/5719/5719 5720/5720/5720 5721/5721/5721 
f 5721/5721/5721 5720/5720/5720 5722/5722/5722 
f 5723/5723/5723 5724/5724/5724 5725/5725/5725 
f 5725/5725/5725 5724/5724/5724 5726/5726/5726 
f 5727/5727/5727 5728/5728/5728 5729/5729/5729 
f 5729/5729/5729 5728/5728/5728 5730/5730/5730 
f 5731/5731/5731 5732/5732/5732 5733/5733/5733 
f 5733/5733/5733 5732/5732/5732 5734/5734/5734 
f 5735/5735/5735 5736/5736/5736 5737/5737/5737 
f 5737/5737/5737 5736/5736/5736 5738/5738/5738 

g Height169

v -179 12.6 372.2 
v -179 12.6 371 
v -179 0.399999 372.2 
v -179 0.399999 371 
v -142 12.6 371 
v -179 12.6 371 
v -142 12.6 372.2 
v -179 12.6 372.2 
v -179 12.6 371 
v -142 12.6 371 
v -179 0.399999 371 
v -142 0.399999 371 
v -142 12.6 371 
v -142 12.6 372.2 
v -142 0.399999 371 
v -142 0.399999 372.2 
v -142 0.399999 372.2 
v -179 0.399999 372.2 
v -142 0.399999 371 
v -179 0.399999 371 
v -142 12.6 372.2 
v -179 12.6 372.2 
v -142 0.399999 372.2 
v -179 0.399999 372.2 

vn -1 0 0 
vn -1 0 0 
vn -1 0 0 
vn -1 0 0 
vn 0 1 0 
vn 0 1 0 
vn 0 1 0 
vn 0 1 0 
vn 0 0 -1 
vn 0 0 -1 
vn 0 0 -1 
vn 0 0 -1 
vn 1 0 0 
vn 1 0 0 
vn 1 0 0 
vn 1 0 0 
vn 0 -1 0 
vn 0 -1 0 
vn 0 -1 0 
vn 0 -1 0 
vn 0 0 1 
vn 0 0 1 
vn 0 0 1 
vn 0 0 1 

vt 2.15 -2.25 
vt 2 -2.25 
vt 2.15 -3.775 
vt 2 -3.775 
vt 6.625 -2.25 
vt 2 -2.25 
vt 6.625 -2.4 
vt 2 -2.4 
vt 6.625 -2.25 
vt 2 -2.25 
vt 6.625 -3.775 
vt 2 -3.775 
vt 2.15 -2.25 
vt 2 -2.25 
vt 2.15 -3.775 
vt 2 -3.775 
vt 6.625 -2.25 
vt 2 -2.25 
vt 6.625 -2.4 
vt 2 -2.4 
vt 6.625 -2.25 
vt 2 -2.25 
vt 6.625 -3.775 
vt 2 -3.775 

usemtl Height2Mtl

f 5739/5739/5739 5740/5740/5740 5741/5741/5741 
f 5741/5741/5741 5740/5740/5740 5742/5742/5742 
f 5743/5743/5743 5744/5744/5744 5745/5745/5745 
f 5745/5745/5745 5744/5744/5744 5746/5746/5746 
f 5747/5747/5747 5748/5748/5748 5749/5749/5749 
f 5749/5749/5749 5748/5748/5748 5750/5750/5750 
f 5751/5751/5751 5752/5752/5752 5753/5753/5753 
f 5753/5753/5753 5752/5752/5752 5754/5754/5754 
f 5755/5755/5755 5756/5756/5756 5757/5757/5757 
f 5757/5757/5757 5756/5756/5756 5758/5758/5758 
f 5759/5759/5759 5760/5760/5760 5761/5761/5761 
f 5761/5761/5761 5760/5760/5760 5762/5762/5762 

g Height170

v -179 12.8 372 
v -179 12.8 359 
v -179 12.6 372 
v -179 12.6 359 
v -142 12.8 359 
v -179 12.8 359 
v -142 12.8 372 
v -179 12.8 372 
v -179 12.8 359 
v -142 12.8 359 
v -179 12.6 359 
v -142 12.6 359 
v -142 12.8 359 
v -142 12.8 372 
v -142 12.6 359 
v -142 12.6 372 
v -142 12.6 372 
v -179 12.6 372 
v -142 12.6 359 
v -179 12.6 359 
v -142 12.8 372 
v -179 12.8 372 
v -142 12.6 372 
v -179 12.6 372 

vn -1 0 0 
vn -1 0 0 
vn -1 0 0 
vn -1 0 0 
vn 0 1 0 
vn 0 1 0 
vn 0 1 0 
vn 0 1 0 
vn 0 0 -1 
vn 0 0 -1 
vn 0 0 -1 
vn 0 0 -1 
vn 1 0 0 
vn 1 0 0 
vn 1 0 0 
vn 1 0 0 
vn 0 -1 0 
vn 0 -1 0 
vn 0 -1 0 
vn 0 -1 0 
vn 0 0 1 
vn 0 0 1 
vn 0 0 1 
vn 0 0 1 

vt 6.875 -3.5 
vt 5.25 -3.5 
vt 6.875 -3.525 
vt 5.25 -3.525 
vt 9.875 -3.5 
vt 5.25 -3.5 
vt 9.875 -5.125 
vt 5.25 -5.125 
vt 9.875 -3.5 
vt 5.25 -3.5 
vt 9.875 -3.525 
vt 5.25 -3.525 
vt 6.875 -3.5 
vt 5.25 -3.5 
vt 6.875 -3.525 
vt 5.25 -3.525 
vt 9.875 -3.5 
vt 5.25 -3.5 
vt 9.875 -5.125 
vt 5.25 -5.125 
vt 9.875 -3.5 
vt 5.25 -3.5 
vt 9.875 -3.525 
vt 5.25 -3.525 

usemtl Height2Mtl

f 5763/5763/5763 5764/5764/5764 5765/5765/5765 
f 5765/5765/5765 5764/5764/5764 5766/5766/5766 
f 5767/5767/5767 5768/5768/5768 5769/5769/5769 
f 5769/5769/5769 5768/5768/5768 5770/5770/5770 
f 5771/5771/5771 5772/5772/5772 5773/5773/5773 
f 5773/5773/5773 5772/5772/5772 5774/5774/5774 
f 5775/5775/5775 5776/5776/5776 5777/5777/5777 
f 5777/5777/5777 5776/5776/5776 5778/5778/5778 
f 5779/5779/5779 5780/5780/5780 5781/5781/5781 
f 5781/5781/5781 5780/5780/5780 5782/5782/5782 
f 5783/5783/5783 5784/5784/5784 5785/5785/5785 
f 5785/5785/5785 5784/5784/5784 5786/5786/5786 

g Height171

v -314 16.2 346 
v -66 16.2 346 
v -314 0.199999 346 
v -66 0.199999 346 
v -66 16.2 347 
v -66 16.2 346 
v -314 16.2 347 
v -314 16.2 346 
v -66 16.2 346 
v -66 16.2 347 
v -66 0.199999 346 
v -66 0.199999 347 
v -66 16.2 347 
v -314 16.2 347 
v -66 0.199999 347 
v -314 0.199999 347 
v -314 0.199999 347 
v -314 0.199999 346 
v -66 0.199999 347 
v -66 0.199999 346 
v -314 16.2 347 
v -314 16.2 346 
v -314 0.199999 347 
v -314 0.199999 346 

vn 0 0 -1 
vn 0 0 -1 
vn 0 0 -1 
vn 0 0 -1 
vn 0 1 0 
vn 0 1 0 
vn 0 1 0 
vn 0 1 0 
vn 1 0 0 
vn 1 0 0 
vn 1 0 0 
vn 1 0 0 
vn 0 0 1 
vn 0 0 1 
vn 0 0 1 
vn 0 0 1 
vn 0 -1 0 
vn 0 -1 0 
vn 0 -1 0 
vn 0 -1 0 
vn -1 0 0 
vn -1 0 0 
vn -1 0 0 
vn -1 0 0 

vt 34.5 -6 
vt 3.5 -6 
vt 34.5 -8 
vt 3.5 -8 
vt 3.625 -6 
vt 3.5 -6 
vt 3.625 -37 
vt 3.5 -37 
vt 3.625 -6 
vt 3.5 -6 
vt 3.625 -8 
vt 3.5 -8 
vt 34.5 -6 
vt 3.5 -6 
vt 34.5 -8 
vt 3.5 -8 
vt 3.625 -6 
vt 3.5 -6 
vt 3.625 -37 
vt 3.5 -37 
vt 3.625 -6 
vt 3.5 -6 
vt 3.625 -8 
vt 3.5 -8 

usemtl Height113Mtl

f 5787/5787/5787 5788/5788/5788 5789/5789/5789 
f 5789/5789/5789 5788/5788/5788 5790/5790/5790 
f 5791/5791/5791 5792/5792/5792 5793/5793/5793 
f 5793/5793/5793 5792/5792/5792 5794/5794/5794 
f 5795/5795/5795 5796/5796/5796 5797/5797/5797 
f 5797/5797/5797 5796/5796/5796 5798/5798/5798 
f 5799/5799/5799 5800/5800/5800 5801/5801/5801 
f 5801/5801/5801 5800/5800/5800 5802/5802/5802 
f 5803/5803/5803 5804/5804/5804 5805/5805/5805 
f 5805/5805/5805 5804/5804/5804 5806/5806/5806 
f 5807/5807/5807 5808/5808/5808 5809/5809/5809 
f 5809/5809/5809 5808/5808/5808 5810/5810/5810 

g Height172

v -198 12.6 347 
v -198 12.6 360 
v -198 0.199999 347 
v -198 0.199999 360 
v -235 12.6 360 
v -198 12.6 360 
v -235 12.6 347 
v -198 12.6 347 
v -198 12.6 360 
v -235 12.6 360 
v -198 0.199999 360 
v -235 0.199999 360 
v -235 12.6 360 
v -235 12.6 347 
v -235 0.199999 360 
v -235 0.199999 347 
v -235 0.199999 347 
v -198 0.199999 347 
v -235 0.199999 360 
v -198 0.199999 360 
v -235 12.6 347 
v -198 12.6 347 
v -235 0.199999 347 
v -198 0.199999 347 

vn 1 0 0 
vn 1 0 0 
vn 1 0 0 
vn 1 0 0 
vn 0 1 0 
vn 0 1 0 
vn 0 1 0 
vn 0 1 0 
vn 0 0 1 
vn 0 0 1 
vn 0 0 1 
vn 0 0 1 
vn -1 0 0 
vn -1 0 0 
vn -1 0 0 
vn -1 0 0 
vn 0 -1 0 
vn 0 -1 0 
vn 0 -1 0 
vn 0 -1 0 
vn 0 0 -1 
vn 0 0 -1 
vn 0 0 -1 
vn 0 0 -1 

vt 6.875 -4.75 
vt 5.25 -4.75 
vt 6.875 -6.3 
vt 5.25 -6.3 
vt 9.875 -4.75 
vt 5.25 -4.75 
vt 9.875 -6.375 
vt 5.25 -6.375 
vt 9.875 -4.75 
vt 5.25 -4.75 
vt 9.875 -6.3 
vt 5.25 -6.3 
vt 6.875 -4.75 
vt 5.25 -4.75 
vt 6.875 -6.3 
vt 5.25 -6.3 
vt 9.875 -4.75 
vt 5.25 -4.75 
vt 9.875 -6.375 
vt 5.25 -6.375 
vt 9.875 -4.75 
vt 5.25 -4.75 
vt 9.875 -6.3 
vt 5.25 -6.3 

usemtl Height11Mtl

f 5811/5811/5811 5812/5812/5812 5813/5813/5813 
f 5813/5813/5813 5812/5812/5812 5814/5814/5814 
f 5815/5815/5815 5816/5816/5816 5817/5817/5817 
f 5817/5817/5817 5816/5816/5816 5818/5818/5818 
f 5819/5819/5819 5820/5820/5820 5821/5821/5821 
f 5821/5821/5821 5820/5820/5820 5822/5822/5822 
f 5823/5823/5823 5824/5824/5824 5825/5825/5825 
f 5825/5825/5825 5824/5824/5824 5826/5826/5826 
f 5827/5827/5827 5828/5828/5828 5829/5829/5829 
f 5829/5829/5829 5828/5828/5828 5830/5830/5830 
f 5831/5831/5831 5832/5832/5832 5833/5833/5833 
f 5833/5833/5833 5832/5832/5832 5834/5834/5834 

g Height173

v -197.995 12.6 347 
v -197.995 12.6 360 
v -197.995 0.199999 347 
v -197.995 0.199999 360 

vn 1 0 0 
vn 1 0 0 
vn 1 0 0 
vn 1 0 0 

vt 1 1 
vt 0 1 
vt 1 0 
vt 0 0 

usemtl Height5Mtl

f 5835/5835/5835 5836/5836/5836 5837/5837/5837 
f 5837/5837/5837 5836/5836/5836 5838/5838/5838 

g Height174

v -228 19.2 390 
v -233 19.2 390 
v -228 16 390 
v -233 16 390 
v -233 19.2 386 
v -233 19.2 390 
v -228 19.2 386 
v -228 19.2 390 
v -233 19.2 390 
v -233 19.2 386 
v -233 16 390 
v -233 16 386 
v -233 19.2 386 
v -228 19.2 386 
v -233 16 386 
v -228 16 386 
v -228 16 386 
v -228 16 390 
v -233 16 386 
v -233 16 390 
v -228 19.2 386 
v -228 19.2 390 
v -228 16 386 
v -228 16 390 

vn 0 0 1 
vn 0 0 1 
vn 0 0 1 
vn 0 0 1 
vn 0 1 0 
vn 0 1 0 
vn 0 1 0 
vn 0 1 0 
vn -1 0 0 
vn -1 0 0 
vn -1 0 0 
vn -1 0 0 
vn 0 0 -1 
vn 0 0 -1 
vn 0 0 -1 
vn 0 0 -1 
vn 0 -1 0 
vn 0 -1 0 
vn 0 -1 0 
vn 0 -1 0 
vn 1 0 0 
vn 1 0 0 
vn 1 0 0 
vn 1 0 0 

vt 6.625 -1.75 
vt 6 -1.75 
vt 6.625 -2.15 
vt 6 -2.15 
vt 6.5 -1.75 
vt 6 -1.75 
vt 6.5 -2.375 
vt 6 -2.375 
vt 6.5 -1.75 
vt 6 -1.75 
vt 6.5 -2.15 
vt 6 -2.15 
vt 6.625 -1.75 
vt 6 -1.75 
vt 6.625 -2.15 
vt 6 -2.15 
vt 6.5 -1.75 
vt 6 -1.75 
vt 6.5 -2.375 
vt 6 -2.375 
vt 6.5 -1.75 
vt 6 -1.75 
vt 6.5 -2.15 
vt 6 -2.15 

usemtl Height1Mtl

f 5839/5839/5839 5840/5840/5840 5841/5841/5841 
f 5841/5841/5841 5840/5840/5840 5842/5842/5842 
f 5843/5843/5843 5844/5844/5844 5845/5845/5845 
f 5845/5845/5845 5844/5844/5844 5846/5846/5846 
f 5847/5847/5847 5848/5848/5848 5849/5849/5849 
f 5849/5849/5849 5848/5848/5848 5850/5850/5850 
f 5851/5851/5851 5852/5852/5852 5853/5853/5853 
f 5853/5853/5853 5852/5852/5852 5854/5854/5854 
f 5855/5855/5855 5856/5856/5856 5857/5857/5857 
f 5857/5857/5857 5856/5856/5856 5858/5858/5858 
f 5859/5859/5859 5860/5860/5860 5861/5861/5861 
f 5861/5861/5861 5860/5860/5860 5862/5862/5862 

g Height175

v -217.12 18.7004 392 
v -217.12 18.7004 395.6 
v -212.52 18.7004 392 
v -212.52 18.7004 395.6 
v -217.12 16.5004 395.6 
v -217.12 18.7004 395.6 
v -217.12 16.5004 392 
v -217.12 18.7004 392 
v -217.12 18.7004 395.6 
v -217.12 16.5004 395.6 
v -212.52 18.7004 395.6 
v -212.52 16.5004 395.6 
v -217.12 16.5004 395.6 
v -217.12 16.5004 392 
v -212.52 16.5004 395.6 
v -212.52 16.5004 392 
v -212.52 16.5004 392 
v -212.52 18.7004 392 
v -212.52 16.5004 395.6 
v -212.52 18.7004 395.6 
v -217.12 16.5004 392 
v -217.12 18.7004 392 
v -212.52 16.5004 392 
v -212.52 18.7004 392 

vn 0 1 0 
vn 0 1 0 
vn 0 1 0 
vn 0 1 0 
vn -1 0 0 
vn -1 0 0 
vn -1 0 0 
vn -1 0 0 
vn 0 0 1 
vn 0 0 1 
vn 0 0 1 
vn 0 0 1 
vn 0 -1 0 
vn 0 -1 0 
vn 0 -1 0 
vn 0 -1 0 
vn 1 0 0 
vn 1 0 0 
vn 1 0 0 
vn 1 0 0 
vn 0 0 -1 
vn 0 0 -1 
vn 0 0 -1 
vn 0 0 -1 

vt 8.2 -4.5 
vt 7.75 -4.5 
vt 8.2 -5.075 
vt 7.75 -5.075 
vt 8.025 -4.5 
vt 7.75 -4.5 
vt 8.025 -4.95 
vt 7.75 -4.95 
vt 8.025 -4.5 
vt 7.75 -4.5 
vt 8.025 -5.075 
vt 7.75 -5.075 
vt 8.2 -4.5 
vt 7.75 -4.5 
vt 8.2 -5.075 
vt 7.75 -5.075 
vt 8.025 -4.5 
vt 7.75 -4.5 
vt 8.025 -4.95 
vt 7.75 -4.95 
vt 8.025 -4.5 
vt 7.75 -4.5 
vt 8.025 -5.075 
vt 7.75 -5.075 

usemtl Height15Mtl

f 5863/5863/5863 5864/5864/5864 5865/5865/5865 
f 5865/5865/5865 5864/5864/5864 5866/5866/5866 
f 5867/5867/5867 5868/5868/5868 5869/5869/5869 
f 5869/5869/5869 5868/5868/5868 5870/5870/5870 
f 5871/5871/5871 5872/5872/5872 5873/5873/5873 
f 5873/5873/5873 5872/5872/5872 5874/5874/5874 
f 5875/5875/5875 5876/5876/5876 5877/5877/5877 
f 5877/5877/5877 5876/5876/5876 5878/5878/5878 
f 5879/5879/5879 5880/5880/5880 5881/5881/5881 
f 5881/5881/5881 5880/5880/5880 5882/5882/5882 
f 5883/5883/5883 5884/5884/5884 5885/5885/5885 
f 5885/5885/5885 5884/5884/5884 5886/5886/5886 

g Height176

v -217.12 18.7054 392 
v -217.12 18.7054 395.6 
v -212.52 18.7054 392 
v -212.52 18.7054 395.6 

vn 0 1 0 
vn 0 1 0 
vn 0 1 0 
vn 0 1 0 

vt 1 1 
vt 0 1 
vt 1 0 
vt 0 0 

usemtl Height16Mtl

f 5887/5887/5887 5888/5888/5888 5889/5889/5889 
f 5889/5889/5889 5888/5888/5888 5890/5890/5890 

g Height177

v -229 16 386 
v -229 16 391 
v -229 12.8 386 
v -229 12.8 391 
v -233 16 391 
v -229 16 391 
v -233 16 386 
v -229 16 386 
v -229 16 391 
v -233 16 391 
v -229 12.8 391 
v -233 12.8 391 
v -233 16 391 
v -233 16 386 
v -233 12.8 391 
v -233 12.8 386 
v -233 12.8 386 
v -229 12.8 386 
v -233 12.8 391 
v -229 12.8 391 
v -233 16 386 
v -229 16 386 
v -233 12.8 386 
v -229 12.8 386 

vn 1 0 0 
vn 1 0 0 
vn 1 0 0 
vn 1 0 0 
vn 0 1 0 
vn 0 1 0 
vn 0 1 0 
vn 0 1 0 
vn 0 0 1 
vn 0 0 1 
vn 0 0 1 
vn 0 0 1 
vn -1 0 0 
vn -1 0 0 
vn -1 0 0 
vn -1 0 0 
vn 0 -1 0 
vn 0 -1 0 
vn 0 -1 0 
vn 0 -1 0 
vn 0 0 -1 
vn 0 0 -1 
vn 0 0 -1 
vn 0 0 -1 

vt 2.625 -0.75 
vt 2 -0.75 
vt 2.625 -1.15 
vt 2 -1.15 
vt 2.5 -0.75 
vt 2 -0.75 
vt 2.5 -1.375 
vt 2 -1.375 
vt 2.5 -0.75 
vt 2 -0.75 
vt 2.5 -1.15 
vt 2 -1.15 
vt 2.625 -0.75 
vt 2 -0.75 
vt 2.625 -1.15 
vt 2 -1.15 
vt 2.5 -0.75 
vt 2 -0.75 
vt 2.5 -1.375 
vt 2 -1.375 
vt 2.5 -0.75 
vt 2 -0.75 
vt 2.5 -1.15 
vt 2 -1.15 

usemtl Height1Mtl

f 5891/5891/5891 5892/5892/5892 5893/5893/5893 
f 5893/5893/5893 5892/5892/5892 5894/5894/5894 
f 5895/5895/5895 5896/5896/5896 5897/5897/5897 
f 5897/5897/5897 5896/5896/5896 5898/5898/5898 
f 5899/5899/5899 5900/5900/5900 5901/5901/5901 
f 5901/5901/5901 5900/5900/5900 5902/5902/5902 
f 5903/5903/5903 5904/5904/5904 5905/5905/5905 
f 5905/5905/5905 5904/5904/5904 5906/5906/5906 
f 5907/5907/5907 5908/5908/5908 5909/5909/5909 
f 5909/5909/5909 5908/5908/5908 5910/5910/5910 
f 5911/5911/5911 5912/5912/5912 5913/5913/5913 
f 5913/5913/5913 5912/5912/5912 5914/5914/5914 

g Height178

v -123.8 12.6 384 
v -125 12.6 384 
v -123.8 0.399999 384 
v -125 0.399999 384 
v -125 12.6 347 
v -125 12.6 384 
v -123.8 12.6 347 
v -123.8 12.6 384 
v -125 12.6 384 
v -125 12.6 347 
v -125 0.399999 384 
v -125 0.399999 347 
v -125 12.6 347 
v -123.8 12.6 347 
v -125 0.399999 347 
v -123.8 0.399999 347 
v -123.8 0.399999 347 
v -123.8 0.399999 384 
v -125 0.399999 347 
v -125 0.399999 384 
v -123.8 12.6 347 
v -123.8 12.6 384 
v -123.8 0.399999 347 
v -123.8 0.399999 384 

vn 0 0 1 
vn 0 0 1 
vn 0 0 1 
vn 0 0 1 
vn 0 1 0 
vn 0 1 0 
vn 0 1 0 
vn 0 1 0 
vn -1 0 0 
vn -1 0 0 
vn -1 0 0 
vn -1 0 0 
vn 0 0 -1 
vn 0 0 -1 
vn 0 0 -1 
vn 0 0 -1 
vn 0 -1 0 
vn 0 -1 0 
vn 0 -1 0 
vn 0 -1 0 
vn 1 0 0 
vn 1 0 0 
vn 1 0 0 
vn 1 0 0 

vt 4.4 -5.25 
vt 4.25 -5.25 
vt 4.4 -6.775 
vt 4.25 -6.775 
vt 8.875 -5.25 
vt 4.25 -5.25 
vt 8.875 -5.4 
vt 4.25 -5.4 
vt 8.875 -5.25 
vt 4.25 -5.25 
vt 8.875 -6.775 
vt 4.25 -6.775 
vt 4.4 -5.25 
vt 4.25 -5.25 
vt 4.4 -6.775 
vt 4.25 -6.775 
vt 8.875 -5.25 
vt 4.25 -5.25 
vt 8.875 -5.4 
vt 4.25 -5.4 
vt 8.875 -5.25 
vt 4.25 -5.25 
vt 8.875 -6.775 
vt 4.25 -6.775 

usemtl Height11Mtl

f 5915/5915/5915 5916/5916/5916 5917/5917/5917 
f 5917/5917/5917 5916/5916/5916 5918/5918/5918 
f 5919/5919/5919 5920/5920/5920 5921/5921/5921 
f 5921/5921/5921 5920/5920/5920 5922/5922/5922 
f 5923/5923/5923 5924/5924/5924 5925/5925/5925 
f 5925/5925/5925 5924/5924/5924 5926/5926/5926 
f 5927/5927/5927 5928/5928/5928 5929/5929/5929 
f 5929/5929/5929 5928/5928/5928 5930/5930/5930 
f 5931/5931/5931 5932/5932/5932 5933/5933/5933 
f 5933/5933/5933 5932/5932/5932 5934/5934/5934 
f 5935/5935/5935 5936/5936/5936 5937/5937/5937 
f 5937/5937/5937 5936/5936/5936 5938/5938/5938 

g Height179

v -213.4 15.5 395.6 
v -213.4 15.5 392 
v -218 15.5 395.6 
v -218 15.5 392 
v -213.4 13.3 392 
v -213.4 15.5 392 
v -213.4 13.3 395.6 
v -213.4 15.5 395.6 
v -213.4 15.5 392 
v -213.4 13.3 392 
v -218 15.5 392 
v -218 13.3 392 
v -213.4 13.3 392 
v -213.4 13.3 395.6 
v -218 13.3 392 
v -218 13.3 395.6 
v -218 13.3 395.6 
v -218 15.5 395.6 
v -218 13.3 392 
v -218 15.5 392 
v -213.4 13.3 395.6 
v -213.4 15.5 395.6 
v -218 13.3 395.6 
v -218 15.5 395.6 

vn 0 1 0 
vn 0 1 0 
vn 0 1 0 
vn 0 1 0 
vn 1 0 0 
vn 1 0 0 
vn 1 0 0 
vn 1 0 0 
vn 0 0 -1 
vn 0 0 -1 
vn 0 0 -1 
vn 0 0 -1 
vn 0 -1 0 
vn 0 -1 0 
vn 0 -1 0 
vn 0 -1 0 
vn -1 0 0 
vn -1 0 0 
vn -1 0 0 
vn -1 0 0 
vn 0 0 1 
vn 0 0 1 
vn 0 0 1 
vn 0 0 1 

vt 1.7 0 
vt 1.25 0 
vt 1.7 -0.575 
vt 1.25 -0.575 
vt 1.525 0 
vt 1.25 0 
vt 1.525 -0.45 
vt 1.25 -0.45 
vt 1.525 0 
vt 1.25 0 
vt 1.525 -0.575 
vt 1.25 -0.575 
vt 1.7 0 
vt 1.25 0 
vt 1.7 -0.575 
vt 1.25 -0.575 
vt 1.525 0 
vt 1.25 0 
vt 1.525 -0.45 
vt 1.25 -0.45 
vt 1.525 0 
vt 1.25 0 
vt 1.525 -0.575 
vt 1.25 -0.575 

usemtl Height15Mtl

f 5939/5939/5939 5940/5940/5940 5941/5941/5941 
f 5941/5941/5941 5940/5940/5940 5942/5942/5942 
f 5943/5943/5943 5944/5944/5944 5945/5945/5945 
f 5945/5945/5945 5944/5944/5944 5946/5946/5946 
f 5947/5947/5947 5948/5948/5948 5949/5949/5949 
f 5949/5949/5949 5948/5948/5948 5950/5950/5950 
f 5951/5951/5951 5952/5952/5952 5953/5953/5953 
f 5953/5953/5953 5952/5952/5952 5954/5954/5954 
f 5955/5955/5955 5956/5956/5956 5957/5957/5957 
f 5957/5957/5957 5956/5956/5956 5958/5958/5958 
f 5959/5959/5959 5960/5960/5960 5961/5961/5961 
f 5961/5961/5961 5960/5960/5960 5962/5962/5962 

g Height180

v -213.4 15.505 395.6 
v -213.4 15.505 392 
v -218 15.505 395.6 
v -218 15.505 392 

vn 0 1 0 
vn 0 1 0 
vn 0 1 0 
vn 0 1 0 

vt 1 1 
vt 0 1 
vt 1 0 
vt 0 0 

usemtl Height16Mtl

f 5963/5963/5963 5964/5964/5964 5965/5965/5965 
f 5965/5965/5965 5964/5964/5964 5966/5966/5966 

g Height181

v -111.8 12.6 384 
v -113 12.6 384 
v -111.8 0.399999 384 
v -113 0.399999 384 
v -113 12.6 347 
v -113 12.6 384 
v -111.8 12.6 347 
v -111.8 12.6 384 
v -113 12.6 384 
v -113 12.6 347 
v -113 0.399999 384 
v -113 0.399999 347 
v -113 12.6 347 
v -111.8 12.6 347 
v -113 0.399999 347 
v -111.8 0.399999 347 
v -111.8 0.399999 347 
v -111.8 0.399999 384 
v -113 0.399999 347 
v -113 0.399999 384 
v -111.8 12.6 347 
v -111.8 12.6 384 
v -111.8 0.399999 347 
v -111.8 0.399999 384 

vn 0 0 1 
vn 0 0 1 
vn 0 0 1 
vn 0 0 1 
vn 0 1 0 
vn 0 1 0 
vn 0 1 0 
vn 0 1 0 
vn -1 0 0 
vn -1 0 0 
vn -1 0 0 
vn -1 0 0 
vn 0 0 -1 
vn 0 0 -1 
vn 0 0 -1 
vn 0 0 -1 
vn 0 -1 0 
vn 0 -1 0 
vn 0 -1 0 
vn 0 -1 0 
vn 1 0 0 
vn 1 0 0 
vn 1 0 0 
vn 1 0 0 

vt 6.4 1 
vt 6.25 1 
vt 6.4 -0.525 
vt 6.25 -0.525 
vt 10.875 1 
vt 6.25 1 
vt 10.875 0.85 
vt 6.25 0.85 
vt 10.875 1 
vt 6.25 1 
vt 10.875 -0.525 
vt 6.25 -0.525 
vt 6.4 1 
vt 6.25 1 
vt 6.4 -0.525 
vt 6.25 -0.525 
vt 10.875 1 
vt 6.25 1 
vt 10.875 0.85 
vt 6.25 0.85 
vt 10.875 1 
vt 6.25 1 
vt 10.875 -0.525 
vt 6.25 -0.525 

usemtl Height11Mtl

f 5967/5967/5967 5968/5968/5968 5969/5969/5969 
f 5969/5969/5969 5968/5968/5968 5970/5970/5970 
f 5971/5971/5971 5972/5972/5972 5973/5973/5973 
f 5973/5973/5973 5972/5972/5972 5974/5974/5974 
f 5975/5975/5975 5976/5976/5976 5977/5977/5977 
f 5977/5977/5977 5976/5976/5976 5978/5978/5978 
f 5979/5979/5979 5980/5980/5980 5981/5981/5981 
f 5981/5981/5981 5980/5980/5980 5982/5982/5982 
f 5983/5983/5983 5984/5984/5984 5985/5985/5985 
f 5985/5985/5985 5984/5984/5984 5986/5986/5986 
f 5987/5987/5987 5988/5988/5988 5989/5989/5989 
f 5989/5989/5989 5988/5988/5988 5990/5990/5990 

g Height182

v -106.8 12.4 384 
v -107 12.4 384 
v -106.8 0.199999 384 
v -107 0.199999 384 
v -107 12.4 347 
v -107 12.4 384 
v -106.8 12.4 347 
v -106.8 12.4 384 
v -107 12.4 384 
v -107 12.4 347 
v -107 0.199999 384 
v -107 0.199999 347 
v -107 12.4 347 
v -106.8 12.4 347 
v -107 0.199999 347 
v -106.8 0.199999 347 
v -106.8 0.199999 347 
v -106.8 0.199999 384 
v -107 0.199999 347 
v -107 0.199999 384 
v -106.8 12.4 347 
v -106.8 12.4 384 
v -106.8 0.199999 347 
v -106.8 0.199999 384 

vn 0 0 1 
vn 0 0 1 
vn 0 0 1 
vn 0 0 1 
vn 0 1 0 
vn 0 1 0 
vn 0 1 0 
vn 0 1 0 
vn -1 0 0 
vn -1 0 0 
vn -1 0 0 
vn -1 0 0 
vn 0 0 -1 
vn 0 0 -1 
vn 0 0 -1 
vn 0 0 -1 
vn 0 -1 0 
vn 0 -1 0 
vn 0 -1 0 
vn 0 -1 0 
vn 1 0 0 
vn 1 0 0 
vn 1 0 0 
vn 1 0 0 

vt 0.025 -6.5 
vt 0 -6.5 
vt 0.025 -8.025 
vt 0 -8.025 
vt 4.625 -6.5 
vt 0 -6.5 
vt 4.625 -6.525 
vt 0 -6.525 
vt 4.625 -6.5 
vt 0 -6.5 
vt 4.625 -8.025 
vt 0 -8.025 
vt 0.025 -6.5 
vt 0 -6.5 
vt 0.025 -8.025 
vt 0 -8.025 
vt 4.625 -6.5 
vt 0 -6.5 
vt 4.625 -6.525 
vt 0 -6.525 
vt 4.625 -6.5 
vt 0 -6.5 
vt 4.625 -8.025 
vt 0 -8.025 

usemtl Height11Mtl

f 5991/5991/5991 5992/5992/5992 5993/5993/5993 
f 5993/5993/5993 5992/5992/5992 5994/5994/5994 
f 5995/5995/5995 5996/5996/5996 5997/5997/5997 
f 5997/5997/5997 5996/5996/5996 5998/5998/5998 
f 5999/5999/5999 6000/6000/6000 6001/6001/6001 
f 6001/6001/6001 6000/6000/6000 6002/6002/6002 
f 6003/6003/6003 6004/6004/6004 6005/6005/6005 
f 6005/6005/6005 6004/6004/6004 6006/6006/6006 
f 6007/6007/6007 6008/6008/6008 6009/6009/6009 
f 6009/6009/6009 6008/6008/6008 6010/6010/6010 
f 6011/6011/6011 6012/6012/6012 6013/6013/6013 
f 6013/6013/6013 6012/6012/6012 6014/6014/6014 

g Floor1

v -65 0.199999 346 
v -65 0.199999 496 
v -65 -5.73695e-07 346 
v -65 -5.73695e-07 496 
v -315 0.199999 496 
v -65 0.199999 496 
v -315 0.199999 346 
v -65 0.199999 346 
v -65 0.199999 496 
v -315 0.199999 496 
v -65 -5.73695e-07 496 
v -315 -5.73695e-07 496 
v -315 0.199999 496 
v -315 0.199999 346 
v -315 -5.73695e-07 496 
v -315 -5.73695e-07 346 
v -315 -5.73695e-07 346 
v -65 -5.73695e-07 346 
v -315 -5.73695e-07 496 
v -65 -5.73695e-07 496 
v -315 0.199999 346 
v -65 0.199999 346 
v -315 -5.73695e-07 346 
v -65 -5.73695e-07 346 

vn 1 0 0 
vn 1 0 0 
vn 1 0 0 
vn 1 0 0 
vn 0 1 0 
vn 0 1 0 
vn 0 1 0 
vn 0 1 0 
vn 0 0 1 
vn 0 0 1 
vn 0 0 1 
vn 0 0 1 
vn -1 0 0 
vn -1 0 0 
vn -1 0 0 
vn -1 0 0 
vn 0 -1 0 
vn 0 -1 0 
vn 0 -1 0 
vn 0 -1 0 
vn 0 0 -1 
vn 0 0 -1 
vn 0 0 -1 
vn 0 0 -1 

vt 12.5558 4.6027 
vt -6.1942 4.6027 
vt 12.5558 4.5777 
vt -6.1942 4.5777 
vt 25.0558 4.6027 
vt -6.1942 4.6027 
vt 25.0558 -14.1473 
vt -6.1942 -14.1473 
vt 25.0558 4.6027 
vt -6.1942 4.6027 
vt 25.0558 4.5777 
vt -6.1942 4.5777 
vt 12.5558 4.6027 
vt -6.1942 4.6027 
vt 12.5558 4.5777 
vt -6.1942 4.5777 
vt 25.0558 4.6027 
vt -6.1942 4.6027 
vt 25.0558 -14.1473 
vt -6.1942 -14.1473 
vt 25.0558 4.6027 
vt -6.1942 4.6027 
vt 25.0558 4.5777 
vt -6.1942 4.5777 

usemtl Floor1Mtl

f 6015/6015/6015 6016/6016/6016 6017/6017/6017 
f 6017/6017/6017 6016/6016/6016 6018/6018/6018 
f 6019/6019/6019 6020/6020/6020 6021/6021/6021 
f 6021/6021/6021 6020/6020/6020 6022/6022/6022 
f 6023/6023/6023 6024/6024/6024 6025/6025/6025 
f 6025/6025/6025 6024/6024/6024 6026/6026/6026 
f 6027/6027/6027 6028/6028/6028 6029/6029/6029 
f 6029/6029/6029 6028/6028/6028 6030/6030/6030 
f 6031/6031/6031 6032/6032/6032 6033/6033/6033 
f 6033/6033/6033 6032/6032/6032 6034/6034/6034 
f 6035/6035/6035 6036/6036/6036 6037/6037/6037 
f 6037/6037/6037 6036/6036/6036 6038/6038/6038 

g Floor2

v -315 0.204999 496 
v -65 0.204999 496 
v -315 0.204999 346 
v -65 0.204999 346 

vn 0 1 0 
vn 0 1 0 
vn 0 1 0 
vn 0 1 0 

vt 31.25 1 
vt 0 1 
vt 31.25 -17.75 
vt 0 -17.75 

usemtl Floor2Mtl

f 6039/6039/6039 6040/6040/6040 6041/6041/6041 
f 6041/6041/6041 6040/6040/6040 6042/6042/6042 

g Height183

v -83 6.79992 493.8 
v -83 6.79992 488.8 
v -83 3.59992 493.8 
v -83 3.59992 488.8 
v -79 6.79992 488.8 
v -83 6.79992 488.8 
v -79 6.79992 493.8 
v -83 6.79992 493.8 
v -83 6.79992 488.8 
v -79 6.79992 488.8 
v -83 3.59992 488.8 
v -79 3.59992 488.8 
v -79 6.79992 488.8 
v -79 6.79992 493.8 
v -79 3.59992 488.8 
v -79 3.59992 493.8 
v -79 3.59992 493.8 
v -83 3.59992 493.8 
v -79 3.59992 488.8 
v -83 3.59992 488.8 
v -79 6.79992 493.8 
v -83 6.79992 493.8 
v -79 3.59992 493.8 
v -83 3.59992 493.8 

vn -1 0 0 
vn -1 0 0 
vn -1 0 0 
vn -1 0 0 
vn 0 1 0 
vn 0 1 0 
vn 0 1 0 
vn 0 1 0 
vn 0 0 -1 
vn 0 0 -1 
vn 0 0 -1 
vn 0 0 -1 
vn 1 0 0 
vn 1 0 0 
vn 1 0 0 
vn 1 0 0 
vn 0 -1 0 
vn 0 -1 0 
vn 0 -1 0 
vn 0 -1 0 
vn 0 0 1 
vn 0 0 1 
vn 0 0 1 
vn 0 0 1 

vt 2.375 -0.5 
vt 1.75 -0.5 
vt 2.375 -0.9 
vt 1.75 -0.9 
vt 2.25 -0.5 
vt 1.75 -0.5 
vt 2.25 -1.125 
vt 1.75 -1.125 
vt 2.25 -0.5 
vt 1.75 -0.5 
vt 2.25 -0.9 
vt 1.75 -0.9 
vt 2.375 -0.5 
vt 1.75 -0.5 
vt 2.375 -0.9 
vt 1.75 -0.9 
vt 2.25 -0.5 
vt 1.75 -0.5 
vt 2.25 -1.125 
vt 1.75 -1.125 
vt 2.25 -0.5 
vt 1.75 -0.5 
vt 2.25 -0.9 
vt 1.75 -0.9 

usemtl Height1Mtl

f 6043/6043/6043 6044/6044/6044 6045/6045/6045 
f 6045/6045/6045 6044/6044/6044 6046/6046/6046 
f 6047/6047/6047 6048/6048/6048 6049/6049/6049 
f 6049/6049/6049 6048/6048/6048 6050/6050/6050 
f 6051/6051/6051 6052/6052/6052 6053/6053/6053 
f 6053/6053/6053 6052/6052/6052 6054/6054/6054 
f 6055/6055/6055 6056/6056/6056 6057/6057/6057 
f 6057/6057/6057 6056/6056/6056 6058/6058/6058 
f 6059/6059/6059 6060/6060/6060 6061/6061/6061 
f 6061/6061/6061 6060/6060/6060 6062/6062/6062 
f 6063/6063/6063 6064/6064/6064 6065/6065/6065 
f 6065/6065/6065 6064/6064/6064 6066/6066/6066 

g Height184

v -79 6.8 483 
v -79 6.8 488 
v -79 3.6 483 
v -79 3.6 488 
v -83 6.8 488 
v -79 6.8 488 
v -83 6.8 483 
v -79 6.8 483 
v -79 6.8 488 
v -83 6.8 488 
v -79 3.6 488 
v -83 3.6 488 
v -83 6.8 488 
v -83 6.8 483 
v -83 3.6 488 
v -83 3.6 483 
v -83 3.6 483 
v -79 3.6 483 
v -83 3.6 488 
v -79 3.6 488 
v -83 6.8 483 
v -79 6.8 483 
v -83 3.6 483 
v -79 3.6 483 

vn 1 0 0 
vn 1 0 0 
vn 1 0 0 
vn 1 0 0 
vn 0 1 0 
vn 0 1 0 
vn 0 1 0 
vn 0 1 0 
vn 0 0 1 
vn 0 0 1 
vn 0 0 1 
vn 0 0 1 
vn -1 0 0 
vn -1 0 0 
vn -1 0 0 
vn -1 0 0 
vn 0 -1 0 
vn 0 -1 0 
vn 0 -1 0 
vn 0 -1 0 
vn 0 0 -1 
vn 0 0 -1 
vn 0 0 -1 
vn 0 0 -1 

vt 1.125 -2 
vt 0.5 -2 
vt 1.125 -2.4 
vt 0.5 -2.4 
vt 1 -2 
vt 0.5 -2 
vt 1 -2.625 
vt 0.5 -2.625 
vt 1 -2 
vt 0.5 -2 
vt 1 -2.4 
vt 0.5 -2.4 
vt 1.125 -2 
vt 0.5 -2 
vt 1.125 -2.4 
vt 0.5 -2.4 
vt 1 -2 
vt 0.5 -2 
vt 1 -2.625 
vt 0.5 -2.625 
vt 1 -2 
vt 0.5 -2 
vt 1 -2.4 
vt 0.5 -2.4 

usemtl Height1Mtl

f 6067/6067/6067 6068/6068/6068 6069/6069/6069 
f 6069/6069/6069 6068/6068/6068 6070/6070/6070 
f 6071/6071/6071 6072/6072/6072 6073/6073/6073 
f 6073/6073/6073 6072/6072/6072 6074/6074/6074 
f 6075/6075/6075 6076/6076/6076 6077/6077/6077 
f 6077/6077/6077 6076/6076/6076 6078/6078/6078 
f 6079/6079/6079 6080/6080/6080 6081/6081/6081 
f 6081/6081/6081 6080/6080/6080 6082/6082/6082 
f 6083/6083/6083 6084/6084/6084 6085/6085/6085 
f 6085/6085/6085 6084/6084/6084 6086/6086/6086 
f 6087/6087/6087 6088/6088/6088 6089/6089/6089 
f 6089/6089/6089 6088/6088/6088 6090/6090/6090 

g Height185

v -84 3.8 484 
v -84 3.8 489 
v -84 3.6 484 
v -84 3.6 489 
v -88 3.8 489 
v -84 3.8 489 
v -88 3.8 484 
v -84 3.8 484 
v -84 3.8 489 
v -88 3.8 489 
v -84 3.6 489 
v -88 3.6 489 
v -88 3.8 489 
v -88 3.8 484 
v -88 3.6 489 
v -88 3.6 484 
v -88 3.6 484 
v -84 3.6 484 
v -88 3.6 489 
v -84 3.6 489 
v -88 3.8 484 
v -84 3.8 484 
v -88 3.6 484 
v -84 3.6 484 

vn 1 0 0 
vn 1 0 0 
vn 1 0 0 
vn 1 0 0 
vn 0 1 0 
vn 0 1 0 
vn 0 1 0 
vn 0 1 0 
vn 0 0 1 
vn 0 0 1 
vn 0 0 1 
vn 0 0 1 
vn -1 0 0 
vn -1 0 0 
vn -1 0 0 
vn -1 0 0 
vn 0 -1 0 
vn 0 -1 0 
vn 0 -1 0 
vn 0 -1 0 
vn 0 0 -1 
vn 0 0 -1 
vn 0 0 -1 
vn 0 0 -1 

vt 7.375 -5.75 
vt 6.75 -5.75 
vt 7.375 -5.775 
vt 6.75 -5.775 
vt 7.25 -5.75 
vt 6.75 -5.75 
vt 7.25 -6.375 
vt 6.75 -6.375 
vt 7.25 -5.75 
vt 6.75 -5.75 
vt 7.25 -5.775 
vt 6.75 -5.775 
vt 7.375 -5.75 
vt 6.75 -5.75 
vt 7.375 -5.775 
vt 6.75 -5.775 
vt 7.25 -5.75 
vt 6.75 -5.75 
vt 7.25 -6.375 
vt 6.75 -6.375 
vt 7.25 -5.75 
vt 6.75 -5.75 
vt 7.25 -5.775 
vt 6.75 -5.775 

usemtl Height1Mtl

f 6091/6091/6091 6092/6092/6092 6093/6093/6093 
f 6093/6093/6093 6092/6092/6092 6094/6094/6094 
f 6095/6095/6095 6096/6096/6096 6097/6097/6097 
f 6097/6097/6097 6096/6096/6096 6098/6098/6098 
f 6099/6099/6099 6100/6100/6100 6101/6101/6101 
f 6101/6101/6101 6100/6100/6100 6102/6102/6102 
f 6103/6103/6103 6104/6104/6104 6105/6105/6105 
f 6105/6105/6105 6104/6104/6104 6106/6106/6106 
f 6107/6107/6107 6108/6108/6108 6109/6109/6109 
f 6109/6109/6109 6108/6108/6108 6110/6110/6110 
f 6111/6111/6111 6112/6112/6112 6113/6113/6113 
f 6113/6113/6113 6112/6112/6112 6114/6114/6114 

g Height186

v -84 6.8 484 
v -84 6.8 489 
v -84 3.8 484 
v -84 3.8 489 
v -84.2 6.8 489 
v -84 6.8 489 
v -84.2 6.8 484 
v -84 6.8 484 
v -84 6.8 489 
v -84.2 6.8 489 
v -84 3.8 489 
v -84.2 3.8 489 
v -84.2 6.8 489 
v -84.2 6.8 484 
v -84.2 3.8 489 
v -84.2 3.8 484 
v -84.2 3.8 484 
v -84 3.8 484 
v -84.2 3.8 489 
v -84 3.8 489 
v -84.2 6.8 484 
v -84 6.8 484 
v -84.2 3.8 484 
v -84 3.8 484 

vn 1 0 0 
vn 1 0 0 
vn 1 0 0 
vn 1 0 0 
vn 0 1 0 
vn 0 1 0 
vn 0 1 0 
vn 0 1 0 
vn 0 0 1 
vn 0 0 1 
vn 0 0 1 
vn 0 0 1 
vn -1 0 0 
vn -1 0 0 
vn -1 0 0 
vn -1 0 0 
vn 0 -1 0 
vn 0 -1 0 
vn 0 -1 0 
vn 0 -1 0 
vn 0 0 -1 
vn 0 0 -1 
vn 0 0 -1 
vn 0 0 -1 

vt 7.875 0.5 
vt 7.25 0.5 
vt 7.875 0.125 
vt 7.25 0.125 
vt 7.275 0.5 
vt 7.25 0.5 
vt 7.275 -0.125 
vt 7.25 -0.125 
vt 7.275 0.5 
vt 7.25 0.5 
vt 7.275 0.125 
vt 7.25 0.125 
vt 7.875 0.5 
vt 7.25 0.5 
vt 7.875 0.125 
vt 7.25 0.125 
vt 7.275 0.5 
vt 7.25 0.5 
vt 7.275 -0.125 
vt 7.25 -0.125 
vt 7.275 0.5 
vt 7.25 0.5 
vt 7.275 0.125 
vt 7.25 0.125 

usemtl Height1Mtl

f 6115/6115/6115 6116/6116/6116 6117/6117/6117 
f 6117/6117/6117 6116/6116/6116 6118/6118/6118 
f 6119/6119/6119 6120/6120/6120 6121/6121/6121 
f 6121/6121/6121 6120/6120/6120 6122/6122/6122 
f 6123/6123/6123 6124/6124/6124 6125/6125/6125 
f 6125/6125/6125 6124/6124/6124 6126/6126/6126 
f 6127/6127/6127 6128/6128/6128 6129/6129/6129 
f 6129/6129/6129 6128/6128/6128 6130/6130/6130 
f 6131/6131/6131 6132/6132/6132 6133/6133/6133 
f 6133/6133/6133 6132/6132/6132 6134/6134/6134 
f 6135/6135/6135 6136/6136/6136 6137/6137/6137 
f 6137/6137/6137 6136/6136/6136 6138/6138/6138 

g Height187

v -87 3.6 492 
v -87 3.6 487 
v -87 0.399999 492 
v -87 0.399999 487 
v -83 3.6 487 
v -87 3.6 487 
v -83 3.6 492 
v -87 3.6 492 
v -87 3.6 487 
v -83 3.6 487 
v -87 0.399999 487 
v -83 0.399999 487 
v -83 3.6 487 
v -83 3.6 492 
v -83 0.399999 487 
v -83 0.399999 492 
v -83 0.399999 492 
v -87 0.399999 492 
v -83 0.399999 487 
v -87 0.399999 487 
v -83 3.6 492 
v -87 3.6 492 
v -83 0.399999 492 
v -87 0.399999 492 

vn -1 0 0 
vn -1 0 0 
vn -1 0 0 
vn -1 0 0 
vn 0 1 0 
vn 0 1 0 
vn 0 1 0 
vn 0 1 0 
vn 0 0 -1 
vn 0 0 -1 
vn 0 0 -1 
vn 0 0 -1 
vn 1 0 0 
vn 1 0 0 
vn 1 0 0 
vn 1 0 0 
vn 0 -1 0 
vn 0 -1 0 
vn 0 -1 0 
vn 0 -1 0 
vn 0 0 1 
vn 0 0 1 
vn 0 0 1 
vn 0 0 1 

vt 2.375 -5.25 
vt 1.75 -5.25 
vt 2.375 -5.65 
vt 1.75 -5.65 
vt 2.25 -5.25 
vt 1.75 -5.25 
vt 2.25 -5.875 
vt 1.75 -5.875 
vt 2.25 -5.25 
vt 1.75 -5.25 
vt 2.25 -5.65 
vt 1.75 -5.65 
vt 2.375 -5.25 
vt 1.75 -5.25 
vt 2.375 -5.65 
vt 1.75 -5.65 
vt 2.25 -5.25 
vt 1.75 -5.25 
vt 2.25 -5.875 
vt 1.75 -5.875 
vt 2.25 -5.25 
vt 1.75 -5.25 
vt 2.25 -5.65 
vt 1.75 -5.65 

usemtl Height1Mtl

f 6139/6139/6139 6140/6140/6140 6141/6141/6141 
f 6141/6141/6141 6140/6140/6140 6142/6142/6142 
f 6143/6143/6143 6144/6144/6144 6145/6145/6145 
f 6145/6145/6145 6144/6144/6144 6146/6146/6146 
f 6147/6147/6147 6148/6148/6148 6149/6149/6149 
f 6149/6149/6149 6148/6148/6148 6150/6150/6150 
f 6151/6151/6151 6152/6152/6152 6153/6153/6153 
f 6153/6153/6153 6152/6152/6152 6154/6154/6154 
f 6155/6155/6155 6156/6156/6156 6157/6157/6157 
f 6157/6157/6157 6156/6156/6156 6158/6158/6158 
f 6159/6159/6159 6160/6160/6160 6161/6161/6161 
f 6161/6161/6161 6160/6160/6160 6162/6162/6162 

g Height188

v -83 3.59998 493.8 
v -83 3.59998 488.8 
v -83 0.399975 493.8 
v -83 0.399975 488.8 
v -79 3.59998 488.8 
v -83 3.59998 488.8 
v -79 3.59998 493.8 
v -83 3.59998 493.8 
v -83 3.59998 488.8 
v -79 3.59998 488.8 
v -83 0.399975 488.8 
v -79 0.399975 488.8 
v -79 3.59998 488.8 
v -79 3.59998 493.8 
v -79 0.399975 488.8 
v -79 0.399975 493.8 
v -79 0.399975 493.8 
v -83 0.399975 493.8 
v -79 0.399975 488.8 
v -83 0.399975 488.8 
v -79 3.59998 493.8 
v -83 3.59998 493.8 
v -79 0.399975 493.8 
v -83 0.399975 493.8 

vn -1 0 0 
vn -1 0 0 
vn -1 0 0 
vn -1 0 0 
vn 0 1 0 
vn 0 1 0 
vn 0 1 0 
vn 0 1 0 
vn 0 0 -1 
vn 0 0 -1 
vn 0 0 -1 
vn 0 0 -1 
vn 1 0 0 
vn 1 0 0 
vn 1 0 0 
vn 1 0 0 
vn 0 -1 0 
vn 0 -1 0 
vn 0 -1 0 
vn 0 -1 0 
vn 0 0 1 
vn 0 0 1 
vn 0 0 1 
vn 0 0 1 

vt 6.875 -1.25 
vt 6.25 -1.25 
vt 6.875 -1.65 
vt 6.25 -1.65 
vt 6.75 -1.25 
vt 6.25 -1.25 
vt 6.75 -1.875 
vt 6.25 -1.875 
vt 6.75 -1.25 
vt 6.25 -1.25 
vt 6.75 -1.65 
vt 6.25 -1.65 
vt 6.875 -1.25 
vt 6.25 -1.25 
vt 6.875 -1.65 
vt 6.25 -1.65 
vt 6.75 -1.25 
vt 6.25 -1.25 
vt 6.75 -1.875 
vt 6.25 -1.875 
vt 6.75 -1.25 
vt 6.25 -1.25 
vt 6.75 -1.65 
vt 6.25 -1.65 

usemtl Height1Mtl

f 6163/6163/6163 6164/6164/6164 6165/6165/6165 
f 6165/6165/6165 6164/6164/6164 6166/6166/6166 
f 6167/6167/6167 6168/6168/6168 6169/6169/6169 
f 6169/6169/6169 6168/6168/6168 6170/6170/6170 
f 6171/6171/6171 6172/6172/6172 6173/6173/6173 
f 6173/6173/6173 6172/6172/6172 6174/6174/6174 
f 6175/6175/6175 6176/6176/6176 6177/6177/6177 
f 6177/6177/6177 6176/6176/6176 6178/6178/6178 
f 6179/6179/6179 6180/6180/6180 6181/6181/6181 
f 6181/6181/6181 6180/6180/6180 6182/6182/6182 
f 6183/6183/6183 6184/6184/6184 6185/6185/6185 
f 6185/6185/6185 6184/6184/6184 6186/6186/6186 

g Height189

v -83 10.0003 493.8 
v -83 10.0003 488.8 
v -83 6.80027 493.8 
v -83 6.80027 488.8 
v -79 10.0003 488.8 
v -83 10.0003 488.8 
v -79 10.0003 493.8 
v -83 10.0003 493.8 
v -83 10.0003 488.8 
v -79 10.0003 488.8 
v -83 6.80027 488.8 
v -79 6.80027 488.8 
v -79 10.0003 488.8 
v -79 10.0003 493.8 
v -79 6.80027 488.8 
v -79 6.80027 493.8 
v -79 6.80027 493.8 
v -83 6.80027 493.8 
v -79 6.80027 488.8 
v -83 6.80027 488.8 
v -79 10.0003 493.8 
v -83 10.0003 493.8 
v -79 6.80027 493.8 
v -83 6.80027 493.8 

vn -1 0 0 
vn -1 0 0 
vn -1 0 0 
vn -1 0 0 
vn 0 1 0 
vn 0 1 0 
vn 0 1 0 
vn 0 1 0 
vn 0 0 -1 
vn 0 0 -1 
vn 0 0 -1 
vn 0 0 -1 
vn 1 0 0 
vn 1 0 0 
vn 1 0 0 
vn 1 0 0 
vn 0 -1 0 
vn 0 -1 0 
vn 0 -1 0 
vn 0 -1 0 
vn 0 0 1 
vn 0 0 1 
vn 0 0 1 
vn 0 0 1 

vt 3.125 -6 
vt 2.5 -6 
vt 3.125 -6.4 
vt 2.5 -6.4 
vt 3 -6 
vt 2.5 -6 
vt 3 -6.625 
vt 2.5 -6.625 
vt 3 -6 
vt 2.5 -6 
vt 3 -6.4 
vt 2.5 -6.4 
vt 3.125 -6 
vt 2.5 -6 
vt 3.125 -6.4 
vt 2.5 -6.4 
vt 3 -6 
vt 2.5 -6 
vt 3 -6.625 
vt 2.5 -6.625 
vt 3 -6 
vt 2.5 -6 
vt 3 -6.4 
vt 2.5 -6.4 

usemtl Height1Mtl

f 6187/6187/6187 6188/6188/6188 6189/6189/6189 
f 6189/6189/6189 6188/6188/6188 6190/6190/6190 
f 6191/6191/6191 6192/6192/6192 6193/6193/6193 
f 6193/6193/6193 6192/6192/6192 6194/6194/6194 
f 6195/6195/6195 6196/6196/6196 6197/6197/6197 
f 6197/6197/6197 6196/6196/6196 6198/6198/6198 
f 6199/6199/6199 6200/6200/6200 6201/6201/6201 
f 6201/6201/6201 6200/6200/6200 6202/6202/6202 
f 6203/6203/6203 6204/6204/6204 6205/6205/6205 
f 6205/6205/6205 6204/6204/6204 6206/6206/6206 
f 6207/6207/6207 6208/6208/6208 6209/6209/6209 
f 6209/6209/6209 6208/6208/6208 6210/6210/6210 

g Height190

v -87 3.6 483 
v -87 3.6 488 
v -87 0.399999 483 
v -87 0.399999 488 
v -91 3.6 488 
v -87 3.6 488 
v -91 3.6 483 
v -87 3.6 483 
v -87 3.6 488 
v -91 3.6 488 
v -87 0.399999 488 
v -91 0.399999 488 
v -91 3.6 488 
v -91 3.6 483 
v -91 0.399999 488 
v -91 0.399999 483 
v -91 0.399999 483 
v -87 0.399999 483 
v -91 0.399999 488 
v -87 0.399999 488 
v -91 3.6 483 
v -87 3.6 483 
v -91 0.399999 483 
v -87 0.399999 483 

vn 1 0 0 
vn 1 0 0 
vn 1 0 0 
vn 1 0 0 
vn 0 1 0 
vn 0 1 0 
vn 0 1 0 
vn 0 1 0 
vn 0 0 1 
vn 0 0 1 
vn 0 0 1 
vn 0 0 1 
vn -1 0 0 
vn -1 0 0 
vn -1 0 0 
vn -1 0 0 
vn 0 -1 0 
vn 0 -1 0 
vn 0 -1 0 
vn 0 -1 0 
vn 0 0 -1 
vn 0 0 -1 
vn 0 0 -1 
vn 0 0 -1 

vt 1.125 -4.25 
vt 0.5 -4.25 
vt 1.125 -4.65 
vt 0.5 -4.65 
vt 1 -4.25 
vt 0.5 -4.25 
vt 1 -4.875 
vt 0.5 -4.875 
vt 1 -4.25 
vt 0.5 -4.25 
vt 1 -4.65 
vt 0.5 -4.65 
vt 1.125 -4.25 
vt 0.5 -4.25 
vt 1.125 -4.65 
vt 0.5 -4.65 
vt 1 -4.25 
vt 0.5 -4.25 
vt 1 -4.875 
vt 0.5 -4.875 
vt 1 -4.25 
vt 0.5 -4.25 
vt 1 -4.65 
vt 0.5 -4.65 

usemtl Height1Mtl

f 6211/6211/6211 6212/6212/6212 6213/6213/6213 
f 6213/6213/6213 6212/6212/6212 6214/6214/6214 
f 6215/6215/6215 6216/6216/6216 6217/6217/6217 
f 6217/6217/6217 6216/6216/6216 6218/6218/6218 
f 6219/6219/6219 6220/6220/6220 6221/6221/6221 
f 6221/6221/6221 6220/6220/6220 6222/6222/6222 
f 6223/6223/6223 6224/6224/6224 6225/6225/6225 
f 6225/6225/6225 6224/6224/6224 6226/6226/6226 
f 6227/6227/6227 6228/6228/6228 6229/6229/6229 
f 6229/6229/6229 6228/6228/6228 6230/6230/6230 
f 6231/6231/6231 6232/6232/6232 6233/6233/6233 
f 6233/6233/6233 6232/6232/6232 6234/6234/6234 

g Height191

v -88 6.8 484 
v -84 6.8 484 
v -88 3.8 484 
v -84 3.8 484 
v -84 6.8 484.2 
v -84 6.8 484 
v -88 6.8 484.2 
v -88 6.8 484 
v -84 6.8 484 
v -84 6.8 484.2 
v -84 3.8 484 
v -84 3.8 484.2 
v -84 6.8 484.2 
v -88 6.8 484.2 
v -84 3.8 484.2 
v -88 3.8 484.2 
v -88 3.8 484.2 
v -88 3.8 484 
v -84 3.8 484.2 
v -84 3.8 484 
v -88 6.8 484.2 
v -88 6.8 484 
v -88 3.8 484.2 
v -88 3.8 484 

vn 0 0 -1 
vn 0 0 -1 
vn 0 0 -1 
vn 0 0 -1 
vn 0 1 0 
vn 0 1 0 
vn 0 1 0 
vn 0 1 0 
vn 1 0 0 
vn 1 0 0 
vn 1 0 0 
vn 1 0 0 
vn 0 0 1 
vn 0 0 1 
vn 0 0 1 
vn 0 0 1 
vn 0 -1 0 
vn 0 -1 0 
vn 0 -1 0 
vn 0 -1 0 
vn -1 0 0 
vn -1 0 0 
vn -1 0 0 
vn -1 0 0 

vt 2.75 -6 
vt 2.25 -6 
vt 2.75 -6.375 
vt 2.25 -6.375 
vt 2.275 -6 
vt 2.25 -6 
vt 2.275 -6.5 
vt 2.25 -6.5 
vt 2.275 -6 
vt 2.25 -6 
vt 2.275 -6.375 
vt 2.25 -6.375 
vt 2.75 -6 
vt 2.25 -6 
vt 2.75 -6.375 
vt 2.25 -6.375 
vt 2.275 -6 
vt 2.25 -6 
vt 2.275 -6.5 
vt 2.25 -6.5 
vt 2.275 -6 
vt 2.25 -6 
vt 2.275 -6.375 
vt 2.25 -6.375 

usemtl Height1Mtl

f 6235/6235/6235 6236/6236/6236 6237/6237/6237 
f 6237/6237/6237 6236/6236/6236 6238/6238/6238 
f 6239/6239/6239 6240/6240/6240 6241/6241/6241 
f 6241/6241/6241 6240/6240/6240 6242/6242/6242 
f 6243/6243/6243 6244/6244/6244 6245/6245/6245 
f 6245/6245/6245 6244/6244/6244 6246/6246/6246 
f 6247/6247/6247 6248/6248/6248 6249/6249/6249 
f 6249/6249/6249 6248/6248/6248 6250/6250/6250 
f 6251/6251/6251 6252/6252/6252 6253/6253/6253 
f 6253/6253/6253 6252/6252/6252 6254/6254/6254 
f 6255/6255/6255 6256/6256/6256 6257/6257/6257 
f 6257/6257/6257 6256/6256/6256 6258/6258/6258 

g Height192

v -88 6.79996 488.8 
v -84 6.79996 488.8 
v -88 3.79996 488.8 
v -84 3.79996 488.8 
v -84 6.79996 489 
v -84 6.79996 488.8 
v -88 6.79996 489 
v -88 6.79996 488.8 
v -84 6.79996 488.8 
v -84 6.79996 489 
v -84 3.79996 488.8 
v -84 3.79996 489 
v -84 6.79996 489 
v -88 6.79996 489 
v -84 3.79996 489 
v -88 3.79996 489 
v -88 3.79996 489 
v -88 3.79996 488.8 
v -84 3.79996 489 
v -84 3.79996 488.8 
v -88 6.79996 489 
v -88 6.79996 488.8 
v -88 3.79996 489 
v -88 3.79996 488.8 

vn 0 0 -1 
vn 0 0 -1 
vn 0 0 -1 
vn 0 0 -1 
vn 0 1 0 
vn 0 1 0 
vn 0 1 0 
vn 0 1 0 
vn 1 0 0 
vn 1 0 0 
vn 1 0 0 
vn 1 0 0 
vn 0 0 1 
vn 0 0 1 
vn 0 0 1 
vn 0 0 1 
vn 0 -1 0 
vn 0 -1 0 
vn 0 -1 0 
vn 0 -1 0 
vn -1 0 0 
vn -1 0 0 
vn -1 0 0 
vn -1 0 0 

vt 0.75 -5 
vt 0.25 -5 
vt 0.75 -5.375 
vt 0.25 -5.375 
vt 0.275 -5 
vt 0.25 -5 
vt 0.275 -5.5 
vt 0.25 -5.5 
vt 0.275 -5 
vt 0.25 -5 
vt 0.275 -5.375 
vt 0.25 -5.375 
vt 0.75 -5 
vt 0.25 -5 
vt 0.75 -5.375 
vt 0.25 -5.375 
vt 0.275 -5 
vt 0.25 -5 
vt 0.275 -5.5 
vt 0.25 -5.5 
vt 0.275 -5 
vt 0.25 -5 
vt 0.275 -5.375 
vt 0.25 -5.375 

usemtl Height1Mtl

f 6259/6259/6259 6260/6260/6260 6261/6261/6261 
f 6261/6261/6261 6260/6260/6260 6262/6262/6262 
f 6263/6263/6263 6264/6264/6264 6265/6265/6265 
f 6265/6265/6265 6264/6264/6264 6266/6266/6266 
f 6267/6267/6267 6268/6268/6268 6269/6269/6269 
f 6269/6269/6269 6268/6268/6268 6270/6270/6270 
f 6271/6271/6271 6272/6272/6272 6273/6273/6273 
f 6273/6273/6273 6272/6272/6272 6274/6274/6274 
f 6275/6275/6275 6276/6276/6276 6277/6277/6277 
f 6277/6277/6277 6276/6276/6276 6278/6278/6278 
f 6279/6279/6279 6280/6280/6280 6281/6281/6281 
f 6281/6281/6281 6280/6280/6280 6282/6282/6282 

g Height193

v -79 3.6 483 
v -79 3.6 488 
v -79 0.399999 483 
v -79 0.399999 488 
v -83 3.6 488 
v -79 3.6 488 
v -83 3.6 483 
v -79 3.6 483 
v -79 3.6 488 
v -83 3.6 488 
v -79 0.399999 488 
v -83 0.399999 488 
v -83 3.6 488 
v -83 3.6 483 
v -83 0.399999 488 
v -83 0.399999 483 
v -83 0.399999 483 
v -79 0.399999 483 
v -83 0.399999 488 
v -79 0.399999 488 
v -83 3.6 483 
v -79 3.6 483 
v -83 0.399999 483 
v -79 0.399999 483 

vn 1 0 0 
vn 1 0 0 
vn 1 0 0 
vn 1 0 0 
vn 0 1 0 
vn 0 1 0 
vn 0 1 0 
vn 0 1 0 
vn 0 0 1 
vn 0 0 1 
vn 0 0 1 
vn 0 0 1 
vn -1 0 0 
vn -1 0 0 
vn -1 0 0 
vn -1 0 0 
vn 0 -1 0 
vn 0 -1 0 
vn 0 -1 0 
vn 0 -1 0 
vn 0 0 -1 
vn 0 0 -1 
vn 0 0 -1 
vn 0 0 -1 

vt 5.125 -2.5 
vt 4.5 -2.5 
vt 5.125 -2.9 
vt 4.5 -2.9 
vt 5 -2.5 
vt 4.5 -2.5 
vt 5 -3.125 
vt 4.5 -3.125 
vt 5 -2.5 
vt 4.5 -2.5 
vt 5 -2.9 
vt 4.5 -2.9 
vt 5.125 -2.5 
vt 4.5 -2.5 
vt 5.125 -2.9 
vt 4.5 -2.9 
vt 5 -2.5 
vt 4.5 -2.5 
vt 5 -3.125 
vt 4.5 -3.125 
vt 5 -2.5 
vt 4.5 -2.5 
vt 5 -2.9 
vt 4.5 -2.9 

usemtl Height1Mtl

f 6283/6283/6283 6284/6284/6284 6285/6285/6285 
f 6285/6285/6285 6284/6284/6284 6286/6286/6286 
f 6287/6287/6287 6288/6288/6288 6289/6289/6289 
f 6289/6289/6289 6288/6288/6288 6290/6290/6290 
f 6291/6291/6291 6292/6292/6292 6293/6293/6293 
f 6293/6293/6293 6292/6292/6292 6294/6294/6294 
f 6295/6295/6295 6296/6296/6296 6297/6297/6297 
f 6297/6297/6297 6296/6296/6296 6298/6298/6298 
f 6299/6299/6299 6300/6300/6300 6301/6301/6301 
f 6301/6301/6301 6300/6300/6300 6302/6302/6302 
f 6303/6303/6303 6304/6304/6304 6305/6305/6305 
f 6305/6305/6305 6304/6304/6304 6306/6306/6306 

g Height194

v -88 6.8 489 
v -88 6.8 484 
v -88 3.8 489 
v -88 3.8 484 
v -87.8 6.8 484 
v -88 6.8 484 
v -87.8 6.8 489 
v -88 6.8 489 
v -88 6.8 484 
v -87.8 6.8 484 
v -88 3.8 484 
v -87.8 3.8 484 
v -87.8 6.8 484 
v -87.8 6.8 489 
v -87.8 3.8 484 
v -87.8 3.8 489 
v -87.8 3.8 489 
v -88 3.8 489 
v -87.8 3.8 484 
v -88 3.8 484 
v -87.8 6.8 489 
v -88 6.8 489 
v -87.8 3.8 489 
v -88 3.8 489 

vn -1 0 0 
vn -1 0 0 
vn -1 0 0 
vn -1 0 0 
vn 0 1 0 
vn 0 1 0 
vn 0 1 0 
vn 0 1 0 
vn 0 0 -1 
vn 0 0 -1 
vn 0 0 -1 
vn 0 0 -1 
vn 1 0 0 
vn 1 0 0 
vn 1 0 0 
vn 1 0 0 
vn 0 -1 0 
vn 0 -1 0 
vn 0 -1 0 
vn 0 -1 0 
vn 0 0 1 
vn 0 0 1 
vn 0 0 1 
vn 0 0 1 

vt 4.625 1 
vt 4 1 
vt 4.625 0.625 
vt 4 0.625 
vt 4.025 1 
vt 4 1 
vt 4.025 0.375 
vt 4 0.375 
vt 4.025 1 
vt 4 1 
vt 4.025 0.625 
vt 4 0.625 
vt 4.625 1 
vt 4 1 
vt 4.625 0.625 
vt 4 0.625 
vt 4.025 1 
vt 4 1 
vt 4.025 0.375 
vt 4 0.375 
vt 4.025 1 
vt 4 1 
vt 4.025 0.625 
vt 4 0.625 

usemtl Height1Mtl

f 6307/6307/6307 6308/6308/6308 6309/6309/6309 
f 6309/6309/6309 6308/6308/6308 6310/6310/6310 
f 6311/6311/6311 6312/6312/6312 6313/6313/6313 
f 6313/6313/6313 6312/6312/6312 6314/6314/6314 
f 6315/6315/6315 6316/6316/6316 6317/6317/6317 
f 6317/6317/6317 6316/6316/6316 6318/6318/6318 
f 6319/6319/6319 6320/6320/6320 6321/6321/6321 
f 6321/6321/6321 6320/6320/6320 6322/6322/6322 
f 6323/6323/6323 6324/6324/6324 6325/6325/6325 
f 6325/6325/6325 6324/6324/6324 6326/6326/6326 
f 6327/6327/6327 6328/6328/6328 6329/6329/6329 
f 6329/6329/6329 6328/6328/6328 6330/6330/6330 

g Height195

v -84.2 6.29983 484.14 
v -87.8 6.29983 484.14 
v -84.2 6.29983 488.74 
v -87.8 6.29983 488.74 
v -87.8 4.09983 484.14 
v -87.8 6.29983 484.14 
v -84.2 4.09983 484.14 
v -84.2 6.29983 484.14 
v -87.8 6.29983 484.14 
v -87.8 4.09983 484.14 
v -87.8 6.29983 488.74 
v -87.8 4.09983 488.74 
v -87.8 4.09983 484.14 
v -84.2 4.09983 484.14 
v -87.8 4.09983 488.74 
v -84.2 4.09983 488.74 
v -84.2 4.09983 488.74 
v -84.2 6.29983 488.74 
v -87.8 4.09983 488.74 
v -87.8 6.29983 488.74 
v -84.2 4.09983 484.14 
v -84.2 6.29983 484.14 
v -84.2 4.09983 488.74 
v -84.2 6.29983 488.74 

vn 0 1 0 
vn 0 1 0 
vn 0 1 0 
vn 0 1 0 
vn 0 0 -1 
vn 0 0 -1 
vn 0 0 -1 
vn 0 0 -1 
vn -1 0 0 
vn -1 0 0 
vn -1 0 0 
vn -1 0 0 
vn 0 -1 0 
vn 0 -1 0 
vn 0 -1 0 
vn 0 -1 0 
vn 0 0 1 
vn 0 0 1 
vn 0 0 1 
vn 0 0 1 
vn 1 0 0 
vn 1 0 0 
vn 1 0 0 
vn 1 0 0 

vt 0.95 -1 
vt 0.5 -1 
vt 0.95 -1.575 
vt 0.5 -1.575 
vt 0.775 -1 
vt 0.5 -1 
vt 0.775 -1.45 
vt 0.5 -1.45 
vt 0.775 -1 
vt 0.5 -1 
vt 0.775 -1.575 
vt 0.5 -1.575 
vt 0.95 -1 
vt 0.5 -1 
vt 0.95 -1.575 
vt 0.5 -1.575 
vt 0.775 -1 
vt 0.5 -1 
vt 0.775 -1.45 
vt 0.5 -1.45 
vt 0.775 -1 
vt 0.5 -1 
vt 0.775 -1.575 
vt 0.5 -1.575 

usemtl Height15Mtl

f 6331/6331/6331 6332/6332/6332 6333/6333/6333 
f 6333/6333/6333 6332/6332/6332 6334/6334/6334 
f 6335/6335/6335 6336/6336/6336 6337/6337/6337 
f 6337/6337/6337 6336/6336/6336 6338/6338/6338 
f 6339/6339/6339 6340/6340/6340 6341/6341/6341 
f 6341/6341/6341 6340/6340/6340 6342/6342/6342 
f 6343/6343/6343 6344/6344/6344 6345/6345/6345 
f 6345/6345/6345 6344/6344/6344 6346/6346/6346 
f 6347/6347/6347 6348/6348/6348 6349/6349/6349 
f 6349/6349/6349 6348/6348/6348 6350/6350/6350 
f 6351/6351/6351 6352/6352/6352 6353/6353/6353 
f 6353/6353/6353 6352/6352/6352 6354/6354/6354 

g Truss3

v -142.444 12.1999 424.828 
v -142.267 12.1999 425.005 
v -142.444 0.19992 424.828 
v -142.267 0.19992 425.005 
v -142.62 12.1999 425.005 
v -142.444 12.1999 424.828 
v -142.62 0.19992 425.005 
v -142.444 0.19992 424.828 
v -142.267 12.1999 425.005 
v -142.444 12.1999 425.182 
v -142.267 0.19992 425.005 
v -142.444 0.19992 425.182 
v -142.444 12.1999 425.182 
v -142.62 12.1999 425.005 
v -142.444 0.19992 425.182 
v -142.62 0.19992 425.005 
v -142.267 0.44992 425.005 
v -141.206 0.44992 426.066 
v -142.267 0.19992 425.005 
v -141.206 0.19992 426.066 
v -141.383 0.44992 426.243 
v -142.444 0.44992 425.182 
v -141.383 0.19992 426.243 
v -142.444 0.19992 425.182 
v -141.383 0.19992 426.243 
v -142.62 0.19992 425.005 
v -141.206 0.19992 426.066 
v -142.444 0.19992 424.828 
v -142.444 0.44992 425.182 
v -141.383 0.44992 426.243 
v -142.267 0.44992 425.005 
v -141.206 0.44992 426.066 
v -142.267 2.44992 425.005 
v -141.206 2.44992 426.066 
v -142.267 1.94992 425.005 
v -141.206 1.94992 426.066 
v -141.383 2.44992 426.243 
v -142.444 2.44992 425.182 
v -141.383 1.94992 426.243 
v -142.444 1.94992 425.182 
v -141.383 1.94992 426.243 
v -142.444 1.94992 425.182 
v -141.206 1.94992 426.066 
v -142.267 1.94992 425.005 
v -142.444 2.44992 425.182 
v -141.383 2.44992 426.243 
v -142.267 2.44992 425.005 
v -141.206 2.44992 426.066 
v -142.267 4.44992 425.005 
v -141.206 4.44992 426.066 
v -142.267 3.94992 425.005 
v -141.206 3.94992 426.066 
v -141.383 4.44992 426.243 
v -142.444 4.44992 425.182 
v -141.383 3.94992 426.243 
v -142.444 3.94992 425.182 
v -141.383 3.94992 426.243 
v -142.444 3.94992 425.182 
v -141.206 3.94992 426.066 
v -142.267 3.94992 425.005 
v -142.444 4.44992 425.182 
v -141.383 4.44992 426.243 
v -142.267 4.44992 425.005 
v -141.206 4.44992 426.066 
v -142.267 6.44992 425.005 
v -141.206 6.44992 426.066 
v -142.267 5.94992 425.005 
v -141.206 5.94992 426.066 
v -141.383 6.44992 426.243 
v -142.444 6.44992 425.182 
v -141.383 5.94992 426.243 
v -142.444 5.94992 425.182 
v -141.383 5.94992 426.243 
v -142.444 5.94992 425.182 
v -141.206 5.94992 426.066 
v -142.267 5.94992 425.005 
v -142.444 6.44992 425.182 
v -141.383 6.44992 426.243 
v -142.267 6.44992 425.005 
v -141.206 6.44992 426.066 
v -142.267 8.44992 425.005 
v -141.206 8.44992 426.066 
v -142.267 7.94992 425.005 
v -141.206 7.94992 426.066 
v -141.383 8.44992 426.243 
v -142.444 8.44992 425.182 
v -141.383 7.94992 426.243 
v -142.444 7.94992 425.182 
v -141.383 7.94992 426.243 
v -142.444 7.94992 425.182 
v -141.206 7.94992 426.066 
v -142.267 7.94992 425.005 
v -142.444 8.44992 425.182 
v -141.383 8.44992 426.243 
v -142.267 8.44992 425.005 
v -141.206 8.44992 426.066 
v -142.267 10.4499 425.005 
v -141.206 10.4499 426.066 
v -142.267 9.94992 425.005 
v -141.206 9.94992 426.066 
v -141.383 10.4499 426.243 
v -142.444 10.4499 425.182 
v -141.383 9.94992 426.243 
v -142.444 9.94992 425.182 
v -141.383 9.94992 426.243 
v -142.444 9.94992 425.182 
v -141.206 9.94992 426.066 
v -142.267 9.94992 425.005 
v -142.444 10.4499 425.182 
v -141.383 10.4499 426.243 
v -142.267 10.4499 425.005 
v -141.206 10.4499 426.066 
v -142.267 12.1999 425.005 
v -141.206 12.1999 426.066 
v -142.267 11.9499 425.005 
v -141.206 11.9499 426.066 
v -141.383 12.1999 426.243 
v -142.444 12.1999 425.182 
v -141.383 11.9499 426.243 
v -142.444 11.9499 425.182 
v -141.383 11.9499 426.243 
v -142.444 11.9499 425.182 
v -141.206 11.9499 426.066 
v -142.267 11.9499 425.005 
v -142.62 12.1999 425.005 
v -141.383 12.1999 426.243 
v -142.444 12.1999 424.828 
v -141.206 12.1999 426.066 
v -141.225 2.16331 426.136 
v -141.1 1.98653 426.261 
v -142.462 0.413308 424.899 
v -142.337 0.236532 425.024 
v -141.188 1.98653 426.349 
v -141.313 2.16331 426.224 
v -142.425 0.236532 425.112 
v -142.55 0.413308 424.987 
v -141.1 1.98653 426.261 
v -141.188 1.98653 426.349 
v -142.337 0.236532 425.024 
v -142.425 0.236532 425.112 
v -141.313 2.16331 426.224 
v -141.225 2.16331 426.136 
v -142.55 0.413308 424.987 
v -142.462 0.413308 424.899 
v -141.1 2.41331 426.261 
v -141.225 2.23653 426.136 
v -142.337 4.16331 425.024 
v -142.462 3.98653 424.899 
v -141.313 2.23653 426.224 
v -141.188 2.41331 426.349 
v -142.55 3.98653 424.987 
v -142.425 4.16331 425.112 
v -141.225 2.23653 426.136 
v -141.313 2.23653 426.224 
v -142.462 3.98653 424.899 
v -142.55 3.98653 424.987 
v -141.188 2.41331 426.349 
v -141.1 2.41331 426.261 
v -142.425 4.16331 425.112 
v -142.337 4.16331 425.024 
v -141.225 6.16331 426.136 
v -141.1 5.98653 426.261 
v -142.462 4.41331 424.899 
v -142.337 4.23653 425.024 
v -141.188 5.98653 426.349 
v -141.313 6.16331 426.224 
v -142.425 4.23653 425.112 
v -142.55 4.41331 424.987 
v -141.1 5.98653 426.261 
v -141.188 5.98653 426.349 
v -142.337 4.23653 425.024 
v -142.425 4.23653 425.112 
v -141.313 6.16331 426.224 
v -141.225 6.16331 426.136 
v -142.55 4.41331 424.987 
v -142.462 4.41331 424.899 
v -141.1 6.41331 426.261 
v -141.225 6.23653 426.136 
v -142.337 8.16331 425.024 
v -142.462 7.98653 424.899 
v -141.313 6.23653 426.224 
v -141.188 6.41331 426.349 
v -142.55 7.98653 424.987 
v -142.425 8.16331 425.112 
v -141.225 6.23653 426.136 
v -141.313 6.23653 426.224 
v -142.462 7.98653 424.899 
v -142.55 7.98653 424.987 
v -141.188 6.41331 426.349 
v -141.1 6.41331 426.261 
v -142.425 8.16331 425.112 
v -142.337 8.16331 425.024 
v -141.225 10.1633 426.136 
v -141.1 9.98653 426.261 
v -142.462 8.41331 424.899 
v -142.337 8.23653 425.024 
v -141.188 9.98653 426.349 
v -141.313 10.1633 426.224 
v -142.425 8.23653 425.112 
v -142.55 8.41331 424.987 
v -141.1 9.98653 426.261 
v -141.188 9.98653 426.349 
v -142.337 8.23653 425.024 
v -142.425 8.23653 425.112 
v -141.313 10.1633 426.224 
v -141.225 10.1633 426.136 
v -142.55 8.41331 424.987 
v -142.462 8.41331 424.899 
v -141.1 10.4133 426.261 
v -141.225 10.2365 426.136 
v -142.337 12.1633 425.024 
v -142.462 11.9865 424.899 
v -141.313 10.2365 426.224 
v -141.188 10.4133 426.349 
v -142.55 11.9865 424.987 
v -142.425 12.1633 425.112 
v -141.225 10.2365 426.136 
v -141.313 10.2365 426.224 
v -142.462 11.9865 424.899 
v -142.55 11.9865 424.987 
v -141.188 10.4133 426.349 
v -141.1 10.4133 426.261 
v -142.425 12.1633 425.112 
v -142.337 12.1633 425.024 
v -143.858 12.1999 426.243 
v -143.681 12.1999 426.066 
v -143.858 0.19992 426.243 
v -143.681 0.19992 426.066 
v -143.681 12.1999 426.419 
v -143.858 12.1999 426.243 
v -143.681 0.19992 426.419 
v -143.858 0.19992 426.243 
v -143.681 12.1999 426.066 
v -143.504 12.1999 426.243 
v -143.681 0.19992 426.066 
v -143.504 0.19992 426.243 
v -143.504 12.1999 426.243 
v -143.681 12.1999 426.419 
v -143.504 0.19992 426.243 
v -143.681 0.19992 426.419 
v -143.681 0.44992 426.066 
v -142.62 0.44992 425.005 
v -143.681 0.19992 426.066 
v -142.62 0.19992 425.005 
v -142.444 0.44992 425.182 
v -143.504 0.44992 426.243 
v -142.444 0.19992 425.182 
v -143.504 0.19992 426.243 
v -142.444 0.19992 425.182 
v -143.681 0.19992 426.419 
v -142.62 0.19992 425.005 
v -143.858 0.19992 426.243 
v -143.504 0.44992 426.243 
v -142.444 0.44992 425.182 
v -143.681 0.44992 426.066 
v -142.62 0.44992 425.005 
v -143.681 2.44992 426.066 
v -142.62 2.44992 425.005 
v -143.681 1.94992 426.066 
v -142.62 1.94992 425.005 
v -142.444 2.44992 425.182 
v -143.504 2.44992 426.243 
v -142.444 1.94992 425.182 
v -143.504 1.94992 426.243 
v -142.444 1.94992 425.182 
v -143.504 1.94992 426.243 
v -142.62 1.94992 425.005 
v -143.681 1.94992 426.066 
v -143.504 2.44992 426.243 
v -142.444 2.44992 425.182 
v -143.681 2.44992 426.066 
v -142.62 2.44992 425.005 
v -143.681 4.44992 426.066 
v -142.62 4.44992 425.005 
v -143.681 3.94992 426.066 
v -142.62 3.94992 425.005 
v -142.444 4.44992 425.182 
v -143.504 4.44992 426.243 
v -142.444 3.94992 425.182 
v -143.504 3.94992 426.243 
v -142.444 3.94992 425.182 
v -143.504 3.94992 426.243 
v -142.62 3.94992 425.005 
v -143.681 3.94992 426.066 
v -143.504 4.44992 426.243 
v -142.444 4.44992 425.182 
v -143.681 4.44992 426.066 
v -142.62 4.44992 425.005 
v -143.681 6.44992 426.066 
v -142.62 6.44992 425.005 
v -143.681 5.94992 426.066 
v -142.62 5.94992 425.005 
v -142.444 6.44992 425.182 
v -143.504 6.44992 426.243 
v -142.444 5.94992 425.182 
v -143.504 5.94992 426.243 
v -142.444 5.94992 425.182 
v -143.504 5.94992 426.243 
v -142.62 5.94992 425.005 
v -143.681 5.94992 426.066 
v -143.504 6.44992 426.243 
v -142.444 6.44992 425.182 
v -143.681 6.44992 426.066 
v -142.62 6.44992 425.005 
v -143.681 8.44992 426.066 
v -142.62 8.44992 425.005 
v -143.681 7.94992 426.066 
v -142.62 7.94992 425.005 
v -142.444 8.44992 425.182 
v -143.504 8.44992 426.243 
v -142.444 7.94992 425.182 
v -143.504 7.94992 426.243 
v -142.444 7.94992 425.182 
v -143.504 7.94992 426.243 
v -142.62 7.94992 425.005 
v -143.681 7.94992 426.066 
v -143.504 8.44992 426.243 
v -142.444 8.44992 425.182 
v -143.681 8.44992 426.066 
v -142.62 8.44992 425.005 
v -143.681 10.4499 426.066 
v -142.62 10.4499 425.005 
v -143.681 9.94992 426.066 
v -142.62 9.94992 425.005 
v -142.444 10.4499 425.182 
v -143.504 10.4499 426.243 
v -142.444 9.94992 425.182 
v -143.504 9.94992 426.243 
v -142.444 9.94992 425.182 
v -143.504 9.94992 426.243 
v -142.62 9.94992 425.005 
v -143.681 9.94992 426.066 
v -143.504 10.4499 426.243 
v -142.444 10.4499 425.182 
v -143.681 10.4499 426.066 
v -142.62 10.4499 425.005 
v -143.681 12.1999 426.066 
v -142.62 12.1999 425.005 
v -143.681 11.9499 426.066 
v -142.62 11.9499 425.005 
v -142.444 12.1999 425.182 
v -143.504 12.1999 426.243 
v -142.444 11.9499 425.182 
v -143.504 11.9499 426.243 
v -142.444 11.9499 425.182 
v -143.504 11.9499 426.243 
v -142.62 11.9499 425.005 
v -143.681 11.9499 426.066 
v -143.681 12.1999 426.419 
v -142.444 12.1999 425.182 
v -143.858 12.1999 426.243 
v -142.62 12.1999 425.005 
v -142.55 2.16331 425.024 
v -142.425 1.98653 424.899 
v -143.788 0.413308 426.261 
v -143.663 0.236532 426.136 
v -142.337 1.98653 424.987 
v -142.462 2.16331 425.112 
v -143.574 0.236532 426.224 
v -143.699 0.413308 426.349 
v -142.425 1.98653 424.899 
v -142.337 1.98653 424.987 
v -143.663 0.236532 426.136 
v -143.574 0.236532 426.224 
v -142.462 2.16331 425.112 
v -142.55 2.16331 425.024 
v -143.699 0.413308 426.349 
v -143.788 0.413308 426.261 
v -142.425 2.41331 424.899 
v -142.55 2.23653 425.024 
v -143.663 4.16331 426.136 
v -143.788 3.98653 426.261 
v -142.462 2.23653 425.112 
v -142.337 2.41331 424.987 
v -143.699 3.98653 426.349 
v -143.574 4.16331 426.224 
v -142.55 2.23653 425.024 
v -142.462 2.23653 425.112 
v -143.788 3.98653 426.261 
v -143.699 3.98653 426.349 
v -142.337 2.41331 424.987 
v -142.425 2.41331 424.899 
v -143.574 4.16331 426.224 
v -143.663 4.16331 426.136 
v -142.55 6.16331 425.024 
v -142.425 5.98653 424.899 
v -143.788 4.41331 426.261 
v -143.663 4.23653 426.136 
v -142.337 5.98653 424.987 
v -142.462 6.16331 425.112 
v -143.574 4.23653 426.224 
v -143.699 4.41331 426.349 
v -142.425 5.98653 424.899 
v -142.337 5.98653 424.987 
v -143.663 4.23653 426.136 
v -143.574 4.23653 426.224 
v -142.462 6.16331 425.112 
v -142.55 6.16331 425.024 
v -143.699 4.41331 426.349 
v -143.788 4.41331 426.261 
v -142.425 6.41331 424.899 
v -142.55 6.23653 425.024 
v -143.663 8.16331 426.136 
v -143.788 7.98653 426.261 
v -142.462 6.23653 425.112 
v -142.337 6.41331 424.987 
v -143.699 7.98653 426.349 
v -143.574 8.16331 426.224 
v -142.55 6.23653 425.024 
v -142.462 6.23653 425.112 
v -143.788 7.98653 426.261 
v -143.699 7.98653 426.349 
v -142.337 6.41331 424.987 
v -142.425 6.41331 424.899 
v -143.574 8.16331 426.224 
v -143.663 8.16331 426.136 
v -142.55 10.1633 425.024 
v -142.425 9.98653 424.899 
v -143.788 8.41331 426.261 
v -143.663 8.23653 426.136 
v -142.337 9.98653 424.987 
v -142.462 10.1633 425.112 
v -143.574 8.23653 426.224 
v -143.699 8.41331 426.349 
v -142.425 9.98653 424.899 
v -142.337 9.98653 424.987 
v -143.663 8.23653 426.136 
v -143.574 8.23653 426.224 
v -142.462 10.1633 425.112 
v -142.55 10.1633 425.024 
v -143.699 8.41331 426.349 
v -143.788 8.41331 426.261 
v -142.425 10.4133 424.899 
v -142.55 10.2365 425.024 
v -143.663 12.1633 426.136 
v -143.788 11.9865 426.261 
v -142.462 10.2365 425.112 
v -142.337 10.4133 424.987 
v -143.699 11.9865 426.349 
v -143.574 12.1633 426.224 
v -142.55 10.2365 425.024 
v -142.462 10.2365 425.112 
v -143.788 11.9865 426.261 
v -143.699 11.9865 426.349 
v -142.337 10.4133 424.987 
v -142.425 10.4133 424.899 
v -143.574 12.1633 426.224 
v -143.663 12.1633 426.136 
v -142.444 12.1999 427.657 
v -142.62 12.1999 427.48 
v -142.444 0.19992 427.657 
v -142.62 0.19992 427.48 
v -142.267 12.1999 427.48 
v -142.444 12.1999 427.657 
v -142.267 0.19992 427.48 
v -142.444 0.19992 427.657 
v -142.62 12.1999 427.48 
v -142.444 12.1999 427.303 
v -142.62 0.19992 427.48 
v -142.444 0.19992 427.303 
v -142.444 12.1999 427.303 
v -142.267 12.1999 427.48 
v -142.444 0.19992 427.303 
v -142.267 0.19992 427.48 
v -142.62 0.44992 427.48 
v -143.681 0.44992 426.419 
v -142.62 0.19992 427.48 
v -143.681 0.19992 426.419 
v -143.504 0.44992 426.243 
v -142.444 0.44992 427.303 
v -143.504 0.19992 426.243 
v -142.444 0.19992 427.303 
v -143.504 0.19992 426.243 
v -142.267 0.19992 427.48 
v -143.681 0.19992 426.419 
v -142.444 0.19992 427.657 
v -142.444 0.44992 427.303 
v -143.504 0.44992 426.243 
v -142.62 0.44992 427.48 
v -143.681 0.44992 426.419 
v -142.62 2.44992 427.48 
v -143.681 2.44992 426.419 
v -142.62 1.94992 427.48 
v -143.681 1.94992 426.419 
v -143.504 2.44992 426.243 
v -142.444 2.44992 427.303 
v -143.504 1.94992 426.243 
v -142.444 1.94992 427.303 
v -143.504 1.94992 426.243 
v -142.444 1.94992 427.303 
v -143.681 1.94992 426.419 
v -142.62 1.94992 427.48 
v -142.444 2.44992 427.303 
v -143.504 2.44992 426.243 
v -142.62 2.44992 427.48 
v -143.681 2.44992 426.419 
v -142.62 4.44992 427.48 
v -143.681 4.44992 426.419 
v -142.62 3.94992 427.48 
v -143.681 3.94992 426.419 
v -143.504 4.44992 426.243 
v -142.444 4.44992 427.303 
v -143.504 3.94992 426.243 
v -142.444 3.94992 427.303 
v -143.504 3.94992 426.243 
v -142.444 3.94992 427.303 
v -143.681 3.94992 426.419 
v -142.62 3.94992 427.48 
v -142.444 4.44992 427.303 
v -143.504 4.44992 426.243 
v -142.62 4.44992 427.48 
v -143.681 4.44992 426.419 
v -142.62 6.44992 427.48 
v -143.681 6.44992 426.419 
v -142.62 5.94992 427.48 
v -143.681 5.94992 426.419 
v -143.504 6.44992 426.243 
v -142.444 6.44992 427.303 
v -143.504 5.94992 426.243 
v -142.444 5.94992 427.303 
v -143.504 5.94992 426.243 
v -142.444 5.94992 427.303 
v -143.681 5.94992 426.419 
v -142.62 5.94992 427.48 
v -142.444 6.44992 427.303 
v -143.504 6.44992 426.243 
v -142.62 6.44992 427.48 
v -143.681 6.44992 426.419 
v -142.62 8.44992 427.48 
v -143.681 8.44992 426.419 
v -142.62 7.94992 427.48 
v -143.681 7.94992 426.419 
v -143.504 8.44992 426.243 
v -142.444 8.44992 427.303 
v -143.504 7.94992 426.243 
v -142.444 7.94992 427.303 
v -143.504 7.94992 426.243 
v -142.444 7.94992 427.303 
v -143.681 7.94992 426.419 
v -142.62 7.94992 427.48 
v -142.444 8.44992 427.303 
v -143.504 8.44992 426.243 
v -142.62 8.44992 427.48 
v -143.681 8.44992 426.419 
v -142.62 10.4499 427.48 
v -143.681 10.4499 426.419 
v -142.62 9.94992 427.48 
v -143.681 9.94992 426.419 
v -143.504 10.4499 426.243 
v -142.444 10.4499 427.303 
v -143.504 9.94992 426.243 
v -142.444 9.94992 427.303 
v -143.504 9.94992 426.243 
v -142.444 9.94992 427.303 
v -143.681 9.94992 426.419 
v -142.62 9.94992 427.48 
v -142.444 10.4499 427.303 
v -143.504 10.4499 426.243 
v -142.62 10.4499 427.48 
v -143.681 10.4499 426.419 
v -142.62 12.1999 427.48 
v -143.681 12.1999 426.419 
v -142.62 11.9499 427.48 
v -143.681 11.9499 426.419 
v -143.504 12.1999 426.243 
v -142.444 12.1999 427.303 
v -143.504 11.9499 426.243 
v -142.444 11.9499 427.303 
v -143.504 11.9499 426.243 
v -142.444 11.9499 427.303 
v -143.681 11.9499 426.419 
v -142.62 11.9499 427.48 
v -142.267 12.1999 427.48 
v -143.504 12.1999 426.243 
v -142.444 12.1999 427.657 
v -143.681 12.1999 426.419 
v -143.663 2.16331 426.349 
v -143.788 1.98653 426.224 
v -142.425 0.413308 427.587 
v -142.55 0.236532 427.462 
v -143.699 1.98653 426.136 
v -143.574 2.16331 426.261 
v -142.462 0.236532 427.373 
v -142.337 0.413308 427.498 
v -143.788 1.98653 426.224 
v -143.699 1.98653 426.136 
v -142.55 0.236532 427.462 
v -142.462 0.236532 427.373 
v -143.574 2.16331 426.261 
v -143.663 2.16331 426.349 
v -142.337 0.413308 427.498 
v -142.425 0.413308 427.587 
v -143.788 2.41331 426.224 
v -143.663 2.23653 426.349 
v -142.55 4.16331 427.462 
v -142.425 3.98653 427.587 
v -143.574 2.23653 426.261 
v -143.699 2.41331 426.136 
v -142.337 3.98653 427.498 
v -142.462 4.16331 427.373 
v -143.663 2.23653 426.349 
v -143.574 2.23653 426.261 
v -142.425 3.98653 427.587 
v -142.337 3.98653 427.498 
v -143.699 2.41331 426.136 
v -143.788 2.41331 426.224 
v -142.462 4.16331 427.373 
v -142.55 4.16331 427.462 
v -143.663 6.16331 426.349 
v -143.788 5.98653 426.224 
v -142.425 4.41331 427.587 
v -142.55 4.23653 427.462 
v -143.699 5.98653 426.136 
v -143.574 6.16331 426.261 
v -142.462 4.23653 427.373 
v -142.337 4.41331 427.498 
v -143.788 5.98653 426.224 
v -143.699 5.98653 426.136 
v -142.55 4.23653 427.462 
v -142.462 4.23653 427.373 
v -143.574 6.16331 426.261 
v -143.663 6.16331 426.349 
v -142.337 4.41331 427.498 
v -142.425 4.41331 427.587 
v -143.788 6.41331 426.224 
v -143.663 6.23653 426.349 
v -142.55 8.16331 427.462 
v -142.425 7.98653 427.587 
v -143.574 6.23653 426.261 
v -143.699 6.41331 426.136 
v -142.337 7.98653 427.498 
v -142.462 8.16331 427.373 
v -143.663 6.23653 426.349 
v -143.574 6.23653 426.261 
v -142.425 7.98653 427.587 
v -142.337 7.98653 427.498 
v -143.699 6.41331 426.136 
v -143.788 6.41331 426.224 
v -142.462 8.16331 427.373 
v -142.55 8.16331 427.462 
v -143.663 10.1633 426.349 
v -143.788 9.98653 426.224 
v -142.425 8.41331 427.587 
v -142.55 8.23653 427.462 
v -143.699 9.98653 426.136 
v -143.574 10.1633 426.261 
v -142.462 8.23653 427.373 
v -142.337 8.41331 427.498 
v -143.788 9.98653 426.224 
v -143.699 9.98653 426.136 
v -142.55 8.23653 427.462 
v -142.462 8.23653 427.373 
v -143.574 10.1633 426.261 
v -143.663 10.1633 426.349 
v -142.337 8.41331 427.498 
v -142.425 8.41331 427.587 
v -143.788 10.4133 426.224 
v -143.663 10.2365 426.349 
v -142.55 12.1633 427.462 
v -142.425 11.9865 427.587 
v -143.574 10.2365 426.261 
v -143.699 10.4133 426.136 
v -142.337 11.9865 427.498 
v -142.462 12.1633 427.373 
v -143.663 10.2365 426.349 
v -143.574 10.2365 426.261 
v -142.425 11.9865 427.587 
v -142.337 11.9865 427.498 
v -143.699 10.4133 426.136 
v -143.788 10.4133 426.224 
v -142.462 12.1633 427.373 
v -142.55 12.1633 427.462 
v -141.029 12.1999 426.243 
v -141.206 12.1999 426.419 
v -141.029 0.19992 426.243 
v -141.206 0.19992 426.419 
v -141.206 12.1999 426.066 
v -141.029 12.1999 426.243 
v -141.206 0.19992 426.066 
v -141.029 0.19992 426.243 
v -141.206 12.1999 426.419 
v -141.383 12.1999 426.243 
v -141.206 0.19992 426.419 
v -141.383 0.19992 426.243 
v -141.383 12.1999 426.243 
v -141.206 12.1999 426.066 
v -141.383 0.19992 426.243 
v -141.206 0.19992 426.066 
v -141.206 0.44992 426.419 
v -142.267 0.44992 427.48 
v -141.206 0.19992 426.419 
v -142.267 0.19992 427.48 
v -142.444 0.44992 427.303 
v -141.383 0.44992 426.243 
v -142.444 0.19992 427.303 
v -141.383 0.19992 426.243 
v -142.444 0.19992 427.303 
v -141.206 0.19992 426.066 
v -142.267 0.19992 427.48 
v -141.029 0.19992 426.243 
v -141.383 0.44992 426.243 
v -142.444 0.44992 427.303 
v -141.206 0.44992 426.419 
v -142.267 0.44992 427.48 
v -141.206 2.44992 426.419 
v -142.267 2.44992 427.48 
v -141.206 1.94992 426.419 
v -142.267 1.94992 427.48 
v -142.444 2.44992 427.303 
v -141.383 2.44992 426.243 
v -142.444 1.94992 427.303 
v -141.383 1.94992 426.243 
v -142.444 1.94992 427.303 
v -141.383 1.94992 426.243 
v -142.267 1.94992 427.48 
v -141.206 1.94992 426.419 
v -141.383 2.44992 426.243 
v -142.444 2.44992 427.303 
v -141.206 2.44992 426.419 
v -142.267 2.44992 427.48 
v -141.206 4.44992 426.419 
v -142.267 4.44992 427.48 
v -141.206 3.94992 426.419 
v -142.267 3.94992 427.48 
v -142.444 4.44992 427.303 
v -141.383 4.44992 426.243 
v -142.444 3.94992 427.303 
v -141.383 3.94992 426.243 
v -142.444 3.94992 427.303 
v -141.383 3.94992 426.243 
v -142.267 3.94992 427.48 
v -141.206 3.94992 426.419 
v -141.383 4.44992 426.243 
v -142.444 4.44992 427.303 
v -141.206 4.44992 426.419 
v -142.267 4.44992 427.48 
v -141.206 6.44992 426.419 
v -142.267 6.44992 427.48 
v -141.206 5.94992 426.419 
v -142.267 5.94992 427.48 
v -142.444 6.44992 427.303 
v -141.383 6.44992 426.243 
v -142.444 5.94992 427.303 
v -141.383 5.94992 426.243 
v -142.444 5.94992 427.303 
v -141.383 5.94992 426.243 
v -142.267 5.94992 427.48 
v -141.206 5.94992 426.419 
v -141.383 6.44992 426.243 
v -142.444 6.44992 427.303 
v -141.206 6.44992 426.419 
v -142.267 6.44992 427.48 
v -141.206 8.44992 426.419 
v -142.267 8.44992 427.48 
v -141.206 7.94992 426.419 
v -142.267 7.94992 427.48 
v -142.444 8.44992 427.303 
v -141.383 8.44992 426.243 
v -142.444 7.94992 427.303 
v -141.383 7.94992 426.243 
v -142.444 7.94992 427.303 
v -141.383 7.94992 426.243 
v -142.267 7.94992 427.48 
v -141.206 7.94992 426.419 
v -141.383 8.44992 426.243 
v -142.444 8.44992 427.303 
v -141.206 8.44992 426.419 
v -142.267 8.44992 427.48 
v -141.206 10.4499 426.419 
v -142.267 10.4499 427.48 
v -141.206 9.94992 426.419 
v -142.267 9.94992 427.48 
v -142.444 10.4499 427.303 
v -141.383 10.4499 426.243 
v -142.444 9.94992 427.303 
v -141.383 9.94992 426.243 
v -142.444 9.94992 427.303 
v -141.383 9.94992 426.243 
v -142.267 9.94992 427.48 
v -141.206 9.94992 426.419 
v -141.383 10.4499 426.243 
v -142.444 10.4499 427.303 
v -141.206 10.4499 426.419 
v -142.267 10.4499 427.48 
v -141.206 12.1999 426.419 
v -142.267 12.1999 427.48 
v -141.206 11.9499 426.419 
v -142.267 11.9499 427.48 
v -142.444 12.1999 427.303 
v -141.383 12.1999 426.243 
v -142.444 11.9499 427.303 
v -141.383 11.9499 426.243 
v -142.444 11.9499 427.303 
v -141.383 11.9499 426.243 
v -142.267 11.9499 427.48 
v -141.206 11.9499 426.419 
v -141.206 12.1999 426.066 
v -142.444 12.1999 427.303 
v -141.029 12.1999 426.243 
v -142.267 12.1999 427.48 
v -142.337 2.16331 427.462 
v -142.462 1.98653 427.587 
v -141.1 0.413308 426.224 
v -141.225 0.236532 426.349 
v -142.55 1.98653 427.498 
v -142.425 2.16331 427.373 
v -141.313 0.236532 426.261 
v -141.188 0.413308 426.136 
v -142.462 1.98653 427.587 
v -142.55 1.98653 427.498 
v -141.225 0.236532 426.349 
v -141.313 0.236532 426.261 
v -142.425 2.16331 427.373 
v -142.337 2.16331 427.462 
v -141.188 0.413308 426.136 
v -141.1 0.413308 426.224 
v -142.462 2.41331 427.587 
v -142.337 2.23653 427.462 
v -141.225 4.16331 426.349 
v -141.1 3.98653 426.224 
v -142.425 2.23653 427.373 
v -142.55 2.41331 427.498 
v -141.188 3.98653 426.136 
v -141.313 4.16331 426.261 
v -142.337 2.23653 427.462 
v -142.425 2.23653 427.373 
v -141.1 3.98653 426.224 
v -141.188 3.98653 426.136 
v -142.55 2.41331 427.498 
v -142.462 2.41331 427.587 
v -141.313 4.16331 426.261 
v -141.225 4.16331 426.349 
v -142.337 6.16331 427.462 
v -142.462 5.98653 427.587 
v -141.1 4.41331 426.224 
v -141.225 4.23653 426.349 
v -142.55 5.98653 427.498 
v -142.425 6.16331 427.373 
v -141.313 4.23653 426.261 
v -141.188 4.41331 426.136 
v -142.462 5.98653 427.587 
v -142.55 5.98653 427.498 
v -141.225 4.23653 426.349 
v -141.313 4.23653 426.261 
v -142.425 6.16331 427.373 
v -142.337 6.16331 427.462 
v -141.188 4.41331 426.136 
v -141.1 4.41331 426.224 
v -142.462 6.41331 427.587 
v -142.337 6.23653 427.462 
v -141.225 8.16331 426.349 
v -141.1 7.98653 426.224 
v -142.425 6.23653 427.373 
v -142.55 6.41331 427.498 
v -141.188 7.98653 426.136 
v -141.313 8.16331 426.261 
v -142.337 6.23653 427.462 
v -142.425 6.23653 427.373 
v -141.1 7.98653 426.224 
v -141.188 7.98653 426.136 
v -142.55 6.41331 427.498 
v -142.462 6.41331 427.587 
v -141.313 8.16331 426.261 
v -141.225 8.16331 426.349 
v -142.337 10.1633 427.462 
v -142.462 9.98653 427.587 
v -141.1 8.41331 426.224 
v -141.225 8.23653 426.349 
v -142.55 9.98653 427.498 
v -142.425 10.1633 427.373 
v -141.313 8.23653 426.261 
v -141.188 8.41331 426.136 
v -142.462 9.98653 427.587 
v -142.55 9.98653 427.498 
v -141.225 8.23653 426.349 
v -141.313 8.23653 426.261 
v -142.425 10.1633 427.373 
v -142.337 10.1633 427.462 
v -141.188 8.41331 426.136 
v -141.1 8.41331 426.224 
v -142.462 10.4133 427.587 
v -142.337 10.2365 427.462 
v -141.225 12.1633 426.349 
v -141.1 11.9865 426.224 
v -142.425 10.2365 427.373 
v -142.55 10.4133 427.498 
v -141.188 11.9865 426.136 
v -141.313 12.1633 426.261 
v -142.337 10.2365 427.462 
v -142.425 10.2365 427.373 
v -141.1 11.9865 426.224 
v -141.188 11.9865 426.136 
v -142.55 10.4133 427.498 
v -142.462 10.4133 427.587 
v -141.313 12.1633 426.261 
v -141.225 12.1633 426.349 

vn 0.708661 0 -0.708661 
vn 0.708661 0 -0.708661 
vn 0.708661 0 -0.708661 
vn 0.708661 0 -0.708661 
vn -0.708661 0 -0.708661 
vn -0.708661 0 -0.708661 
vn -0.708661 0 -0.708661 
vn -0.708661 0 -0.708661 
vn 0.708661 0 0.708661 
vn 0.708661 0 0.708661 
vn 0.708661 0 0.708661 
vn 0.708661 0 0.708661 
vn -0.708661 0 0.708661 
vn -0.708661 0 0.708661 
vn -0.708661 0 0.708661 
vn -0.708661 0 0.708661 
vn 0.708661 0 -0.708661 
vn 0.708661 0 -0.708661 
vn 0.708661 0 -0.708661 
vn 0.708661 0 -0.708661 
vn -0.708661 0 0.708661 
vn -0.708661 0 0.708661 
vn -0.708661 0 0.708661 
vn -0.708661 0 0.708661 
vn 0 -1 0 
vn 0 -1 0 
vn 0 -1 0 
vn 0 -1 0 
vn 0 1 0 
vn 0 1 0 
vn 0 1 0 
vn 0 1 0 
vn 0.708661 0 -0.708661 
vn 0.708661 0 -0.708661 
vn 0.708661 0 -0.708661 
vn 0.708661 0 -0.708661 
vn -0.708661 0 0.708661 
vn -0.708661 0 0.708661 
vn -0.708661 0 0.708661 
vn -0.708661 0 0.708661 
vn 0 -1 0 
vn 0 -1 0 
vn 0 -1 0 
vn 0 -1 0 
vn 0 1 0 
vn 0 1 0 
vn 0 1 0 
vn 0 1 0 
vn 0.708661 0 -0.708661 
vn 0.708661 0 -0.708661 
vn 0.708661 0 -0.708661 
vn 0.708661 0 -0.708661 
vn -0.708661 0 0.708661 
vn -0.708661 0 0.708661 
vn -0.708661 0 0.708661 
vn -0.708661 0 0.708661 
vn 0 -1 0 
vn 0 -1 0 
vn 0 -1 0 
vn 0 -1 0 
vn 0 1 0 
vn 0 1 0 
vn 0 1 0 
vn 0 1 0 
vn 0.708661 0 -0.708661 
vn 0.708661 0 -0.708661 
vn 0.708661 0 -0.708661 
vn 0.708661 0 -0.708661 
vn -0.708661 0 0.708661 
vn -0.708661 0 0.708661 
vn -0.708661 0 0.708661 
vn -0.708661 0 0.708661 
vn 0 -1 0 
vn 0 -1 0 
vn 0 -1 0 
vn 0 -1 0 
vn 0 1 0 
vn 0 1 0 
vn 0 1 0 
vn 0 1 0 
vn 0.708661 0 -0.708661 
vn 0.708661 0 -0.708661 
vn 0.708661 0 -0.708661 
vn 0.708661 0 -0.708661 
vn -0.708661 0 0.708661 
vn -0.708661 0 0.708661 
vn -0.708661 0 0.708661 
vn -0.708661 0 0.708661 
vn 0 -1 0 
vn 0 -1 0 
vn 0 -1 0 
vn 0 -1 0 
vn 0 1 0 
vn 0 1 0 
vn 0 1 0 
vn 0 1 0 
vn 0.708661 0 -0.708661 
vn 0.708661 0 -0.708661 
vn 0.708661 0 -0.708661 
vn 0.708661 0 -0.708661 
vn -0.708661 0 0.708661 
vn -0.708661 0 0.708661 
vn -0.708661 0 0.708661 
vn -0.708661 0 0.708661 
vn 0 -1 0 
vn 0 -1 0 
vn 0 -1 0 
vn 0 -1 0 
vn 0 1 0 
vn 0 1 0 
vn 0 1 0 
vn 0 1 0 
vn 0.708661 0 -0.708661 
vn 0.708661 0 -0.708661 
vn 0.708661 0 -0.708661 
vn 0.708661 0 -0.708661 
vn -0.708661 0 0.708661 
vn -0.708661 0 0.708661 
vn -0.708661 0 0.708661 
vn -0.708661 0 0.708661 
vn 0 -1 0 
vn 0 -1 0 
vn 0 -1 0 
vn 0 -1 0 
vn 0 1 0 
vn 0 1 0 
vn 0 1 0 
vn 0 1 0 
vn 0.708661 0 -0.708661 
vn 0.708661 0 -0.708661 
vn 0.708661 0 -0.708661 
vn 0.708661 0 -0.708661 
vn -0.708661 0 0.708661 
vn -0.708661 0 0.708661 
vn -0.708661 0 0.708661 
vn -0.708661 0 0.708661 
vn 0.496063 -0.708661 0.496063 
vn 0.496063 -0.708661 0.496063 
vn 0.496063 -0.708661 0.496063 
vn 0.496063 -0.708661 0.496063 
vn -0.496063 0.708661 -0.496063 
vn -0.496063 0.708661 -0.496063 
vn -0.496063 0.708661 -0.496063 
vn -0.496063 0.708661 -0.496063 
vn 0.708661 0 -0.708661 
vn 0.708661 0 -0.708661 
vn 0.708661 0 -0.708661 
vn 0.708661 0 -0.708661 
vn -0.708661 0 0.708661 
vn -0.708661 0 0.708661 
vn -0.708661 0 0.708661 
vn -0.708661 0 0.708661 
vn -0.496063 -0.708661 -0.496063 
vn -0.496063 -0.708661 -0.496063 
vn -0.496063 -0.708661 -0.496063 
vn -0.496063 -0.708661 -0.496063 
vn 0.496063 0.708661 0.496063 
vn 0.496063 0.708661 0.496063 
vn 0.496063 0.708661 0.496063 
vn 0.496063 0.708661 0.496063 
vn 0.708661 0 -0.708661 
vn 0.708661 0 -0.708661 
vn 0.708661 0 -0.708661 
vn 0.708661 0 -0.708661 
vn -0.708661 0 0.708661 
vn -0.708661 0 0.708661 
vn -0.708661 0 0.708661 
vn -0.708661 0 0.708661 
vn 0.496063 -0.708661 0.496063 
vn 0.496063 -0.708661 0.496063 
vn 0.496063 -0.708661 0.496063 
vn 0.496063 -0.708661 0.496063 
vn -0.496063 0.708661 -0.496063 
vn -0.496063 0.708661 -0.496063 
vn -0.496063 0.708661 -0.496063 
vn -0.496063 0.708661 -0.496063 
vn 0.708661 0 -0.708661 
vn 0.708661 0 -0.708661 
vn 0.708661 0 -0.708661 
vn 0.708661 0 -0.708661 
vn -0.708661 0 0.708661 
vn -0.708661 0 0.708661 
vn -0.708661 0 0.708661 
vn -0.708661 0 0.708661 
vn -0.496063 -0.708661 -0.496063 
vn -0.496063 -0.708661 -0.496063 
vn -0.496063 -0.708661 -0.496063 
vn -0.496063 -0.708661 -0.496063 
vn 0.496063 0.708661 0.496063 
vn 0.496063 0.708661 0.496063 
vn 0.496063 0.708661 0.496063 
vn 0.496063 0.708661 0.496063 
vn 0.708661 0 -0.708661 
vn 0.708661 0 -0.708661 
vn 0.708661 0 -0.708661 
vn 0.708661 0 -0.708661 
vn -0.708661 0 0.708661 
vn -0.708661 0 0.708661 
vn -0.708661 0 0.708661 
vn -0.708661 0 0.708661 
vn 0.496063 -0.708661 0.496063 
vn 0.496063 -0.708661 0.496063 
vn 0.496063 -0.708661 0.496063 
vn 0.496063 -0.708661 0.496063 
vn -0.496063 0.708661 -0.496063 
vn -0.496063 0.708661 -0.496063 
vn -0.496063 0.708661 -0.496063 
vn -0.496063 0.708661 -0.496063 
vn 0.708661 0 -0.708661 
vn 0.708661 0 -0.708661 
vn 0.708661 0 -0.708661 
vn 0.708661 0 -0.708661 
vn -0.708661 0 0.708661 
vn -0.708661 0 0.708661 
vn -0.708661 0 0.708661 
vn -0.708661 0 0.708661 
vn -0.496063 -0.708661 -0.496063 
vn -0.496063 -0.708661 -0.496063 
vn -0.496063 -0.708661 -0.496063 
vn -0.496063 -0.708661 -0.496063 
vn 0.496063 0.708661 0.496063 
vn 0.496063 0.708661 0.496063 
vn 0.496063 0.708661 0.496063 
vn 0.496063 0.708661 0.496063 
vn -0.708661 0 -0.708661 
vn -0.708661 0 -0.708661 
vn -0.708661 0 -0.708661 
vn -0.708661 0 -0.708661 
vn -0.708661 0 0.708661 
vn -0.708661 0 0.708661 
vn -0.708661 0 0.708661 
vn -0.708661 0 0.708661 
vn 0.708661 0 -0.708661 
vn 0.708661 0 -0.708661 
vn 0.708661 0 -0.708661 
vn 0.708661 0 -0.708661 
vn 0.708661 0 0.708661 
vn 0.708661 0 0.708661 
vn 0.708661 0 0.708661 
vn 0.708661 0 0.708661 
vn -0.708661 0 -0.708661 
vn -0.708661 0 -0.708661 
vn -0.708661 0 -0.708661 
vn -0.708661 0 -0.708661 
vn 0.708661 0 0.708661 
vn 0.708661 0 0.708661 
vn 0.708661 0 0.708661 
vn 0.708661 0 0.708661 
vn 0 -1 0 
vn 0 -1 0 
vn 0 -1 0 
vn 0 -1 0 
vn 0 1 0 
vn 0 1 0 
vn 0 1 0 
vn 0 1 0 
vn -0.708661 0 -0.708661 
vn -0.708661 0 -0.708661 
vn -0.708661 0 -0.708661 
vn -0.708661 0 -0.708661 
vn 0.708661 0 0.708661 
vn 0.708661 0 0.708661 
vn 0.708661 0 0.708661 
vn 0.708661 0 0.708661 
vn 0 -1 0 
vn 0 -1 0 
vn 0 -1 0 
vn 0 -1 0 
vn 0 1 0 
vn 0 1 0 
vn 0 1 0 
vn 0 1 0 
vn -0.708661 0 -0.708661 
vn -0.708661 0 -0.708661 
vn -0.708661 0 -0.708661 
vn -0.708661 0 -0.708661 
vn 0.708661 0 0.708661 
vn 0.708661 0 0.708661 
vn 0.708661 0 0.708661 
vn 0.708661 0 0.708661 
vn 0 -1 0 
vn 0 -1 0 
vn 0 -1 0 
vn 0 -1 0 
vn 0 1 0 
vn 0 1 0 
vn 0 1 0 
vn 0 1 0 
vn -0.708661 0 -0.708661 
vn -0.708661 0 -0.708661 
vn -0.708661 0 -0.708661 
vn -0.708661 0 -0.708661 
vn 0.708661 0 0.708661 
vn 0.708661 0 0.708661 
vn 0.708661 0 0.708661 
vn 0.708661 0 0.708661 
vn 0 -1 0 
vn 0 -1 0 
vn 0 -1 0 
vn 0 -1 0 
vn 0 1 0 
vn 0 1 0 
vn 0 1 0 
vn 0 1 0 
vn -0.708661 0 -0.708661 
vn -0.708661 0 -0.708661 
vn -0.708661 0 -0.708661 
vn -0.708661 0 -0.708661 
vn 0.708661 0 0.708661 
vn 0.708661 0 0.708661 
vn 0.708661 0 0.708661 
vn 0.708661 0 0.708661 
vn 0 -1 0 
vn 0 -1 0 
vn 0 -1 0 
vn 0 -1 0 
vn 0 1 0 
vn 0 1 0 
vn 0 1 0 
vn 0 1 0 
vn -0.708661 0 -0.708661 
vn -0.708661 0 -0.708661 
vn -0.708661 0 -0.708661 
vn -0.708661 0 -0.708661 
vn 0.708661 0 0.708661 
vn 0.708661 0 0.708661 
vn 0.708661 0 0.708661 
vn 0.708661 0 0.708661 
vn 0 -1 0 
vn 0 -1 0 
vn 0 -1 0 
vn 0 -1 0 
vn 0 1 0 
vn 0 1 0 
vn 0 1 0 
vn 0 1 0 
vn -0.708661 0 -0.708661 
vn -0.708661 0 -0.708661 
vn -0.708661 0 -0.708661 
vn -0.708661 0 -0.708661 
vn 0.708661 0 0.708661 
vn 0.708661 0 0.708661 
vn 0.708661 0 0.708661 
vn 0.708661 0 0.708661 
vn 0 -1 0 
vn 0 -1 0 
vn 0 -1 0 
vn 0 -1 0 
vn 0 1 0 
vn 0 1 0 
vn 0 1 0 
vn 0 1 0 
vn -0.708661 0 -0.708661 
vn -0.708661 0 -0.708661 
vn -0.708661 0 -0.708661 
vn -0.708661 0 -0.708661 
vn 0.708661 0 0.708661 
vn 0.708661 0 0.708661 
vn 0.708661 0 0.708661 
vn 0.708661 0 0.708661 
vn 0.496063 -0.708661 -0.496063 
vn 0.496063 -0.708661 -0.496063 
vn 0.496063 -0.708661 -0.496063 
vn 0.496063 -0.708661 -0.496063 
vn -0.496063 0.708661 0.496063 
vn -0.496063 0.708661 0.496063 
vn -0.496063 0.708661 0.496063 
vn -0.496063 0.708661 0.496063 
vn -0.708661 0 -0.708661 
vn -0.708661 0 -0.708661 
vn -0.708661 0 -0.708661 
vn -0.708661 0 -0.708661 
vn 0.708661 0 0.708661 
vn 0.708661 0 0.708661 
vn 0.708661 0 0.708661 
vn 0.708661 0 0.708661 
vn -0.496063 -0.708661 0.496063 
vn -0.496063 -0.708661 0.496063 
vn -0.496063 -0.708661 0.496063 
vn -0.496063 -0.708661 0.496063 
vn 0.496063 0.708661 -0.496063 
vn 0.496063 0.708661 -0.496063 
vn 0.496063 0.708661 -0.496063 
vn 0.496063 0.708661 -0.496063 
vn -0.708661 0 -0.708661 
vn -0.708661 0 -0.708661 
vn -0.708661 0 -0.708661 
vn -0.708661 0 -0.708661 
vn 0.708661 0 0.708661 
vn 0.708661 0 0.708661 
vn 0.708661 0 0.708661 
vn 0.708661 0 0.708661 
vn 0.496063 -0.708661 -0.496063 
vn 0.496063 -0.708661 -0.496063 
vn 0.496063 -0.708661 -0.496063 
vn 0.496063 -0.708661 -0.496063 
vn -0.496063 0.708661 0.496063 
vn -0.496063 0.708661 0.496063 
vn -0.496063 0.708661 0.496063 
vn -0.496063 0.708661 0.496063 
vn -0.708661 0 -0.708661 
vn -0.708661 0 -0.708661 
vn -0.708661 0 -0.708661 
vn -0.708661 0 -0.708661 
vn 0.708661 0 0.708661 
vn 0.708661 0 0.708661 
vn 0.708661 0 0.708661 
vn 0.708661 0 0.708661 
vn -0.496063 -0.708661 0.496063 
vn -0.496063 -0.708661 0.496063 
vn -0.496063 -0.708661 0.496063 
vn -0.496063 -0.708661 0.496063 
vn 0.496063 0.708661 -0.496063 
vn 0.496063 0.708661 -0.496063 
vn 0.496063 0.708661 -0.496063 
vn 0.496063 0.708661 -0.496063 
vn -0.708661 0 -0.708661 
vn -0.708661 0 -0.708661 
vn -0.708661 0 -0.708661 
vn -0.708661 0 -0.708661 
vn 0.708661 0 0.708661 
vn 0.708661 0 0.708661 
vn 0.708661 0 0.708661 
vn 0.708661 0 0.708661 
vn 0.496063 -0.708661 -0.496063 
vn 0.496063 -0.708661 -0.496063 
vn 0.496063 -0.708661 -0.496063 
vn 0.496063 -0.708661 -0.496063 
vn -0.496063 0.708661 0.496063 
vn -0.496063 0.708661 0.496063 
vn -0.496063 0.708661 0.496063 
vn -0.496063 0.708661 0.496063 
vn -0.708661 0 -0.708661 
vn -0.708661 0 -0.708661 
vn -0.708661 0 -0.708661 
vn -0.708661 0 -0.708661 
vn 0.708661 0 0.708661 
vn 0.708661 0 0.708661 
vn 0.708661 0 0.708661 
vn 0.708661 0 0.708661 
vn -0.496063 -0.708661 0.496063 
vn -0.496063 -0.708661 0.496063 
vn -0.496063 -0.708661 0.496063 
vn -0.496063 -0.708661 0.496063 
vn 0.496063 0.708661 -0.496063 
vn 0.496063 0.708661 -0.496063 
vn 0.496063 0.708661 -0.496063 
vn 0.496063 0.708661 -0.496063 
vn -0.708661 0 0.708661 
vn -0.708661 0 0.708661 
vn -0.708661 0 0.708661 
vn -0.708661 0 0.708661 
vn 0.708661 0 0.708661 
vn 0.708661 0 0.708661 
vn 0.708661 0 0.708661 
vn 0.708661 0 0.708661 
vn -0.708661 0 -0.708661 
vn -0.708661 0 -0.708661 
vn -0.708661 0 -0.708661 
vn -0.708661 0 -0.708661 
vn 0.708661 0 -0.708661 
vn 0.708661 0 -0.708661 
vn 0.708661 0 -0.708661 
vn 0.708661 0 -0.708661 
vn -0.708661 0 0.708661 
vn -0.708661 0 0.708661 
vn -0.708661 0 0.708661 
vn -0.708661 0 0.708661 
vn 0.708661 0 -0.708661 
vn 0.708661 0 -0.708661 
vn 0.708661 0 -0.708661 
vn 0.708661 0 -0.708661 
vn 0 -1 0 
vn 0 -1 0 
vn 0 -1 0 
vn 0 -1 0 
vn 0 1 0 
vn 0 1 0 
vn 0 1 0 
vn 0 1 0 
vn -0.708661 0 0.708661 
vn -0.708661 0 0.708661 
vn -0.708661 0 0.708661 
vn -0.708661 0 0.708661 
vn 0.708661 0 -0.708661 
vn 0.708661 0 -0.708661 
vn 0.708661 0 -0.708661 
vn 0.708661 0 -0.708661 
vn 0 -1 0 
vn 0 -1 0 
vn 0 -1 0 
vn 0 -1 0 
vn 0 1 0 
vn 0 1 0 
vn 0 1 0 
vn 0 1 0 
vn -0.708661 0 0.708661 
vn -0.708661 0 0.708661 
vn -0.708661 0 0.708661 
vn -0.708661 0 0.708661 
vn 0.708661 0 -0.708661 
vn 0.708661 0 -0.708661 
vn 0.708661 0 -0.708661 
vn 0.708661 0 -0.708661 
vn 0 -1 0 
vn 0 -1 0 
vn 0 -1 0 
vn 0 -1 0 
vn 0 1 0 
vn 0 1 0 
vn 0 1 0 
vn 0 1 0 
vn -0.708661 0 0.708661 
vn -0.708661 0 0.708661 
vn -0.708661 0 0.708661 
vn -0.708661 0 0.708661 
vn 0.708661 0 -0.708661 
vn 0.708661 0 -0.708661 
vn 0.708661 0 -0.708661 
vn 0.708661 0 -0.708661 
vn 0 -1 0 
vn 0 -1 0 
vn 0 -1 0 
vn 0 -1 0 
vn 0 1 0 
vn 0 1 0 
vn 0 1 0 
vn 0 1 0 
vn -0.708661 0 0.708661 
vn -0.708661 0 0.708661 
vn -0.708661 0 0.708661 
vn -0.708661 0 0.708661 
vn 0.708661 0 -0.708661 
vn 0.708661 0 -0.708661 
vn 0.708661 0 -0.708661 
vn 0.708661 0 -0.708661 
vn 0 -1 0 
vn 0 -1 0 
vn 0 -1 0 
vn 0 -1 0 
vn 0 1 0 
vn 0 1 0 
vn 0 1 0 
vn 0 1 0 
vn -0.708661 0 0.708661 
vn -0.708661 0 0.708661 
vn -0.708661 0 0.708661 
vn -0.708661 0 0.708661 
vn 0.708661 0 -0.708661 
vn 0.708661 0 -0.708661 
vn 0.708661 0 -0.708661 
vn 0.708661 0 -0.708661 
vn 0 -1 0 
vn 0 -1 0 
vn 0 -1 0 
vn 0 -1 0 
vn 0 1 0 
vn 0 1 0 
vn 0 1 0 
vn 0 1 0 
vn -0.708661 0 0.708661 
vn -0.708661 0 0.708661 
vn -0.708661 0 0.708661 
vn -0.708661 0 0.708661 
vn 0.708661 0 -0.708661 
vn 0.708661 0 -0.708661 
vn 0.708661 0 -0.708661 
vn 0.708661 0 -0.708661 
vn 0 -1 0 
vn 0 -1 0 
vn 0 -1 0 
vn 0 -1 0 
vn 0 1 0 
vn 0 1 0 
vn 0 1 0 
vn 0 1 0 
vn -0.708661 0 0.708661 
vn -0.708661 0 0.708661 
vn -0.708661 0 0.708661 
vn -0.708661 0 0.708661 
vn 0.708661 0 -0.708661 
vn 0.708661 0 -0.708661 
vn 0.708661 0 -0.708661 
vn 0.708661 0 -0.708661 
vn -0.496063 -0.708661 -0.496063 
vn -0.496063 -0.708661 -0.496063 
vn -0.496063 -0.708661 -0.496063 
vn -0.496063 -0.708661 -0.496063 
vn 0.496063 0.708661 0.496063 
vn 0.496063 0.708661 0.496063 
vn 0.496063 0.708661 0.496063 
vn 0.496063 0.708661 0.496063 
vn -0.708661 0 0.708661 
vn -0.708661 0 0.708661 
vn -0.708661 0 0.708661 
vn -0.708661 0 0.708661 
vn 0.708661 0 -0.708661 
vn 0.708661 0 -0.708661 
vn 0.708661 0 -0.708661 
vn 0.708661 0 -0.708661 
vn 0.496063 -0.708661 0.496063 
vn 0.496063 -0.708661 0.496063 
vn 0.496063 -0.708661 0.496063 
vn 0.496063 -0.708661 0.496063 
vn -0.496063 0.708661 -0.496063 
vn -0.496063 0.708661 -0.496063 
vn -0.496063 0.708661 -0.496063 
vn -0.496063 0.708661 -0.496063 
vn -0.708661 0 0.708661 
vn -0.708661 0 0.708661 
vn -0.708661 0 0.708661 
vn -0.708661 0 0.708661 
vn 0.708661 0 -0.708661 
vn 0.708661 0 -0.708661 
vn 0.708661 0 -0.708661 
vn 0.708661 0 -0.708661 
vn -0.496063 -0.708661 -0.496063 
vn -0.496063 -0.708661 -0.496063 
vn -0.496063 -0.708661 -0.496063 
vn -0.496063 -0.708661 -0.496063 
vn 0.496063 0.708661 0.496063 
vn 0.496063 0.708661 0.496063 
vn 0.496063 0.708661 0.496063 
vn 0.496063 0.708661 0.496063 
vn -0.708661 0 0.708661 
vn -0.708661 0 0.708661 
vn -0.708661 0 0.708661 
vn -0.708661 0 0.708661 
vn 0.708661 0 -0.708661 
vn 0.708661 0 -0.708661 
vn 0.708661 0 -0.708661 
vn 0.708661 0 -0.708661 
vn 0.496063 -0.708661 0.496063 
vn 0.496063 -0.708661 0.496063 
vn 0.496063 -0.708661 0.496063 
vn 0.496063 -0.708661 0.496063 
vn -0.496063 0.708661 -0.496063 
vn -0.496063 0.708661 -0.496063 
vn -0.496063 0.708661 -0.496063 
vn -0.496063 0.708661 -0.496063 
vn -0.708661 0 0.708661 
vn -0.708661 0 0.708661 
vn -0.708661 0 0.708661 
vn -0.708661 0 0.708661 
vn 0.708661 0 -0.708661 
vn 0.708661 0 -0.708661 
vn 0.708661 0 -0.708661 
vn 0.708661 0 -0.708661 
vn -0.496063 -0.708661 -0.496063 
vn -0.496063 -0.708661 -0.496063 
vn -0.496063 -0.708661 -0.496063 
vn -0.496063 -0.708661 -0.496063 
vn 0.496063 0.708661 0.496063 
vn 0.496063 0.708661 0.496063 
vn 0.496063 0.708661 0.496063 
vn 0.496063 0.708661 0.496063 
vn -0.708661 0 0.708661 
vn -0.708661 0 0.708661 
vn -0.708661 0 0.708661 
vn -0.708661 0 0.708661 
vn 0.708661 0 -0.708661 
vn 0.708661 0 -0.708661 
vn 0.708661 0 -0.708661 
vn 0.708661 0 -0.708661 
vn 0.496063 -0.708661 0.496063 
vn 0.496063 -0.708661 0.496063 
vn 0.496063 -0.708661 0.496063 
vn 0.496063 -0.708661 0.496063 
vn -0.496063 0.708661 -0.496063 
vn -0.496063 0.708661 -0.496063 
vn -0.496063 0.708661 -0.496063 
vn -0.496063 0.708661 -0.496063 
vn 0.708661 0 0.708661 
vn 0.708661 0 0.708661 
vn 0.708661 0 0.708661 
vn 0.708661 0 0.708661 
vn 0.708661 0 -0.708661 
vn 0.708661 0 -0.708661 
vn 0.708661 0 -0.708661 
vn 0.708661 0 -0.708661 
vn -0.708661 0 0.708661 
vn -0.708661 0 0.708661 
vn -0.708661 0 0.708661 
vn -0.708661 0 0.708661 
vn -0.708661 0 -0.708661 
vn -0.708661 0 -0.708661 
vn -0.708661 0 -0.708661 
vn -0.708661 0 -0.708661 
vn 0.708661 0 0.708661 
vn 0.708661 0 0.708661 
vn 0.708661 0 0.708661 
vn 0.708661 0 0.708661 
vn -0.708661 0 -0.708661 
vn -0.708661 0 -0.708661 
vn -0.708661 0 -0.708661 
vn -0.708661 0 -0.708661 
vn 0 -1 0 
vn 0 -1 0 
vn 0 -1 0 
vn 0 -1 0 
vn 0 1 0 
vn 0 1 0 
vn 0 1 0 
vn 0 1 0 
vn 0.708661 0 0.708661 
vn 0.708661 0 0.708661 
vn 0.708661 0 0.708661 
vn 0.708661 0 0.708661 
vn -0.708661 0 -0.708661 
vn -0.708661 0 -0.708661 
vn -0.708661 0 -0.708661 
vn -0.708661 0 -0.708661 
vn 0 -1 0 
vn 0 -1 0 
vn 0 -1 0 
vn 0 -1 0 
vn 0 1 0 
vn 0 1 0 
vn 0 1 0 
vn 0 1 0 
vn 0.708661 0 0.708661 
vn 0.708661 0 0.708661 
vn 0.708661 0 0.708661 
vn 0.708661 0 0.708661 
vn -0.708661 0 -0.708661 
vn -0.708661 0 -0.708661 
vn -0.708661 0 -0.708661 
vn -0.708661 0 -0.708661 
vn 0 -1 0 
vn 0 -1 0 
vn 0 -1 0 
vn 0 -1 0 
vn 0 1 0 
vn 0 1 0 
vn 0 1 0 
vn 0 1 0 
vn 0.708661 0 0.708661 
vn 0.708661 0 0.708661 
vn 0.708661 0 0.708661 
vn 0.708661 0 0.708661 
vn -0.708661 0 -0.708661 
vn -0.708661 0 -0.708661 
vn -0.708661 0 -0.708661 
vn -0.708661 0 -0.708661 
vn 0 -1 0 
vn 0 -1 0 
vn 0 -1 0 
vn 0 -1 0 
vn 0 1 0 
vn 0 1 0 
vn 0 1 0 
vn 0 1 0 
vn 0.708661 0 0.708661 
vn 0.708661 0 0.708661 
vn 0.708661 0 0.708661 
vn 0.708661 0 0.708661 
vn -0.708661 0 -0.708661 
vn -0.708661 0 -0.708661 
vn -0.708661 0 -0.708661 
vn -0.708661 0 -0.708661 
vn 0 -1 0 
vn 0 -1 0 
vn 0 -1 0 
vn 0 -1 0 
vn 0 1 0 
vn 0 1 0 
vn 0 1 0 
vn 0 1 0 
vn 0.708661 0 0.708661 
vn 0.708661 0 0.708661 
vn 0.708661 0 0.708661 
vn 0.708661 0 0.708661 
vn -0.708661 0 -0.708661 
vn -0.708661 0 -0.708661 
vn -0.708661 0 -0.708661 
vn -0.708661 0 -0.708661 
vn 0 -1 0 
vn 0 -1 0 
vn 0 -1 0 
vn 0 -1 0 
vn 0 1 0 
vn 0 1 0 
vn 0 1 0 
vn 0 1 0 
vn 0.708661 0 0.708661 
vn 0.708661 0 0.708661 
vn 0.708661 0 0.708661 
vn 0.708661 0 0.708661 
vn -0.708661 0 -0.708661 
vn -0.708661 0 -0.708661 
vn -0.708661 0 -0.708661 
vn -0.708661 0 -0.708661 
vn 0 -1 0 
vn 0 -1 0 
vn 0 -1 0 
vn 0 -1 0 
vn 0 1 0 
vn 0 1 0 
vn 0 1 0 
vn 0 1 0 
vn 0.708661 0 0.708661 
vn 0.708661 0 0.708661 
vn 0.708661 0 0.708661 
vn 0.708661 0 0.708661 
vn -0.708661 0 -0.708661 
vn -0.708661 0 -0.708661 
vn -0.708661 0 -0.708661 
vn -0.708661 0 -0.708661 
vn -0.496063 -0.708661 0.496063 
vn -0.496063 -0.708661 0.496063 
vn -0.496063 -0.708661 0.496063 
vn -0.496063 -0.708661 0.496063 
vn 0.496063 0.708661 -0.496063 
vn 0.496063 0.708661 -0.496063 
vn 0.496063 0.708661 -0.496063 
vn 0.496063 0.708661 -0.496063 
vn 0.708661 0 0.708661 
vn 0.708661 0 0.708661 
vn 0.708661 0 0.708661 
vn 0.708661 0 0.708661 
vn -0.708661 0 -0.708661 
vn -0.708661 0 -0.708661 
vn -0.708661 0 -0.708661 
vn -0.708661 0 -0.708661 
vn 0.496063 -0.708661 -0.496063 
vn 0.496063 -0.708661 -0.496063 
vn 0.496063 -0.708661 -0.496063 
vn 0.496063 -0.708661 -0.496063 
vn -0.496063 0.708661 0.496063 
vn -0.496063 0.708661 0.496063 
vn -0.496063 0.708661 0.496063 
vn -0.496063 0.708661 0.496063 
vn 0.708661 0 0.708661 
vn 0.708661 0 0.708661 
vn 0.708661 0 0.708661 
vn 0.708661 0 0.708661 
vn -0.708661 0 -0.708661 
vn -0.708661 0 -0.708661 
vn -0.708661 0 -0.708661 
vn -0.708661 0 -0.708661 
vn -0.496063 -0.708661 0.496063 
vn -0.496063 -0.708661 0.496063 
vn -0.496063 -0.708661 0.496063 
vn -0.496063 -0.708661 0.496063 
vn 0.496063 0.708661 -0.496063 
vn 0.496063 0.708661 -0.496063 
vn 0.496063 0.708661 -0.496063 
vn 0.496063 0.708661 -0.496063 
vn 0.708661 0 0.708661 
vn 0.708661 0 0.708661 
vn 0.708661 0 0.708661 
vn 0.708661 0 0.708661 
vn -0.708661 0 -0.708661 
vn -0.708661 0 -0.708661 
vn -0.708661 0 -0.708661 
vn -0.708661 0 -0.708661 
vn 0.496063 -0.708661 -0.496063 
vn 0.496063 -0.708661 -0.496063 
vn 0.496063 -0.708661 -0.496063 
vn 0.496063 -0.708661 -0.496063 
vn -0.496063 0.708661 0.496063 
vn -0.496063 0.708661 0.496063 
vn -0.496063 0.708661 0.496063 
vn -0.496063 0.708661 0.496063 
vn 0.708661 0 0.708661 
vn 0.708661 0 0.708661 
vn 0.708661 0 0.708661 
vn 0.708661 0 0.708661 
vn -0.708661 0 -0.708661 
vn -0.708661 0 -0.708661 
vn -0.708661 0 -0.708661 
vn -0.708661 0 -0.708661 
vn -0.496063 -0.708661 0.496063 
vn -0.496063 -0.708661 0.496063 
vn -0.496063 -0.708661 0.496063 
vn -0.496063 -0.708661 0.496063 
vn 0.496063 0.708661 -0.496063 
vn 0.496063 0.708661 -0.496063 
vn 0.496063 0.708661 -0.496063 
vn 0.496063 0.708661 -0.496063 
vn 0.708661 0 0.708661 
vn 0.708661 0 0.708661 
vn 0.708661 0 0.708661 
vn 0.708661 0 0.708661 
vn -0.708661 0 -0.708661 
vn -0.708661 0 -0.708661 
vn -0.708661 0 -0.708661 
vn -0.708661 0 -0.708661 
vn 0.496063 -0.708661 -0.496063 
vn 0.496063 -0.708661 -0.496063 
vn 0.496063 -0.708661 -0.496063 
vn 0.496063 -0.708661 -0.496063 
vn -0.496063 0.708661 0.496063 
vn -0.496063 0.708661 0.496063 
vn -0.496063 0.708661 0.496063 
vn -0.496063 0.708661 0.496063 

vt 1.875 -4.25 
vt 1.84375 -4.25 
vt 1.875 -2.75 
vt 1.84375 -2.75 
vt 1.65625 -4.25 
vt 1.625 -4.25 
vt 1.65625 -2.75 
vt 1.625 -2.75 
vt 1.875 -4.25 
vt 1.84375 -4.25 
vt 1.875 -2.75 
vt 1.84375 -2.75 
vt 1.65625 -4.25 
vt 1.625 -4.25 
vt 1.65625 -2.75 
vt 1.625 -2.75 
vt 1.84375 -2.78125 
vt 1.65625 -2.78125 
vt 1.84375 -2.75 
vt 1.65625 -2.75 
vt 1.84375 -2.78125 
vt 1.65625 -2.78125 
vt 1.84375 -2.75 
vt 1.65625 -2.75 
vt 1.84375 -3.40625 
vt 1.625 -3.40625 
vt 1.84375 -3.375 
vt 1.625 -3.375 
vt 1.84375 -3.40625 
vt 1.65625 -3.40625 
vt 1.84375 -3.375 
vt 1.65625 -3.375 
vt 1.84375 -3.03125 
vt 1.65625 -3.03125 
vt 1.84375 -2.96875 
vt 1.65625 -2.96875 
vt 1.84375 -3.03125 
vt 1.65625 -3.03125 
vt 1.84375 -2.96875 
vt 1.65625 -2.96875 
vt 1.84375 -3.40625 
vt 1.65625 -3.40625 
vt 1.84375 -3.375 
vt 1.65625 -3.375 
vt 1.84375 -3.40625 
vt 1.65625 -3.40625 
vt 1.84375 -3.375 
vt 1.65625 -3.375 
vt 1.84375 -3.28125 
vt 1.65625 -3.28125 
vt 1.84375 -3.21875 
vt 1.65625 -3.21875 
vt 1.84375 -3.28125 
vt 1.65625 -3.28125 
vt 1.84375 -3.21875 
vt 1.65625 -3.21875 
vt 1.84375 -3.40625 
vt 1.65625 -3.40625 
vt 1.84375 -3.375 
vt 1.65625 -3.375 
vt 1.84375 -3.40625 
vt 1.65625 -3.40625 
vt 1.84375 -3.375 
vt 1.65625 -3.375 
vt 1.84375 -3.53125 
vt 1.65625 -3.53125 
vt 1.84375 -3.46875 
vt 1.65625 -3.46875 
vt 1.84375 -3.53125 
vt 1.65625 -3.53125 
vt 1.84375 -3.46875 
vt 1.65625 -3.46875 
vt 1.84375 -3.40625 
vt 1.65625 -3.40625 
vt 1.84375 -3.375 
vt 1.65625 -3.375 
vt 1.84375 -3.40625 
vt 1.65625 -3.40625 
vt 1.84375 -3.375 
vt 1.65625 -3.375 
vt 1.84375 -3.78125 
vt 1.65625 -3.78125 
vt 1.84375 -3.71875 
vt 1.65625 -3.71875 
vt 1.84375 -3.78125 
vt 1.65625 -3.78125 
vt 1.84375 -3.71875 
vt 1.65625 -3.71875 
vt 1.84375 -3.40625 
vt 1.65625 -3.40625 
vt 1.84375 -3.375 
vt 1.65625 -3.375 
vt 1.84375 -3.40625 
vt 1.65625 -3.40625 
vt 1.84375 -3.375 
vt 1.65625 -3.375 
vt 1.84375 -4.03125 
vt 1.65625 -4.03125 
vt 1.84375 -3.96875 
vt 1.65625 -3.96875 
vt 1.84375 -4.03125 
vt 1.65625 -4.03125 
vt 1.84375 -3.96875 
vt 1.65625 -3.96875 
vt 1.84375 -3.40625 
vt 1.65625 -3.40625 
vt 1.84375 -3.375 
vt 1.65625 -3.375 
vt 1.84375 -3.40625 
vt 1.65625 -3.40625 
vt 1.84375 -3.375 
vt 1.65625 -3.375 
vt 1.84375 -4.25 
vt 1.65625 -4.25 
vt 1.84375 -4.21875 
vt 1.65625 -4.21875 
vt 1.84375 -4.25 
vt 1.65625 -4.25 
vt 1.84375 -4.21875 
vt 1.65625 -4.21875 
vt 1.84375 -3.40625 
vt 1.65625 -3.40625 
vt 1.84375 -3.375 
vt 1.65625 -3.375 
vt 1.875 -3.40625 
vt 1.65625 -3.40625 
vt 1.875 -3.375 
vt 1.65625 -3.375 
vt 1.32368 -3.21274 
vt 1.29243 -3.21274 
vt 1.32368 -2.90338 
vt 1.29243 -2.90338 
vt 2.20757 -3.21274 
vt 2.17632 -3.21274 
vt 2.20757 -2.90338 
vt 2.17632 -2.90338 
vt 1.86719 -3.21274 
vt 1.85156 -3.21274 
vt 1.86719 -2.90338 
vt 1.85156 -2.90338 
vt 1.64844 -3.21274 
vt 1.63281 -3.21274 
vt 1.64844 -2.90338 
vt 1.63281 -2.90338 
vt 1.50046 -3.91984 
vt 1.46921 -3.91984 
vt 1.50046 -3.61049 
vt 1.46921 -3.61049 
vt 2.03079 -3.91984 
vt 1.99954 -3.91984 
vt 2.03079 -3.61049 
vt 1.99954 -3.61049 
vt 1.86719 -3.91984 
vt 1.85156 -3.91984 
vt 1.86719 -3.61049 
vt 1.85156 -3.61049 
vt 1.64844 -3.91984 
vt 1.63281 -3.91984 
vt 1.64844 -3.61049 
vt 1.63281 -3.61049 
vt 1.67724 -3.56629 
vt 1.64599 -3.56629 
vt 1.67724 -3.25693 
vt 1.64599 -3.25693 
vt 1.85401 -3.56629 
vt 1.82276 -3.56629 
vt 1.85401 -3.25693 
vt 1.82276 -3.25693 
vt 1.86719 -3.56629 
vt 1.85156 -3.56629 
vt 1.86719 -3.25693 
vt 1.85156 -3.25693 
vt 1.64844 -3.56629 
vt 1.63281 -3.56629 
vt 1.64844 -3.25693 
vt 1.63281 -3.25693 
vt 1.85401 -3.56629 
vt 1.82276 -3.56629 
vt 1.85401 -3.25693 
vt 1.82276 -3.25693 
vt 1.67724 -3.56629 
vt 1.64599 -3.56629 
vt 1.67724 -3.25693 
vt 1.64599 -3.25693 
vt 1.86719 -3.56629 
vt 1.85156 -3.56629 
vt 1.86719 -3.25693 
vt 1.85156 -3.25693 
vt 1.64844 -3.56629 
vt 1.63281 -3.56629 
vt 1.64844 -3.25693 
vt 1.63281 -3.25693 
vt 2.03079 -3.91984 
vt 1.99954 -3.91984 
vt 2.03079 -3.61049 
vt 1.99954 -3.61049 
vt 1.50046 -3.91984 
vt 1.46921 -3.91984 
vt 1.50046 -3.61049 
vt 1.46921 -3.61049 
vt 1.86719 -3.91984 
vt 1.85156 -3.91984 
vt 1.86719 -3.61049 
vt 1.85156 -3.61049 
vt 1.64844 -3.91984 
vt 1.63281 -3.91984 
vt 1.64844 -3.61049 
vt 1.63281 -3.61049 
vt 2.20757 -3.21274 
vt 2.17632 -3.21274 
vt 2.20757 -2.90338 
vt 2.17632 -2.90338 
vt 1.32368 -3.21274 
vt 1.29243 -3.21274 
vt 1.32368 -2.90338 
vt 1.29243 -2.90338 
vt 1.86719 -3.21274 
vt 1.85156 -3.21274 
vt 1.86719 -2.90338 
vt 1.85156 -2.90338 
vt 1.64844 -3.21274 
vt 1.63281 -3.21274 
vt 1.64844 -2.90338 
vt 1.63281 -2.90338 
vt 1.875 -4.25 
vt 1.84375 -4.25 
vt 1.875 -2.75 
vt 1.84375 -2.75 
vt 1.65625 -4.25 
vt 1.625 -4.25 
vt 1.65625 -2.75 
vt 1.625 -2.75 
vt 1.875 -4.25 
vt 1.84375 -4.25 
vt 1.875 -2.75 
vt 1.84375 -2.75 
vt 1.65625 -4.25 
vt 1.625 -4.25 
vt 1.65625 -2.75 
vt 1.625 -2.75 
vt 1.84375 -2.78125 
vt 1.65625 -2.78125 
vt 1.84375 -2.75 
vt 1.65625 -2.75 
vt 1.84375 -2.78125 
vt 1.65625 -2.78125 
vt 1.84375 -2.75 
vt 1.65625 -2.75 
vt 1.84375 -3.40625 
vt 1.625 -3.40625 
vt 1.84375 -3.375 
vt 1.625 -3.375 
vt 1.84375 -3.40625 
vt 1.65625 -3.40625 
vt 1.84375 -3.375 
vt 1.65625 -3.375 
vt 1.84375 -3.03125 
vt 1.65625 -3.03125 
vt 1.84375 -2.96875 
vt 1.65625 -2.96875 
vt 1.84375 -3.03125 
vt 1.65625 -3.03125 
vt 1.84375 -2.96875 
vt 1.65625 -2.96875 
vt 1.84375 -3.40625 
vt 1.65625 -3.40625 
vt 1.84375 -3.375 
vt 1.65625 -3.375 
vt 1.84375 -3.40625 
vt 1.65625 -3.40625 
vt 1.84375 -3.375 
vt 1.65625 -3.375 
vt 1.84375 -3.28125 
vt 1.65625 -3.28125 
vt 1.84375 -3.21875 
vt 1.65625 -3.21875 
vt 1.84375 -3.28125 
vt 1.65625 -3.28125 
vt 1.84375 -3.21875 
vt 1.65625 -3.21875 
vt 1.84375 -3.40625 
vt 1.65625 -3.40625 
vt 1.84375 -3.375 
vt 1.65625 -3.375 
vt 1.84375 -3.40625 
vt 1.65625 -3.40625 
vt 1.84375 -3.375 
vt 1.65625 -3.375 
vt 1.84375 -3.53125 
vt 1.65625 -3.53125 
vt 1.84375 -3.46875 
vt 1.65625 -3.46875 
vt 1.84375 -3.53125 
vt 1.65625 -3.53125 
vt 1.84375 -3.46875 
vt 1.65625 -3.46875 
vt 1.84375 -3.40625 
vt 1.65625 -3.40625 
vt 1.84375 -3.375 
vt 1.65625 -3.375 
vt 1.84375 -3.40625 
vt 1.65625 -3.40625 
vt 1.84375 -3.375 
vt 1.65625 -3.375 
vt 1.84375 -3.78125 
vt 1.65625 -3.78125 
vt 1.84375 -3.71875 
vt 1.65625 -3.71875 
vt 1.84375 -3.78125 
vt 1.65625 -3.78125 
vt 1.84375 -3.71875 
vt 1.65625 -3.71875 
vt 1.84375 -3.40625 
vt 1.65625 -3.40625 
vt 1.84375 -3.375 
vt 1.65625 -3.375 
vt 1.84375 -3.40625 
vt 1.65625 -3.40625 
vt 1.84375 -3.375 
vt 1.65625 -3.375 
vt 1.84375 -4.03125 
vt 1.65625 -4.03125 
vt 1.84375 -3.96875 
vt 1.65625 -3.96875 
vt 1.84375 -4.03125 
vt 1.65625 -4.03125 
vt 1.84375 -3.96875 
vt 1.65625 -3.96875 
vt 1.84375 -3.40625 
vt 1.65625 -3.40625 
vt 1.84375 -3.375 
vt 1.65625 -3.375 
vt 1.84375 -3.40625 
vt 1.65625 -3.40625 
vt 1.84375 -3.375 
vt 1.65625 -3.375 
vt 1.84375 -4.25 
vt 1.65625 -4.25 
vt 1.84375 -4.21875 
vt 1.65625 -4.21875 
vt 1.84375 -4.25 
vt 1.65625 -4.25 
vt 1.84375 -4.21875 
vt 1.65625 -4.21875 
vt 1.84375 -3.40625 
vt 1.65625 -3.40625 
vt 1.84375 -3.375 
vt 1.65625 -3.375 
vt 1.875 -3.40625 
vt 1.65625 -3.40625 
vt 1.875 -3.375 
vt 1.65625 -3.375 
vt 1.32368 -3.21274 
vt 1.29243 -3.21274 
vt 1.32368 -2.90338 
vt 1.29243 -2.90338 
vt 2.20757 -3.21274 
vt 2.17632 -3.21274 
vt 2.20757 -2.90338 
vt 2.17632 -2.90338 
vt 1.86719 -3.21274 
vt 1.85156 -3.21274 
vt 1.86719 -2.90338 
vt 1.85156 -2.90338 
vt 1.64844 -3.21274 
vt 1.63281 -3.21274 
vt 1.64844 -2.90338 
vt 1.63281 -2.90338 
vt 1.50046 -3.91984 
vt 1.46921 -3.91984 
vt 1.50046 -3.61049 
vt 1.46921 -3.61049 
vt 2.03079 -3.91984 
vt 1.99954 -3.91984 
vt 2.03079 -3.61049 
vt 1.99954 -3.61049 
vt 1.86719 -3.91984 
vt 1.85156 -3.91984 
vt 1.86719 -3.61049 
vt 1.85156 -3.61049 
vt 1.64844 -3.91984 
vt 1.63281 -3.91984 
vt 1.64844 -3.61049 
vt 1.63281 -3.61049 
vt 1.67724 -3.56629 
vt 1.64599 -3.56629 
vt 1.67724 -3.25693 
vt 1.64599 -3.25693 
vt 1.85401 -3.56629 
vt 1.82276 -3.56629 
vt 1.85401 -3.25693 
vt 1.82276 -3.25693 
vt 1.86719 -3.56629 
vt 1.85156 -3.56629 
vt 1.86719 -3.25693 
vt 1.85156 -3.25693 
vt 1.64844 -3.56629 
vt 1.63281 -3.56629 
vt 1.64844 -3.25693 
vt 1.63281 -3.25693 
vt 1.85401 -3.56629 
vt 1.82276 -3.56629 
vt 1.85401 -3.25693 
vt 1.82276 -3.25693 
vt 1.67724 -3.56629 
vt 1.64599 -3.56629 
vt 1.67724 -3.25693 
vt 1.64599 -3.25693 
vt 1.86719 -3.56629 
vt 1.85156 -3.56629 
vt 1.86719 -3.25693 
vt 1.85156 -3.25693 
vt 1.64844 -3.56629 
vt 1.63281 -3.56629 
vt 1.64844 -3.25693 
vt 1.63281 -3.25693 
vt 2.03079 -3.91984 
vt 1.99954 -3.91984 
vt 2.03079 -3.61049 
vt 1.99954 -3.61049 
vt 1.50046 -3.91984 
vt 1.46921 -3.91984 
vt 1.50046 -3.61049 
vt 1.46921 -3.61049 
vt 1.86719 -3.91984 
vt 1.85156 -3.91984 
vt 1.86719 -3.61049 
vt 1.85156 -3.61049 
vt 1.64844 -3.91984 
vt 1.63281 -3.91984 
vt 1.64844 -3.61049 
vt 1.63281 -3.61049 
vt 2.20757 -3.21274 
vt 2.17632 -3.21274 
vt 2.20757 -2.90338 
vt 2.17632 -2.90338 
vt 1.32368 -3.21274 
vt 1.29243 -3.21274 
vt 1.32368 -2.90338 
vt 1.29243 -2.90338 
vt 1.86719 -3.21274 
vt 1.85156 -3.21274 
vt 1.86719 -2.90338 
vt 1.85156 -2.90338 
vt 1.64844 -3.21274 
vt 1.63281 -3.21274 
vt 1.64844 -2.90338 
vt 1.63281 -2.90338 
vt 1.875 -4.25 
vt 1.84375 -4.25 
vt 1.875 -2.75 
vt 1.84375 -2.75 
vt 1.65625 -4.25 
vt 1.625 -4.25 
vt 1.65625 -2.75 
vt 1.625 -2.75 
vt 1.875 -4.25 
vt 1.84375 -4.25 
vt 1.875 -2.75 
vt 1.84375 -2.75 
vt 1.65625 -4.25 
vt 1.625 -4.25 
vt 1.65625 -2.75 
vt 1.625 -2.75 
vt 1.84375 -2.78125 
vt 1.65625 -2.78125 
vt 1.84375 -2.75 
vt 1.65625 -2.75 
vt 1.84375 -2.78125 
vt 1.65625 -2.78125 
vt 1.84375 -2.75 
vt 1.65625 -2.75 
vt 1.84375 -3.40625 
vt 1.625 -3.40625 
vt 1.84375 -3.375 
vt 1.625 -3.375 
vt 1.84375 -3.40625 
vt 1.65625 -3.40625 
vt 1.84375 -3.375 
vt 1.65625 -3.375 
vt 1.84375 -3.03125 
vt 1.65625 -3.03125 
vt 1.84375 -2.96875 
vt 1.65625 -2.96875 
vt 1.84375 -3.03125 
vt 1.65625 -3.03125 
vt 1.84375 -2.96875 
vt 1.65625 -2.96875 
vt 1.84375 -3.40625 
vt 1.65625 -3.40625 
vt 1.84375 -3.375 
vt 1.65625 -3.375 
vt 1.84375 -3.40625 
vt 1.65625 -3.40625 
vt 1.84375 -3.375 
vt 1.65625 -3.375 
vt 1.84375 -3.28125 
vt 1.65625 -3.28125 
vt 1.84375 -3.21875 
vt 1.65625 -3.21875 
vt 1.84375 -3.28125 
vt 1.65625 -3.28125 
vt 1.84375 -3.21875 
vt 1.65625 -3.21875 
vt 1.84375 -3.40625 
vt 1.65625 -3.40625 
vt 1.84375 -3.375 
vt 1.65625 -3.375 
vt 1.84375 -3.40625 
vt 1.65625 -3.40625 
vt 1.84375 -3.375 
vt 1.65625 -3.375 
vt 1.84375 -3.53125 
vt 1.65625 -3.53125 
vt 1.84375 -3.46875 
vt 1.65625 -3.46875 
vt 1.84375 -3.53125 
vt 1.65625 -3.53125 
vt 1.84375 -3.46875 
vt 1.65625 -3.46875 
vt 1.84375 -3.40625 
vt 1.65625 -3.40625 
vt 1.84375 -3.375 
vt 1.65625 -3.375 
vt 1.84375 -3.40625 
vt 1.65625 -3.40625 
vt 1.84375 -3.375 
vt 1.65625 -3.375 
vt 1.84375 -3.78125 
vt 1.65625 -3.78125 
vt 1.84375 -3.71875 
vt 1.65625 -3.71875 
vt 1.84375 -3.78125 
vt 1.65625 -3.78125 
vt 1.84375 -3.71875 
vt 1.65625 -3.71875 
vt 1.84375 -3.40625 
vt 1.65625 -3.40625 
vt 1.84375 -3.375 
vt 1.65625 -3.375 
vt 1.84375 -3.40625 
vt 1.65625 -3.40625 
vt 1.84375 -3.375 
vt 1.65625 -3.375 
vt 1.84375 -4.03125 
vt 1.65625 -4.03125 
vt 1.84375 -3.96875 
vt 1.65625 -3.96875 
vt 1.84375 -4.03125 
vt 1.65625 -4.03125 
vt 1.84375 -3.96875 
vt 1.65625 -3.96875 
vt 1.84375 -3.40625 
vt 1.65625 -3.40625 
vt 1.84375 -3.375 
vt 1.65625 -3.375 
vt 1.84375 -3.40625 
vt 1.65625 -3.40625 
vt 1.84375 -3.375 
vt 1.65625 -3.375 
vt 1.84375 -4.25 
vt 1.65625 -4.25 
vt 1.84375 -4.21875 
vt 1.65625 -4.21875 
vt 1.84375 -4.25 
vt 1.65625 -4.25 
vt 1.84375 -4.21875 
vt 1.65625 -4.21875 
vt 1.84375 -3.40625 
vt 1.65625 -3.40625 
vt 1.84375 -3.375 
vt 1.65625 -3.375 
vt 1.875 -3.40625 
vt 1.65625 -3.40625 
vt 1.875 -3.375 
vt 1.65625 -3.375 
vt 1.32368 -3.21274 
vt 1.29243 -3.21274 
vt 1.32368 -2.90338 
vt 1.29243 -2.90338 
vt 2.20757 -3.21274 
vt 2.17632 -3.21274 
vt 2.20757 -2.90338 
vt 2.17632 -2.90338 
vt 1.86719 -3.21274 
vt 1.85156 -3.21274 
vt 1.86719 -2.90338 
vt 1.85156 -2.90338 
vt 1.64844 -3.21274 
vt 1.63281 -3.21274 
vt 1.64844 -2.90338 
vt 1.63281 -2.90338 
vt 1.50046 -3.91984 
vt 1.46921 -3.91984 
vt 1.50046 -3.61049 
vt 1.46921 -3.61049 
vt 2.03079 -3.91984 
vt 1.99954 -3.91984 
vt 2.03079 -3.61049 
vt 1.99954 -3.61049 
vt 1.86719 -3.91984 
vt 1.85156 -3.91984 
vt 1.86719 -3.61049 
vt 1.85156 -3.61049 
vt 1.64844 -3.91984 
vt 1.63281 -3.91984 
vt 1.64844 -3.61049 
vt 1.63281 -3.61049 
vt 1.67724 -3.56629 
vt 1.64599 -3.56629 
vt 1.67724 -3.25693 
vt 1.64599 -3.25693 
vt 1.85401 -3.56629 
vt 1.82276 -3.56629 
vt 1.85401 -3.25693 
vt 1.82276 -3.25693 
vt 1.86719 -3.56629 
vt 1.85156 -3.56629 
vt 1.86719 -3.25693 
vt 1.85156 -3.25693 
vt 1.64844 -3.56629 
vt 1.63281 -3.56629 
vt 1.64844 -3.25693 
vt 1.63281 -3.25693 
vt 1.85401 -3.56629 
vt 1.82276 -3.56629 
vt 1.85401 -3.25693 
vt 1.82276 -3.25693 
vt 1.67724 -3.56629 
vt 1.64599 -3.56629 
vt 1.67724 -3.25693 
vt 1.64599 -3.25693 
vt 1.86719 -3.56629 
vt 1.85156 -3.56629 
vt 1.86719 -3.25693 
vt 1.85156 -3.25693 
vt 1.64844 -3.56629 
vt 1.63281 -3.56629 
vt 1.64844 -3.25693 
vt 1.63281 -3.25693 
vt 2.03079 -3.91984 
vt 1.99954 -3.91984 
vt 2.03079 -3.61049 
vt 1.99954 -3.61049 
vt 1.50046 -3.91984 
vt 1.46921 -3.91984 
vt 1.50046 -3.61049 
vt 1.46921 -3.61049 
vt 1.86719 -3.91984 
vt 1.85156 -3.91984 
vt 1.86719 -3.61049 
vt 1.85156 -3.61049 
vt 1.64844 -3.91984 
vt 1.63281 -3.91984 
vt 1.64844 -3.61049 
vt 1.63281 -3.61049 
vt 2.20757 -3.21274 
vt 2.17632 -3.21274 
vt 2.20757 -2.90338 
vt 2.17632 -2.90338 
vt 1.32368 -3.21274 
vt 1.29243 -3.21274 
vt 1.32368 -2.90338 
vt 1.29243 -2.90338 
vt 1.86719 -3.21274 
vt 1.85156 -3.21274 
vt 1.86719 -2.90338 
vt 1.85156 -2.90338 
vt 1.64844 -3.21274 
vt 1.63281 -3.21274 
vt 1.64844 -2.90338 
vt 1.63281 -2.90338 
vt 1.875 -4.25 
vt 1.84375 -4.25 
vt 1.875 -2.75 
vt 1.84375 -2.75 
vt 1.65625 -4.25 
vt 1.625 -4.25 
vt 1.65625 -2.75 
vt 1.625 -2.75 
vt 1.875 -4.25 
vt 1.84375 -4.25 
vt 1.875 -2.75 
vt 1.84375 -2.75 
vt 1.65625 -4.25 
vt 1.625 -4.25 
vt 1.65625 -2.75 
vt 1.625 -2.75 
vt 1.84375 -2.78125 
vt 1.65625 -2.78125 
vt 1.84375 -2.75 
vt 1.65625 -2.75 
vt 1.84375 -2.78125 
vt 1.65625 -2.78125 
vt 1.84375 -2.75 
vt 1.65625 -2.75 
vt 1.84375 -3.40625 
vt 1.625 -3.40625 
vt 1.84375 -3.375 
vt 1.625 -3.375 
vt 1.84375 -3.40625 
vt 1.65625 -3.40625 
vt 1.84375 -3.375 
vt 1.65625 -3.375 
vt 1.84375 -3.03125 
vt 1.65625 -3.03125 
vt 1.84375 -2.96875 
vt 1.65625 -2.96875 
vt 1.84375 -3.03125 
vt 1.65625 -3.03125 
vt 1.84375 -2.96875 
vt 1.65625 -2.96875 
vt 1.84375 -3.40625 
vt 1.65625 -3.40625 
vt 1.84375 -3.375 
vt 1.65625 -3.375 
vt 1.84375 -3.40625 
vt 1.65625 -3.40625 
vt 1.84375 -3.375 
vt 1.65625 -3.375 
vt 1.84375 -3.28125 
vt 1.65625 -3.28125 
vt 1.84375 -3.21875 
vt 1.65625 -3.21875 
vt 1.84375 -3.28125 
vt 1.65625 -3.28125 
vt 1.84375 -3.21875 
vt 1.65625 -3.21875 
vt 1.84375 -3.40625 
vt 1.65625 -3.40625 
vt 1.84375 -3.375 
vt 1.65625 -3.375 
vt 1.84375 -3.40625 
vt 1.65625 -3.40625 
vt 1.84375 -3.375 
vt 1.65625 -3.375 
vt 1.84375 -3.53125 
vt 1.65625 -3.53125 
vt 1.84375 -3.46875 
vt 1.65625 -3.46875 
vt 1.84375 -3.53125 
vt 1.65625 -3.53125 
vt 1.84375 -3.46875 
vt 1.65625 -3.46875 
vt 1.84375 -3.40625 
vt 1.65625 -3.40625 
vt 1.84375 -3.375 
vt 1.65625 -3.375 
vt 1.84375 -3.40625 
vt 1.65625 -3.40625 
vt 1.84375 -3.375 
vt 1.65625 -3.375 
vt 1.84375 -3.78125 
vt 1.65625 -3.78125 
vt 1.84375 -3.71875 
vt 1.65625 -3.71875 
vt 1.84375 -3.78125 
vt 1.65625 -3.78125 
vt 1.84375 -3.71875 
vt 1.65625 -3.71875 
vt 1.84375 -3.40625 
vt 1.65625 -3.40625 
vt 1.84375 -3.375 
vt 1.65625 -3.375 
vt 1.84375 -3.40625 
vt 1.65625 -3.40625 
vt 1.84375 -3.375 
vt 1.65625 -3.375 
vt 1.84375 -4.03125 
vt 1.65625 -4.03125 
vt 1.84375 -3.96875 
vt 1.65625 -3.96875 
vt 1.84375 -4.03125 
vt 1.65625 -4.03125 
vt 1.84375 -3.96875 
vt 1.65625 -3.96875 
vt 1.84375 -3.40625 
vt 1.65625 -3.40625 
vt 1.84375 -3.375 
vt 1.65625 -3.375 
vt 1.84375 -3.40625 
vt 1.65625 -3.40625 
vt 1.84375 -3.375 
vt 1.65625 -3.375 
vt 1.84375 -4.25 
vt 1.65625 -4.25 
vt 1.84375 -4.21875 
vt 1.65625 -4.21875 
vt 1.84375 -4.25 
vt 1.65625 -4.25 
vt 1.84375 -4.21875 
vt 1.65625 -4.21875 
vt 1.84375 -3.40625 
vt 1.65625 -3.40625 
vt 1.84375 -3.375 
vt 1.65625 -3.375 
vt 1.875 -3.40625 
vt 1.65625 -3.40625 
vt 1.875 -3.375 
vt 1.65625 -3.375 
vt 1.32368 -3.21274 
vt 1.29243 -3.21274 
vt 1.32368 -2.90338 
vt 1.29243 -2.90338 
vt 2.20757 -3.21274 
vt 2.17632 -3.21274 
vt 2.20757 -2.90338 
vt 2.17632 -2.90338 
vt 1.86719 -3.21274 
vt 1.85156 -3.21274 
vt 1.86719 -2.90338 
vt 1.85156 -2.90338 
vt 1.64844 -3.21274 
vt 1.63281 -3.21274 
vt 1.64844 -2.90338 
vt 1.63281 -2.90338 
vt 1.50046 -3.91984 
vt 1.46921 -3.91984 
vt 1.50046 -3.61049 
vt 1.46921 -3.61049 
vt 2.03079 -3.91984 
vt 1.99954 -3.91984 
vt 2.03079 -3.61049 
vt 1.99954 -3.61049 
vt 1.86719 -3.91984 
vt 1.85156 -3.91984 
vt 1.86719 -3.61049 
vt 1.85156 -3.61049 
vt 1.64844 -3.91984 
vt 1.63281 -3.91984 
vt 1.64844 -3.61049 
vt 1.63281 -3.61049 
vt 1.67724 -3.56629 
vt 1.64599 -3.56629 
vt 1.67724 -3.25693 
vt 1.64599 -3.25693 
vt 1.85401 -3.56629 
vt 1.82276 -3.56629 
vt 1.85401 -3.25693 
vt 1.82276 -3.25693 
vt 1.86719 -3.56629 
vt 1.85156 -3.56629 
vt 1.86719 -3.25693 
vt 1.85156 -3.25693 
vt 1.64844 -3.56629 
vt 1.63281 -3.56629 
vt 1.64844 -3.25693 
vt 1.63281 -3.25693 
vt 1.85401 -3.56629 
vt 1.82276 -3.56629 
vt 1.85401 -3.25693 
vt 1.82276 -3.25693 
vt 1.67724 -3.56629 
vt 1.64599 -3.56629 
vt 1.67724 -3.25693 
vt 1.64599 -3.25693 
vt 1.86719 -3.56629 
vt 1.85156 -3.56629 
vt 1.86719 -3.25693 
vt 1.85156 -3.25693 
vt 1.64844 -3.56629 
vt 1.63281 -3.56629 
vt 1.64844 -3.25693 
vt 1.63281 -3.25693 
vt 2.03079 -3.91984 
vt 1.99954 -3.91984 
vt 2.03079 -3.61049 
vt 1.99954 -3.61049 
vt 1.50046 -3.91984 
vt 1.46921 -3.91984 
vt 1.50046 -3.61049 
vt 1.46921 -3.61049 
vt 1.86719 -3.91984 
vt 1.85156 -3.91984 
vt 1.86719 -3.61049 
vt 1.85156 -3.61049 
vt 1.64844 -3.91984 
vt 1.63281 -3.91984 
vt 1.64844 -3.61049 
vt 1.63281 -3.61049 
vt 2.20757 -3.21274 
vt 2.17632 -3.21274 
vt 2.20757 -2.90338 
vt 2.17632 -2.90338 
vt 1.32368 -3.21274 
vt 1.29243 -3.21274 
vt 1.32368 -2.90338 
vt 1.29243 -2.90338 
vt 1.86719 -3.21274 
vt 1.85156 -3.21274 
vt 1.86719 -2.90338 
vt 1.85156 -2.90338 
vt 1.64844 -3.21274 
vt 1.63281 -3.21274 
vt 1.64844 -2.90338 
vt 1.63281 -2.90338 

usemtl Truss1Mtl

f 6355/6355/6355 6356/6356/6356 6357/6357/6357 
f 6357/6357/6357 6356/6356/6356 6358/6358/6358 
f 6359/6359/6359 6360/6360/6360 6361/6361/6361 
f 6361/6361/6361 6360/6360/6360 6362/6362/6362 
f 6363/6363/6363 6364/6364/6364 6365/6365/6365 
f 6365/6365/6365 6364/6364/6364 6366/6366/6366 
f 6367/6367/6367 6368/6368/6368 6369/6369/6369 
f 6369/6369/6369 6368/6368/6368 6370/6370/6370 
f 6371/6371/6371 6372/6372/6372 6373/6373/6373 
f 6373/6373/6373 6372/6372/6372 6374/6374/6374 
f 6375/6375/6375 6376/6376/6376 6377/6377/6377 
f 6377/6377/6377 6376/6376/6376 6378/6378/6378 
f 6379/6379/6379 6380/6380/6380 6381/6381/6381 
f 6381/6381/6381 6380/6380/6380 6382/6382/6382 
f 6383/6383/6383 6384/6384/6384 6385/6385/6385 
f 6385/6385/6385 6384/6384/6384 6386/6386/6386 
f 6387/6387/6387 6388/6388/6388 6389/6389/6389 
f 6389/6389/6389 6388/6388/6388 6390/6390/6390 
f 6391/6391/6391 6392/6392/6392 6393/6393/6393 
f 6393/6393/6393 6392/6392/6392 6394/6394/6394 
f 6395/6395/6395 6396/6396/6396 6397/6397/6397 
f 6397/6397/6397 6396/6396/6396 6398/6398/6398 
f 6399/6399/6399 6400/6400/6400 6401/6401/6401 
f 6401/6401/6401 6400/6400/6400 6402/6402/6402 
f 6403/6403/6403 6404/6404/6404 6405/6405/6405 
f 6405/6405/6405 6404/6404/6404 6406/6406/6406 
f 6407/6407/6407 6408/6408/6408 6409/6409/6409 
f 6409/6409/6409 6408/6408/6408 6410/6410/6410 
f 6411/6411/6411 6412/6412/6412 6413/6413/6413 
f 6413/6413/6413 6412/6412/6412 6414/6414/6414 
f 6415/6415/6415 6416/6416/6416 6417/6417/6417 
f 6417/6417/6417 6416/6416/6416 6418/6418/6418 
f 6419/6419/6419 6420/6420/6420 6421/6421/6421 
f 6421/6421/6421 6420/6420/6420 6422/6422/6422 
f 6423/6423/6423 6424/6424/6424 6425/6425/6425 
f 6425/6425/6425 6424/6424/6424 6426/6426/6426 
f 6427/6427/6427 6428/6428/6428 6429/6429/6429 
f 6429/6429/6429 6428/6428/6428 6430/6430/6430 
f 6431/6431/6431 6432/6432/6432 6433/6433/6433 
f 6433/6433/6433 6432/6432/6432 6434/6434/6434 
f 6435/6435/6435 6436/6436/6436 6437/6437/6437 
f 6437/6437/6437 6436/6436/6436 6438/6438/6438 
f 6439/6439/6439 6440/6440/6440 6441/6441/6441 
f 6441/6441/6441 6440/6440/6440 6442/6442/6442 
f 6443/6443/6443 6444/6444/6444 6445/6445/6445 
f 6445/6445/6445 6444/6444/6444 6446/6446/6446 
f 6447/6447/6447 6448/6448/6448 6449/6449/6449 
f 6449/6449/6449 6448/6448/6448 6450/6450/6450 
f 6451/6451/6451 6452/6452/6452 6453/6453/6453 
f 6453/6453/6453 6452/6452/6452 6454/6454/6454 
f 6455/6455/6455 6456/6456/6456 6457/6457/6457 
f 6457/6457/6457 6456/6456/6456 6458/6458/6458 
f 6459/6459/6459 6460/6460/6460 6461/6461/6461 
f 6461/6461/6461 6460/6460/6460 6462/6462/6462 
f 6463/6463/6463 6464/6464/6464 6465/6465/6465 
f 6465/6465/6465 6464/6464/6464 6466/6466/6466 
f 6467/6467/6467 6468/6468/6468 6469/6469/6469 
f 6469/6469/6469 6468/6468/6468 6470/6470/6470 
f 6471/6471/6471 6472/6472/6472 6473/6473/6473 
f 6473/6473/6473 6472/6472/6472 6474/6474/6474 
f 6475/6475/6475 6476/6476/6476 6477/6477/6477 
f 6477/6477/6477 6476/6476/6476 6478/6478/6478 
f 6479/6479/6479 6480/6480/6480 6481/6481/6481 
f 6481/6481/6481 6480/6480/6480 6482/6482/6482 
f 6483/6483/6483 6484/6484/6484 6485/6485/6485 
f 6485/6485/6485 6484/6484/6484 6486/6486/6486 
f 6487/6487/6487 6488/6488/6488 6489/6489/6489 
f 6489/6489/6489 6488/6488/6488 6490/6490/6490 
f 6491/6491/6491 6492/6492/6492 6493/6493/6493 
f 6493/6493/6493 6492/6492/6492 6494/6494/6494 
f 6495/6495/6495 6496/6496/6496 6497/6497/6497 
f 6497/6497/6497 6496/6496/6496 6498/6498/6498 
f 6499/6499/6499 6500/6500/6500 6501/6501/6501 
f 6501/6501/6501 6500/6500/6500 6502/6502/6502 
f 6503/6503/6503 6504/6504/6504 6505/6505/6505 
f 6505/6505/6505 6504/6504/6504 6506/6506/6506 
f 6507/6507/6507 6508/6508/6508 6509/6509/6509 
f 6509/6509/6509 6508/6508/6508 6510/6510/6510 
f 6511/6511/6511 6512/6512/6512 6513/6513/6513 
f 6513/6513/6513 6512/6512/6512 6514/6514/6514 
f 6515/6515/6515 6516/6516/6516 6517/6517/6517 
f 6517/6517/6517 6516/6516/6516 6518/6518/6518 
f 6519/6519/6519 6520/6520/6520 6521/6521/6521 
f 6521/6521/6521 6520/6520/6520 6522/6522/6522 
f 6523/6523/6523 6524/6524/6524 6525/6525/6525 
f 6525/6525/6525 6524/6524/6524 6526/6526/6526 
f 6527/6527/6527 6528/6528/6528 6529/6529/6529 
f 6529/6529/6529 6528/6528/6528 6530/6530/6530 
f 6531/6531/6531 6532/6532/6532 6533/6533/6533 
f 6533/6533/6533 6532/6532/6532 6534/6534/6534 
f 6535/6535/6535 6536/6536/6536 6537/6537/6537 
f 6537/6537/6537 6536/6536/6536 6538/6538/6538 
f 6539/6539/6539 6540/6540/6540 6541/6541/6541 
f 6541/6541/6541 6540/6540/6540 6542/6542/6542 
f 6543/6543/6543 6544/6544/6544 6545/6545/6545 
f 6545/6545/6545 6544/6544/6544 6546/6546/6546 
f 6547/6547/6547 6548/6548/6548 6549/6549/6549 
f 6549/6549/6549 6548/6548/6548 6550/6550/6550 
f 6551/6551/6551 6552/6552/6552 6553/6553/6553 
f 6553/6553/6553 6552/6552/6552 6554/6554/6554 
f 6555/6555/6555 6556/6556/6556 6557/6557/6557 
f 6557/6557/6557 6556/6556/6556 6558/6558/6558 
f 6559/6559/6559 6560/6560/6560 6561/6561/6561 
f 6561/6561/6561 6560/6560/6560 6562/6562/6562 
f 6563/6563/6563 6564/6564/6564 6565/6565/6565 
f 6565/6565/6565 6564/6564/6564 6566/6566/6566 
f 6567/6567/6567 6568/6568/6568 6569/6569/6569 
f 6569/6569/6569 6568/6568/6568 6570/6570/6570 
f 6571/6571/6571 6572/6572/6572 6573/6573/6573 
f 6573/6573/6573 6572/6572/6572 6574/6574/6574 
f 6575/6575/6575 6576/6576/6576 6577/6577/6577 
f 6577/6577/6577 6576/6576/6576 6578/6578/6578 
f 6579/6579/6579 6580/6580/6580 6581/6581/6581 
f 6581/6581/6581 6580/6580/6580 6582/6582/6582 
f 6583/6583/6583 6584/6584/6584 6585/6585/6585 
f 6585/6585/6585 6584/6584/6584 6586/6586/6586 
f 6587/6587/6587 6588/6588/6588 6589/6589/6589 
f 6589/6589/6589 6588/6588/6588 6590/6590/6590 
f 6591/6591/6591 6592/6592/6592 6593/6593/6593 
f 6593/6593/6593 6592/6592/6592 6594/6594/6594 
f 6595/6595/6595 6596/6596/6596 6597/6597/6597 
f 6597/6597/6597 6596/6596/6596 6598/6598/6598 
f 6599/6599/6599 6600/6600/6600 6601/6601/6601 
f 6601/6601/6601 6600/6600/6600 6602/6602/6602 
f 6603/6603/6603 6604/6604/6604 6605/6605/6605 
f 6605/6605/6605 6604/6604/6604 6606/6606/6606 
f 6607/6607/6607 6608/6608/6608 6609/6609/6609 
f 6609/6609/6609 6608/6608/6608 6610/6610/6610 
f 6611/6611/6611 6612/6612/6612 6613/6613/6613 
f 6613/6613/6613 6612/6612/6612 6614/6614/6614 
f 6615/6615/6615 6616/6616/6616 6617/6617/6617 
f 6617/6617/6617 6616/6616/6616 6618/6618/6618 
f 6619/6619/6619 6620/6620/6620 6621/6621/6621 
f 6621/6621/6621 6620/6620/6620 6622/6622/6622 
f 6623/6623/6623 6624/6624/6624 6625/6625/6625 
f 6625/6625/6625 6624/6624/6624 6626/6626/6626 
f 6627/6627/6627 6628/6628/6628 6629/6629/6629 
f 6629/6629/6629 6628/6628/6628 6630/6630/6630 
f 6631/6631/6631 6632/6632/6632 6633/6633/6633 
f 6633/6633/6633 6632/6632/6632 6634/6634/6634 
f 6635/6635/6635 6636/6636/6636 6637/6637/6637 
f 6637/6637/6637 6636/6636/6636 6638/6638/6638 
f 6639/6639/6639 6640/6640/6640 6641/6641/6641 
f 6641/6641/6641 6640/6640/6640 6642/6642/6642 
f 6643/6643/6643 6644/6644/6644 6645/6645/6645 
f 6645/6645/6645 6644/6644/6644 6646/6646/6646 
f 6647/6647/6647 6648/6648/6648 6649/6649/6649 
f 6649/6649/6649 6648/6648/6648 6650/6650/6650 
f 6651/6651/6651 6652/6652/6652 6653/6653/6653 
f 6653/6653/6653 6652/6652/6652 6654/6654/6654 
f 6655/6655/6655 6656/6656/6656 6657/6657/6657 
f 6657/6657/6657 6656/6656/6656 6658/6658/6658 
f 6659/6659/6659 6660/6660/6660 6661/6661/6661 
f 6661/6661/6661 6660/6660/6660 6662/6662/6662 
f 6663/6663/6663 6664/6664/6664 6665/6665/6665 
f 6665/6665/6665 6664/6664/6664 6666/6666/6666 
f 6667/6667/6667 6668/6668/6668 6669/6669/6669 
f 6669/6669/6669 6668/6668/6668 6670/6670/6670 
f 6671/6671/6671 6672/6672/6672 6673/6673/6673 
f 6673/6673/6673 6672/6672/6672 6674/6674/6674 
f 6675/6675/6675 6676/6676/6676 6677/6677/6677 
f 6677/6677/6677 6676/6676/6676 6678/6678/6678 
f 6679/6679/6679 6680/6680/6680 6681/6681/6681 
f 6681/6681/6681 6680/6680/6680 6682/6682/6682 
f 6683/6683/6683 6684/6684/6684 6685/6685/6685 
f 6685/6685/6685 6684/6684/6684 6686/6686/6686 
f 6687/6687/6687 6688/6688/6688 6689/6689/6689 
f 6689/6689/6689 6688/6688/6688 6690/6690/6690 
f 6691/6691/6691 6692/6692/6692 6693/6693/6693 
f 6693/6693/6693 6692/6692/6692 6694/6694/6694 
f 6695/6695/6695 6696/6696/6696 6697/6697/6697 
f 6697/6697/6697 6696/6696/6696 6698/6698/6698 
f 6699/6699/6699 6700/6700/6700 6701/6701/6701 
f 6701/6701/6701 6700/6700/6700 6702/6702/6702 
f 6703/6703/6703 6704/6704/6704 6705/6705/6705 
f 6705/6705/6705 6704/6704/6704 6706/6706/6706 
f 6707/6707/6707 6708/6708/6708 6709/6709/6709 
f 6709/6709/6709 6708/6708/6708 6710/6710/6710 
f 6711/6711/6711 6712/6712/6712 6713/6713/6713 
f 6713/6713/6713 6712/6712/6712 6714/6714/6714 
f 6715/6715/6715 6716/6716/6716 6717/6717/6717 
f 6717/6717/6717 6716/6716/6716 6718/6718/6718 
f 6719/6719/6719 6720/6720/6720 6721/6721/6721 
f 6721/6721/6721 6720/6720/6720 6722/6722/6722 
f 6723/6723/6723 6724/6724/6724 6725/6725/6725 
f 6725/6725/6725 6724/6724/6724 6726/6726/6726 
f 6727/6727/6727 6728/6728/6728 6729/6729/6729 
f 6729/6729/6729 6728/6728/6728 6730/6730/6730 
f 6731/6731/6731 6732/6732/6732 6733/6733/6733 
f 6733/6733/6733 6732/6732/6732 6734/6734/6734 
f 6735/6735/6735 6736/6736/6736 6737/6737/6737 
f 6737/6737/6737 6736/6736/6736 6738/6738/6738 
f 6739/6739/6739 6740/6740/6740 6741/6741/6741 
f 6741/6741/6741 6740/6740/6740 6742/6742/6742 
f 6743/6743/6743 6744/6744/6744 6745/6745/6745 
f 6745/6745/6745 6744/6744/6744 6746/6746/6746 
f 6747/6747/6747 6748/6748/6748 6749/6749/6749 
f 6749/6749/6749 6748/6748/6748 6750/6750/6750 
f 6751/6751/6751 6752/6752/6752 6753/6753/6753 
f 6753/6753/6753 6752/6752/6752 6754/6754/6754 
f 6755/6755/6755 6756/6756/6756 6757/6757/6757 
f 6757/6757/6757 6756/6756/6756 6758/6758/6758 
f 6759/6759/6759 6760/6760/6760 6761/6761/6761 
f 6761/6761/6761 6760/6760/6760 6762/6762/6762 
f 6763/6763/6763 6764/6764/6764 6765/6765/6765 
f 6765/6765/6765 6764/6764/6764 6766/6766/6766 
f 6767/6767/6767 6768/6768/6768 6769/6769/6769 
f 6769/6769/6769 6768/6768/6768 6770/6770/6770 
f 6771/6771/6771 6772/6772/6772 6773/6773/6773 
f 6773/6773/6773 6772/6772/6772 6774/6774/6774 
f 6775/6775/6775 6776/6776/6776 6777/6777/6777 
f 6777/6777/6777 6776/6776/6776 6778/6778/6778 
f 6779/6779/6779 6780/6780/6780 6781/6781/6781 
f 6781/6781/6781 6780/6780/6780 6782/6782/6782 
f 6783/6783/6783 6784/6784/6784 6785/6785/6785 
f 6785/6785/6785 6784/6784/6784 6786/6786/6786 
f 6787/6787/6787 6788/6788/6788 6789/6789/6789 
f 6789/6789/6789 6788/6788/6788 6790/6790/6790 
f 6791/6791/6791 6792/6792/6792 6793/6793/6793 
f 6793/6793/6793 6792/6792/6792 6794/6794/6794 
f 6795/6795/6795 6796/6796/6796 6797/6797/6797 
f 6797/6797/6797 6796/6796/6796 6798/6798/6798 
f 6799/6799/6799 6800/6800/6800 6801/6801/6801 
f 6801/6801/6801 6800/6800/6800 6802/6802/6802 
f 6803/6803/6803 6804/6804/6804 6805/6805/6805 
f 6805/6805/6805 6804/6804/6804 6806/6806/6806 
f 6807/6807/6807 6808/6808/6808 6809/6809/6809 
f 6809/6809/6809 6808/6808/6808 6810/6810/6810 
f 6811/6811/6811 6812/6812/6812 6813/6813/6813 
f 6813/6813/6813 6812/6812/6812 6814/6814/6814 
f 6815/6815/6815 6816/6816/6816 6817/6817/6817 
f 6817/6817/6817 6816/6816/6816 6818/6818/6818 
f 6819/6819/6819 6820/6820/6820 6821/6821/6821 
f 6821/6821/6821 6820/6820/6820 6822/6822/6822 
f 6823/6823/6823 6824/6824/6824 6825/6825/6825 
f 6825/6825/6825 6824/6824/6824 6826/6826/6826 
f 6827/6827/6827 6828/6828/6828 6829/6829/6829 
f 6829/6829/6829 6828/6828/6828 6830/6830/6830 
f 6831/6831/6831 6832/6832/6832 6833/6833/6833 
f 6833/6833/6833 6832/6832/6832 6834/6834/6834 
f 6835/6835/6835 6836/6836/6836 6837/6837/6837 
f 6837/6837/6837 6836/6836/6836 6838/6838/6838 
f 6839/6839/6839 6840/6840/6840 6841/6841/6841 
f 6841/6841/6841 6840/6840/6840 6842/6842/6842 
f 6843/6843/6843 6844/6844/6844 6845/6845/6845 
f 6845/6845/6845 6844/6844/6844 6846/6846/6846 
f 6847/6847/6847 6848/6848/6848 6849/6849/6849 
f 6849/6849/6849 6848/6848/6848 6850/6850/6850 
f 6851/6851/6851 6852/6852/6852 6853/6853/6853 
f 6853/6853/6853 6852/6852/6852 6854/6854/6854 
f 6855/6855/6855 6856/6856/6856 6857/6857/6857 
f 6857/6857/6857 6856/6856/6856 6858/6858/6858 
f 6859/6859/6859 6860/6860/6860 6861/6861/6861 
f 6861/6861/6861 6860/6860/6860 6862/6862/6862 
f 6863/6863/6863 6864/6864/6864 6865/6865/6865 
f 6865/6865/6865 6864/6864/6864 6866/6866/6866 
f 6867/6867/6867 6868/6868/6868 6869/6869/6869 
f 6869/6869/6869 6868/6868/6868 6870/6870/6870 
f 6871/6871/6871 6872/6872/6872 6873/6873/6873 
f 6873/6873/6873 6872/6872/6872 6874/6874/6874 
f 6875/6875/6875 6876/6876/6876 6877/6877/6877 
f 6877/6877/6877 6876/6876/6876 6878/6878/6878 
f 6879/6879/6879 6880/6880/6880 6881/6881/6881 
f 6881/6881/6881 6880/6880/6880 6882/6882/6882 
f 6883/6883/6883 6884/6884/6884 6885/6885/6885 
f 6885/6885/6885 6884/6884/6884 6886/6886/6886 
f 6887/6887/6887 6888/6888/6888 6889/6889/6889 
f 6889/6889/6889 6888/6888/6888 6890/6890/6890 
f 6891/6891/6891 6892/6892/6892 6893/6893/6893 
f 6893/6893/6893 6892/6892/6892 6894/6894/6894 
f 6895/6895/6895 6896/6896/6896 6897/6897/6897 
f 6897/6897/6897 6896/6896/6896 6898/6898/6898 
f 6899/6899/6899 6900/6900/6900 6901/6901/6901 
f 6901/6901/6901 6900/6900/6900 6902/6902/6902 
f 6903/6903/6903 6904/6904/6904 6905/6905/6905 
f 6905/6905/6905 6904/6904/6904 6906/6906/6906 
f 6907/6907/6907 6908/6908/6908 6909/6909/6909 
f 6909/6909/6909 6908/6908/6908 6910/6910/6910 
f 6911/6911/6911 6912/6912/6912 6913/6913/6913 
f 6913/6913/6913 6912/6912/6912 6914/6914/6914 
f 6915/6915/6915 6916/6916/6916 6917/6917/6917 
f 6917/6917/6917 6916/6916/6916 6918/6918/6918 
f 6919/6919/6919 6920/6920/6920 6921/6921/6921 
f 6921/6921/6921 6920/6920/6920 6922/6922/6922 
f 6923/6923/6923 6924/6924/6924 6925/6925/6925 
f 6925/6925/6925 6924/6924/6924 6926/6926/6926 
f 6927/6927/6927 6928/6928/6928 6929/6929/6929 
f 6929/6929/6929 6928/6928/6928 6930/6930/6930 
f 6931/6931/6931 6932/6932/6932 6933/6933/6933 
f 6933/6933/6933 6932/6932/6932 6934/6934/6934 
f 6935/6935/6935 6936/6936/6936 6937/6937/6937 
f 6937/6937/6937 6936/6936/6936 6938/6938/6938 
f 6939/6939/6939 6940/6940/6940 6941/6941/6941 
f 6941/6941/6941 6940/6940/6940 6942/6942/6942 
f 6943/6943/6943 6944/6944/6944 6945/6945/6945 
f 6945/6945/6945 6944/6944/6944 6946/6946/6946 
f 6947/6947/6947 6948/6948/6948 6949/6949/6949 
f 6949/6949/6949 6948/6948/6948 6950/6950/6950 
f 6951/6951/6951 6952/6952/6952 6953/6953/6953 
f 6953/6953/6953 6952/6952/6952 6954/6954/6954 
f 6955/6955/6955 6956/6956/6956 6957/6957/6957 
f 6957/6957/6957 6956/6956/6956 6958/6958/6958 
f 6959/6959/6959 6960/6960/6960 6961/6961/6961 
f 6961/6961/6961 6960/6960/6960 6962/6962/6962 
f 6963/6963/6963 6964/6964/6964 6965/6965/6965 
f 6965/6965/6965 6964/6964/6964 6966/6966/6966 
f 6967/6967/6967 6968/6968/6968 6969/6969/6969 
f 6969/6969/6969 6968/6968/6968 6970/6970/6970 
f 6971/6971/6971 6972/6972/6972 6973/6973/6973 
f 6973/6973/6973 6972/6972/6972 6974/6974/6974 
f 6975/6975/6975 6976/6976/6976 6977/6977/6977 
f 6977/6977/6977 6976/6976/6976 6978/6978/6978 
f 6979/6979/6979 6980/6980/6980 6981/6981/6981 
f 6981/6981/6981 6980/6980/6980 6982/6982/6982 
f 6983/6983/6983 6984/6984/6984 6985/6985/6985 
f 6985/6985/6985 6984/6984/6984 6986/6986/6986 
f 6987/6987/6987 6988/6988/6988 6989/6989/6989 
f 6989/6989/6989 6988/6988/6988 6990/6990/6990 
f 6991/6991/6991 6992/6992/6992 6993/6993/6993 
f 6993/6993/6993 6992/6992/6992 6994/6994/6994 
f 6995/6995/6995 6996/6996/6996 6997/6997/6997 
f 6997/6997/6997 6996/6996/6996 6998/6998/6998 
f 6999/6999/6999 7000/7000/7000 7001/7001/7001 
f 7001/7001/7001 7000/7000/7000 7002/7002/7002 
f 7003/7003/7003 7004/7004/7004 7005/7005/7005 
f 7005/7005/7005 7004/7004/7004 7006/7006/7006 
f 7007/7007/7007 7008/7008/7008 7009/7009/7009 
f 7009/7009/7009 7008/7008/7008 7010/7010/7010 
f 7011/7011/7011 7012/7012/7012 7013/7013/7013 
f 7013/7013/7013 7012/7012/7012 7014/7014/7014 
f 7015/7015/7015 7016/7016/7016 7017/7017/7017 
f 7017/7017/7017 7016/7016/7016 7018/7018/7018 
f 7019/7019/7019 7020/7020/7020 7021/7021/7021 
f 7021/7021/7021 7020/7020/7020 7022/7022/7022 
f 7023/7023/7023 7024/7024/7024 7025/7025/7025 
f 7025/7025/7025 7024/7024/7024 7026/7026/7026 
f 7027/7027/7027 7028/7028/7028 7029/7029/7029 
f 7029/7029/7029 7028/7028/7028 7030/7030/7030 
f 7031/7031/7031 7032/7032/7032 7033/7033/7033 
f 7033/7033/7033 7032/7032/7032 7034/7034/7034 
f 7035/7035/7035 7036/7036/7036 7037/7037/7037 
f 7037/7037/7037 7036/7036/7036 7038/7038/7038 
f 7039/7039/7039 7040/7040/7040 7041/7041/7041 
f 7041/7041/7041 7040/7040/7040 7042/7042/7042 
f 7043/7043/7043 7044/7044/7044 7045/7045/7045 
f 7045/7045/7045 7044/7044/7044 7046/7046/7046 
f 7047/7047/7047 7048/7048/7048 7049/7049/7049 
f 7049/7049/7049 7048/7048/7048 7050/7050/7050 
f 7051/7051/7051 7052/7052/7052 7053/7053/7053 
f 7053/7053/7053 7052/7052/7052 7054/7054/7054 
f 7055/7055/7055 7056/7056/7056 7057/7057/7057 
f 7057/7057/7057 7056/7056/7056 7058/7058/7058 
f 7059/7059/7059 7060/7060/7060 7061/7061/7061 
f 7061/7061/7061 7060/7060/7060 7062/7062/7062 
f 7063/7063/7063 7064/7064/7064 7065/7065/7065 
f 7065/7065/7065 7064/7064/7064 7066/7066/7066 
f 7067/7067/7067 7068/7068/7068 7069/7069/7069 
f 7069/7069/7069 7068/7068/7068 7070/7070/7070 
f 7071/7071/7071 7072/7072/7072 7073/7073/7073 
f 7073/7073/7073 7072/7072/7072 7074/7074/7074 
f 7075/7075/7075 7076/7076/7076 7077/7077/7077 
f 7077/7077/7077 7076/7076/7076 7078/7078/7078 
f 7079/7079/7079 7080/7080/7080 7081/7081/7081 
f 7081/7081/7081 7080/7080/7080 7082/7082/7082 
f 7083/7083/7083 7084/7084/7084 7085/7085/7085 
f 7085/7085/7085 7084/7084/7084 7086/7086/7086 
f 7087/7087/7087 7088/7088/7088 7089/7089/7089 
f 7089/7089/7089 7088/7088/7088 7090/7090/7090 
f 7091/7091/7091 7092/7092/7092 7093/7093/7093 
f 7093/7093/7093 7092/7092/7092 7094/7094/7094 
f 7095/7095/7095 7096/7096/7096 7097/7097/7097 
f 7097/7097/7097 7096/7096/7096 7098/7098/7098 
f 7099/7099/7099 7100/7100/7100 7101/7101/7101 
f 7101/7101/7101 7100/7100/7100 7102/7102/7102 
f 7103/7103/7103 7104/7104/7104 7105/7105/7105 
f 7105/7105/7105 7104/7104/7104 7106/7106/7106 
f 7107/7107/7107 7108/7108/7108 7109/7109/7109 
f 7109/7109/7109 7108/7108/7108 7110/7110/7110 
f 7111/7111/7111 7112/7112/7112 7113/7113/7113 
f 7113/7113/7113 7112/7112/7112 7114/7114/7114 
f 7115/7115/7115 7116/7116/7116 7117/7117/7117 
f 7117/7117/7117 7116/7116/7116 7118/7118/7118 
f 7119/7119/7119 7120/7120/7120 7121/7121/7121 
f 7121/7121/7121 7120/7120/7120 7122/7122/7122 
f 7123/7123/7123 7124/7124/7124 7125/7125/7125 
f 7125/7125/7125 7124/7124/7124 7126/7126/7126 
f 7127/7127/7127 7128/7128/7128 7129/7129/7129 
f 7129/7129/7129 7128/7128/7128 7130/7130/7130 
f 7131/7131/7131 7132/7132/7132 7133/7133/7133 
f 7133/7133/7133 7132/7132/7132 7134/7134/7134 
f 7135/7135/7135 7136/7136/7136 7137/7137/7137 
f 7137/7137/7137 7136/7136/7136 7138/7138/7138 
f 7139/7139/7139 7140/7140/7140 7141/7141/7141 
f 7141/7141/7141 7140/7140/7140 7142/7142/7142 
f 7143/7143/7143 7144/7144/7144 7145/7145/7145 
f 7145/7145/7145 7144/7144/7144 7146/7146/7146 
f 7147/7147/7147 7148/7148/7148 7149/7149/7149 
f 7149/7149/7149 7148/7148/7148 7150/7150/7150 
f 7151/7151/7151 7152/7152/7152 7153/7153/7153 
f 7153/7153/7153 7152/7152/7152 7154/7154/7154 
f 7155/7155/7155 7156/7156/7156 7157/7157/7157 
f 7157/7157/7157 7156/7156/7156 7158/7158/7158 
f 7159/7159/7159 7160/7160/7160 7161/7161/7161 
f 7161/7161/7161 7160/7160/7160 7162/7162/7162 
f 7163/7163/7163 7164/7164/7164 7165/7165/7165 
f 7165/7165/7165 7164/7164/7164 7166/7166/7166 
f 7167/7167/7167 7168/7168/7168 7169/7169/7169 
f 7169/7169/7169 7168/7168/7168 7170/7170/7170 
f 7171/7171/7171 7172/7172/7172 7173/7173/7173 
f 7173/7173/7173 7172/7172/7172 7174/7174/7174 
f 7175/7175/7175 7176/7176/7176 7177/7177/7177 
f 7177/7177/7177 7176/7176/7176 7178/7178/7178 
f 7179/7179/7179 7180/7180/7180 7181/7181/7181 
f 7181/7181/7181 7180/7180/7180 7182/7182/7182 
f 7183/7183/7183 7184/7184/7184 7185/7185/7185 
f 7185/7185/7185 7184/7184/7184 7186/7186/7186 
f 7187/7187/7187 7188/7188/7188 7189/7189/7189 
f 7189/7189/7189 7188/7188/7188 7190/7190/7190 
f 7191/7191/7191 7192/7192/7192 7193/7193/7193 
f 7193/7193/7193 7192/7192/7192 7194/7194/7194 
f 7195/7195/7195 7196/7196/7196 7197/7197/7197 
f 7197/7197/7197 7196/7196/7196 7198/7198/7198 
f 7199/7199/7199 7200/7200/7200 7201/7201/7201 
f 7201/7201/7201 7200/7200/7200 7202/7202/7202 
f 7203/7203/7203 7204/7204/7204 7205/7205/7205 
f 7205/7205/7205 7204/7204/7204 7206/7206/7206 
f 7207/7207/7207 7208/7208/7208 7209/7209/7209 
f 7209/7209/7209 7208/7208/7208 7210/7210/7210 
f 7211/7211/7211 7212/7212/7212 7213/7213/7213 
f 7213/7213/7213 7212/7212/7212 7214/7214/7214 
f 7215/7215/7215 7216/7216/7216 7217/7217/7217 
f 7217/7217/7217 7216/7216/7216 7218/7218/7218 
f 7219/7219/7219 7220/7220/7220 7221/7221/7221 
f 7221/7221/7221 7220/7220/7220 7222/7222/7222 
f 7223/7223/7223 7224/7224/7224 7225/7225/7225 
f 7225/7225/7225 7224/7224/7224 7226/7226/7226 
f 7227/7227/7227 7228/7228/7228 7229/7229/7229 
f 7229/7229/7229 7228/7228/7228 7230/7230/7230 
f 7231/7231/7231 7232/7232/7232 7233/7233/7233 
f 7233/7233/7233 7232/7232/7232 7234/7234/7234 
f 7235/7235/7235 7236/7236/7236 7237/7237/7237 
f 7237/7237/7237 7236/7236/7236 7238/7238/7238 
f 7239/7239/7239 7240/7240/7240 7241/7241/7241 
f 7241/7241/7241 7240/7240/7240 7242/7242/7242 
f 7243/7243/7243 7244/7244/7244 7245/7245/7245 
f 7245/7245/7245 7244/7244/7244 7246/7246/7246 
f 7247/7247/7247 7248/7248/7248 7249/7249/7249 
f 7249/7249/7249 7248/7248/7248 7250/7250/7250 

g Truss4

v -198 12.2 430 
v -197.75 12.2 430 
v -198 0.199999 430 
v -197.75 0.199999 430 
v -198 12.2 430.25 
v -198 12.2 430 
v -198 0.199999 430.25 
v -198 0.199999 430 
v -197.75 12.2 430 
v -197.75 12.2 430.25 
v -197.75 0.199999 430 
v -197.75 0.199999 430.25 
v -197.75 12.2 430.25 
v -198 12.2 430.25 
v -197.75 0.199999 430.25 
v -198 0.199999 430.25 
v -197.75 0.449999 430 
v -196.25 0.449999 430 
v -197.75 0.199999 430 
v -196.25 0.199999 430 
v -196.25 0.449999 430.25 
v -197.75 0.449999 430.25 
v -196.25 0.199999 430.25 
v -197.75 0.199999 430.25 
v -196.25 0.199999 430.25 
v -198 0.199999 430.25 
v -196.25 0.199999 430 
v -198 0.199999 430 
v -197.75 0.449999 430.25 
v -196.25 0.449999 430.25 
v -197.75 0.449999 430 
v -196.25 0.449999 430 
v -197.75 2.45 430 
v -196.25 2.45 430 
v -197.75 1.95 430 
v -196.25 1.95 430 
v -196.25 2.45 430.25 
v -197.75 2.45 430.25 
v -196.25 1.95 430.25 
v -197.75 1.95 430.25 
v -196.25 1.95 430.25 
v -197.75 1.95 430.25 
v -196.25 1.95 430 
v -197.75 1.95 430 
v -197.75 2.45 430.25 
v -196.25 2.45 430.25 
v -197.75 2.45 430 
v -196.25 2.45 430 
v -197.75 4.45 430 
v -196.25 4.45 430 
v -197.75 3.95 430 
v -196.25 3.95 430 
v -196.25 4.45 430.25 
v -197.75 4.45 430.25 
v -196.25 3.95 430.25 
v -197.75 3.95 430.25 
v -196.25 3.95 430.25 
v -197.75 3.95 430.25 
v -196.25 3.95 430 
v -197.75 3.95 430 
v -197.75 4.45 430.25 
v -196.25 4.45 430.25 
v -197.75 4.45 430 
v -196.25 4.45 430 
v -197.75 6.45 430 
v -196.25 6.45 430 
v -197.75 5.95 430 
v -196.25 5.95 430 
v -196.25 6.45 430.25 
v -197.75 6.45 430.25 
v -196.25 5.95 430.25 
v -197.75 5.95 430.25 
v -196.25 5.95 430.25 
v -197.75 5.95 430.25 
v -196.25 5.95 430 
v -197.75 5.95 430 
v -197.75 6.45 430.25 
v -196.25 6.45 430.25 
v -197.75 6.45 430 
v -196.25 6.45 430 
v -197.75 8.45 430 
v -196.25 8.45 430 
v -197.75 7.95 430 
v -196.25 7.95 430 
v -196.25 8.45 430.25 
v -197.75 8.45 430.25 
v -196.25 7.95 430.25 
v -197.75 7.95 430.25 
v -196.25 7.95 430.25 
v -197.75 7.95 430.25 
v -196.25 7.95 430 
v -197.75 7.95 430 
v -197.75 8.45 430.25 
v -196.25 8.45 430.25 
v -197.75 8.45 430 
v -196.25 8.45 430 
v -197.75 10.45 430 
v -196.25 10.45 430 
v -197.75 9.95 430 
v -196.25 9.95 430 
v -196.25 10.45 430.25 
v -197.75 10.45 430.25 
v -196.25 9.95 430.25 
v -197.75 9.95 430.25 
v -196.25 9.95 430.25 
v -197.75 9.95 430.25 
v -196.25 9.95 430 
v -197.75 9.95 430 
v -197.75 10.45 430.25 
v -196.25 10.45 430.25 
v -197.75 10.45 430 
v -196.25 10.45 430 
v -197.75 12.2 430 
v -196.25 12.2 430 
v -197.75 11.95 430 
v -196.25 11.95 430 
v -196.25 12.2 430.25 
v -197.75 12.2 430.25 
v -196.25 11.95 430.25 
v -197.75 11.95 430.25 
v -196.25 11.95 430.25 
v -197.75 11.95 430.25 
v -196.25 11.95 430 
v -197.75 11.95 430 
v -198 12.2 430.25 
v -196.25 12.2 430.25 
v -198 12.2 430 
v -196.25 12.2 430 
v -196.213 2.16338 430.062 
v -196.037 1.98661 430.062 
v -197.963 0.413387 430.062 
v -197.787 0.236611 430.062 
v -196.037 1.98661 430.188 
v -196.213 2.16338 430.188 
v -197.787 0.236611 430.188 
v -197.963 0.413387 430.188 
v -196.037 1.98661 430.062 
v -196.037 1.98661 430.188 
v -197.787 0.236611 430.062 
v -197.787 0.236611 430.188 
v -196.213 2.16338 430.188 
v -196.213 2.16338 430.062 
v -197.963 0.413387 430.188 
v -197.963 0.413387 430.062 
v -196.037 2.41339 430.062 
v -196.213 2.23661 430.062 
v -197.787 4.16339 430.062 
v -197.963 3.98661 430.062 
v -196.213 2.23661 430.188 
v -196.037 2.41339 430.188 
v -197.963 3.98661 430.188 
v -197.787 4.16339 430.188 
v -196.213 2.23661 430.062 
v -196.213 2.23661 430.188 
v -197.963 3.98661 430.062 
v -197.963 3.98661 430.188 
v -196.037 2.41339 430.188 
v -196.037 2.41339 430.062 
v -197.787 4.16339 430.188 
v -197.787 4.16339 430.062 
v -196.213 6.16339 430.062 
v -196.037 5.98661 430.062 
v -197.963 4.41339 430.062 
v -197.787 4.23661 430.062 
v -196.037 5.98661 430.188 
v -196.213 6.16339 430.188 
v -197.787 4.23661 430.188 
v -197.963 4.41339 430.188 
v -196.037 5.98661 430.062 
v -196.037 5.98661 430.188 
v -197.787 4.23661 430.062 
v -197.787 4.23661 430.188 
v -196.213 6.16339 430.188 
v -196.213 6.16339 430.062 
v -197.963 4.41339 430.188 
v -197.963 4.41339 430.062 
v -196.037 6.41339 430.062 
v -196.213 6.23661 430.062 
v -197.787 8.16339 430.062 
v -197.963 7.98661 430.062 
v -196.213 6.23661 430.188 
v -196.037 6.41339 430.188 
v -197.963 7.98661 430.188 
v -197.787 8.16339 430.188 
v -196.213 6.23661 430.062 
v -196.213 6.23661 430.188 
v -197.963 7.98661 430.062 
v -197.963 7.98661 430.188 
v -196.037 6.41339 430.188 
v -196.037 6.41339 430.062 
v -197.787 8.16339 430.188 
v -197.787 8.16339 430.062 
v -196.213 10.1634 430.062 
v -196.037 9.98661 430.062 
v -197.963 8.41339 430.062 
v -197.787 8.23661 430.062 
v -196.037 9.98661 430.188 
v -196.213 10.1634 430.188 
v -197.787 8.23661 430.188 
v -197.963 8.41339 430.188 
v -196.037 9.98661 430.062 
v -196.037 9.98661 430.188 
v -197.787 8.23661 430.062 
v -197.787 8.23661 430.188 
v -196.213 10.1634 430.188 
v -196.213 10.1634 430.062 
v -197.963 8.41339 430.188 
v -197.963 8.41339 430.062 
v -196.037 10.4134 430.062 
v -196.213 10.2366 430.062 
v -197.787 12.1634 430.062 
v -197.963 11.9866 430.062 
v -196.213 10.2366 430.188 
v -196.037 10.4134 430.188 
v -197.963 11.9866 430.188 
v -197.787 12.1634 430.188 
v -196.213 10.2366 430.062 
v -196.213 10.2366 430.188 
v -197.963 11.9866 430.062 
v -197.963 11.9866 430.188 
v -196.037 10.4134 430.188 
v -196.037 10.4134 430.062 
v -197.787 12.1634 430.188 
v -197.787 12.1634 430.062 
v -198 12.2 432 
v -198 12.2 431.75 
v -198 0.199999 432 
v -198 0.199999 431.75 
v -197.75 12.2 432 
v -198 12.2 432 
v -197.75 0.199999 432 
v -198 0.199999 432 
v -198 12.2 431.75 
v -197.75 12.2 431.75 
v -198 0.199999 431.75 
v -197.75 0.199999 431.75 
v -197.75 12.2 431.75 
v -197.75 12.2 432 
v -197.75 0.199999 431.75 
v -197.75 0.199999 432 
v -198 0.449999 431.75 
v -198 0.449999 430.25 
v -198 0.199999 431.75 
v -198 0.199999 430.25 
v -197.75 0.449999 430.25 
v -197.75 0.449999 431.75 
v -197.75 0.199999 430.25 
v -197.75 0.199999 431.75 
v -197.75 0.199999 430.25 
v -197.75 0.199999 432 
v -198 0.199999 430.25 
v -198 0.199999 432 
v -197.75 0.449999 431.75 
v -197.75 0.449999 430.25 
v -198 0.449999 431.75 
v -198 0.449999 430.25 
v -198 2.45 431.75 
v -198 2.45 430.25 
v -198 1.95 431.75 
v -198 1.95 430.25 
v -197.75 2.45 430.25 
v -197.75 2.45 431.75 
v -197.75 1.95 430.25 
v -197.75 1.95 431.75 
v -197.75 1.95 430.25 
v -197.75 1.95 431.75 
v -198 1.95 430.25 
v -198 1.95 431.75 
v -197.75 2.45 431.75 
v -197.75 2.45 430.25 
v -198 2.45 431.75 
v -198 2.45 430.25 
v -198 4.45 431.75 
v -198 4.45 430.25 
v -198 3.95 431.75 
v -198 3.95 430.25 
v -197.75 4.45 430.25 
v -197.75 4.45 431.75 
v -197.75 3.95 430.25 
v -197.75 3.95 431.75 
v -197.75 3.95 430.25 
v -197.75 3.95 431.75 
v -198 3.95 430.25 
v -198 3.95 431.75 
v -197.75 4.45 431.75 
v -197.75 4.45 430.25 
v -198 4.45 431.75 
v -198 4.45 430.25 
v -198 6.45 431.75 
v -198 6.45 430.25 
v -198 5.95 431.75 
v -198 5.95 430.25 
v -197.75 6.45 430.25 
v -197.75 6.45 431.75 
v -197.75 5.95 430.25 
v -197.75 5.95 431.75 
v -197.75 5.95 430.25 
v -197.75 5.95 431.75 
v -198 5.95 430.25 
v -198 5.95 431.75 
v -197.75 6.45 431.75 
v -197.75 6.45 430.25 
v -198 6.45 431.75 
v -198 6.45 430.25 
v -198 8.45 431.75 
v -198 8.45 430.25 
v -198 7.95 431.75 
v -198 7.95 430.25 
v -197.75 8.45 430.25 
v -197.75 8.45 431.75 
v -197.75 7.95 430.25 
v -197.75 7.95 431.75 
v -197.75 7.95 430.25 
v -197.75 7.95 431.75 
v -198 7.95 430.25 
v -198 7.95 431.75 
v -197.75 8.45 431.75 
v -197.75 8.45 430.25 
v -198 8.45 431.75 
v -198 8.45 430.25 
v -198 10.45 431.75 
v -198 10.45 430.25 
v -198 9.95 431.75 
v -198 9.95 430.25 
v -197.75 10.45 430.25 
v -197.75 10.45 431.75 
v -197.75 9.95 430.25 
v -197.75 9.95 431.75 
v -197.75 9.95 430.25 
v -197.75 9.95 431.75 
v -198 9.95 430.25 
v -198 9.95 431.75 
v -197.75 10.45 431.75 
v -197.75 10.45 430.25 
v -198 10.45 431.75 
v -198 10.45 430.25 
v -198 12.2 431.75 
v -198 12.2 430.25 
v -198 11.95 431.75 
v -198 11.95 430.25 
v -197.75 12.2 430.25 
v -197.75 12.2 431.75 
v -197.75 11.95 430.25 
v -197.75 11.95 431.75 
v -197.75 11.95 430.25 
v -197.75 11.95 431.75 
v -198 11.95 430.25 
v -198 11.95 431.75 
v -197.75 12.2 432 
v -197.75 12.2 430.25 
v -198 12.2 432 
v -198 12.2 430.25 
v -197.938 2.16338 430.213 
v -197.938 1.98661 430.037 
v -197.938 0.413387 431.963 
v -197.938 0.236611 431.787 
v -197.812 1.98661 430.037 
v -197.812 2.16338 430.213 
v -197.812 0.236611 431.787 
v -197.812 0.413387 431.963 
v -197.938 1.98661 430.037 
v -197.812 1.98661 430.037 
v -197.938 0.236611 431.787 
v -197.812 0.236611 431.787 
v -197.812 2.16338 430.213 
v -197.938 2.16338 430.213 
v -197.812 0.413387 431.963 
v -197.938 0.413387 431.963 
v -197.938 2.41339 430.037 
v -197.938 2.23661 430.213 
v -197.938 4.16339 431.787 
v -197.938 3.98661 431.963 
v -197.812 2.23661 430.213 
v -197.812 2.41339 430.037 
v -197.812 3.98661 431.963 
v -197.812 4.16339 431.787 
v -197.938 2.23661 430.213 
v -197.812 2.23661 430.213 
v -197.938 3.98661 431.963 
v -197.812 3.98661 431.963 
v -197.812 2.41339 430.037 
v -197.938 2.41339 430.037 
v -197.812 4.16339 431.787 
v -197.938 4.16339 431.787 
v -197.938 6.16339 430.213 
v -197.938 5.98661 430.037 
v -197.938 4.41339 431.963 
v -197.938 4.23661 431.787 
v -197.812 5.98661 430.037 
v -197.812 6.16339 430.213 
v -197.812 4.23661 431.787 
v -197.812 4.41339 431.963 
v -197.938 5.98661 430.037 
v -197.812 5.98661 430.037 
v -197.938 4.23661 431.787 
v -197.812 4.23661 431.787 
v -197.812 6.16339 430.213 
v -197.938 6.16339 430.213 
v -197.812 4.41339 431.963 
v -197.938 4.41339 431.963 
v -197.938 6.41339 430.037 
v -197.938 6.23661 430.213 
v -197.938 8.16339 431.787 
v -197.938 7.98661 431.963 
v -197.812 6.23661 430.213 
v -197.812 6.41339 430.037 
v -197.812 7.98661 431.963 
v -197.812 8.16339 431.787 
v -197.938 6.23661 430.213 
v -197.812 6.23661 430.213 
v -197.938 7.98661 431.963 
v -197.812 7.98661 431.963 
v -197.812 6.41339 430.037 
v -197.938 6.41339 430.037 
v -197.812 8.16339 431.787 
v -197.938 8.16339 431.787 
v -197.938 10.1634 430.213 
v -197.938 9.98661 430.037 
v -197.938 8.41339 431.963 
v -197.938 8.23661 431.787 
v -197.812 9.98661 430.037 
v -197.812 10.1634 430.213 
v -197.812 8.23661 431.787 
v -197.812 8.41339 431.963 
v -197.938 9.98661 430.037 
v -197.812 9.98661 430.037 
v -197.938 8.23661 431.787 
v -197.812 8.23661 431.787 
v -197.812 10.1634 430.213 
v -197.938 10.1634 430.213 
v -197.812 8.41339 431.963 
v -197.938 8.41339 431.963 
v -197.938 10.4134 430.037 
v -197.938 10.2366 430.213 
v -197.938 12.1634 431.787 
v -197.938 11.9866 431.963 
v -197.812 10.2366 430.213 
v -197.812 10.4134 430.037 
v -197.812 11.9866 431.963 
v -197.812 12.1634 431.787 
v -197.938 10.2366 430.213 
v -197.812 10.2366 430.213 
v -197.938 11.9866 431.963 
v -197.812 11.9866 431.963 
v -197.812 10.4134 430.037 
v -197.938 10.4134 430.037 
v -197.812 12.1634 431.787 
v -197.938 12.1634 431.787 
v -196 12.2 432 
v -196.25 12.2 432 
v -196 0.199999 432 
v -196.25 0.199999 432 
v -196 12.2 431.75 
v -196 12.2 432 
v -196 0.199999 431.75 
v -196 0.199999 432 
v -196.25 12.2 432 
v -196.25 12.2 431.75 
v -196.25 0.199999 432 
v -196.25 0.199999 431.75 
v -196.25 12.2 431.75 
v -196 12.2 431.75 
v -196.25 0.199999 431.75 
v -196 0.199999 431.75 
v -196.25 0.449999 432 
v -197.75 0.449999 432 
v -196.25 0.199999 432 
v -197.75 0.199999 432 
v -197.75 0.449999 431.75 
v -196.25 0.449999 431.75 
v -197.75 0.199999 431.75 
v -196.25 0.199999 431.75 
v -197.75 0.199999 431.75 
v -196 0.199999 431.75 
v -197.75 0.199999 432 
v -196 0.199999 432 
v -196.25 0.449999 431.75 
v -197.75 0.449999 431.75 
v -196.25 0.449999 432 
v -197.75 0.449999 432 
v -196.25 2.45 432 
v -197.75 2.45 432 
v -196.25 1.95 432 
v -197.75 1.95 432 
v -197.75 2.45 431.75 
v -196.25 2.45 431.75 
v -197.75 1.95 431.75 
v -196.25 1.95 431.75 
v -197.75 1.95 431.75 
v -196.25 1.95 431.75 
v -197.75 1.95 432 
v -196.25 1.95 432 
v -196.25 2.45 431.75 
v -197.75 2.45 431.75 
v -196.25 2.45 432 
v -197.75 2.45 432 
v -196.25 4.45 432 
v -197.75 4.45 432 
v -196.25 3.95 432 
v -197.75 3.95 432 
v -197.75 4.45 431.75 
v -196.25 4.45 431.75 
v -197.75 3.95 431.75 
v -196.25 3.95 431.75 
v -197.75 3.95 431.75 
v -196.25 3.95 431.75 
v -197.75 3.95 432 
v -196.25 3.95 432 
v -196.25 4.45 431.75 
v -197.75 4.45 431.75 
v -196.25 4.45 432 
v -197.75 4.45 432 
v -196.25 6.45 432 
v -197.75 6.45 432 
v -196.25 5.95 432 
v -197.75 5.95 432 
v -197.75 6.45 431.75 
v -196.25 6.45 431.75 
v -197.75 5.95 431.75 
v -196.25 5.95 431.75 
v -197.75 5.95 431.75 
v -196.25 5.95 431.75 
v -197.75 5.95 432 
v -196.25 5.95 432 
v -196.25 6.45 431.75 
v -197.75 6.45 431.75 
v -196.25 6.45 432 
v -197.75 6.45 432 
v -196.25 8.45 432 
v -197.75 8.45 432 
v -196.25 7.95 432 
v -197.75 7.95 432 
v -197.75 8.45 431.75 
v -196.25 8.45 431.75 
v -197.75 7.95 431.75 
v -196.25 7.95 431.75 
v -197.75 7.95 431.75 
v -196.25 7.95 431.75 
v -197.75 7.95 432 
v -196.25 7.95 432 
v -196.25 8.45 431.75 
v -197.75 8.45 431.75 
v -196.25 8.45 432 
v -197.75 8.45 432 
v -196.25 10.45 432 
v -197.75 10.45 432 
v -196.25 9.95 432 
v -197.75 9.95 432 
v -197.75 10.45 431.75 
v -196.25 10.45 431.75 
v -197.75 9.95 431.75 
v -196.25 9.95 431.75 
v -197.75 9.95 431.75 
v -196.25 9.95 431.75 
v -197.75 9.95 432 
v -196.25 9.95 432 
v -196.25 10.45 431.75 
v -197.75 10.45 431.75 
v -196.25 10.45 432 
v -197.75 10.45 432 
v -196.25 12.2 432 
v -197.75 12.2 432 
v -196.25 11.95 432 
v -197.75 11.95 432 
v -197.75 12.2 431.75 
v -196.25 12.2 431.75 
v -197.75 11.95 431.75 
v -196.25 11.95 431.75 
v -197.75 11.95 431.75 
v -196.25 11.95 431.75 
v -197.75 11.95 432 
v -196.25 11.95 432 
v -196 12.2 431.75 
v -197.75 12.2 431.75 
v -196 12.2 432 
v -197.75 12.2 432 
v -197.787 2.16338 431.938 
v -197.963 1.98661 431.938 
v -196.037 0.413387 431.938 
v -196.213 0.236611 431.938 
v -197.963 1.98661 431.812 
v -197.787 2.16338 431.812 
v -196.213 0.236611 431.812 
v -196.037 0.413387 431.812 
v -197.963 1.98661 431.938 
v -197.963 1.98661 431.812 
v -196.213 0.236611 431.938 
v -196.213 0.236611 431.812 
v -197.787 2.16338 431.812 
v -197.787 2.16338 431.938 
v -196.037 0.413387 431.812 
v -196.037 0.413387 431.938 
v -197.963 2.41339 431.938 
v -197.787 2.23661 431.938 
v -196.213 4.16339 431.938 
v -196.037 3.98661 431.938 
v -197.787 2.23661 431.812 
v -197.963 2.41339 431.812 
v -196.037 3.98661 431.812 
v -196.213 4.16339 431.812 
v -197.787 2.23661 431.938 
v -197.787 2.23661 431.812 
v -196.037 3.98661 431.938 
v -196.037 3.98661 431.812 
v -197.963 2.41339 431.812 
v -197.963 2.41339 431.938 
v -196.213 4.16339 431.812 
v -196.213 4.16339 431.938 
v -197.787 6.16339 431.938 
v -197.963 5.98661 431.938 
v -196.037 4.41339 431.938 
v -196.213 4.23661 431.938 
v -197.963 5.98661 431.812 
v -197.787 6.16339 431.812 
v -196.213 4.23661 431.812 
v -196.037 4.41339 431.812 
v -197.963 5.98661 431.938 
v -197.963 5.98661 431.812 
v -196.213 4.23661 431.938 
v -196.213 4.23661 431.812 
v -197.787 6.16339 431.812 
v -197.787 6.16339 431.938 
v -196.037 4.41339 431.812 
v -196.037 4.41339 431.938 
v -197.963 6.41339 431.938 
v -197.787 6.23661 431.938 
v -196.213 8.16339 431.938 
v -196.037 7.98661 431.938 
v -197.787 6.23661 431.812 
v -197.963 6.41339 431.812 
v -196.037 7.98661 431.812 
v -196.213 8.16339 431.812 
v -197.787 6.23661 431.938 
v -197.787 6.23661 431.812 
v -196.037 7.98661 431.938 
v -196.037 7.98661 431.812 
v -197.963 6.41339 431.812 
v -197.963 6.41339 431.938 
v -196.213 8.16339 431.812 
v -196.213 8.16339 431.938 
v -197.787 10.1634 431.938 
v -197.963 9.98661 431.938 
v -196.037 8.41339 431.938 
v -196.213 8.23661 431.938 
v -197.963 9.98661 431.812 
v -197.787 10.1634 431.812 
v -196.213 8.23661 431.812 
v -196.037 8.41339 431.812 
v -197.963 9.98661 431.938 
v -197.963 9.98661 431.812 
v -196.213 8.23661 431.938 
v -196.213 8.23661 431.812 
v -197.787 10.1634 431.812 
v -197.787 10.1634 431.938 
v -196.037 8.41339 431.812 
v -196.037 8.41339 431.938 
v -197.963 10.4134 431.938 
v -197.787 10.2366 431.938 
v -196.213 12.1634 431.938 
v -196.037 11.9866 431.938 
v -197.787 10.2366 431.812 
v -197.963 10.4134 431.812 
v -196.037 11.9866 431.812 
v -196.213 12.1634 431.812 
v -197.787 10.2366 431.938 
v -197.787 10.2366 431.812 
v -196.037 11.9866 431.938 
v -196.037 11.9866 431.812 
v -197.963 10.4134 431.812 
v -197.963 10.4134 431.938 
v -196.213 12.1634 431.812 
v -196.213 12.1634 431.938 
v -196 12.2 430 
v -196 12.2 430.25 
v -196 0.199999 430 
v -196 0.199999 430.25 
v -196.25 12.2 430 
v -196 12.2 430 
v -196.25 0.199999 430 
v -196 0.199999 430 
v -196 12.2 430.25 
v -196.25 12.2 430.25 
v -196 0.199999 430.25 
v -196.25 0.199999 430.25 
v -196.25 12.2 430.25 
v -196.25 12.2 430 
v -196.25 0.199999 430.25 
v -196.25 0.199999 430 
v -196 0.449999 430.25 
v -196 0.449999 431.75 
v -196 0.199999 430.25 
v -196 0.199999 431.75 
v -196.25 0.449999 431.75 
v -196.25 0.449999 430.25 
v -196.25 0.199999 431.75 
v -196.25 0.199999 430.25 
v -196.25 0.199999 431.75 
v -196.25 0.199999 430 
v -196 0.199999 431.75 
v -196 0.199999 430 
v -196.25 0.449999 430.25 
v -196.25 0.449999 431.75 
v -196 0.449999 430.25 
v -196 0.449999 431.75 
v -196 2.45 430.25 
v -196 2.45 431.75 
v -196 1.95 430.25 
v -196 1.95 431.75 
v -196.25 2.45 431.75 
v -196.25 2.45 430.25 
v -196.25 1.95 431.75 
v -196.25 1.95 430.25 
v -196.25 1.95 431.75 
v -196.25 1.95 430.25 
v -196 1.95 431.75 
v -196 1.95 430.25 
v -196.25 2.45 430.25 
v -196.25 2.45 431.75 
v -196 2.45 430.25 
v -196 2.45 431.75 
v -196 4.45 430.25 
v -196 4.45 431.75 
v -196 3.95 430.25 
v -196 3.95 431.75 
v -196.25 4.45 431.75 
v -196.25 4.45 430.25 
v -196.25 3.95 431.75 
v -196.25 3.95 430.25 
v -196.25 3.95 431.75 
v -196.25 3.95 430.25 
v -196 3.95 431.75 
v -196 3.95 430.25 
v -196.25 4.45 430.25 
v -196.25 4.45 431.75 
v -196 4.45 430.25 
v -196 4.45 431.75 
v -196 6.45 430.25 
v -196 6.45 431.75 
v -196 5.95 430.25 
v -196 5.95 431.75 
v -196.25 6.45 431.75 
v -196.25 6.45 430.25 
v -196.25 5.95 431.75 
v -196.25 5.95 430.25 
v -196.25 5.95 431.75 
v -196.25 5.95 430.25 
v -196 5.95 431.75 
v -196 5.95 430.25 
v -196.25 6.45 430.25 
v -196.25 6.45 431.75 
v -196 6.45 430.25 
v -196 6.45 431.75 
v -196 8.45 430.25 
v -196 8.45 431.75 
v -196 7.95 430.25 
v -196 7.95 431.75 
v -196.25 8.45 431.75 
v -196.25 8.45 430.25 
v -196.25 7.95 431.75 
v -196.25 7.95 430.25 
v -196.25 7.95 431.75 
v -196.25 7.95 430.25 
v -196 7.95 431.75 
v -196 7.95 430.25 
v -196.25 8.45 430.25 
v -196.25 8.45 431.75 
v -196 8.45 430.25 
v -196 8.45 431.75 
v -196 10.45 430.25 
v -196 10.45 431.75 
v -196 9.95 430.25 
v -196 9.95 431.75 
v -196.25 10.45 431.75 
v -196.25 10.45 430.25 
v -196.25 9.95 431.75 
v -196.25 9.95 430.25 
v -196.25 9.95 431.75 
v -196.25 9.95 430.25 
v -196 9.95 431.75 
v -196 9.95 430.25 
v -196.25 10.45 430.25 
v -196.25 10.45 431.75 
v -196 10.45 430.25 
v -196 10.45 431.75 
v -196 12.2 430.25 
v -196 12.2 431.75 
v -196 11.95 430.25 
v -196 11.95 431.75 
v -196.25 12.2 431.75 
v -196.25 12.2 430.25 
v -196.25 11.95 431.75 
v -196.25 11.95 430.25 
v -196.25 11.95 431.75 
v -196.25 11.95 430.25 
v -196 11.95 431.75 
v -196 11.95 430.25 
v -196.25 12.2 430 
v -196.25 12.2 431.75 
v -196 12.2 430 
v -196 12.2 431.75 
v -196.062 2.16338 431.787 
v -196.062 1.98661 431.963 
v -196.062 0.413387 430.037 
v -196.062 0.236611 430.213 
v -196.188 1.98661 431.963 
v -196.188 2.16338 431.787 
v -196.188 0.236611 430.213 
v -196.188 0.413387 430.037 
v -196.062 1.98661 431.963 
v -196.188 1.98661 431.963 
v -196.062 0.236611 430.213 
v -196.188 0.236611 430.213 
v -196.188 2.16338 431.787 
v -196.062 2.16338 431.787 
v -196.188 0.413387 430.037 
v -196.062 0.413387 430.037 
v -196.062 2.41339 431.963 
v -196.062 2.23661 431.787 
v -196.062 4.16339 430.213 
v -196.062 3.98661 430.037 
v -196.188 2.23661 431.787 
v -196.188 2.41339 431.963 
v -196.188 3.98661 430.037 
v -196.188 4.16339 430.213 
v -196.062 2.23661 431.787 
v -196.188 2.23661 431.787 
v -196.062 3.98661 430.037 
v -196.188 3.98661 430.037 
v -196.188 2.41339 431.963 
v -196.062 2.41339 431.963 
v -196.188 4.16339 430.213 
v -196.062 4.16339 430.213 
v -196.062 6.16339 431.787 
v -196.062 5.98661 431.963 
v -196.062 4.41339 430.037 
v -196.062 4.23661 430.213 
v -196.188 5.98661 431.963 
v -196.188 6.16339 431.787 
v -196.188 4.23661 430.213 
v -196.188 4.41339 430.037 
v -196.062 5.98661 431.963 
v -196.188 5.98661 431.963 
v -196.062 4.23661 430.213 
v -196.188 4.23661 430.213 
v -196.188 6.16339 431.787 
v -196.062 6.16339 431.787 
v -196.188 4.41339 430.037 
v -196.062 4.41339 430.037 
v -196.062 6.41339 431.963 
v -196.062 6.23661 431.787 
v -196.062 8.16339 430.213 
v -196.062 7.98661 430.037 
v -196.188 6.23661 431.787 
v -196.188 6.41339 431.963 
v -196.188 7.98661 430.037 
v -196.188 8.16339 430.213 
v -196.062 6.23661 431.787 
v -196.188 6.23661 431.787 
v -196.062 7.98661 430.037 
v -196.188 7.98661 430.037 
v -196.188 6.41339 431.963 
v -196.062 6.41339 431.963 
v -196.188 8.16339 430.213 
v -196.062 8.16339 430.213 
v -196.062 10.1634 431.787 
v -196.062 9.98661 431.963 
v -196.062 8.41339 430.037 
v -196.062 8.23661 430.213 
v -196.188 9.98661 431.963 
v -196.188 10.1634 431.787 
v -196.188 8.23661 430.213 
v -196.188 8.41339 430.037 
v -196.062 9.98661 431.963 
v -196.188 9.98661 431.963 
v -196.062 8.23661 430.213 
v -196.188 8.23661 430.213 
v -196.188 10.1634 431.787 
v -196.062 10.1634 431.787 
v -196.188 8.41339 430.037 
v -196.062 8.41339 430.037 
v -196.062 10.4134 431.963 
v -196.062 10.2366 431.787 
v -196.062 12.1634 430.213 
v -196.062 11.9866 430.037 
v -196.188 10.2366 431.787 
v -196.188 10.4134 431.963 
v -196.188 11.9866 430.037 
v -196.188 12.1634 430.213 
v -196.062 10.2366 431.787 
v -196.188 10.2366 431.787 
v -196.062 11.9866 430.037 
v -196.188 11.9866 430.037 
v -196.188 10.4134 431.963 
v -196.062 10.4134 431.963 
v -196.188 12.1634 430.213 
v -196.062 12.1634 430.213 

vn 0 0 -1 
vn 0 0 -1 
vn 0 0 -1 
vn 0 0 -1 
vn -1 0 0 
vn -1 0 0 
vn -1 0 0 
vn -1 0 0 
vn 1 0 0 
vn 1 0 0 
vn 1 0 0 
vn 1 0 0 
vn 0 0 1 
vn 0 0 1 
vn 0 0 1 
vn 0 0 1 
vn 0 0 -1 
vn 0 0 -1 
vn 0 0 -1 
vn 0 0 -1 
vn 0 0 1 
vn 0 0 1 
vn 0 0 1 
vn 0 0 1 
vn 0 -1 0 
vn 0 -1 0 
vn 0 -1 0 
vn 0 -1 0 
vn 0 1 0 
vn 0 1 0 
vn 0 1 0 
vn 0 1 0 
vn 0 0 -1 
vn 0 0 -1 
vn 0 0 -1 
vn 0 0 -1 
vn 0 0 1 
vn 0 0 1 
vn 0 0 1 
vn 0 0 1 
vn 0 -1 0 
vn 0 -1 0 
vn 0 -1 0 
vn 0 -1 0 
vn 0 1 0 
vn 0 1 0 
vn 0 1 0 
vn 0 1 0 
vn 0 0 -1 
vn 0 0 -1 
vn 0 0 -1 
vn 0 0 -1 
vn 0 0 1 
vn 0 0 1 
vn 0 0 1 
vn 0 0 1 
vn 0 -1 0 
vn 0 -1 0 
vn 0 -1 0 
vn 0 -1 0 
vn 0 1 0 
vn 0 1 0 
vn 0 1 0 
vn 0 1 0 
vn 0 0 -1 
vn 0 0 -1 
vn 0 0 -1 
vn 0 0 -1 
vn 0 0 1 
vn 0 0 1 
vn 0 0 1 
vn 0 0 1 
vn 0 -1 0 
vn 0 -1 0 
vn 0 -1 0 
vn 0 -1 0 
vn 0 1 0 
vn 0 1 0 
vn 0 1 0 
vn 0 1 0 
vn 0 0 -1 
vn 0 0 -1 
vn 0 0 -1 
vn 0 0 -1 
vn 0 0 1 
vn 0 0 1 
vn 0 0 1 
vn 0 0 1 
vn 0 -1 0 
vn 0 -1 0 
vn 0 -1 0 
vn 0 -1 0 
vn 0 1 0 
vn 0 1 0 
vn 0 1 0 
vn 0 1 0 
vn 0 0 -1 
vn 0 0 -1 
vn 0 0 -1 
vn 0 0 -1 
vn 0 0 1 
vn 0 0 1 
vn 0 0 1 
vn 0 0 1 
vn 0 -1 0 
vn 0 -1 0 
vn 0 -1 0 
vn 0 -1 0 
vn 0 1 0 
vn 0 1 0 
vn 0 1 0 
vn 0 1 0 
vn 0 0 -1 
vn 0 0 -1 
vn 0 0 -1 
vn 0 0 -1 
vn 0 0 1 
vn 0 0 1 
vn 0 0 1 
vn 0 0 1 
vn 0 -1 0 
vn 0 -1 0 
vn 0 -1 0 
vn 0 -1 0 
vn 0 1 0 
vn 0 1 0 
vn 0 1 0 
vn 0 1 0 
vn 0 0 -1 
vn 0 0 -1 
vn 0 0 -1 
vn 0 0 -1 
vn 0 0 1 
vn 0 0 1 
vn 0 0 1 
vn 0 0 1 
vn 0.708661 -0.708661 0 
vn 0.708661 -0.708661 0 
vn 0.708661 -0.708661 0 
vn 0.708661 -0.708661 0 
vn -0.708661 0.708661 0 
vn -0.708661 0.708661 0 
vn -0.708661 0.708661 0 
vn -0.708661 0.708661 0 
vn 0 0 -1 
vn 0 0 -1 
vn 0 0 -1 
vn 0 0 -1 
vn 0 0 1 
vn 0 0 1 
vn 0 0 1 
vn 0 0 1 
vn -0.708661 -0.708661 0 
vn -0.708661 -0.708661 0 
vn -0.708661 -0.708661 0 
vn -0.708661 -0.708661 0 
vn 0.708661 0.708661 0 
vn 0.708661 0.708661 0 
vn 0.708661 0.708661 0 
vn 0.708661 0.708661 0 
vn 0 0 -1 
vn 0 0 -1 
vn 0 0 -1 
vn 0 0 -1 
vn 0 0 1 
vn 0 0 1 
vn 0 0 1 
vn 0 0 1 
vn 0.708661 -0.708661 0 
vn 0.708661 -0.708661 0 
vn 0.708661 -0.708661 0 
vn 0.708661 -0.708661 0 
vn -0.708661 0.708661 0 
vn -0.708661 0.708661 0 
vn -0.708661 0.708661 0 
vn -0.708661 0.708661 0 
vn 0 0 -1 
vn 0 0 -1 
vn 0 0 -1 
vn 0 0 -1 
vn 0 0 1 
vn 0 0 1 
vn 0 0 1 
vn 0 0 1 
vn -0.708661 -0.708661 0 
vn -0.708661 -0.708661 0 
vn -0.708661 -0.708661 0 
vn -0.708661 -0.708661 0 
vn 0.708661 0.708661 0 
vn 0.708661 0.708661 0 
vn 0.708661 0.708661 0 
vn 0.708661 0.708661 0 
vn 0 0 -1 
vn 0 0 -1 
vn 0 0 -1 
vn 0 0 -1 
vn 0 0 1 
vn 0 0 1 
vn 0 0 1 
vn 0 0 1 
vn 0.708661 -0.708661 0 
vn 0.708661 -0.708661 0 
vn 0.708661 -0.708661 0 
vn 0.708661 -0.708661 0 
vn -0.708661 0.708661 0 
vn -0.708661 0.708661 0 
vn -0.708661 0.708661 0 
vn -0.708661 0.708661 0 
vn 0 0 -1 
vn 0 0 -1 
vn 0 0 -1 
vn 0 0 -1 
vn 0 0 1 
vn 0 0 1 
vn 0 0 1 
vn 0 0 1 
vn -0.708661 -0.708661 0 
vn -0.708661 -0.708661 0 
vn -0.708661 -0.708661 0 
vn -0.708661 -0.708661 0 
vn 0.708661 0.708661 0 
vn 0.708661 0.708661 0 
vn 0.708661 0.708661 0 
vn 0.708661 0.708661 0 
vn -1 0 0 
vn -1 0 0 
vn -1 0 0 
vn -1 0 0 
vn 0 0 1 
vn 0 0 1 
vn 0 0 1 
vn 0 0 1 
vn 0 0 -1 
vn 0 0 -1 
vn 0 0 -1 
vn 0 0 -1 
vn 1 0 0 
vn 1 0 0 
vn 1 0 0 
vn 1 0 0 
vn -1 0 0 
vn -1 0 0 
vn -1 0 0 
vn -1 0 0 
vn 1 0 0 
vn 1 0 0 
vn 1 0 0 
vn 1 0 0 
vn 0 -1 0 
vn 0 -1 0 
vn 0 -1 0 
vn 0 -1 0 
vn 0 1 0 
vn 0 1 0 
vn 0 1 0 
vn 0 1 0 
vn -1 0 0 
vn -1 0 0 
vn -1 0 0 
vn -1 0 0 
vn 1 0 0 
vn 1 0 0 
vn 1 0 0 
vn 1 0 0 
vn 0 -1 0 
vn 0 -1 0 
vn 0 -1 0 
vn 0 -1 0 
vn 0 1 0 
vn 0 1 0 
vn 0 1 0 
vn 0 1 0 
vn -1 0 0 
vn -1 0 0 
vn -1 0 0 
vn -1 0 0 
vn 1 0 0 
vn 1 0 0 
vn 1 0 0 
vn 1 0 0 
vn 0 -1 0 
vn 0 -1 0 
vn 0 -1 0 
vn 0 -1 0 
vn 0 1 0 
vn 0 1 0 
vn 0 1 0 
vn 0 1 0 
vn -1 0 0 
vn -1 0 0 
vn -1 0 0 
vn -1 0 0 
vn 1 0 0 
vn 1 0 0 
vn 1 0 0 
vn 1 0 0 
vn 0 -1 0 
vn 0 -1 0 
vn 0 -1 0 
vn 0 -1 0 
vn 0 1 0 
vn 0 1 0 
vn 0 1 0 
vn 0 1 0 
vn -1 0 0 
vn -1 0 0 
vn -1 0 0 
vn -1 0 0 
vn 1 0 0 
vn 1 0 0 
vn 1 0 0 
vn 1 0 0 
vn 0 -1 0 
vn 0 -1 0 
vn 0 -1 0 
vn 0 -1 0 
vn 0 1 0 
vn 0 1 0 
vn 0 1 0 
vn 0 1 0 
vn -1 0 0 
vn -1 0 0 
vn -1 0 0 
vn -1 0 0 
vn 1 0 0 
vn 1 0 0 
vn 1 0 0 
vn 1 0 0 
vn 0 -1 0 
vn 0 -1 0 
vn 0 -1 0 
vn 0 -1 0 
vn 0 1 0 
vn 0 1 0 
vn 0 1 0 
vn 0 1 0 
vn -1 0 0 
vn -1 0 0 
vn -1 0 0 
vn -1 0 0 
vn 1 0 0 
vn 1 0 0 
vn 1 0 0 
vn 1 0 0 
vn 0 -1 0 
vn 0 -1 0 
vn 0 -1 0 
vn 0 -1 0 
vn 0 1 0 
vn 0 1 0 
vn 0 1 0 
vn 0 1 0 
vn -1 0 0 
vn -1 0 0 
vn -1 0 0 
vn -1 0 0 
vn 1 0 0 
vn 1 0 0 
vn 1 0 0 
vn 1 0 0 
vn 0 -0.708661 -0.708661 
vn 0 -0.708661 -0.708661 
vn 0 -0.708661 -0.708661 
vn 0 -0.708661 -0.708661 
vn 0 0.708661 0.708661 
vn 0 0.708661 0.708661 
vn 0 0.708661 0.708661 
vn 0 0.708661 0.708661 
vn -1 0 0 
vn -1 0 0 
vn -1 0 0 
vn -1 0 0 
vn 1 0 0 
vn 1 0 0 
vn 1 0 0 
vn 1 0 0 
vn 0 -0.708661 0.708661 
vn 0 -0.708661 0.708661 
vn 0 -0.708661 0.708661 
vn 0 -0.708661 0.708661 
vn 0 0.708661 -0.708661 
vn 0 0.708661 -0.708661 
vn 0 0.708661 -0.708661 
vn 0 0.708661 -0.708661 
vn -1 0 0 
vn -1 0 0 
vn -1 0 0 
vn -1 0 0 
vn 1 0 0 
vn 1 0 0 
vn 1 0 0 
vn 1 0 0 
vn 0 -0.708661 -0.708661 
vn 0 -0.708661 -0.708661 
vn 0 -0.708661 -0.708661 
vn 0 -0.708661 -0.708661 
vn 0 0.708661 0.708661 
vn 0 0.708661 0.708661 
vn 0 0.708661 0.708661 
vn 0 0.708661 0.708661 
vn -1 0 0 
vn -1 0 0 
vn -1 0 0 
vn -1 0 0 
vn 1 0 0 
vn 1 0 0 
vn 1 0 0 
vn 1 0 0 
vn 0 -0.708661 0.708661 
vn 0 -0.708661 0.708661 
vn 0 -0.708661 0.708661 
vn 0 -0.708661 0.708661 
vn 0 0.708661 -0.708661 
vn 0 0.708661 -0.708661 
vn 0 0.708661 -0.708661 
vn 0 0.708661 -0.708661 
vn -1 0 0 
vn -1 0 0 
vn -1 0 0 
vn -1 0 0 
vn 1 0 0 
vn 1 0 0 
vn 1 0 0 
vn 1 0 0 
vn 0 -0.708661 -0.708661 
vn 0 -0.708661 -0.708661 
vn 0 -0.708661 -0.708661 
vn 0 -0.708661 -0.708661 
vn 0 0.708661 0.708661 
vn 0 0.708661 0.708661 
vn 0 0.708661 0.708661 
vn 0 0.708661 0.708661 
vn -1 0 0 
vn -1 0 0 
vn -1 0 0 
vn -1 0 0 
vn 1 0 0 
vn 1 0 0 
vn 1 0 0 
vn 1 0 0 
vn 0 -0.708661 0.708661 
vn 0 -0.708661 0.708661 
vn 0 -0.708661 0.708661 
vn 0 -0.708661 0.708661 
vn 0 0.708661 -0.708661 
vn 0 0.708661 -0.708661 
vn 0 0.708661 -0.708661 
vn 0 0.708661 -0.708661 
vn 0 0 1 
vn 0 0 1 
vn 0 0 1 
vn 0 0 1 
vn 1 0 0 
vn 1 0 0 
vn 1 0 0 
vn 1 0 0 
vn -1 0 0 
vn -1 0 0 
vn -1 0 0 
vn -1 0 0 
vn 0 0 -1 
vn 0 0 -1 
vn 0 0 -1 
vn 0 0 -1 
vn 0 0 1 
vn 0 0 1 
vn 0 0 1 
vn 0 0 1 
vn 0 0 -1 
vn 0 0 -1 
vn 0 0 -1 
vn 0 0 -1 
vn 0 -1 0 
vn 0 -1 0 
vn 0 -1 0 
vn 0 -1 0 
vn 0 1 0 
vn 0 1 0 
vn 0 1 0 
vn 0 1 0 
vn 0 0 1 
vn 0 0 1 
vn 0 0 1 
vn 0 0 1 
vn 0 0 -1 
vn 0 0 -1 
vn 0 0 -1 
vn 0 0 -1 
vn 0 -1 0 
vn 0 -1 0 
vn 0 -1 0 
vn 0 -1 0 
vn 0 1 0 
vn 0 1 0 
vn 0 1 0 
vn 0 1 0 
vn 0 0 1 
vn 0 0 1 
vn 0 0 1 
vn 0 0 1 
vn 0 0 -1 
vn 0 0 -1 
vn 0 0 -1 
vn 0 0 -1 
vn 0 -1 0 
vn 0 -1 0 
vn 0 -1 0 
vn 0 -1 0 
vn 0 1 0 
vn 0 1 0 
vn 0 1 0 
vn 0 1 0 
vn 0 0 1 
vn 0 0 1 
vn 0 0 1 
vn 0 0 1 
vn 0 0 -1 
vn 0 0 -1 
vn 0 0 -1 
vn 0 0 -1 
vn 0 -1 0 
vn 0 -1 0 
vn 0 -1 0 
vn 0 -1 0 
vn 0 1 0 
vn 0 1 0 
vn 0 1 0 
vn 0 1 0 
vn 0 0 1 
vn 0 0 1 
vn 0 0 1 
vn 0 0 1 
vn 0 0 -1 
vn 0 0 -1 
vn 0 0 -1 
vn 0 0 -1 
vn 0 -1 0 
vn 0 -1 0 
vn 0 -1 0 
vn 0 -1 0 
vn 0 1 0 
vn 0 1 0 
vn 0 1 0 
vn 0 1 0 
vn 0 0 1 
vn 0 0 1 
vn 0 0 1 
vn 0 0 1 
vn 0 0 -1 
vn 0 0 -1 
vn 0 0 -1 
vn 0 0 -1 
vn 0 -1 0 
vn 0 -1 0 
vn 0 -1 0 
vn 0 -1 0 
vn 0 1 0 
vn 0 1 0 
vn 0 1 0 
vn 0 1 0 
vn 0 0 1 
vn 0 0 1 
vn 0 0 1 
vn 0 0 1 
vn 0 0 -1 
vn 0 0 -1 
vn 0 0 -1 
vn 0 0 -1 
vn 0 -1 0 
vn 0 -1 0 
vn 0 -1 0 
vn 0 -1 0 
vn 0 1 0 
vn 0 1 0 
vn 0 1 0 
vn 0 1 0 
vn 0 0 1 
vn 0 0 1 
vn 0 0 1 
vn 0 0 1 
vn 0 0 -1 
vn 0 0 -1 
vn 0 0 -1 
vn 0 0 -1 
vn -0.708661 -0.708661 0 
vn -0.708661 -0.708661 0 
vn -0.708661 -0.708661 0 
vn -0.708661 -0.708661 0 
vn 0.708661 0.708661 0 
vn 0.708661 0.708661 0 
vn 0.708661 0.708661 0 
vn 0.708661 0.708661 0 
vn 0 0 1 
vn 0 0 1 
vn 0 0 1 
vn 0 0 1 
vn 0 0 -1 
vn 0 0 -1 
vn 0 0 -1 
vn 0 0 -1 
vn 0.708661 -0.708661 0 
vn 0.708661 -0.708661 0 
vn 0.708661 -0.708661 0 
vn 0.708661 -0.708661 0 
vn -0.708661 0.708661 0 
vn -0.708661 0.708661 0 
vn -0.708661 0.708661 0 
vn -0.708661 0.708661 0 
vn 0 0 1 
vn 0 0 1 
vn 0 0 1 
vn 0 0 1 
vn 0 0 -1 
vn 0 0 -1 
vn 0 0 -1 
vn 0 0 -1 
vn -0.708661 -0.708661 0 
vn -0.708661 -0.708661 0 
vn -0.708661 -0.708661 0 
vn -0.708661 -0.708661 0 
vn 0.708661 0.708661 0 
vn 0.708661 0.708661 0 
vn 0.708661 0.708661 0 
vn 0.708661 0.708661 0 
vn 0 0 1 
vn 0 0 1 
vn 0 0 1 
vn 0 0 1 
vn 0 0 -1 
vn 0 0 -1 
vn 0 0 -1 
vn 0 0 -1 
vn 0.708661 -0.708661 0 
vn 0.708661 -0.708661 0 
vn 0.708661 -0.708661 0 
vn 0.708661 -0.708661 0 
vn -0.708661 0.708661 0 
vn -0.708661 0.708661 0 
vn -0.708661 0.708661 0 
vn -0.708661 0.708661 0 
vn 0 0 1 
vn 0 0 1 
vn 0 0 1 
vn 0 0 1 
vn 0 0 -1 
vn 0 0 -1 
vn 0 0 -1 
vn 0 0 -1 
vn -0.708661 -0.708661 0 
vn -0.708661 -0.708661 0 
vn -0.708661 -0.708661 0 
vn -0.708661 -0.708661 0 
vn 0.708661 0.708661 0 
vn 0.708661 0.708661 0 
vn 0.708661 0.708661 0 
vn 0.708661 0.708661 0 
vn 0 0 1 
vn 0 0 1 
vn 0 0 1 
vn 0 0 1 
vn 0 0 -1 
vn 0 0 -1 
vn 0 0 -1 
vn 0 0 -1 
vn 0.708661 -0.708661 0 
vn 0.708661 -0.708661 0 
vn 0.708661 -0.708661 0 
vn 0.708661 -0.708661 0 
vn -0.708661 0.708661 0 
vn -0.708661 0.708661 0 
vn -0.708661 0.708661 0 
vn -0.708661 0.708661 0 
vn 1 0 0 
vn 1 0 0 
vn 1 0 0 
vn 1 0 0 
vn 0 0 -1 
vn 0 0 -1 
vn 0 0 -1 
vn 0 0 -1 
vn 0 0 1 
vn 0 0 1 
vn 0 0 1 
vn 0 0 1 
vn -1 0 0 
vn -1 0 0 
vn -1 0 0 
vn -1 0 0 
vn 1 0 0 
vn 1 0 0 
vn 1 0 0 
vn 1 0 0 
vn -1 0 0 
vn -1 0 0 
vn -1 0 0 
vn -1 0 0 
vn 0 -1 0 
vn 0 -1 0 
vn 0 -1 0 
vn 0 -1 0 
vn 0 1 0 
vn 0 1 0 
vn 0 1 0 
vn 0 1 0 
vn 1 0 0 
vn 1 0 0 
vn 1 0 0 
vn 1 0 0 
vn -1 0 0 
vn -1 0 0 
vn -1 0 0 
vn -1 0 0 
vn 0 -1 0 
vn 0 -1 0 
vn 0 -1 0 
vn 0 -1 0 
vn 0 1 0 
vn 0 1 0 
vn 0 1 0 
vn 0 1 0 
vn 1 0 0 
vn 1 0 0 
vn 1 0 0 
vn 1 0 0 
vn -1 0 0 
vn -1 0 0 
vn -1 0 0 
vn -1 0 0 
vn 0 -1 0 
vn 0 -1 0 
vn 0 -1 0 
vn 0 -1 0 
vn 0 1 0 
vn 0 1 0 
vn 0 1 0 
vn 0 1 0 
vn 1 0 0 
vn 1 0 0 
vn 1 0 0 
vn 1 0 0 
vn -1 0 0 
vn -1 0 0 
vn -1 0 0 
vn -1 0 0 
vn 0 -1 0 
vn 0 -1 0 
vn 0 -1 0 
vn 0 -1 0 
vn 0 1 0 
vn 0 1 0 
vn 0 1 0 
vn 0 1 0 
vn 1 0 0 
vn 1 0 0 
vn 1 0 0 
vn 1 0 0 
vn -1 0 0 
vn -1 0 0 
vn -1 0 0 
vn -1 0 0 
vn 0 -1 0 
vn 0 -1 0 
vn 0 -1 0 
vn 0 -1 0 
vn 0 1 0 
vn 0 1 0 
vn 0 1 0 
vn 0 1 0 
vn 1 0 0 
vn 1 0 0 
vn 1 0 0 
vn 1 0 0 
vn -1 0 0 
vn -1 0 0 
vn -1 0 0 
vn -1 0 0 
vn 0 -1 0 
vn 0 -1 0 
vn 0 -1 0 
vn 0 -1 0 
vn 0 1 0 
vn 0 1 0 
vn 0 1 0 
vn 0 1 0 
vn 1 0 0 
vn 1 0 0 
vn 1 0 0 
vn 1 0 0 
vn -1 0 0 
vn -1 0 0 
vn -1 0 0 
vn -1 0 0 
vn 0 -1 0 
vn 0 -1 0 
vn 0 -1 0 
vn 0 -1 0 
vn 0 1 0 
vn 0 1 0 
vn 0 1 0 
vn 0 1 0 
vn 1 0 0 
vn 1 0 0 
vn 1 0 0 
vn 1 0 0 
vn -1 0 0 
vn -1 0 0 
vn -1 0 0 
vn -1 0 0 
vn 0 -0.708661 0.708661 
vn 0 -0.708661 0.708661 
vn 0 -0.708661 0.708661 
vn 0 -0.708661 0.708661 
vn 0 0.708661 -0.708661 
vn 0 0.708661 -0.708661 
vn 0 0.708661 -0.708661 
vn 0 0.708661 -0.708661 
vn 1 0 0 
vn 1 0 0 
vn 1 0 0 
vn 1 0 0 
vn -1 0 0 
vn -1 0 0 
vn -1 0 0 
vn -1 0 0 
vn 0 -0.708661 -0.708661 
vn 0 -0.708661 -0.708661 
vn 0 -0.708661 -0.708661 
vn 0 -0.708661 -0.708661 
vn 0 0.708661 0.708661 
vn 0 0.708661 0.708661 
vn 0 0.708661 0.708661 
vn 0 0.708661 0.708661 
vn 1 0 0 
vn 1 0 0 
vn 1 0 0 
vn 1 0 0 
vn -1 0 0 
vn -1 0 0 
vn -1 0 0 
vn -1 0 0 
vn 0 -0.708661 0.708661 
vn 0 -0.708661 0.708661 
vn 0 -0.708661 0.708661 
vn 0 -0.708661 0.708661 
vn 0 0.708661 -0.708661 
vn 0 0.708661 -0.708661 
vn 0 0.708661 -0.708661 
vn 0 0.708661 -0.708661 
vn 1 0 0 
vn 1 0 0 
vn 1 0 0 
vn 1 0 0 
vn -1 0 0 
vn -1 0 0 
vn -1 0 0 
vn -1 0 0 
vn 0 -0.708661 -0.708661 
vn 0 -0.708661 -0.708661 
vn 0 -0.708661 -0.708661 
vn 0 -0.708661 -0.708661 
vn 0 0.708661 0.708661 
vn 0 0.708661 0.708661 
vn 0 0.708661 0.708661 
vn 0 0.708661 0.708661 
vn 1 0 0 
vn 1 0 0 
vn 1 0 0 
vn 1 0 0 
vn -1 0 0 
vn -1 0 0 
vn -1 0 0 
vn -1 0 0 
vn 0 -0.708661 0.708661 
vn 0 -0.708661 0.708661 
vn 0 -0.708661 0.708661 
vn 0 -0.708661 0.708661 
vn 0 0.708661 -0.708661 
vn 0 0.708661 -0.708661 
vn 0 0.708661 -0.708661 
vn 0 0.708661 -0.708661 
vn 1 0 0 
vn 1 0 0 
vn 1 0 0 
vn 1 0 0 
vn -1 0 0 
vn -1 0 0 
vn -1 0 0 
vn -1 0 0 
vn 0 -0.708661 -0.708661 
vn 0 -0.708661 -0.708661 
vn 0 -0.708661 -0.708661 
vn 0 -0.708661 -0.708661 
vn 0 0.708661 0.708661 
vn 0 0.708661 0.708661 
vn 0 0.708661 0.708661 
vn 0 0.708661 0.708661 

vt 0.875 -3 
vt 0.84375 -3 
vt 0.875 -1.5 
vt 0.84375 -1.5 
vt 0.65625 -3 
vt 0.625 -3 
vt 0.65625 -1.5 
vt 0.625 -1.5 
vt 0.875 -3 
vt 0.84375 -3 
vt 0.875 -1.5 
vt 0.84375 -1.5 
vt 0.65625 -3 
vt 0.625 -3 
vt 0.65625 -1.5 
vt 0.625 -1.5 
vt 0.84375 -1.53125 
vt 0.65625 -1.53125 
vt 0.84375 -1.5 
vt 0.65625 -1.5 
vt 0.84375 -1.53125 
vt 0.65625 -1.53125 
vt 0.84375 -1.5 
vt 0.65625 -1.5 
vt 0.84375 -2.15625 
vt 0.625 -2.15625 
vt 0.84375 -2.125 
vt 0.625 -2.125 
vt 0.84375 -2.15625 
vt 0.65625 -2.15625 
vt 0.84375 -2.125 
vt 0.65625 -2.125 
vt 0.84375 -1.78125 
vt 0.65625 -1.78125 
vt 0.84375 -1.71875 
vt 0.65625 -1.71875 
vt 0.84375 -1.78125 
vt 0.65625 -1.78125 
vt 0.84375 -1.71875 
vt 0.65625 -1.71875 
vt 0.84375 -2.15625 
vt 0.65625 -2.15625 
vt 0.84375 -2.125 
vt 0.65625 -2.125 
vt 0.84375 -2.15625 
vt 0.65625 -2.15625 
vt 0.84375 -2.125 
vt 0.65625 -2.125 
vt 0.84375 -2.03125 
vt 0.65625 -2.03125 
vt 0.84375 -1.96875 
vt 0.65625 -1.96875 
vt 0.84375 -2.03125 
vt 0.65625 -2.03125 
vt 0.84375 -1.96875 
vt 0.65625 -1.96875 
vt 0.84375 -2.15625 
vt 0.65625 -2.15625 
vt 0.84375 -2.125 
vt 0.65625 -2.125 
vt 0.84375 -2.15625 
vt 0.65625 -2.15625 
vt 0.84375 -2.125 
vt 0.65625 -2.125 
vt 0.84375 -2.28125 
vt 0.65625 -2.28125 
vt 0.84375 -2.21875 
vt 0.65625 -2.21875 
vt 0.84375 -2.28125 
vt 0.65625 -2.28125 
vt 0.84375 -2.21875 
vt 0.65625 -2.21875 
vt 0.84375 -2.15625 
vt 0.65625 -2.15625 
vt 0.84375 -2.125 
vt 0.65625 -2.125 
vt 0.84375 -2.15625 
vt 0.65625 -2.15625 
vt 0.84375 -2.125 
vt 0.65625 -2.125 
vt 0.84375 -2.53125 
vt 0.65625 -2.53125 
vt 0.84375 -2.46875 
vt 0.65625 -2.46875 
vt 0.84375 -2.53125 
vt 0.65625 -2.53125 
vt 0.84375 -2.46875 
vt 0.65625 -2.46875 
vt 0.84375 -2.15625 
vt 0.65625 -2.15625 
vt 0.84375 -2.125 
vt 0.65625 -2.125 
vt 0.84375 -2.15625 
vt 0.65625 -2.15625 
vt 0.84375 -2.125 
vt 0.65625 -2.125 
vt 0.84375 -2.78125 
vt 0.65625 -2.78125 
vt 0.84375 -2.71875 
vt 0.65625 -2.71875 
vt 0.84375 -2.78125 
vt 0.65625 -2.78125 
vt 0.84375 -2.71875 
vt 0.65625 -2.71875 
vt 0.84375 -2.15625 
vt 0.65625 -2.15625 
vt 0.84375 -2.125 
vt 0.65625 -2.125 
vt 0.84375 -2.15625 
vt 0.65625 -2.15625 
vt 0.84375 -2.125 
vt 0.65625 -2.125 
vt 0.84375 -3 
vt 0.65625 -3 
vt 0.84375 -2.96875 
vt 0.65625 -2.96875 
vt 0.84375 -3 
vt 0.65625 -3 
vt 0.84375 -2.96875 
vt 0.65625 -2.96875 
vt 0.84375 -2.15625 
vt 0.65625 -2.15625 
vt 0.84375 -2.125 
vt 0.65625 -2.125 
vt 0.875 -2.15625 
vt 0.65625 -2.15625 
vt 0.875 -2.125 
vt 0.65625 -2.125 
vt 0.323684 -1.96274 
vt 0.292434 -1.96274 
vt 0.323684 -1.65338 
vt 0.292434 -1.65338 
vt 1.20757 -1.96274 
vt 1.17632 -1.96274 
vt 1.20757 -1.65338 
vt 1.17632 -1.65338 
vt 0.867188 -1.96274 
vt 0.851562 -1.96274 
vt 0.867188 -1.65338 
vt 0.851562 -1.65338 
vt 0.648438 -1.96274 
vt 0.632812 -1.96274 
vt 0.648438 -1.65338 
vt 0.632812 -1.65338 
vt 0.50046 -2.66984 
vt 0.46921 -2.66984 
vt 0.50046 -2.36049 
vt 0.46921 -2.36049 
vt 1.03079 -2.66984 
vt 0.99954 -2.66984 
vt 1.03079 -2.36049 
vt 0.99954 -2.36049 
vt 0.867188 -2.66984 
vt 0.851562 -2.66984 
vt 0.867188 -2.36049 
vt 0.851562 -2.36049 
vt 0.648438 -2.66984 
vt 0.632812 -2.66984 
vt 0.648438 -2.36049 
vt 0.632812 -2.36049 
vt 0.677237 -2.31629 
vt 0.645987 -2.31629 
vt 0.677237 -2.00693 
vt 0.645987 -2.00693 
vt 0.854013 -2.31629 
vt 0.822763 -2.31629 
vt 0.854013 -2.00693 
vt 0.822763 -2.00693 
vt 0.867188 -2.31629 
vt 0.851562 -2.31629 
vt 0.867188 -2.00693 
vt 0.851562 -2.00693 
vt 0.648438 -2.31629 
vt 0.632812 -2.31629 
vt 0.648438 -2.00693 
vt 0.632812 -2.00693 
vt 0.854013 -2.31629 
vt 0.822763 -2.31629 
vt 0.854013 -2.00693 
vt 0.822763 -2.00693 
vt 0.677237 -2.31629 
vt 0.645987 -2.31629 
vt 0.677237 -2.00693 
vt 0.645987 -2.00693 
vt 0.867188 -2.31629 
vt 0.851562 -2.31629 
vt 0.867188 -2.00693 
vt 0.851562 -2.00693 
vt 0.648438 -2.31629 
vt 0.632812 -2.31629 
vt 0.648438 -2.00693 
vt 0.632812 -2.00693 
vt 1.03079 -2.66984 
vt 0.99954 -2.66984 
vt 1.03079 -2.36049 
vt 0.99954 -2.36049 
vt 0.50046 -2.66984 
vt 0.46921 -2.66984 
vt 0.50046 -2.36049 
vt 0.46921 -2.36049 
vt 0.867188 -2.66984 
vt 0.851562 -2.66984 
vt 0.867188 -2.36049 
vt 0.851562 -2.36049 
vt 0.648438 -2.66984 
vt 0.632812 -2.66984 
vt 0.648438 -2.36049 
vt 0.632812 -2.36049 
vt 1.20757 -1.96274 
vt 1.17632 -1.96274 
vt 1.20757 -1.65338 
vt 1.17632 -1.65338 
vt 0.323684 -1.96274 
vt 0.292434 -1.96274 
vt 0.323684 -1.65338 
vt 0.292434 -1.65338 
vt 0.867188 -1.96274 
vt 0.851562 -1.96274 
vt 0.867188 -1.65338 
vt 0.851562 -1.65338 
vt 0.648438 -1.96274 
vt 0.632812 -1.96274 
vt 0.648438 -1.65338 
vt 0.632812 -1.65338 
vt 0.875 -3 
vt 0.84375 -3 
vt 0.875 -1.5 
vt 0.84375 -1.5 
vt 0.65625 -3 
vt 0.625 -3 
vt 0.65625 -1.5 
vt 0.625 -1.5 
vt 0.875 -3 
vt 0.84375 -3 
vt 0.875 -1.5 
vt 0.84375 -1.5 
vt 0.65625 -3 
vt 0.625 -3 
vt 0.65625 -1.5 
vt 0.625 -1.5 
vt 0.84375 -1.53125 
vt 0.65625 -1.53125 
vt 0.84375 -1.5 
vt 0.65625 -1.5 
vt 0.84375 -1.53125 
vt 0.65625 -1.53125 
vt 0.84375 -1.5 
vt 0.65625 -1.5 
vt 0.84375 -2.15625 
vt 0.625 -2.15625 
vt 0.84375 -2.125 
vt 0.625 -2.125 
vt 0.84375 -2.15625 
vt 0.65625 -2.15625 
vt 0.84375 -2.125 
vt 0.65625 -2.125 
vt 0.84375 -1.78125 
vt 0.65625 -1.78125 
vt 0.84375 -1.71875 
vt 0.65625 -1.71875 
vt 0.84375 -1.78125 
vt 0.65625 -1.78125 
vt 0.84375 -1.71875 
vt 0.65625 -1.71875 
vt 0.84375 -2.15625 
vt 0.65625 -2.15625 
vt 0.84375 -2.125 
vt 0.65625 -2.125 
vt 0.84375 -2.15625 
vt 0.65625 -2.15625 
vt 0.84375 -2.125 
vt 0.65625 -2.125 
vt 0.84375 -2.03125 
vt 0.65625 -2.03125 
vt 0.84375 -1.96875 
vt 0.65625 -1.96875 
vt 0.84375 -2.03125 
vt 0.65625 -2.03125 
vt 0.84375 -1.96875 
vt 0.65625 -1.96875 
vt 0.84375 -2.15625 
vt 0.65625 -2.15625 
vt 0.84375 -2.125 
vt 0.65625 -2.125 
vt 0.84375 -2.15625 
vt 0.65625 -2.15625 
vt 0.84375 -2.125 
vt 0.65625 -2.125 
vt 0.84375 -2.28125 
vt 0.65625 -2.28125 
vt 0.84375 -2.21875 
vt 0.65625 -2.21875 
vt 0.84375 -2.28125 
vt 0.65625 -2.28125 
vt 0.84375 -2.21875 
vt 0.65625 -2.21875 
vt 0.84375 -2.15625 
vt 0.65625 -2.15625 
vt 0.84375 -2.125 
vt 0.65625 -2.125 
vt 0.84375 -2.15625 
vt 0.65625 -2.15625 
vt 0.84375 -2.125 
vt 0.65625 -2.125 
vt 0.84375 -2.53125 
vt 0.65625 -2.53125 
vt 0.84375 -2.46875 
vt 0.65625 -2.46875 
vt 0.84375 -2.53125 
vt 0.65625 -2.53125 
vt 0.84375 -2.46875 
vt 0.65625 -2.46875 
vt 0.84375 -2.15625 
vt 0.65625 -2.15625 
vt 0.84375 -2.125 
vt 0.65625 -2.125 
vt 0.84375 -2.15625 
vt 0.65625 -2.15625 
vt 0.84375 -2.125 
vt 0.65625 -2.125 
vt 0.84375 -2.78125 
vt 0.65625 -2.78125 
vt 0.84375 -2.71875 
vt 0.65625 -2.71875 
vt 0.84375 -2.78125 
vt 0.65625 -2.78125 
vt 0.84375 -2.71875 
vt 0.65625 -2.71875 
vt 0.84375 -2.15625 
vt 0.65625 -2.15625 
vt 0.84375 -2.125 
vt 0.65625 -2.125 
vt 0.84375 -2.15625 
vt 0.65625 -2.15625 
vt 0.84375 -2.125 
vt 0.65625 -2.125 
vt 0.84375 -3 
vt 0.65625 -3 
vt 0.84375 -2.96875 
vt 0.65625 -2.96875 
vt 0.84375 -3 
vt 0.65625 -3 
vt 0.84375 -2.96875 
vt 0.65625 -2.96875 
vt 0.84375 -2.15625 
vt 0.65625 -2.15625 
vt 0.84375 -2.125 
vt 0.65625 -2.125 
vt 0.875 -2.15625 
vt 0.65625 -2.15625 
vt 0.875 -2.125 
vt 0.65625 -2.125 
vt 0.323684 -1.96274 
vt 0.292434 -1.96274 
vt 0.323684 -1.65338 
vt 0.292434 -1.65338 
vt 1.20757 -1.96274 
vt 1.17632 -1.96274 
vt 1.20757 -1.65338 
vt 1.17632 -1.65338 
vt 0.867188 -1.96274 
vt 0.851562 -1.96274 
vt 0.867188 -1.65338 
vt 0.851562 -1.65338 
vt 0.648438 -1.96274 
vt 0.632812 -1.96274 
vt 0.648438 -1.65338 
vt 0.632812 -1.65338 
vt 0.50046 -2.66984 
vt 0.46921 -2.66984 
vt 0.50046 -2.36049 
vt 0.46921 -2.36049 
vt 1.03079 -2.66984 
vt 0.99954 -2.66984 
vt 1.03079 -2.36049 
vt 0.99954 -2.36049 
vt 0.867188 -2.66984 
vt 0.851562 -2.66984 
vt 0.867188 -2.36049 
vt 0.851562 -2.36049 
vt 0.648438 -2.66984 
vt 0.632812 -2.66984 
vt 0.648438 -2.36049 
vt 0.632812 -2.36049 
vt 0.677237 -2.31629 
vt 0.645987 -2.31629 
vt 0.677237 -2.00693 
vt 0.645987 -2.00693 
vt 0.854013 -2.31629 
vt 0.822763 -2.31629 
vt 0.854013 -2.00693 
vt 0.822763 -2.00693 
vt 0.867188 -2.31629 
vt 0.851562 -2.31629 
vt 0.867188 -2.00693 
vt 0.851562 -2.00693 
vt 0.648438 -2.31629 
vt 0.632812 -2.31629 
vt 0.648438 -2.00693 
vt 0.632812 -2.00693 
vt 0.854013 -2.31629 
vt 0.822763 -2.31629 
vt 0.854013 -2.00693 
vt 0.822763 -2.00693 
vt 0.677237 -2.31629 
vt 0.645987 -2.31629 
vt 0.677237 -2.00693 
vt 0.645987 -2.00693 
vt 0.867188 -2.31629 
vt 0.851562 -2.31629 
vt 0.867188 -2.00693 
vt 0.851562 -2.00693 
vt 0.648438 -2.31629 
vt 0.632812 -2.31629 
vt 0.648438 -2.00693 
vt 0.632812 -2.00693 
vt 1.03079 -2.66984 
vt 0.99954 -2.66984 
vt 1.03079 -2.36049 
vt 0.99954 -2.36049 
vt 0.50046 -2.66984 
vt 0.46921 -2.66984 
vt 0.50046 -2.36049 
vt 0.46921 -2.36049 
vt 0.867188 -2.66984 
vt 0.851562 -2.66984 
vt 0.867188 -2.36049 
vt 0.851562 -2.36049 
vt 0.648438 -2.66984 
vt 0.632812 -2.66984 
vt 0.648438 -2.36049 
vt 0.632812 -2.36049 
vt 1.20757 -1.96274 
vt 1.17632 -1.96274 
vt 1.20757 -1.65338 
vt 1.17632 -1.65338 
vt 0.323684 -1.96274 
vt 0.292434 -1.96274 
vt 0.323684 -1.65338 
vt 0.292434 -1.65338 
vt 0.867188 -1.96274 
vt 0.851562 -1.96274 
vt 0.867188 -1.65338 
vt 0.851562 -1.65338 
vt 0.648438 -1.96274 
vt 0.632812 -1.96274 
vt 0.648438 -1.65338 
vt 0.632812 -1.65338 
vt 0.875 -3 
vt 0.84375 -3 
vt 0.875 -1.5 
vt 0.84375 -1.5 
vt 0.65625 -3 
vt 0.625 -3 
vt 0.65625 -1.5 
vt 0.625 -1.5 
vt 0.875 -3 
vt 0.84375 -3 
vt 0.875 -1.5 
vt 0.84375 -1.5 
vt 0.65625 -3 
vt 0.625 -3 
vt 0.65625 -1.5 
vt 0.625 -1.5 
vt 0.84375 -1.53125 
vt 0.65625 -1.53125 
vt 0.84375 -1.5 
vt 0.65625 -1.5 
vt 0.84375 -1.53125 
vt 0.65625 -1.53125 
vt 0.84375 -1.5 
vt 0.65625 -1.5 
vt 0.84375 -2.15625 
vt 0.625 -2.15625 
vt 0.84375 -2.125 
vt 0.625 -2.125 
vt 0.84375 -2.15625 
vt 0.65625 -2.15625 
vt 0.84375 -2.125 
vt 0.65625 -2.125 
vt 0.84375 -1.78125 
vt 0.65625 -1.78125 
vt 0.84375 -1.71875 
vt 0.65625 -1.71875 
vt 0.84375 -1.78125 
vt 0.65625 -1.78125 
vt 0.84375 -1.71875 
vt 0.65625 -1.71875 
vt 0.84375 -2.15625 
vt 0.65625 -2.15625 
vt 0.84375 -2.125 
vt 0.65625 -2.125 
vt 0.84375 -2.15625 
vt 0.65625 -2.15625 
vt 0.84375 -2.125 
vt 0.65625 -2.125 
vt 0.84375 -2.03125 
vt 0.65625 -2.03125 
vt 0.84375 -1.96875 
vt 0.65625 -1.96875 
vt 0.84375 -2.03125 
vt 0.65625 -2.03125 
vt 0.84375 -1.96875 
vt 0.65625 -1.96875 
vt 0.84375 -2.15625 
vt 0.65625 -2.15625 
vt 0.84375 -2.125 
vt 0.65625 -2.125 
vt 0.84375 -2.15625 
vt 0.65625 -2.15625 
vt 0.84375 -2.125 
vt 0.65625 -2.125 
vt 0.84375 -2.28125 
vt 0.65625 -2.28125 
vt 0.84375 -2.21875 
vt 0.65625 -2.21875 
vt 0.84375 -2.28125 
vt 0.65625 -2.28125 
vt 0.84375 -2.21875 
vt 0.65625 -2.21875 
vt 0.84375 -2.15625 
vt 0.65625 -2.15625 
vt 0.84375 -2.125 
vt 0.65625 -2.125 
vt 0.84375 -2.15625 
vt 0.65625 -2.15625 
vt 0.84375 -2.125 
vt 0.65625 -2.125 
vt 0.84375 -2.53125 
vt 0.65625 -2.53125 
vt 0.84375 -2.46875 
vt 0.65625 -2.46875 
vt 0.84375 -2.53125 
vt 0.65625 -2.53125 
vt 0.84375 -2.46875 
vt 0.65625 -2.46875 
vt 0.84375 -2.15625 
vt 0.65625 -2.15625 
vt 0.84375 -2.125 
vt 0.65625 -2.125 
vt 0.84375 -2.15625 
vt 0.65625 -2.15625 
vt 0.84375 -2.125 
vt 0.65625 -2.125 
vt 0.84375 -2.78125 
vt 0.65625 -2.78125 
vt 0.84375 -2.71875 
vt 0.65625 -2.71875 
vt 0.84375 -2.78125 
vt 0.65625 -2.78125 
vt 0.84375 -2.71875 
vt 0.65625 -2.71875 
vt 0.84375 -2.15625 
vt 0.65625 -2.15625 
vt 0.84375 -2.125 
vt 0.65625 -2.125 
vt 0.84375 -2.15625 
vt 0.65625 -2.15625 
vt 0.84375 -2.125 
vt 0.65625 -2.125 
vt 0.84375 -3 
vt 0.65625 -3 
vt 0.84375 -2.96875 
vt 0.65625 -2.96875 
vt 0.84375 -3 
vt 0.65625 -3 
vt 0.84375 -2.96875 
vt 0.65625 -2.96875 
vt 0.84375 -2.15625 
vt 0.65625 -2.15625 
vt 0.84375 -2.125 
vt 0.65625 -2.125 
vt 0.875 -2.15625 
vt 0.65625 -2.15625 
vt 0.875 -2.125 
vt 0.65625 -2.125 
vt 0.323684 -1.96274 
vt 0.292434 -1.96274 
vt 0.323684 -1.65338 
vt 0.292434 -1.65338 
vt 1.20757 -1.96274 
vt 1.17632 -1.96274 
vt 1.20757 -1.65338 
vt 1.17632 -1.65338 
vt 0.867188 -1.96274 
vt 0.851562 -1.96274 
vt 0.867188 -1.65338 
vt 0.851562 -1.65338 
vt 0.648438 -1.96274 
vt 0.632812 -1.96274 
vt 0.648438 -1.65338 
vt 0.632812 -1.65338 
vt 0.50046 -2.66984 
vt 0.46921 -2.66984 
vt 0.50046 -2.36049 
vt 0.46921 -2.36049 
vt 1.03079 -2.66984 
vt 0.99954 -2.66984 
vt 1.03079 -2.36049 
vt 0.99954 -2.36049 
vt 0.867188 -2.66984 
vt 0.851562 -2.66984 
vt 0.867188 -2.36049 
vt 0.851562 -2.36049 
vt 0.648438 -2.66984 
vt 0.632812 -2.66984 
vt 0.648438 -2.36049 
vt 0.632812 -2.36049 
vt 0.677237 -2.31629 
vt 0.645987 -2.31629 
vt 0.677237 -2.00693 
vt 0.645987 -2.00693 
vt 0.854013 -2.31629 
vt 0.822763 -2.31629 
vt 0.854013 -2.00693 
vt 0.822763 -2.00693 
vt 0.867188 -2.31629 
vt 0.851562 -2.31629 
vt 0.867188 -2.00693 
vt 0.851562 -2.00693 
vt 0.648438 -2.31629 
vt 0.632812 -2.31629 
vt 0.648438 -2.00693 
vt 0.632812 -2.00693 
vt 0.854013 -2.31629 
vt 0.822763 -2.31629 
vt 0.854013 -2.00693 
vt 0.822763 -2.00693 
vt 0.677237 -2.31629 
vt 0.645987 -2.31629 
vt 0.677237 -2.00693 
vt 0.645987 -2.00693 
vt 0.867188 -2.31629 
vt 0.851562 -2.31629 
vt 0.867188 -2.00693 
vt 0.851562 -2.00693 
vt 0.648438 -2.31629 
vt 0.632812 -2.31629 
vt 0.648438 -2.00693 
vt 0.632812 -2.00693 
vt 1.03079 -2.66984 
vt 0.99954 -2.66984 
vt 1.03079 -2.36049 
vt 0.99954 -2.36049 
vt 0.50046 -2.66984 
vt 0.46921 -2.66984 
vt 0.50046 -2.36049 
vt 0.46921 -2.36049 
vt 0.867188 -2.66984 
vt 0.851562 -2.66984 
vt 0.867188 -2.36049 
vt 0.851562 -2.36049 
vt 0.648438 -2.66984 
vt 0.632812 -2.66984 
vt 0.648438 -2.36049 
vt 0.632812 -2.36049 
vt 1.20757 -1.96274 
vt 1.17632 -1.96274 
vt 1.20757 -1.65338 
vt 1.17632 -1.65338 
vt 0.323684 -1.96274 
vt 0.292434 -1.96274 
vt 0.323684 -1.65338 
vt 0.292434 -1.65338 
vt 0.867188 -1.96274 
vt 0.851562 -1.96274 
vt 0.867188 -1.65338 
vt 0.851562 -1.65338 
vt 0.648438 -1.96274 
vt 0.632812 -1.96274 
vt 0.648438 -1.65338 
vt 0.632812 -1.65338 
vt 0.875 -3 
vt 0.84375 -3 
vt 0.875 -1.5 
vt 0.84375 -1.5 
vt 0.65625 -3 
vt 0.625 -3 
vt 0.65625 -1.5 
vt 0.625 -1.5 
vt 0.875 -3 
vt 0.84375 -3 
vt 0.875 -1.5 
vt 0.84375 -1.5 
vt 0.65625 -3 
vt 0.625 -3 
vt 0.65625 -1.5 
vt 0.625 -1.5 
vt 0.84375 -1.53125 
vt 0.65625 -1.53125 
vt 0.84375 -1.5 
vt 0.65625 -1.5 
vt 0.84375 -1.53125 
vt 0.65625 -1.53125 
vt 0.84375 -1.5 
vt 0.65625 -1.5 
vt 0.84375 -2.15625 
vt 0.625 -2.15625 
vt 0.84375 -2.125 
vt 0.625 -2.125 
vt 0.84375 -2.15625 
vt 0.65625 -2.15625 
vt 0.84375 -2.125 
vt 0.65625 -2.125 
vt 0.84375 -1.78125 
vt 0.65625 -1.78125 
vt 0.84375 -1.71875 
vt 0.65625 -1.71875 
vt 0.84375 -1.78125 
vt 0.65625 -1.78125 
vt 0.84375 -1.71875 
vt 0.65625 -1.71875 
vt 0.84375 -2.15625 
vt 0.65625 -2.15625 
vt 0.84375 -2.125 
vt 0.65625 -2.125 
vt 0.84375 -2.15625 
vt 0.65625 -2.15625 
vt 0.84375 -2.125 
vt 0.65625 -2.125 
vt 0.84375 -2.03125 
vt 0.65625 -2.03125 
vt 0.84375 -1.96875 
vt 0.65625 -1.96875 
vt 0.84375 -2.03125 
vt 0.65625 -2.03125 
vt 0.84375 -1.96875 
vt 0.65625 -1.96875 
vt 0.84375 -2.15625 
vt 0.65625 -2.15625 
vt 0.84375 -2.125 
vt 0.65625 -2.125 
vt 0.84375 -2.15625 
vt 0.65625 -2.15625 
vt 0.84375 -2.125 
vt 0.65625 -2.125 
vt 0.84375 -2.28125 
vt 0.65625 -2.28125 
vt 0.84375 -2.21875 
vt 0.65625 -2.21875 
vt 0.84375 -2.28125 
vt 0.65625 -2.28125 
vt 0.84375 -2.21875 
vt 0.65625 -2.21875 
vt 0.84375 -2.15625 
vt 0.65625 -2.15625 
vt 0.84375 -2.125 
vt 0.65625 -2.125 
vt 0.84375 -2.15625 
vt 0.65625 -2.15625 
vt 0.84375 -2.125 
vt 0.65625 -2.125 
vt 0.84375 -2.53125 
vt 0.65625 -2.53125 
vt 0.84375 -2.46875 
vt 0.65625 -2.46875 
vt 0.84375 -2.53125 
vt 0.65625 -2.53125 
vt 0.84375 -2.46875 
vt 0.65625 -2.46875 
vt 0.84375 -2.15625 
vt 0.65625 -2.15625 
vt 0.84375 -2.125 
vt 0.65625 -2.125 
vt 0.84375 -2.15625 
vt 0.65625 -2.15625 
vt 0.84375 -2.125 
vt 0.65625 -2.125 
vt 0.84375 -2.78125 
vt 0.65625 -2.78125 
vt 0.84375 -2.71875 
vt 0.65625 -2.71875 
vt 0.84375 -2.78125 
vt 0.65625 -2.78125 
vt 0.84375 -2.71875 
vt 0.65625 -2.71875 
vt 0.84375 -2.15625 
vt 0.65625 -2.15625 
vt 0.84375 -2.125 
vt 0.65625 -2.125 
vt 0.84375 -2.15625 
vt 0.65625 -2.15625 
vt 0.84375 -2.125 
vt 0.65625 -2.125 
vt 0.84375 -3 
vt 0.65625 -3 
vt 0.84375 -2.96875 
vt 0.65625 -2.96875 
vt 0.84375 -3 
vt 0.65625 -3 
vt 0.84375 -2.96875 
vt 0.65625 -2.96875 
vt 0.84375 -2.15625 
vt 0.65625 -2.15625 
vt 0.84375 -2.125 
vt 0.65625 -2.125 
vt 0.875 -2.15625 
vt 0.65625 -2.15625 
vt 0.875 -2.125 
vt 0.65625 -2.125 
vt 0.323684 -1.96274 
vt 0.292434 -1.96274 
vt 0.323684 -1.65338 
vt 0.292434 -1.65338 
vt 1.20757 -1.96274 
vt 1.17632 -1.96274 
vt 1.20757 -1.65338 
vt 1.17632 -1.65338 
vt 0.867188 -1.96274 
vt 0.851562 -1.96274 
vt 0.867188 -1.65338 
vt 0.851562 -1.65338 
vt 0.648438 -1.96274 
vt 0.632812 -1.96274 
vt 0.648438 -1.65338 
vt 0.632812 -1.65338 
vt 0.50046 -2.66984 
vt 0.46921 -2.66984 
vt 0.50046 -2.36049 
vt 0.46921 -2.36049 
vt 1.03079 -2.66984 
vt 0.99954 -2.66984 
vt 1.03079 -2.36049 
vt 0.99954 -2.36049 
vt 0.867188 -2.66984 
vt 0.851562 -2.66984 
vt 0.867188 -2.36049 
vt 0.851562 -2.36049 
vt 0.648438 -2.66984 
vt 0.632812 -2.66984 
vt 0.648438 -2.36049 
vt 0.632812 -2.36049 
vt 0.677237 -2.31629 
vt 0.645987 -2.31629 
vt 0.677237 -2.00693 
vt 0.645987 -2.00693 
vt 0.854013 -2.31629 
vt 0.822763 -2.31629 
vt 0.854013 -2.00693 
vt 0.822763 -2.00693 
vt 0.867188 -2.31629 
vt 0.851562 -2.31629 
vt 0.867188 -2.00693 
vt 0.851562 -2.00693 
vt 0.648438 -2.31629 
vt 0.632812 -2.31629 
vt 0.648438 -2.00693 
vt 0.632812 -2.00693 
vt 0.854013 -2.31629 
vt 0.822763 -2.31629 
vt 0.854013 -2.00693 
vt 0.822763 -2.00693 
vt 0.677237 -2.31629 
vt 0.645987 -2.31629 
vt 0.677237 -2.00693 
vt 0.645987 -2.00693 
vt 0.867188 -2.31629 
vt 0.851562 -2.31629 
vt 0.867188 -2.00693 
vt 0.851562 -2.00693 
vt 0.648438 -2.31629 
vt 0.632812 -2.31629 
vt 0.648438 -2.00693 
vt 0.632812 -2.00693 
vt 1.03079 -2.66984 
vt 0.99954 -2.66984 
vt 1.03079 -2.36049 
vt 0.99954 -2.36049 
vt 0.50046 -2.66984 
vt 0.46921 -2.66984 
vt 0.50046 -2.36049 
vt 0.46921 -2.36049 
vt 0.867188 -2.66984 
vt 0.851562 -2.66984 
vt 0.867188 -2.36049 
vt 0.851562 -2.36049 
vt 0.648438 -2.66984 
vt 0.632812 -2.66984 
vt 0.648438 -2.36049 
vt 0.632812 -2.36049 
vt 1.20757 -1.96274 
vt 1.17632 -1.96274 
vt 1.20757 -1.65338 
vt 1.17632 -1.65338 
vt 0.323684 -1.96274 
vt 0.292434 -1.96274 
vt 0.323684 -1.65338 
vt 0.292434 -1.65338 
vt 0.867188 -1.96274 
vt 0.851562 -1.96274 
vt 0.867188 -1.65338 
vt 0.851562 -1.65338 
vt 0.648438 -1.96274 
vt 0.632812 -1.96274 
vt 0.648438 -1.65338 
vt 0.632812 -1.65338 

usemtl Truss1Mtl

f 7251/7251/7251 7252/7252/7252 7253/7253/7253 
f 7253/7253/7253 7252/7252/7252 7254/7254/7254 
f 7255/7255/7255 7256/7256/7256 7257/7257/7257 
f 7257/7257/7257 7256/7256/7256 7258/7258/7258 
f 7259/7259/7259 7260/7260/7260 7261/7261/7261 
f 7261/7261/7261 7260/7260/7260 7262/7262/7262 
f 7263/7263/7263 7264/7264/7264 7265/7265/7265 
f 7265/7265/7265 7264/7264/7264 7266/7266/7266 
f 7267/7267/7267 7268/7268/7268 7269/7269/7269 
f 7269/7269/7269 7268/7268/7268 7270/7270/7270 
f 7271/7271/7271 7272/7272/7272 7273/7273/7273 
f 7273/7273/7273 7272/7272/7272 7274/7274/7274 
f 7275/7275/7275 7276/7276/7276 7277/7277/7277 
f 7277/7277/7277 7276/7276/7276 7278/7278/7278 
f 7279/7279/7279 7280/7280/7280 7281/7281/7281 
f 7281/7281/7281 7280/7280/7280 7282/7282/7282 
f 7283/7283/7283 7284/7284/7284 7285/7285/7285 
f 7285/7285/7285 7284/7284/7284 7286/7286/7286 
f 7287/7287/7287 7288/7288/7288 7289/7289/7289 
f 7289/7289/7289 7288/7288/7288 7290/7290/7290 
f 7291/7291/7291 7292/7292/7292 7293/7293/7293 
f 7293/7293/7293 7292/7292/7292 7294/7294/7294 
f 7295/7295/7295 7296/7296/7296 7297/7297/7297 
f 7297/7297/7297 7296/7296/7296 7298/7298/7298 
f 7299/7299/7299 7300/7300/7300 7301/7301/7301 
f 7301/7301/7301 7300/7300/7300 7302/7302/7302 
f 7303/7303/7303 7304/7304/7304 7305/7305/7305 
f 7305/7305/7305 7304/7304/7304 7306/7306/7306 
f 7307/7307/7307 7308/7308/7308 7309/7309/7309 
f 7309/7309/7309 7308/7308/7308 7310/7310/7310 
f 7311/7311/7311 7312/7312/7312 7313/7313/7313 
f 7313/7313/7313 7312/7312/7312 7314/7314/7314 
f 7315/7315/7315 7316/7316/7316 7317/7317/7317 
f 7317/7317/7317 7316/7316/7316 7318/7318/7318 
f 7319/7319/7319 7320/7320/7320 7321/7321/7321 
f 7321/7321/7321 7320/7320/7320 7322/7322/7322 
f 7323/7323/7323 7324/7324/7324 7325/7325/7325 
f 7325/7325/7325 7324/7324/7324 7326/7326/7326 
f 7327/7327/7327 7328/7328/7328 7329/7329/7329 
f 7329/7329/7329 7328/7328/7328 7330/7330/7330 
f 7331/7331/7331 7332/7332/7332 7333/7333/7333 
f 7333/7333/7333 7332/7332/7332 7334/7334/7334 
f 7335/7335/7335 7336/7336/7336 7337/7337/7337 
f 7337/7337/7337 7336/7336/7336 7338/7338/7338 
f 7339/7339/7339 7340/7340/7340 7341/7341/7341 
f 7341/7341/7341 7340/7340/7340 7342/7342/7342 
f 7343/7343/7343 7344/7344/7344 7345/7345/7345 
f 7345/7345/7345 7344/7344/7344 7346/7346/7346 
f 7347/7347/7347 7348/7348/7348 7349/7349/7349 
f 7349/7349/7349 7348/7348/7348 7350/7350/7350 
f 7351/7351/7351 7352/7352/7352 7353/7353/7353 
f 7353/7353/7353 7352/7352/7352 7354/7354/7354 
f 7355/7355/7355 7356/7356/7356 7357/7357/7357 
f 7357/7357/7357 7356/7356/7356 7358/7358/7358 
f 7359/7359/7359 7360/7360/7360 7361/7361/7361 
f 7361/7361/7361 7360/7360/7360 7362/7362/7362 
f 7363/7363/7363 7364/7364/7364 7365/7365/7365 
f 7365/7365/7365 7364/7364/7364 7366/7366/7366 
f 7367/7367/7367 7368/7368/7368 7369/7369/7369 
f 7369/7369/7369 7368/7368/7368 7370/7370/7370 
f 7371/7371/7371 7372/7372/7372 7373/7373/7373 
f 7373/7373/7373 7372/7372/7372 7374/7374/7374 
f 7375/7375/7375 7376/7376/7376 7377/7377/7377 
f 7377/7377/7377 7376/7376/7376 7378/7378/7378 
f 7379/7379/7379 7380/7380/7380 7381/7381/7381 
f 7381/7381/7381 7380/7380/7380 7382/7382/7382 
f 7383/7383/7383 7384/7384/7384 7385/7385/7385 
f 7385/7385/7385 7384/7384/7384 7386/7386/7386 
f 7387/7387/7387 7388/7388/7388 7389/7389/7389 
f 7389/7389/7389 7388/7388/7388 7390/7390/7390 
f 7391/7391/7391 7392/7392/7392 7393/7393/7393 
f 7393/7393/7393 7392/7392/7392 7394/7394/7394 
f 7395/7395/7395 7396/7396/7396 7397/7397/7397 
f 7397/7397/7397 7396/7396/7396 7398/7398/7398 
f 7399/7399/7399 7400/7400/7400 7401/7401/7401 
f 7401/7401/7401 7400/7400/7400 7402/7402/7402 
f 7403/7403/7403 7404/7404/7404 7405/7405/7405 
f 7405/7405/7405 7404/7404/7404 7406/7406/7406 
f 7407/7407/7407 7408/7408/7408 7409/7409/7409 
f 7409/7409/7409 7408/7408/7408 7410/7410/7410 
f 7411/7411/7411 7412/7412/7412 7413/7413/7413 
f 7413/7413/7413 7412/7412/7412 7414/7414/7414 
f 7415/7415/7415 7416/7416/7416 7417/7417/7417 
f 7417/7417/7417 7416/7416/7416 7418/7418/7418 
f 7419/7419/7419 7420/7420/7420 7421/7421/7421 
f 7421/7421/7421 7420/7420/7420 7422/7422/7422 
f 7423/7423/7423 7424/7424/7424 7425/7425/7425 
f 7425/7425/7425 7424/7424/7424 7426/7426/7426 
f 7427/7427/7427 7428/7428/7428 7429/7429/7429 
f 7429/7429/7429 7428/7428/7428 7430/7430/7430 
f 7431/7431/7431 7432/7432/7432 7433/7433/7433 
f 7433/7433/7433 7432/7432/7432 7434/7434/7434 
f 7435/7435/7435 7436/7436/7436 7437/7437/7437 
f 7437/7437/7437 7436/7436/7436 7438/7438/7438 
f 7439/7439/7439 7440/7440/7440 7441/7441/7441 
f 7441/7441/7441 7440/7440/7440 7442/7442/7442 
f 7443/7443/7443 7444/7444/7444 7445/7445/7445 
f 7445/7445/7445 7444/7444/7444 7446/7446/7446 
f 7447/7447/7447 7448/7448/7448 7449/7449/7449 
f 7449/7449/7449 7448/7448/7448 7450/7450/7450 
f 7451/7451/7451 7452/7452/7452 7453/7453/7453 
f 7453/7453/7453 7452/7452/7452 7454/7454/7454 
f 7455/7455/7455 7456/7456/7456 7457/7457/7457 
f 7457/7457/7457 7456/7456/7456 7458/7458/7458 
f 7459/7459/7459 7460/7460/7460 7461/7461/7461 
f 7461/7461/7461 7460/7460/7460 7462/7462/7462 
f 7463/7463/7463 7464/7464/7464 7465/7465/7465 
f 7465/7465/7465 7464/7464/7464 7466/7466/7466 
f 7467/7467/7467 7468/7468/7468 7469/7469/7469 
f 7469/7469/7469 7468/7468/7468 7470/7470/7470 
f 7471/7471/7471 7472/7472/7472 7473/7473/7473 
f 7473/7473/7473 7472/7472/7472 7474/7474/7474 
f 7475/7475/7475 7476/7476/7476 7477/7477/7477 
f 7477/7477/7477 7476/7476/7476 7478/7478/7478 
f 7479/7479/7479 7480/7480/7480 7481/7481/7481 
f 7481/7481/7481 7480/7480/7480 7482/7482/7482 
f 7483/7483/7483 7484/7484/7484 7485/7485/7485 
f 7485/7485/7485 7484/7484/7484 7486/7486/7486 
f 7487/7487/7487 7488/7488/7488 7489/7489/7489 
f 7489/7489/7489 7488/7488/7488 7490/7490/7490 
f 7491/7491/7491 7492/7492/7492 7493/7493/7493 
f 7493/7493/7493 7492/7492/7492 7494/7494/7494 
f 7495/7495/7495 7496/7496/7496 7497/7497/7497 
f 7497/7497/7497 7496/7496/7496 7498/7498/7498 
f 7499/7499/7499 7500/7500/7500 7501/7501/7501 
f 7501/7501/7501 7500/7500/7500 7502/7502/7502 
f 7503/7503/7503 7504/7504/7504 7505/7505/7505 
f 7505/7505/7505 7504/7504/7504 7506/7506/7506 
f 7507/7507/7507 7508/7508/7508 7509/7509/7509 
f 7509/7509/7509 7508/7508/7508 7510/7510/7510 
f 7511/7511/7511 7512/7512/7512 7513/7513/7513 
f 7513/7513/7513 7512/7512/7512 7514/7514/7514 
f 7515/7515/7515 7516/7516/7516 7517/7517/7517 
f 7517/7517/7517 7516/7516/7516 7518/7518/7518 
f 7519/7519/7519 7520/7520/7520 7521/7521/7521 
f 7521/7521/7521 7520/7520/7520 7522/7522/7522 
f 7523/7523/7523 7524/7524/7524 7525/7525/7525 
f 7525/7525/7525 7524/7524/7524 7526/7526/7526 
f 7527/7527/7527 7528/7528/7528 7529/7529/7529 
f 7529/7529/7529 7528/7528/7528 7530/7530/7530 
f 7531/7531/7531 7532/7532/7532 7533/7533/7533 
f 7533/7533/7533 7532/7532/7532 7534/7534/7534 
f 7535/7535/7535 7536/7536/7536 7537/7537/7537 
f 7537/7537/7537 7536/7536/7536 7538/7538/7538 
f 7539/7539/7539 7540/7540/7540 7541/7541/7541 
f 7541/7541/7541 7540/7540/7540 7542/7542/7542 
f 7543/7543/7543 7544/7544/7544 7545/7545/7545 
f 7545/7545/7545 7544/7544/7544 7546/7546/7546 
f 7547/7547/7547 7548/7548/7548 7549/7549/7549 
f 7549/7549/7549 7548/7548/7548 7550/7550/7550 
f 7551/7551/7551 7552/7552/7552 7553/7553/7553 
f 7553/7553/7553 7552/7552/7552 7554/7554/7554 
f 7555/7555/7555 7556/7556/7556 7557/7557/7557 
f 7557/7557/7557 7556/7556/7556 7558/7558/7558 
f 7559/7559/7559 7560/7560/7560 7561/7561/7561 
f 7561/7561/7561 7560/7560/7560 7562/7562/7562 
f 7563/7563/7563 7564/7564/7564 7565/7565/7565 
f 7565/7565/7565 7564/7564/7564 7566/7566/7566 
f 7567/7567/7567 7568/7568/7568 7569/7569/7569 
f 7569/7569/7569 7568/7568/7568 7570/7570/7570 
f 7571/7571/7571 7572/7572/7572 7573/7573/7573 
f 7573/7573/7573 7572/7572/7572 7574/7574/7574 
f 7575/7575/7575 7576/7576/7576 7577/7577/7577 
f 7577/7577/7577 7576/7576/7576 7578/7578/7578 
f 7579/7579/7579 7580/7580/7580 7581/7581/7581 
f 7581/7581/7581 7580/7580/7580 7582/7582/7582 
f 7583/7583/7583 7584/7584/7584 7585/7585/7585 
f 7585/7585/7585 7584/7584/7584 7586/7586/7586 
f 7587/7587/7587 7588/7588/7588 7589/7589/7589 
f 7589/7589/7589 7588/7588/7588 7590/7590/7590 
f 7591/7591/7591 7592/7592/7592 7593/7593/7593 
f 7593/7593/7593 7592/7592/7592 7594/7594/7594 
f 7595/7595/7595 7596/7596/7596 7597/7597/7597 
f 7597/7597/7597 7596/7596/7596 7598/7598/7598 
f 7599/7599/7599 7600/7600/7600 7601/7601/7601 
f 7601/7601/7601 7600/7600/7600 7602/7602/7602 
f 7603/7603/7603 7604/7604/7604 7605/7605/7605 
f 7605/7605/7605 7604/7604/7604 7606/7606/7606 
f 7607/7607/7607 7608/7608/7608 7609/7609/7609 
f 7609/7609/7609 7608/7608/7608 7610/7610/7610 
f 7611/7611/7611 7612/7612/7612 7613/7613/7613 
f 7613/7613/7613 7612/7612/7612 7614/7614/7614 
f 7615/7615/7615 7616/7616/7616 7617/7617/7617 
f 7617/7617/7617 7616/7616/7616 7618/7618/7618 
f 7619/7619/7619 7620/7620/7620 7621/7621/7621 
f 7621/7621/7621 7620/7620/7620 7622/7622/7622 
f 7623/7623/7623 7624/7624/7624 7625/7625/7625 
f 7625/7625/7625 7624/7624/7624 7626/7626/7626 
f 7627/7627/7627 7628/7628/7628 7629/7629/7629 
f 7629/7629/7629 7628/7628/7628 7630/7630/7630 
f 7631/7631/7631 7632/7632/7632 7633/7633/7633 
f 7633/7633/7633 7632/7632/7632 7634/7634/7634 
f 7635/7635/7635 7636/7636/7636 7637/7637/7637 
f 7637/7637/7637 7636/7636/7636 7638/7638/7638 
f 7639/7639/7639 7640/7640/7640 7641/7641/7641 
f 7641/7641/7641 7640/7640/7640 7642/7642/7642 
f 7643/7643/7643 7644/7644/7644 7645/7645/7645 
f 7645/7645/7645 7644/7644/7644 7646/7646/7646 
f 7647/7647/7647 7648/7648/7648 7649/7649/7649 
f 7649/7649/7649 7648/7648/7648 7650/7650/7650 
f 7651/7651/7651 7652/7652/7652 7653/7653/7653 
f 7653/7653/7653 7652/7652/7652 7654/7654/7654 
f 7655/7655/7655 7656/7656/7656 7657/7657/7657 
f 7657/7657/7657 7656/7656/7656 7658/7658/7658 
f 7659/7659/7659 7660/7660/7660 7661/7661/7661 
f 7661/7661/7661 7660/7660/7660 7662/7662/7662 
f 7663/7663/7663 7664/7664/7664 7665/7665/7665 
f 7665/7665/7665 7664/7664/7664 7666/7666/7666 
f 7667/7667/7667 7668/7668/7668 7669/7669/7669 
f 7669/7669/7669 7668/7668/7668 7670/7670/7670 
f 7671/7671/7671 7672/7672/7672 7673/7673/7673 
f 7673/7673/7673 7672/7672/7672 7674/7674/7674 
f 7675/7675/7675 7676/7676/7676 7677/7677/7677 
f 7677/7677/7677 7676/7676/7676 7678/7678/7678 
f 7679/7679/7679 7680/7680/7680 7681/7681/7681 
f 7681/7681/7681 7680/7680/7680 7682/7682/7682 
f 7683/7683/7683 7684/7684/7684 7685/7685/7685 
f 7685/7685/7685 7684/7684/7684 7686/7686/7686 
f 7687/7687/7687 7688/7688/7688 7689/7689/7689 
f 7689/7689/7689 7688/7688/7688 7690/7690/7690 
f 7691/7691/7691 7692/7692/7692 7693/7693/7693 
f 7693/7693/7693 7692/7692/7692 7694/7694/7694 
f 7695/7695/7695 7696/7696/7696 7697/7697/7697 
f 7697/7697/7697 7696/7696/7696 7698/7698/7698 
f 7699/7699/7699 7700/7700/7700 7701/7701/7701 
f 7701/7701/7701 7700/7700/7700 7702/7702/7702 
f 7703/7703/7703 7704/7704/7704 7705/7705/7705 
f 7705/7705/7705 7704/7704/7704 7706/7706/7706 
f 7707/7707/7707 7708/7708/7708 7709/7709/7709 
f 7709/7709/7709 7708/7708/7708 7710/7710/7710 
f 7711/7711/7711 7712/7712/7712 7713/7713/7713 
f 7713/7713/7713 7712/7712/7712 7714/7714/7714 
f 7715/7715/7715 7716/7716/7716 7717/7717/7717 
f 7717/7717/7717 7716/7716/7716 7718/7718/7718 
f 7719/7719/7719 7720/7720/7720 7721/7721/7721 
f 7721/7721/7721 7720/7720/7720 7722/7722/7722 
f 7723/7723/7723 7724/7724/7724 7725/7725/7725 
f 7725/7725/7725 7724/7724/7724 7726/7726/7726 
f 7727/7727/7727 7728/7728/7728 7729/7729/7729 
f 7729/7729/7729 7728/7728/7728 7730/7730/7730 
f 7731/7731/7731 7732/7732/7732 7733/7733/7733 
f 7733/7733/7733 7732/7732/7732 7734/7734/7734 
f 7735/7735/7735 7736/7736/7736 7737/7737/7737 
f 7737/7737/7737 7736/7736/7736 7738/7738/7738 
f 7739/7739/7739 7740/7740/7740 7741/7741/7741 
f 7741/7741/7741 7740/7740/7740 7742/7742/7742 
f 7743/7743/7743 7744/7744/7744 7745/7745/7745 
f 7745/7745/7745 7744/7744/7744 7746/7746/7746 
f 7747/7747/7747 7748/7748/7748 7749/7749/7749 
f 7749/7749/7749 7748/7748/7748 7750/7750/7750 
f 7751/7751/7751 7752/7752/7752 7753/7753/7753 
f 7753/7753/7753 7752/7752/7752 7754/7754/7754 
f 7755/7755/7755 7756/7756/7756 7757/7757/7757 
f 7757/7757/7757 7756/7756/7756 7758/7758/7758 
f 7759/7759/7759 7760/7760/7760 7761/7761/7761 
f 7761/7761/7761 7760/7760/7760 7762/7762/7762 
f 7763/7763/7763 7764/7764/7764 7765/7765/7765 
f 7765/7765/7765 7764/7764/7764 7766/7766/7766 
f 7767/7767/7767 7768/7768/7768 7769/7769/7769 
f 7769/7769/7769 7768/7768/7768 7770/7770/7770 
f 7771/7771/7771 7772/7772/7772 7773/7773/7773 
f 7773/7773/7773 7772/7772/7772 7774/7774/7774 
f 7775/7775/7775 7776/7776/7776 7777/7777/7777 
f 7777/7777/7777 7776/7776/7776 7778/7778/7778 
f 7779/7779/7779 7780/7780/7780 7781/7781/7781 
f 7781/7781/7781 7780/7780/7780 7782/7782/7782 
f 7783/7783/7783 7784/7784/7784 7785/7785/7785 
f 7785/7785/7785 7784/7784/7784 7786/7786/7786 
f 7787/7787/7787 7788/7788/7788 7789/7789/7789 
f 7789/7789/7789 7788/7788/7788 7790/7790/7790 
f 7791/7791/7791 7792/7792/7792 7793/7793/7793 
f 7793/7793/7793 7792/7792/7792 7794/7794/7794 
f 7795/7795/7795 7796/7796/7796 7797/7797/7797 
f 7797/7797/7797 7796/7796/7796 7798/7798/7798 
f 7799/7799/7799 7800/7800/7800 7801/7801/7801 
f 7801/7801/7801 7800/7800/7800 7802/7802/7802 
f 7803/7803/7803 7804/7804/7804 7805/7805/7805 
f 7805/7805/7805 7804/7804/7804 7806/7806/7806 
f 7807/7807/7807 7808/7808/7808 7809/7809/7809 
f 7809/7809/7809 7808/7808/7808 7810/7810/7810 
f 7811/7811/7811 7812/7812/7812 7813/7813/7813 
f 7813/7813/7813 7812/7812/7812 7814/7814/7814 
f 7815/7815/7815 7816/7816/7816 7817/7817/7817 
f 7817/7817/7817 7816/7816/7816 7818/7818/7818 
f 7819/7819/7819 7820/7820/7820 7821/7821/7821 
f 7821/7821/7821 7820/7820/7820 7822/7822/7822 
f 7823/7823/7823 7824/7824/7824 7825/7825/7825 
f 7825/7825/7825 7824/7824/7824 7826/7826/7826 
f 7827/7827/7827 7828/7828/7828 7829/7829/7829 
f 7829/7829/7829 7828/7828/7828 7830/7830/7830 
f 7831/7831/7831 7832/7832/7832 7833/7833/7833 
f 7833/7833/7833 7832/7832/7832 7834/7834/7834 
f 7835/7835/7835 7836/7836/7836 7837/7837/7837 
f 7837/7837/7837 7836/7836/7836 7838/7838/7838 
f 7839/7839/7839 7840/7840/7840 7841/7841/7841 
f 7841/7841/7841 7840/7840/7840 7842/7842/7842 
f 7843/7843/7843 7844/7844/7844 7845/7845/7845 
f 7845/7845/7845 7844/7844/7844 7846/7846/7846 
f 7847/7847/7847 7848/7848/7848 7849/7849/7849 
f 7849/7849/7849 7848/7848/7848 7850/7850/7850 
f 7851/7851/7851 7852/7852/7852 7853/7853/7853 
f 7853/7853/7853 7852/7852/7852 7854/7854/7854 
f 7855/7855/7855 7856/7856/7856 7857/7857/7857 
f 7857/7857/7857 7856/7856/7856 7858/7858/7858 
f 7859/7859/7859 7860/7860/7860 7861/7861/7861 
f 7861/7861/7861 7860/7860/7860 7862/7862/7862 
f 7863/7863/7863 7864/7864/7864 7865/7865/7865 
f 7865/7865/7865 7864/7864/7864 7866/7866/7866 
f 7867/7867/7867 7868/7868/7868 7869/7869/7869 
f 7869/7869/7869 7868/7868/7868 7870/7870/7870 
f 7871/7871/7871 7872/7872/7872 7873/7873/7873 
f 7873/7873/7873 7872/7872/7872 7874/7874/7874 
f 7875/7875/7875 7876/7876/7876 7877/7877/7877 
f 7877/7877/7877 7876/7876/7876 7878/7878/7878 
f 7879/7879/7879 7880/7880/7880 7881/7881/7881 
f 7881/7881/7881 7880/7880/7880 7882/7882/7882 
f 7883/7883/7883 7884/7884/7884 7885/7885/7885 
f 7885/7885/7885 7884/7884/7884 7886/7886/7886 
f 7887/7887/7887 7888/7888/7888 7889/7889/7889 
f 7889/7889/7889 7888/7888/7888 7890/7890/7890 
f 7891/7891/7891 7892/7892/7892 7893/7893/7893 
f 7893/7893/7893 7892/7892/7892 7894/7894/7894 
f 7895/7895/7895 7896/7896/7896 7897/7897/7897 
f 7897/7897/7897 7896/7896/7896 7898/7898/7898 
f 7899/7899/7899 7900/7900/7900 7901/7901/7901 
f 7901/7901/7901 7900/7900/7900 7902/7902/7902 
f 7903/7903/7903 7904/7904/7904 7905/7905/7905 
f 7905/7905/7905 7904/7904/7904 7906/7906/7906 
f 7907/7907/7907 7908/7908/7908 7909/7909/7909 
f 7909/7909/7909 7908/7908/7908 7910/7910/7910 
f 7911/7911/7911 7912/7912/7912 7913/7913/7913 
f 7913/7913/7913 7912/7912/7912 7914/7914/7914 
f 7915/7915/7915 7916/7916/7916 7917/7917/7917 
f 7917/7917/7917 7916/7916/7916 7918/7918/7918 
f 7919/7919/7919 7920/7920/7920 7921/7921/7921 
f 7921/7921/7921 7920/7920/7920 7922/7922/7922 
f 7923/7923/7923 7924/7924/7924 7925/7925/7925 
f 7925/7925/7925 7924/7924/7924 7926/7926/7926 
f 7927/7927/7927 7928/7928/7928 7929/7929/7929 
f 7929/7929/7929 7928/7928/7928 7930/7930/7930 
f 7931/7931/7931 7932/7932/7932 7933/7933/7933 
f 7933/7933/7933 7932/7932/7932 7934/7934/7934 
f 7935/7935/7935 7936/7936/7936 7937/7937/7937 
f 7937/7937/7937 7936/7936/7936 7938/7938/7938 
f 7939/7939/7939 7940/7940/7940 7941/7941/7941 
f 7941/7941/7941 7940/7940/7940 7942/7942/7942 
f 7943/7943/7943 7944/7944/7944 7945/7945/7945 
f 7945/7945/7945 7944/7944/7944 7946/7946/7946 
f 7947/7947/7947 7948/7948/7948 7949/7949/7949 
f 7949/7949/7949 7948/7948/7948 7950/7950/7950 
f 7951/7951/7951 7952/7952/7952 7953/7953/7953 
f 7953/7953/7953 7952/7952/7952 7954/7954/7954 
f 7955/7955/7955 7956/7956/7956 7957/7957/7957 
f 7957/7957/7957 7956/7956/7956 7958/7958/7958 
f 7959/7959/7959 7960/7960/7960 7961/7961/7961 
f 7961/7961/7961 7960/7960/7960 7962/7962/7962 
f 7963/7963/7963 7964/7964/7964 7965/7965/7965 
f 7965/7965/7965 7964/7964/7964 7966/7966/7966 
f 7967/7967/7967 7968/7968/7968 7969/7969/7969 
f 7969/7969/7969 7968/7968/7968 7970/7970/7970 
f 7971/7971/7971 7972/7972/7972 7973/7973/7973 
f 7973/7973/7973 7972/7972/7972 7974/7974/7974 
f 7975/7975/7975 7976/7976/7976 7977/7977/7977 
f 7977/7977/7977 7976/7976/7976 7978/7978/7978 
f 7979/7979/7979 7980/7980/7980 7981/7981/7981 
f 7981/7981/7981 7980/7980/7980 7982/7982/7982 
f 7983/7983/7983 7984/7984/7984 7985/7985/7985 
f 7985/7985/7985 7984/7984/7984 7986/7986/7986 
f 7987/7987/7987 7988/7988/7988 7989/7989/7989 
f 7989/7989/7989 7988/7988/7988 7990/7990/7990 
f 7991/7991/7991 7992/7992/7992 7993/7993/7993 
f 7993/7993/7993 7992/7992/7992 7994/7994/7994 
f 7995/7995/7995 7996/7996/7996 7997/7997/7997 
f 7997/7997/7997 7996/7996/7996 7998/7998/7998 
f 7999/7999/7999 8000/8000/8000 8001/8001/8001 
f 8001/8001/8001 8000/8000/8000 8002/8002/8002 
f 8003/8003/8003 8004/8004/8004 8005/8005/8005 
f 8005/8005/8005 8004/8004/8004 8006/8006/8006 
f 8007/8007/8007 8008/8008/8008 8009/8009/8009 
f 8009/8009/8009 8008/8008/8008 8010/8010/8010 
f 8011/8011/8011 8012/8012/8012 8013/8013/8013 
f 8013/8013/8013 8012/8012/8012 8014/8014/8014 
f 8015/8015/8015 8016/8016/8016 8017/8017/8017 
f 8017/8017/8017 8016/8016/8016 8018/8018/8018 
f 8019/8019/8019 8020/8020/8020 8021/8021/8021 
f 8021/8021/8021 8020/8020/8020 8022/8022/8022 
f 8023/8023/8023 8024/8024/8024 8025/8025/8025 
f 8025/8025/8025 8024/8024/8024 8026/8026/8026 
f 8027/8027/8027 8028/8028/8028 8029/8029/8029 
f 8029/8029/8029 8028/8028/8028 8030/8030/8030 
f 8031/8031/8031 8032/8032/8032 8033/8033/8033 
f 8033/8033/8033 8032/8032/8032 8034/8034/8034 
f 8035/8035/8035 8036/8036/8036 8037/8037/8037 
f 8037/8037/8037 8036/8036/8036 8038/8038/8038 
f 8039/8039/8039 8040/8040/8040 8041/8041/8041 
f 8041/8041/8041 8040/8040/8040 8042/8042/8042 
f 8043/8043/8043 8044/8044/8044 8045/8045/8045 
f 8045/8045/8045 8044/8044/8044 8046/8046/8046 
f 8047/8047/8047 8048/8048/8048 8049/8049/8049 
f 8049/8049/8049 8048/8048/8048 8050/8050/8050 
f 8051/8051/8051 8052/8052/8052 8053/8053/8053 
f 8053/8053/8053 8052/8052/8052 8054/8054/8054 
f 8055/8055/8055 8056/8056/8056 8057/8057/8057 
f 8057/8057/8057 8056/8056/8056 8058/8058/8058 
f 8059/8059/8059 8060/8060/8060 8061/8061/8061 
f 8061/8061/8061 8060/8060/8060 8062/8062/8062 
f 8063/8063/8063 8064/8064/8064 8065/8065/8065 
f 8065/8065/8065 8064/8064/8064 8066/8066/8066 
f 8067/8067/8067 8068/8068/8068 8069/8069/8069 
f 8069/8069/8069 8068/8068/8068 8070/8070/8070 
f 8071/8071/8071 8072/8072/8072 8073/8073/8073 
f 8073/8073/8073 8072/8072/8072 8074/8074/8074 
f 8075/8075/8075 8076/8076/8076 8077/8077/8077 
f 8077/8077/8077 8076/8076/8076 8078/8078/8078 
f 8079/8079/8079 8080/8080/8080 8081/8081/8081 
f 8081/8081/8081 8080/8080/8080 8082/8082/8082 
f 8083/8083/8083 8084/8084/8084 8085/8085/8085 
f 8085/8085/8085 8084/8084/8084 8086/8086/8086 
f 8087/8087/8087 8088/8088/8088 8089/8089/8089 
f 8089/8089/8089 8088/8088/8088 8090/8090/8090 
f 8091/8091/8091 8092/8092/8092 8093/8093/8093 
f 8093/8093/8093 8092/8092/8092 8094/8094/8094 
f 8095/8095/8095 8096/8096/8096 8097/8097/8097 
f 8097/8097/8097 8096/8096/8096 8098/8098/8098 
f 8099/8099/8099 8100/8100/8100 8101/8101/8101 
f 8101/8101/8101 8100/8100/8100 8102/8102/8102 
f 8103/8103/8103 8104/8104/8104 8105/8105/8105 
f 8105/8105/8105 8104/8104/8104 8106/8106/8106 
f 8107/8107/8107 8108/8108/8108 8109/8109/8109 
f 8109/8109/8109 8108/8108/8108 8110/8110/8110 
f 8111/8111/8111 8112/8112/8112 8113/8113/8113 
f 8113/8113/8113 8112/8112/8112 8114/8114/8114 
f 8115/8115/8115 8116/8116/8116 8117/8117/8117 
f 8117/8117/8117 8116/8116/8116 8118/8118/8118 
f 8119/8119/8119 8120/8120/8120 8121/8121/8121 
f 8121/8121/8121 8120/8120/8120 8122/8122/8122 
f 8123/8123/8123 8124/8124/8124 8125/8125/8125 
f 8125/8125/8125 8124/8124/8124 8126/8126/8126 
f 8127/8127/8127 8128/8128/8128 8129/8129/8129 
f 8129/8129/8129 8128/8128/8128 8130/8130/8130 
f 8131/8131/8131 8132/8132/8132 8133/8133/8133 
f 8133/8133/8133 8132/8132/8132 8134/8134/8134 
f 8135/8135/8135 8136/8136/8136 8137/8137/8137 
f 8137/8137/8137 8136/8136/8136 8138/8138/8138 
f 8139/8139/8139 8140/8140/8140 8141/8141/8141 
f 8141/8141/8141 8140/8140/8140 8142/8142/8142 
f 8143/8143/8143 8144/8144/8144 8145/8145/8145 
f 8145/8145/8145 8144/8144/8144 8146/8146/8146 

g Reloadstation1

v -277.2 6.19991 467 
v -277.2 6.19991 459 
v -277.2 0.199909 467 
v -277.2 0.199909 459 
v -273.2 6.19991 459 
v -277.2 6.19991 459 
v -273.2 6.19991 467 
v -277.2 6.19991 467 
v -277.2 6.19991 459 
v -273.2 6.19991 459 
v -277.2 0.199909 459 
v -273.2 0.199909 459 
v -273.2 6.19991 459 
v -273.2 6.19991 467 
v -273.2 0.199909 459 
v -273.2 0.199909 467 
v -273.2 0.199909 467 
v -277.2 0.199909 467 
v -273.2 0.199909 459 
v -277.2 0.199909 459 
v -273.2 6.19991 467 
v -277.2 6.19991 467 
v -273.2 0.199909 467 
v -277.2 0.199909 467 

vn -1 0 0 
vn -1 0 0 
vn -1 0 0 
vn -1 0 0 
vn 0 1 0 
vn 0 1 0 
vn 0 1 0 
vn 0 1 0 
vn 0 0 -1 
vn 0 0 -1 
vn 0 0 -1 
vn 0 0 -1 
vn 1 0 0 
vn 1 0 0 
vn 1 0 0 
vn 1 0 0 
vn 0 -1 0 
vn 0 -1 0 
vn 0 -1 0 
vn 0 -1 0 
vn 0 0 1 
vn 0 0 1 
vn 0 0 1 
vn 0 0 1 

vt 7 -1 
vt 6 -1 
vt 7 -1.75 
vt 6 -1.75 
vt 6.5 -1 
vt 6 -1 
vt 6.5 -2 
vt 6 -2 
vt 6.5 -1 
vt 6 -1 
vt 6.5 -1.75 
vt 6 -1.75 
vt 7 -1 
vt 6 -1 
vt 7 -1.75 
vt 6 -1.75 
vt 6.5 -1 
vt 6 -1 
vt 6.5 -2 
vt 6 -2 
vt 6.5 -1 
vt 6 -1 
vt 6.5 -1.75 
vt 6 -1.75 

usemtl Flag1Mtl

f 8147/8147/8147 8148/8148/8148 8149/8149/8149 
f 8149/8149/8149 8148/8148/8148 8150/8150/8150 
f 8151/8151/8151 8152/8152/8152 8153/8153/8153 
f 8153/8153/8153 8152/8152/8152 8154/8154/8154 
f 8155/8155/8155 8156/8156/8156 8157/8157/8157 
f 8157/8157/8157 8156/8156/8156 8158/8158/8158 
f 8159/8159/8159 8160/8160/8160 8161/8161/8161 
f 8161/8161/8161 8160/8160/8160 8162/8162/8162 
f 8163/8163/8163 8164/8164/8164 8165/8165/8165 
f 8165/8165/8165 8164/8164/8164 8166/8166/8166 
f 8167/8167/8167 8168/8168/8168 8169/8169/8169 
f 8169/8169/8169 8168/8168/8168 8170/8170/8170 

g Height196

v -314 16.2 495 
v -66 16.2 495 
v -314 0.199999 495 
v -66 0.199999 495 
v -66 16.2 496 
v -66 16.2 495 
v -314 16.2 496 
v -314 16.2 495 
v -66 16.2 495 
v -66 16.2 496 
v -66 0.199999 495 
v -66 0.199999 496 
v -66 16.2 496 
v -314 16.2 496 
v -66 0.199999 496 
v -314 0.199999 496 
v -314 0.199999 496 
v -314 0.199999 495 
v -66 0.199999 496 
v -66 0.199999 495 
v -314 16.2 496 
v -314 16.2 495 
v -314 0.199999 496 
v -314 0.199999 495 

vn 0 0 -1 
vn 0 0 -1 
vn 0 0 -1 
vn 0 0 -1 
vn 0 1 0 
vn 0 1 0 
vn 0 1 0 
vn 0 1 0 
vn 1 0 0 
vn 1 0 0 
vn 1 0 0 
vn 1 0 0 
vn 0 0 1 
vn 0 0 1 
vn 0 0 1 
vn 0 0 1 
vn 0 -1 0 
vn 0 -1 0 
vn 0 -1 0 
vn 0 -1 0 
vn -1 0 0 
vn -1 0 0 
vn -1 0 0 
vn -1 0 0 

vt 37.75 -0.25 
vt 6.75 -0.25 
vt 37.75 -2.25 
vt 6.75 -2.25 
vt 6.875 -0.25 
vt 6.75 -0.25 
vt 6.875 -31.25 
vt 6.75 -31.25 
vt 6.875 -0.25 
vt 6.75 -0.25 
vt 6.875 -2.25 
vt 6.75 -2.25 
vt 37.75 -0.25 
vt 6.75 -0.25 
vt 37.75 -2.25 
vt 6.75 -2.25 
vt 6.875 -0.25 
vt 6.75 -0.25 
vt 6.875 -31.25 
vt 6.75 -31.25 
vt 6.875 -0.25 
vt 6.75 -0.25 
vt 6.875 -2.25 
vt 6.75 -2.25 

usemtl Height113Mtl

f 8171/8171/8171 8172/8172/8172 8173/8173/8173 
f 8173/8173/8173 8172/8172/8172 8174/8174/8174 
f 8175/8175/8175 8176/8176/8176 8177/8177/8177 
f 8177/8177/8177 8176/8176/8176 8178/8178/8178 
f 8179/8179/8179 8180/8180/8180 8181/8181/8181 
f 8181/8181/8181 8180/8180/8180 8182/8182/8182 
f 8183/8183/8183 8184/8184/8184 8185/8185/8185 
f 8185/8185/8185 8184/8184/8184 8186/8186/8186 
f 8187/8187/8187 8188/8188/8188 8189/8189/8189 
f 8189/8189/8189 8188/8188/8188 8190/8190/8190 
f 8191/8191/8191 8192/8192/8192 8193/8193/8193 
f 8193/8193/8193 8192/8192/8192 8194/8194/8194 

g Height197

v -79 10 483 
v -79 10 488 
v -79 6.8 483 
v -79 6.8 488 
v -83 10 488 
v -79 10 488 
v -83 10 483 
v -79 10 483 
v -79 10 488 
v -83 10 488 
v -79 6.8 488 
v -83 6.8 488 
v -83 10 488 
v -83 10 483 
v -83 6.8 488 
v -83 6.8 483 
v -83 6.8 483 
v -79 6.8 483 
v -83 6.8 488 
v -79 6.8 488 
v -83 10 483 
v -79 10 483 
v -83 6.8 483 
v -79 6.8 483 

vn 1 0 0 
vn 1 0 0 
vn 1 0 0 
vn 1 0 0 
vn 0 1 0 
vn 0 1 0 
vn 0 1 0 
vn 0 1 0 
vn 0 0 1 
vn 0 0 1 
vn 0 0 1 
vn 0 0 1 
vn -1 0 0 
vn -1 0 0 
vn -1 0 0 
vn -1 0 0 
vn 0 -1 0 
vn 0 -1 0 
vn 0 -1 0 
vn 0 -1 0 
vn 0 0 -1 
vn 0 0 -1 
vn 0 0 -1 
vn 0 0 -1 

vt 3.125 -6.5 
vt 2.5 -6.5 
vt 3.125 -6.9 
vt 2.5 -6.9 
vt 3 -6.5 
vt 2.5 -6.5 
vt 3 -7.125 
vt 2.5 -7.125 
vt 3 -6.5 
vt 2.5 -6.5 
vt 3 -6.9 
vt 2.5 -6.9 
vt 3.125 -6.5 
vt 2.5 -6.5 
vt 3.125 -6.9 
vt 2.5 -6.9 
vt 3 -6.5 
vt 2.5 -6.5 
vt 3 -7.125 
vt 2.5 -7.125 
vt 3 -6.5 
vt 2.5 -6.5 
vt 3 -6.9 
vt 2.5 -6.9 

usemtl Height1Mtl

f 8195/8195/8195 8196/8196/8196 8197/8197/8197 
f 8197/8197/8197 8196/8196/8196 8198/8198/8198 
f 8199/8199/8199 8200/8200/8200 8201/8201/8201 
f 8201/8201/8201 8200/8200/8200 8202/8202/8202 
f 8203/8203/8203 8204/8204/8204 8205/8205/8205 
f 8205/8205/8205 8204/8204/8204 8206/8206/8206 
f 8207/8207/8207 8208/8208/8208 8209/8209/8209 
f 8209/8209/8209 8208/8208/8208 8210/8210/8210 
f 8211/8211/8211 8212/8212/8212 8213/8213/8213 
f 8213/8213/8213 8212/8212/8212 8214/8214/8214 
f 8215/8215/8215 8216/8216/8216 8217/8217/8217 
f 8217/8217/8217 8216/8216/8216 8218/8218/8218 

g Reloadstation2

v -102.8 6.19991 375 
v -102.8 6.19991 383 
v -102.8 0.199909 375 
v -102.8 0.199909 383 
v -106.8 6.19991 383 
v -102.8 6.19991 383 
v -106.8 6.19991 375 
v -102.8 6.19991 375 
v -102.8 6.19991 383 
v -106.8 6.19991 383 
v -102.8 0.199909 383 
v -106.8 0.199909 383 
v -106.8 6.19991 383 
v -106.8 6.19991 375 
v -106.8 0.199909 383 
v -106.8 0.199909 375 
v -106.8 0.199909 375 
v -102.8 0.199909 375 
v -106.8 0.199909 383 
v -102.8 0.199909 383 
v -106.8 6.19991 375 
v -102.8 6.19991 375 
v -106.8 0.199909 375 
v -102.8 0.199909 375 

vn 1 0 0 
vn 1 0 0 
vn 1 0 0 
vn 1 0 0 
vn 0 1 0 
vn 0 1 0 
vn 0 1 0 
vn 0 1 0 
vn 0 0 1 
vn 0 0 1 
vn 0 0 1 
vn 0 0 1 
vn -1 0 0 
vn -1 0 0 
vn -1 0 0 
vn -1 0 0 
vn 0 -1 0 
vn 0 -1 0 
vn 0 -1 0 
vn 0 -1 0 
vn 0 0 -1 
vn 0 0 -1 
vn 0 0 -1 
vn 0 0 -1 

vt 1.25 -0.25 
vt 0.25 -0.25 
vt 1.25 -1 
vt 0.25 -1 
vt 0.75 -0.25 
vt 0.25 -0.25 
vt 0.75 -1.25 
vt 0.25 -1.25 
vt 0.75 -0.25 
vt 0.25 -0.25 
vt 0.75 -1 
vt 0.25 -1 
vt 1.25 -0.25 
vt 0.25 -0.25 
vt 1.25 -1 
vt 0.25 -1 
vt 0.75 -0.25 
vt 0.25 -0.25 
vt 0.75 -1.25 
vt 0.25 -1.25 
vt 0.75 -0.25 
vt 0.25 -0.25 
vt 0.75 -1 
vt 0.25 -1 

usemtl Flag1Mtl

f 8219/8219/8219 8220/8220/8220 8221/8221/8221 
f 8221/8221/8221 8220/8220/8220 8222/8222/8222 
f 8223/8223/8223 8224/8224/8224 8225/8225/8225 
f 8225/8225/8225 8224/8224/8224 8226/8226/8226 
f 8227/8227/8227 8228/8228/8228 8229/8229/8229 
f 8229/8229/8229 8228/8228/8228 8230/8230/8230 
f 8231/8231/8231 8232/8232/8232 8233/8233/8233 
f 8233/8233/8233 8232/8232/8232 8234/8234/8234 
f 8235/8235/8235 8236/8236/8236 8237/8237/8237 
f 8237/8237/8237 8236/8236/8236 8238/8238/8238 
f 8239/8239/8239 8240/8240/8240 8241/8241/8241 
f 8241/8241/8241 8240/8240/8240 8242/8242/8242 

